[
    {
        "question_number": 1,
        "question": "Which force always acts vertically towards the center of the Earth?",
        "options": {
            "a": "Thrust",
            "b": "Weight",
            "c": "Drag"
        },
        "correct_answer": "b",
        "explanation": "Weight is the force due to gravity, always acting vertically towards the Earth's center."
    },
    {
        "question_number": 2,
        "question": "What force opposes drag in flight?",
        "options": {
            "a": "Lift",
            "b": "Thrust",
            "c": "Weight"
        },
        "correct_answer": "b",
        "explanation": "Thrust, produced by the engine, opposes drag, which is the resistance to forward motion."
    },
    {
        "question_number": 3,
        "question": "In level, unaccelerated flight, which two forces are equal?",
        "options": {
            "a": "Thrust and weight",
            "b": "Lift and weight",
            "c": "Drag and weight"
        },
        "correct_answer": "b",
        "explanation": "In level, unaccelerated flight, lift equals weight to maintain altitude."
    },
    {
        "question_number": 4,
        "question": "What force decreases as fuel is consumed?",
        "options": {
            "a": "Weight",
            "b": "Thrust",
            "c": "Lift"
        },
        "correct_answer": "a",
        "explanation": "Weight decreases as fuel is consumed, reducing the aircraft's mass."
    },
    {
        "question_number": 5,
        "question": "What is the definition of thrust?",
        "options": {
            "a": "A force produced by the engine pushing forward",
            "b": "The force opposing lift",
            "c": "The force acting perpendicular to flight direction"
        },
        "correct_answer": "a",
        "explanation": "Thrust is the forward force generated by the aircraft's engines."
    },
    {
        "question_number": 6,
        "question": "When the aircraft is accelerating, what is true about the forces?",
        "options": {
            "a": "Thrust is less than drag",
            "b": "Thrust equals drag",
            "c": "Thrust is greater than drag"
        },
        "correct_answer": "c",
        "explanation": "For acceleration, thrust must exceed drag to increase speed."
    },
    {
        "question_number": 7,
        "question": "Which type of flight path involves balanced lift and weight?",
        "options": {
            "a": "Steep climb",
            "b": "Straight and level flight",
            "c": "Glide"
        },
        "correct_answer": "b",
        "explanation": "In straight and level flight, lift equals weight to maintain constant altitude."
    },
    {
        "question_number": 8,
        "question": "What is the key factor in determining the rate of climb (ROC)?",
        "options": {
            "a": "Power excess",
            "b": "Airframe weight",
            "c": "Wing area"
        },
        "correct_answer": "a",
        "explanation": "Power excess (available power beyond that needed for level flight) determines ROC."
    },
    {
        "question_number": 9,
        "question": "What is the relationship between thrust and drag in steady-level flight?",
        "options": {
            "a": "Thrust is greater than drag",
            "b": "Thrust equals drag",
            "c": "Thrust is less than drag"
        },
        "correct_answer": "b",
        "explanation": "In steady-level flight, thrust equals drag to maintain constant speed."
    },
    {
        "question_number": 10,
        "question": "What does the ROC (Rate of Climb) depend on?",
        "options": {
            "a": "Airspeed",
            "b": "Power excess",
            "c": "Fuel capacity"
        },
        "correct_answer": "b",
        "explanation": "ROC depends on power excess, which enables climbing."
    },
    {
        "question_number": 11,
        "question": "What angle determines the steepness of a climb?",
        "options": {
            "a": "AOA (Angle of Attack)",
            "b": "Angle of Climb",
            "c": "Bank Angle"
        },
        "correct_answer": "b",
        "explanation": "The angle of climb determines the steepness of the aircraft's ascent."
    },
    {
        "question_number": 12,
        "question": "What is the primary goal during a glide?",
        "options": {
            "a": "Maximize altitude loss",
            "b": "Minimize rate of descent",
            "c": "Maintain constant speed"
        },
        "correct_answer": "b",
        "explanation": "The goal of a glide is to minimize the rate of descent to extend glide distance."
    },
    {
        "question_number": 13,
        "question": "Which equation represents lift during a climb?",
        "options": {
            "a": "L = W cos \u03b8",
            "b": "L = W sin \u03b8",
            "c": "L = D cos \u03b8"
        },
        "correct_answer": "a",
        "explanation": "Lift equals the component of weight perpendicular to the climb path, L = W cos \u03b8."
    },
    {
        "question_number": 14,
        "question": "What happens to thrust when descending at constant speed?",
        "options": {
            "a": "Thrust equals lift",
            "b": "Thrust decreases",
            "c": "Thrust equals drag"
        },
        "correct_answer": "b",
        "explanation": "Thrust decreases in a descent at constant speed as gravity aids forward motion."
    },
    {
        "question_number": 15,
        "question": "What type of turn is characterized by a constant bank angle?",
        "options": {
            "a": "Shallow turn",
            "b": "Steep turn",
            "c": "Medium turn"
        },
        "correct_answer": "c",
        "explanation": "A medium turn is typically defined by a constant bank angle, balancing control and stability."
    },
    {
        "question_number": 16,
        "question": "What is the effect of increasing bank angle during a turn?",
        "options": {
            "a": "Decrease in load factor",
            "b": "Increase in load factor",
            "c": "No change in load factor"
        },
        "correct_answer": "b",
        "explanation": "Increasing bank angle increases load factor due to higher lift requirements."
    },
    {
        "question_number": 17,
        "question": "What force provides the centripetal force in a turn?",
        "options": {
            "a": "Drag",
            "b": "Weight",
            "c": "Horizontal component of lift"
        },
        "correct_answer": "c",
        "explanation": "The horizontal component of lift provides the centripetal force needed for a turn."
    },
    {
        "question_number": 18,
        "question": "At what point does an aircraft stall?",
        "options": {
            "a": "When thrust is less than drag",
            "b": "When the critical AOA is exceeded",
            "c": "When fuel runs out"
        },
        "correct_answer": "b",
        "explanation": "A stall occurs when the critical angle of attack is exceeded, disrupting lift."
    },
    {
        "question_number": 19,
        "question": "What happens to stall speed with an increase in load factor?",
        "options": {
            "a": "Increases",
            "b": "Decreases",
            "c": "Stays the same"
        },
        "correct_answer": "a",
        "explanation": "Stall speed increases with higher load factor due to increased lift requirements."
    },
    {
        "question_number": 20,
        "question": "Which device increases both lift and drag?",
        "options": {
            "a": "Flap",
            "b": "Spoiler",
            "c": "Elevator"
        },
        "correct_answer": "a",
        "explanation": "Flaps increase both lift and drag by altering wing shape."
    },
    {
        "question_number": 21,
        "question": "What is the function of slats?",
        "options": {
            "a": "Increase stall AOA",
            "b": "Decrease drag",
            "c": "Increase glide ratio"
        },
        "correct_answer": "a",
        "explanation": "Slats increase the stall angle of attack by improving airflow over the wing."
    },
    {
        "question_number": 22,
        "question": "What is the purpose of spoilers?",
        "options": {
            "a": "Increase lift",
            "b": "Decrease lift and increase drag",
            "c": "Increase pitch control"
        },
        "correct_answer": "b",
        "explanation": "Spoilers decrease lift and increase drag to slow the aircraft or assist in roll."
    },
    {
        "question_number": 23,
        "question": "What effect do wing fences have?",
        "options": {
            "a": "Prevent wingtip stall",
            "b": "Improve spanwise airflow",
            "c": "Decrease camber"
        },
        "correct_answer": "b",
        "explanation": "Wing fences improve spanwise airflow, reducing unwanted flow separation."
    },
    {
        "question_number": 24,
        "question": "Which surface controls roll?",
        "options": {
            "a": "Elevator",
            "b": "Rudder",
            "c": "Aileron"
        },
        "correct_answer": "c",
        "explanation": "Ailerons control roll by creating differential lift on the wings."
    },
    {
        "question_number": 25,
        "question": "Which control surface provides yaw control?",
        "options": {
            "a": "Elevator",
            "b": "Rudder",
            "c": "Flaps"
        },
        "correct_answer": "b",
        "explanation": "The rudder provides yaw control by deflecting air to rotate the aircraft around its vertical axis."
    },
    {
        "question_number": 26,
        "question": "What does the rudder control?",
        "options": {
            "a": "Pitch",
            "b": "Yaw",
            "c": "Roll"
        },
        "correct_answer": "b",
        "explanation": "The rudder controls yaw, the side-to-side movement of the aircraft's nose."
    },
    {
        "question_number": 27,
        "question": "Which aerodynamic device controls pitch?",
        "options": {
            "a": "Elevator",
            "b": "Aileron",
            "c": "Rudder"
        },
        "correct_answer": "a",
        "explanation": "The elevator controls pitch, adjusting the aircraft's nose up or down."
    },
    {
        "question_number": 28,
        "question": "What stability concept involves returning to the original position after displacement?",
        "options": {
            "a": "Static stability",
            "b": "Dynamic stability",
            "c": "Positive stability"
        },
        "correct_answer": "a",
        "explanation": "Static stability refers to the tendency to return to the original position after displacement."
    },
    {
        "question_number": 29,
        "question": "What type of stability describes oscillations that decrease over time?",
        "options": {
            "a": "Negative dynamic stability",
            "b": "Positive dynamic stability",
            "c": "Neutral stability"
        },
        "correct_answer": "b",
        "explanation": "Positive dynamic stability describes oscillations that dampen over time."
    },
    {
        "question_number": 30,
        "question": "What type of stability occurs when the ball moves away after displacement?",
        "options": {
            "a": "Negative stability",
            "b": "Neutral stability",
            "c": "Positive stability"
        },
        "correct_answer": "a",
        "explanation": "Negative stability occurs when a displacement leads to further deviation."
    },
    {
        "question_number": 31,
        "question": "What is the load factor (n) in level flight?",
        "options": {
            "a": "Less than 1",
            "b": "1",
            "c": "Greater than 1"
        },
        "correct_answer": "b",
        "explanation": "In level flight, the load factor is 1, as lift equals weight."
    },
    {
        "question_number": 32,
        "question": "How do flaps affect landing distance?",
        "options": {
            "a": "Increase it",
            "b": "Decrease it",
            "c": "Have no effect"
        },
        "correct_answer": "b",
        "explanation": "Flaps reduce landing distance by increasing lift, allowing slower approach speeds."
    },
    {
        "question_number": 33,
        "question": "What is the main use of speed brakes?",
        "options": {
            "a": "Increase lift",
            "b": "Reduce speed during descent",
            "c": "Improve takeoff performance"
        },
        "correct_answer": "b",
        "explanation": "Speed brakes reduce speed during descent by increasing drag."
    },
    {
        "question_number": 34,
        "question": "What is the purpose of trim tabs?",
        "options": {
            "a": "Increase lift",
            "b": "Reduce pilot workload",
            "c": "Increase drag"
        },
        "correct_answer": "b",
        "explanation": "Trim tabs reduce pilot workload by holding control surfaces in a desired position."
    },
    {
        "question_number": 35,
        "question": "What is a high-lift device?",
        "options": {
            "a": "Rudder",
            "b": "Flap",
            "c": "Spoiler"
        },
        "correct_answer": "b",
        "explanation": "Flaps are high-lift devices that increase lift for takeoff and landing."
    },
    {
        "question_number": 36,
        "question": "What aerodynamic feature improves low-speed lift?",
        "options": {
            "a": "Wingtip devices",
            "b": "Slats",
            "c": "Ailerons"
        },
        "correct_answer": "b",
        "explanation": "Slats improve low-speed lift by delaying airflow separation."
    },
    {
        "question_number": 37,
        "question": "What control surface moves oppositely on either wing to provide roll control?",
        "options": {
            "a": "Flaps",
            "b": "Ailerons",
            "c": "Elevators"
        },
        "correct_answer": "b",
        "explanation": "Ailerons move oppositely on each wing to control roll."
    },
    {
        "question_number": 38,
        "question": "What is the primary function of ailerons?",
        "options": {
            "a": "Control yaw",
            "b": "Control pitch",
            "c": "Control roll"
        },
        "correct_answer": "c",
        "explanation": "Ailerons primarily control roll by creating differential lift."
    },
    {
        "question_number": 39,
        "question": "What does the VG diagram represent?",
        "options": {
            "a": "Lift-drag ratio",
            "b": "Flight envelope",
            "c": "Power curve"
        },
        "correct_answer": "b",
        "explanation": "The VG diagram represents the flight envelope, showing load factor vs. airspeed limits."
    },
    {
        "question_number": 40,
        "question": "What is the main factor affecting the stall warning margin?",
        "options": {
            "a": "Engine type",
            "b": "Angle of attack",
            "c": "Altitude"
        },
        "correct_answer": "b",
        "explanation": "Angle of attack is the main factor affecting the stall warning margin."
    },
    {
        "question_number": 41,
        "question": "Which condition results in a Dutch roll?",
        "options": {
            "a": "Excess yaw damping",
            "b": "Insufficient lateral stability",
            "c": "Excessive roll control"
        },
        "correct_answer": "b",
        "explanation": "Dutch roll results from insufficient lateral stability, causing oscillatory motion."
    },
    {
        "question_number": 42,
        "question": "What type of aircraft is prone to deep stalls?",
        "options": {
            "a": "T-tail configuration",
            "b": "High-wing aircraft",
            "c": "Swept-wing aircraft"
        },
        "correct_answer": "a",
        "explanation": "T-tail aircraft are prone to deep stalls due to tail blanking at high AOA."
    },
    {
        "question_number": 43,
        "question": "What type of turn uses more rudder input?",
        "options": {
            "a": "Shallow turn",
            "b": "Steep turn",
            "c": "Coordinated turn"
        },
        "correct_answer": "b",
        "explanation": "Steep turns require more rudder input to counteract adverse yaw."
    },
    {
        "question_number": 44,
        "question": "What is adverse yaw?",
        "options": {
            "a": "A turn in the opposite direction of input",
            "b": "Yaw caused by uneven aileron drag",
            "c": "Increased lift at low speeds"
        },
        "correct_answer": "b",
        "explanation": "Adverse yaw is caused by uneven drag from ailerons during a roll."
    },
    {
        "question_number": 45,
        "question": "What is the function of a servo tab?",
        "options": {
            "a": "Increase lift",
            "b": "Assist primary control surfaces",
            "c": "Stabilize lateral flight"
        },
        "correct_answer": "b",
        "explanation": "Servo tabs assist primary control surfaces by reducing control forces."
    },
    {
        "question_number": 46,
        "question": "How does dihedral improve stability?",
        "options": {
            "a": "Increases drag",
            "b": "Reduces stall speed",
            "c": "Restores level flight after a sideslip"
        },
        "correct_answer": "c",
        "explanation": "Dihedral improves lateral stability by restoring level flight after a sideslip."
    },
    {
        "question_number": 47,
        "question": "What factor affects lateral stability?",
        "options": {
            "a": "Sweepback",
            "b": "AOA",
            "c": "Load factor"
        },
        "correct_answer": "a",
        "explanation": "Sweepback affects lateral stability by influencing roll response."
    },
    {
        "question_number": 48,
        "question": "What is the purpose of a keel effect?",
        "options": {
            "a": "Stabilize yaw",
            "b": "Improve roll control",
            "c": "Assist in level flight"
        },
        "correct_answer": "a",
        "explanation": "The keel effect stabilizes yaw by aligning the fuselage with airflow."
    },
    {
        "question_number": 49,
        "question": "What happens to lift with an increase in angle of attack (AOA)?",
        "options": {
            "a": "Decreases",
            "b": "Increases",
            "c": "Stays constant"
        },
        "correct_answer": "b",
        "explanation": "Lift increases with AOA until the critical angle is reached."
    },
    {
        "question_number": 50,
        "question": "What is the effect of adding slats during landing?",
        "options": {
            "a": "Decreases stall AOA",
            "b": "Increases lift",
            "c": "Reduces drag"
        },
        "correct_answer": "b",
        "explanation": "Slats increase lift during landing by improving airflow over the wing."
    }
]