[
  {
    "question_number": 3,
    "question": "Which composite materials are commonly used to repair structures made of Aluminium, Steel, and Titanium?",
    "options": {
      "a": "Wood and Fabric",
      "b": "Aluminium, Steel, Titanium",
      "c": "Copper and Zinc"
    },
    "correct_answer": "b",
    "explanation": "Composite materials are effective for repairing these specific metal structures."
  },
  {
    "question_number": 4,
    "question": "Which metal is used as a sacrificial anode to prevent corrosion of the underlying metal?",
    "options": {
      "a": "Steel or Titanium",
      "b": "Cadmium or Zinc",
      "c": "Gold or Silver"
    },
    "correct_answer": "b",
    "explanation": "Cadmium and Zinc are less noble and corrode sacrificially to protect the structural metal."
  },
  {
    "question_number": 5,
    "question": "Which material softens by heat and hardens by a decrease in temperature?",
    "options": {
      "a": "Thermoset",
      "b": "Thermoplastic",
      "c": "Ceramic"
    },
    "correct_answer": "b",
    "explanation": "Thermoplastics can be repeatedly softened by heat and hardened by cooling."
  },
  {
    "question_number": 6,
    "question": "What type of plastic is used in aircraft windows and canopies?",
    "options": {
      "a": "Acrylic",
      "b": "Polycarbonate",
      "c": "PVC"
    },
    "correct_answer": "a",
    "explanation": "Acrylic is the standard material for these transparent components."
  },
  {
    "question_number": 7,
    "question": "Which type of fastener is similar in design to a Hi-Lok and can be used on carbon fiber parts?",
    "options": {
      "a": "CherryMax",
      "b": "Eddie-Bolt",
      "c": "Solid Rivet"
    },
    "correct_answer": "b",
    "explanation": "The Eddie-Bolt is compatible with carbon fiber and similar to Hi-Lok."
  },
  {
    "question_number": 8,
    "question": "What is a good example of an electrochemical attack?",
    "options": {
      "a": "Simple galvanic corrosion",
      "b": "Fretting",
      "c": "Direct chemical attack"
    },
    "correct_answer": "a",
    "explanation": "Simple galvanic corrosion occurs when dissimilar metals are in contact in the presence of an electrolyte."
  },
  {
    "question_number": 9,
    "question": "Which statement is NOT true about using non-woven abrasive pads for cleaning aircraft metals?",
    "options": {
      "a": "They remove oxides mechanically",
      "b": "They are safe for most surfaces",
      "c": "Lacquer rubbing compound material can be used for cleaning"
    },
    "correct_answer": "c",
    "explanation": "Using lacquer rubbing compound is generally not the correct method associated with non-woven pads."
  },
  {
    "question_number": 10,
    "question": "What may be used to neutralize acid deposits in a lead-acid battery compartment?",
    "options": {
      "a": "Vinegar",
      "b": "Baking Soda",
      "c": "Alcohol"
    },
    "correct_answer": "b",
    "explanation": "Baking soda (sodium bicarbonate) neutralizes the sulfuric acid from lead-acid batteries."
  },
  {
    "question_number": 11,
    "question": "Which type of NDT uses a flashlight and magnifier?",
    "options": {
      "a": "Ultrasonic",
      "b": "Visual inspection",
      "c": "Eddy current"
    },
    "correct_answer": "b",
    "explanation": "Visual inspection relies on simple tools like lights and magnifying glasses."
  },
  {
    "question_number": 12,
    "question": "Which of the following is NOT the cause of direct chemical attack corrosion?",
    "options": {
      "a": "Spilled acid",
      "b": "Ni-cad battery",
      "c": "Cleaning agents"
    },
    "correct_answer": "b",
    "explanation": "Based on the notes, Ni-cad batteries are identified as the exception/distractor in this context."
  },
  {
    "question_number": 13,
    "question": "Which type of tool is NOT recommended to work on carbon fiber composite material?",
    "options": {
      "a": "Pneumatic tools",
      "b": "Electrical motor tools",
      "c": "Hand tools only"
    },
    "correct_answer": "b",
    "explanation": "Electrical tools are preferred (likely to avoid oil contamination from pneumatics)."
  },
  {
    "question_number": 14,
    "question": "The maximum time allowed for material at room temperature before material cures is called:",
    "options": {
      "a": "Shelf Life",
      "b": "Mechanical Life",
      "c": "Storage Life"
    },
    "correct_answer": "b",
    "explanation": "This refers to the working time, noted here as Mechanical Life."
  },
  {
    "question_number": 15,
    "question": "Due to poor heat conduction, what precaution must be taken when drilling light plastic?",
    "options": {
      "a": "Drill at high speed",
      "b": "Make provision for removing the heat",
      "c": "Use no lubricant"
    },
    "correct_answer": "b",
    "explanation": "Heat buildup can damage the plastic, so heat removal is critical."
  },
  {
    "question_number": 16,
    "question": "A defect such as a bonding line caused by the insertion of adhesive paper is classified as:",
    "options": {
      "a": "In-service defect",
      "b": "Manufacturing defect",
      "c": "Fatigue damage"
    },
    "correct_answer": "b",
    "explanation": "Foreign objects (backing paper) left during assembly are manufacturing defects."
  },
  {
    "question_number": 17,
    "question": "Which of the following is NOT a characteristic of a temporary repair?",
    "options": {
      "a": "Restores aerodynamics",
      "b": "Restore of required durability",
      "c": "Limited service life"
    },
    "correct_answer": "b",
    "explanation": "Temporary repairs often trade long-term durability for immediate return to service."
  },
  {
    "question_number": 18,
    "question": "What is the most common cause of defects on the bonding structure of composites?",
    "options": {
      "a": "Chemical attack",
      "b": "Flight load",
      "c": "Lightning strike"
    },
    "correct_answer": "b",
    "explanation": "Flight loads create stress that can lead to debonding or other structural defects."
  },
  {
    "question_number": 19,
    "question": "The recommended time at room temperature to complete lay up and compaction is called:",
    "options": {
      "a": "Shelf life",
      "b": "Handling life",
      "c": "Cure time"
    },
    "correct_answer": "b",
    "explanation": "Handling life is the window available to manipulate the material before it becomes unworkable."
  },
  {
    "question_number": 20,
    "question": "A thin layer of fiberglass cured with the repair paste used to create a clean surface for bonding is called:",
    "options": {
      "a": "Bleeder",
      "b": "Peel ply",
      "c": "Release film"
    },
    "correct_answer": "b",
    "explanation": "Peel ply is removed to reveal a clean, fractured surface ready for bonding."
  },
  {
    "question_number": 21,
    "question": "A bonded structure consisting of two relatively thin parallel face sheets bonded to a thick light core is:",
    "options": {
      "a": "Monocoque",
      "b": "Sandwich structure",
      "c": "Truss"
    },
    "correct_answer": "b",
    "explanation": "This is the definition of a sandwich composite structure."
  },
  {
    "question_number": 22,
    "question": "In which direction is composite material strong and stiff?",
    "options": {
      "a": "Perpendicular to the fiber",
      "b": "Same direction as the fiber",
      "c": "Randomly"
    },
    "correct_answer": "b",
    "explanation": "Composites are anisotropic; their strength aligns with the fiber direction."
  },
  {
    "question_number": 23,
    "question": "Which fastener is used with carbon composite?",
    "options": {
      "a": "Aluminum alloy",
      "b": "Titanium alloy (T-6)",
      "c": "Magnesium"
    },
    "correct_answer": "b",
    "explanation": "Titanium is compatible with carbon fiber, whereas aluminum would corrode."
  },
  {
    "question_number": 24,
    "question": "Which statement is true about Hybrid Composite?",
    "options": {
      "a": "It uses only one type of fiber",
      "b": "2 different reinforcement fibers bonded in same matrix",
      "c": "It is made of metal"
    },
    "correct_answer": "b",
    "explanation": "Hybrid composites combine different fiber types (e.g., carbon and Kevlar)."
  },
  {
    "question_number": 25,
    "question": "Which of the following is an isotropic material?",
    "options": {
      "a": "Carbon Fiber",
      "b": "Aluminium",
      "c": "Wood"
    },
    "correct_answer": "b",
    "explanation": "Metals like aluminum have uniform properties in all directions (isotropic)."
  },
  {
    "question_number": 26,
    "question": "Why can carbon fiber face sheets not be used with an aluminum honeycomb core?",
    "options": {
      "a": "It is too heavy",
      "b": "It causes aluminium to corrode",
      "c": "They cannot be bonded"
    },
    "correct_answer": "b",
    "explanation": "Carbon is conductive and noble, causing galvanic corrosion of the aluminum core."
  },
  {
    "question_number": 27,
    "question": "What is the use of a router in honeycomb repair?",
    "options": {
      "a": "To apply heat",
      "b": "To remove damage",
      "c": "To mix resin"
    },
    "correct_answer": "b",
    "explanation": "Routers are precise tools used to machine out damaged core material."
  },
  {
    "question_number": 28,
    "question": "Which one is the source of pressure in honeycomb repair?",
    "options": {
      "a": "Heat lamp",
      "b": "Vacuum fixture",
      "c": "Oven"
    },
    "correct_answer": "b",
    "explanation": "The vacuum fixture/bag applies atmospheric pressure to the repair."
  },
  {
    "question_number": 29,
    "question": "Which one is NOT a source of heat?",
    "options": {
      "a": "Heat gun",
      "b": "Vacuum bag",
      "c": "Curing oven"
    },
    "correct_answer": "b",
    "explanation": "A vacuum bag applies pressure, not heat."
  },
  {
    "question_number": 30,
    "question": "Which is NOT the importance of cleaning?",
    "options": {
      "a": "To remove contaminants",
      "b": "To replace paint",
      "c": "To ensure bond strength"
    },
    "correct_answer": "b",
    "explanation": "Cleaning is for surface prep, not specifically 'to replace paint'."
  },
  {
    "question_number": 31,
    "question": "The process of molding during honeycomb composite repair which uses vacuum bagging is called:",
    "options": {
      "a": "Injection molding",
      "b": "Vacuum bag molding",
      "c": "Compression molding"
    },
    "correct_answer": "b",
    "explanation": "Vacuum bag molding is the standard technique described."
  },
  {
    "question_number": 32,
    "question": "The increase in core thickness in a honeycomb structure results in an increase of:",
    "options": {
      "a": "Flexibility",
      "b": "Stiffness",
      "c": "Weight (only)"
    },
    "correct_answer": "b",
    "explanation": "Increasing the core thickness significantly increases the stiffness of the panel."
  },
  {
    "question_number": 33,
    "question": "Which is NOT true about composites?",
    "options": {
      "a": "They offer weight savings",
      "b": "A perfect composite material must completely incorporate the all-or-nothing property of each material",
      "c": "Properties can be tailored"
    },
    "correct_answer": "b",
    "explanation": "Composites blend properties synergistically, not as an 'all-or-nothing' binary."
  },
  {
    "question_number": 34,
    "question": "Type of plastic that can be softened by heat and dissolved in solvent:",
    "options": {
      "a": "Thermoset",
      "b": "Thermo plastic",
      "c": "Epoxy"
    },
    "correct_answer": "b",
    "explanation": "Thermoplastics are sensitive to heat and solvents."
  },
  {
    "question_number": 35,
    "question": "What is used for dry fiber impregnation with custom resin mixes?",
    "options": {
      "a": "Squeegee",
      "b": "Hammer",
      "c": "Drill"
    },
    "correct_answer": "a",
    "explanation": "A squeegee is commonly used to manually impregnate dry fibers with resin."
  }
]