[
  {
    "question_number": 1,
    "question": "Which drill bit is recommended for drilling acrylic?",
    "options": {
      "a": "Standard twist drill (118°)",
      "b": "Twist drill with 150° included angle",
      "c": "Brad point drill"
    },
    "correct_answer": "b",
    "explanation": "A twist drill with a 150° included angle is used to prevent cracking in acrylic."
  },
  {
    "question_number": 2,
    "question": "What is the most common alloy for fasteners used with Carbon Fiber?",
    "options": {
      "a": "Aluminum 2024",
      "b": "Ti-6Al-4V (Titanium)",
      "c": "Stainless Steel 304"
    },
    "correct_answer": "b",
    "explanation": "Titanium (Ti-6Al-4V) is compatible with carbon fiber and resists galvanic corrosion."
  },
  {
    "question_number": 3,
    "question": "Since acrylic has poor heat conduction, what precaution must be taken when drilling?",
    "options": {
      "a": "Drill at maximum RPM",
      "b": "Make provision for removing the heat (coolant/airflow)",
      "c": "Heat the material beforehand"
    },
    "correct_answer": "b",
    "explanation": "Heat must be removed during drilling to prevent gumming or crazing of the acrylic."
  },
  {
    "question_number": 4,
    "question": "What is the standard curing temperature for Prepreg materials?",
    "options": {
      "a": "150°F",
      "b": "250°F",
      "c": "350°C"
    },
    "correct_answer": "b",
    "explanation": "250°F is a standard curing temperature for many prepreg systems."
  },
  {
    "question_number": 5,
    "question": "Why can't Dye Penetrant inspection be used on composite materials?",
    "options": {
      "a": "It is a porous material",
      "b": "It is too hard",
      "c": "It is magnetic"
    },
    "correct_answer": "a",
    "explanation": "Composites are porous, which would absorb the penetrant and give false indications."
  },
  {
    "question_number": 6,
    "question": "Which inspection method utilizes a magnetic field and circular currents?",
    "options": {
      "a": "Ultrasonic",
      "b": "Eddy Current",
      "c": "X-Ray"
    },
    "correct_answer": "b",
    "explanation": "Eddy Current testing induces circular currents in conductive materials using a magnetic field."
  },
  {
    "question_number": 7,
    "question": "Prepreg materials require curing at:",
    "options": {
      "a": "Freezing temperatures",
      "b": "Room temperature",
      "c": "Elevated temperatures"
    },
    "correct_answer": "c",
    "explanation": "Prepregs utilize a B-stage resin that cures fully at elevated temperatures."
  },
  {
    "question_number": 8,
    "question": "What tool is commonly used to cut prepreg and dry fabrics?",
    "options": {
      "a": "Router",
      "b": "Scissor",
      "c": "Hacksaw"
    },
    "correct_answer": "b",
    "explanation": "Specialized scissors are the standard tool for cutting fabrics."
  },
  {
    "question_number": 9,
    "question": "Which sequence represents the increasing order of Cathode potential (least noble to most noble)?",
    "options": {
      "a": "Gold, Copper, Aluminum",
      "b": "Al, Cu, Au",
      "c": "Cu, Al, Au"
    },
    "correct_answer": "b",
    "explanation": "Aluminum is less noble than Copper, which is less noble than Gold."
  },
  {
    "question_number": 10,
    "question": "Which of the following is NOT a part of the elevated temperature curing cycle?",
    "options": {
      "a": "Ramp up",
      "b": "Soak",
      "c": "Refrigerator setting"
    },
    "correct_answer": "c",
    "explanation": "Refrigerator settings are for storage, not the curing cycle."
  },
  {
    "question_number": 11,
    "question": "Which fastener is used for flush installation on fuel tanks?",
    "options": {
      "a": "CherryMax",
      "b": "E-Z Buck",
      "c": "Hi-Lok"
    },
    "correct_answer": "b",
    "explanation": "E-Z Buck fasteners are often used for fuel tank installations."
  },
  {
    "question_number": 12,
    "question": "Which tool is used to cut plastic material into curved shapes?",
    "options": {
      "a": "Circular Saw",
      "b": "Band Saw",
      "c": "Shear"
    },
    "correct_answer": "b",
    "explanation": "A band saw allows for cutting irregular or curved shapes."
  },
  {
    "question_number": 13,
    "question": "Which statement regarding cleaning is NOT true?",
    "options": {
      "a": "Mild soap can clean tires",
      "b": "Solvents remove grease",
      "c": "Laquer rubbing can be used to clean corroded aluminium surface"
    },
    "correct_answer": "c",
    "explanation": "Using lacquer rubbing compound to clean corroded aluminum is generally incorrect/not true."
  },
  {
    "question_number": 14,
    "question": "Which statement is NOT true about Ultrasonic inspection?",
    "options": {
      "a": "It uses high frequency sound waves",
      "b": "It detects subsurface defects",
      "c": "It uses the property that sound travels in a vacuum"
    },
    "correct_answer": "c",
    "explanation": "Sound cannot travel in a vacuum; this statement is false."
  },
  {
    "question_number": 15,
    "question": "Which of the following is considered an in-service defect?",
    "options": {
      "a": "Porosity",
      "b": "Delamination",
      "c": "Inclusion"
    },
    "correct_answer": "b",
    "explanation": "Delamination is a common defect that occurs during service (though it can occur in manufacturing too, it is the standard answer here)."
  },
  {
    "question_number": 16,
    "question": "Which thin layer is cured with the repair and removed to create a clean surface for bonding?",
    "options": {
      "a": "Bleeder",
      "b": "Peel ply",
      "c": "Release film"
    },
    "correct_answer": "b",
    "explanation": "Peel ply is designed to be peeled off, leaving a clean, textured surface."
  },
  {
    "question_number": 17,
    "question": "What is it called when two or more Tows are mixed together in a single layer?",
    "options": {
      "a": "Inter-ply",
      "b": "Intra-ply",
      "c": "Laminate"
    },
    "correct_answer": "b",
    "explanation": "Intra-ply refers to mixing within (intra) a single layer."
  },
  {
    "question_number": 18,
    "question": "What is a mixture of homogenous plies stacked together called?",
    "options": {
      "a": "Intra-ply",
      "b": "Inter-ply",
      "c": "Matrix"
    },
    "correct_answer": "b",
    "explanation": "Inter-ply refers to mixing different layers/plies in a stack."
  },
  {
    "question_number": 19,
    "question": "Which fiber is known for high impact resistance?",
    "options": {
      "a": "Carbon",
      "b": "Aramid",
      "c": "Glass"
    },
    "correct_answer": "b",
    "explanation": "Aramid (Kevlar) has excellent impact resistance."
  },
  {
    "question_number": 20,
    "question": "Two relative thin parallel face sheets bonded to and separated by a thick, light core describes:",
    "options": {
      "a": "Monocoque",
      "b": "Sandwich construction",
      "c": "Solid laminate"
    },
    "correct_answer": "b",
    "explanation": "This is the definition of a sandwich structure."
  },
  {
    "question_number": 21,
    "question": "How can small cracks in plastic be stopped from propagating?",
    "options": {
      "a": "Stop drill",
      "b": "Heat welding",
      "c": "Sanding"
    },
    "correct_answer": "a",
    "explanation": "Stop drilling the ends of a crack relieves stress and stops propagation."
  },
  {
    "question_number": 22,
    "question": "What is a composite with two different reinforcement fibers bonded in the same matrix?",
    "options": {
      "a": "Unidirectional",
      "b": "Hybrid Composite",
      "c": "Bi-directional"
    },
    "correct_answer": "b",
    "explanation": "Hybrid composites utilize more than one type of fiber."
  },
  {
    "question_number": 23,
    "question": "Why are composites generally not used for the leading edge of wings?",
    "options": {
      "a": "They are too heavy",
      "b": "Because they erode (rain erosion)",
      "c": "They are not strong enough"
    },
    "correct_answer": "b",
    "explanation": "Composites are susceptible to erosion from rain and particles on leading edges."
  },
  {
    "question_number": 24,
    "question": "Which molding method for honeycomb repair uses a vacuum to apply pressure?",
    "options": {
      "a": "Injection molding",
      "b": "Vacuum bag molding",
      "c": "Compression molding"
    },
    "correct_answer": "b",
    "explanation": "Vacuum bag molding is the standard repair method for applying even pressure."
  },
  {
    "question_number": 25,
    "question": "Which direction of the fabric is the strongest?",
    "options": {
      "a": "Bias",
      "b": "Warp",
      "c": "Weft"
    },
    "correct_answer": "b",
    "explanation": "The Warp direction runs the length of the roll and is typically the strongest."
  },
  {
    "question_number": 26,
    "question": "What is a squeegee used for in wet lay-up?",
    "options": {
      "a": "To cut the fabric",
      "b": "To impregnate fabric and remove excess resin",
      "c": "To heat the repair"
    },
    "correct_answer": "b",
    "explanation": "A squeegee is used to work the resin into the fabric (impregnate)."
  },
  {
    "question_number": 27,
    "question": "What can reduce curing time from 12 hours to 1 hour?",
    "options": {
      "a": "Infrared light lamp",
      "b": "Room temperature cure",
      "c": "Freezing"
    },
    "correct_answer": "a",
    "explanation": "Applying heat via infrared lamps significantly accelerates the curing process."
  },
  {
    "question_number": 28,
    "question": "Which of the following is NOT a corrosion treatment?",
    "options": {
      "a": "Alodine",
      "b": "Ni-cad batteries",
      "c": "Primer"
    },
    "correct_answer": "b",
    "explanation": "Ni-cad batteries are a source of electrolytes that cause corrosion, not a treatment."
  },
  {
    "question_number": 29,
    "question": "Which statement is NOT true about composites?",
    "options": {
      "a": "They have high strength-to-weight ratio",
      "b": "Each component is merged completely and can't be identified physically",
      "c": "They consist of a matrix and reinforcement"
    },
    "correct_answer": "b",
    "explanation": "In composites, the components (fiber and matrix) remain physically distinct."
  },
  {
    "question_number": 30,
    "question": "What test determines if an area is thoroughly cleaned?",
    "options": {
      "a": "Water-break test",
      "b": "Scratch test",
      "c": "Visual gloss test"
    },
    "correct_answer": "a",
    "explanation": "A water-break free surface indicates no oils or grease are present."
  },
  {
    "question_number": 31,
    "question": "The strength and stiffness of a composite depends primarily on:",
    "options": {
      "a": "The color of the resin",
      "b": "The orientation sequence of plies",
      "c": "The brand of the material"
    },
    "correct_answer": "b",
    "explanation": "Ply orientation allows tailoring strength to the load direction."
  },
  {
    "question_number": 32,
    "question": "A combination of matrix and fiber reinforcement is known as:",
    "options": {
      "a": "Prepreg",
      "b": "Monolithic",
      "c": "Alloy"
    },
    "correct_answer": "a",
    "explanation": "Prepreg is the common term for fiber pre-impregnated with matrix."
  },
  {
    "question_number": 33,
    "question": "What material creates a path for air and volatiles to escape during vacuum bagging?",
    "options": {
      "a": "Release film",
      "b": "Bleeder",
      "c": "Vacuum port"
    },
    "correct_answer": "b",
    "explanation": "The bleeder allows air and excess resin/volatiles to escape the laminate."
  },
  {
    "question_number": 34,
    "question": "What is used so that plies don't stick to the working surface or caul plate?",
    "options": {
      "a": "Solid release film",
      "b": "Peel ply",
      "c": "Breather"
    },
    "correct_answer": "a",
    "explanation": "Solid release film prevents adhesion between the part and the tooling/bagging."
  },
  {
    "question_number": 35,
    "question": "What is recommended to clean aircraft tires?",
    "options": {
      "a": "Mild soap and water",
      "b": "Hydraulic fluid",
      "c": "Solvent"
    },
    "correct_answer": "a",
    "explanation": "Mild soap and water is safe for rubber tires."
  }
]