[
  {
    "question_number": 1,
    "question": "A unidirectional (tape) reinforcing composite material has high strength in which direction?",
    "options": {
      "a": "Perpendicular to the fibers",
      "b": "In the fiber direction",
      "c": "In all directions equally"
    },
    "correct_answer": "b",
    "explanation": "Unidirectional tapes have fibers running in one direction, providing high strength in that specific direction."
  },
  {
    "question_number": 2,
    "question": "Which fabric is typically available only as a prepreg tape product?",
    "options": {
      "a": "Fiberglass",
      "b": "Boron",
      "c": "Carbon"
    },
    "correct_answer": "b",
    "explanation": "Boron fibers are very stiff and brittle, so they are almost exclusively supplied as pre-impregnated tapes."
  },
  {
    "question_number": 3,
    "question": "Which of the following is NOT a property of Carbon fiber?",
    "options": {
      "a": "High strength",
      "b": "High stiffness",
      "c": "Electrically non-conductive"
    },
    "correct_answer": "c",
    "explanation": "Carbon fiber IS electrically conductive; therefore, saying it is 'non-conductive' is not a true property."
  },
  {
    "question_number": 4,
    "question": "Which of the following fibers has high impact resistance?",
    "options": {
      "a": "Carbon",
      "b": "Aramid (Kevlar)",
      "c": "Boron"
    },
    "correct_answer": "b",
    "explanation": "Aramid fibers are known for their toughness and high impact resistance."
  },
  {
    "question_number": 5,
    "question": "Which of the following does NOT help to minimize residual thermal stress during the cure of the resin?",
    "options": {
      "a": "Symmetrical laminate design",
      "b": "Design non-symmetrical laminate",
      "c": "Proper cure cycle"
    },
    "correct_answer": "b",
    "explanation": "Designing a non-symmetrical laminate promotes warping and stress; symmetrical designs minimize it."
  },
  {
    "question_number": 6,
    "question": "Which of the following is NOT an advantage or valid reason for cleaning?",
    "options": {
      "a": "Prevents corrosion",
      "b": "Allows for inspection",
      "c": "Is used in place of paint finish"
    },
    "correct_answer": "c",
    "explanation": "Cleaning is a preparatory or maintenance step; it does not replace the protective function of a paint finish."
  },
  {
    "question_number": 7,
    "question": "Which of the following is NOT required for electrochemical attack (corrosion) formation?",
    "options": {
      "a": "Anode and Cathode",
      "b": "Electrolyte",
      "c": "Metal finish"
    },
    "correct_answer": "c",
    "explanation": "A specific 'metal finish' is not a fundamental requirement for the corrosion cell (Anode, Cathode, Electrolyte, Electrical path)."
  },
  {
    "question_number": 8,
    "question": "What is a thin layer of fiberglass cured with the repair part to create a clean surface for bonding purposes?",
    "options": {
      "a": "Bleeder",
      "b": "Peel ply",
      "c": "Release film"
    },
    "correct_answer": "b",
    "explanation": "Peel ply is removed after curing to leave a textured, clean surface ready for bonding."
  },
  {
    "question_number": 9,
    "question": "What is a common cause for delamination in honeycomb cores?",
    "options": {
      "a": "Water/moisture ingress",
      "b": "Excess resin",
      "c": "High altitude"
    },
    "correct_answer": "a",
    "explanation": "Water in the honeycomb core can freeze and expand (or boil during cure), causing delamination."
  },
  {
    "question_number": 10,
    "question": "The recommended time at room temperature to complete layup and compaction is called:",
    "options": {
      "a": "Shelf life",
      "b": "Handling life",
      "c": "Pot life"
    },
    "correct_answer": "b",
    "explanation": "Handling life is the window of time materials can be worked at room temperature before they must be cured."
  },
  {
    "question_number": 11,
    "question": "Which drill bit is recommended for drilling acrylic?",
    "options": {
      "a": "Standard 118° twist drill",
      "b": "Twist drill with 150° included angle",
      "c": "Spade bit"
    },
    "correct_answer": "b",
    "explanation": "A 150° angle scrapes rather than cuts aggressively, preventing cracking in acrylic."
  },
  {
    "question_number": 12,
    "question": "What is the most common alloy for fasteners used with carbon fiber reinforced composite structures?",
    "options": {
      "a": "Aluminum 2024",
      "b": "Titanium alloy Ti-6Al-4V",
      "c": "Monel"
    },
    "correct_answer": "b",
    "explanation": "Titanium is galvanic-compatible with carbon fiber."
  },
  {
    "question_number": 13,
    "question": "What is a typical curing temperature for composite materials?",
    "options": {
      "a": "100 °F",
      "b": "250 °F",
      "c": "500 °F"
    },
    "correct_answer": "b",
    "explanation": "250 °F (and 350 °F) are standard curing temperatures."
  },
  {
    "question_number": 14,
    "question": "Which fasteners are similar in design to Hi-Loks and are a natural choice for carbon fiber composite structures?",
    "options": {
      "a": "Eddie-Bolt",
      "b": "CherryMax",
      "c": "Jo-Bolt"
    },
    "correct_answer": "a",
    "explanation": "Eddie-Bolts are designed for use in composites and resemble Hi-Lok systems."
  },
  {
    "question_number": 15,
    "question": "The strength and stiffness of a composite buildup depends on:",
    "options": {
      "a": "The color of the resin",
      "b": "The orientation sequence of the plies",
      "c": "The brand of fiber"
    },
    "correct_answer": "b",
    "explanation": "Ply orientation allows the designer to tailor strength to the load direction."
  },
  {
    "question_number": 16,
    "question": "Which statement is NOT true about composites?",
    "options": {
      "a": "They consist of a matrix and reinforcement",
      "b": "Each component is merged completely and cannot be identified physically",
      "c": "They have high strength-to-weight ratios"
    },
    "correct_answer": "b",
    "explanation": "In composites, the fiber and matrix remain distinct phases; they do not dissolve into each other."
  },
  {
    "question_number": 17,
    "question": "Which direction is the high strength direction in a fabric?",
    "options": {
      "a": "Warp",
      "b": "Weft (Fill)",
      "c": "Bias"
    },
    "correct_answer": "a",
    "explanation": "The warp direction (running length-wise) is straighter and typically stronger."
  },
  {
    "question_number": 18,
    "question": "What tools are used to impregnate dry fibers with resin for wet layup?",
    "options": {
      "a": "Heat gun and roller",
      "b": "Brush and squeegee",
      "c": "Vacuum pump"
    },
    "correct_answer": "b",
    "explanation": "Brushes apply resin and squeegees work it into the fibers."
  },
  {
    "question_number": 19,
    "question": "Which of the following is NOT part of the elevated temperature curing cycle for prepregs?",
    "options": {
      "a": "Ramp up",
      "b": "Refrigerator",
      "c": "Soak/Hold"
    },
    "correct_answer": "b",
    "explanation": "Refrigeration is for storage, not part of the active curing cycle."
  },
  {
    "question_number": 20,
    "question": "Which type of plastics do not soften appreciably under heat but may char and blister at high temperatures?",
    "options": {
      "a": "Thermoplastics",
      "b": "Thermosetting plastics",
      "c": "Acrylics"
    },
    "correct_answer": "b",
    "explanation": "Thermosets cure chemically and cannot be re-melted; they will burn (char) if overheated."
  },
  {
    "question_number": 21,
    "question": "Which type of plastics are softened by heat and can be dissolved in various organic solvents?",
    "options": {
      "a": "Thermosets",
      "b": "Thermoplastics",
      "c": "Epoxies"
    },
    "correct_answer": "b",
    "explanation": "Thermoplastics can be reshaped with heat and are sensitive to solvents."
  },
  {
    "question_number": 22,
    "question": "Which statement is NOT true regarding non-woven abrasives?",
    "options": {
      "a": "They are used for mechanical cleaning",
      "b": "Lacquer rubbing compound can be used to clean corroded aluminum surface",
      "c": "They remove oxides"
    },
    "correct_answer": "b",
    "explanation": "Using lacquer rubbing compound is generally not the correct procedure associated with non-woven pads for corrosion removal."
  },
  {
    "question_number": 23,
    "question": "What is it called when tows of two or more constituent types of fibers are mixed in the same layer?",
    "options": {
      "a": "Inter-ply",
      "b": "Intra-ply",
      "c": "Laminate"
    },
    "correct_answer": "b",
    "explanation": "Intra-ply means the hybrid mix occurs within the single layer itself."
  },
  {
    "question_number": 24,
    "question": "Which statement is NOT correct about composite material?",
    "options": {
      "a": "It has high strength",
      "b": "It cannot be damaged by sonic vibration",
      "c": "It is susceptible to impact damage"
    },
    "correct_answer": "b",
    "explanation": "Composites CAN be damaged by high-intensity sonic vibration (acoustic fatigue)."
  },
  {
    "question_number": 25,
    "question": "What is the use of a Router in honeycomb repair?",
    "options": {
      "a": "Injecting resin",
      "b": "Removing the damaged areas",
      "c": "Heating the repair"
    },
    "correct_answer": "b",
    "explanation": "A router is used to precisely cut away damaged skin and core material."
  },
  {
    "question_number": 26,
    "question": "In which direction is composite material strong and stiff?",
    "options": {
      "a": "Perpendicular to the fiber",
      "b": "Same direction as the fiber",
      "c": "Randomly"
    },
    "correct_answer": "b",
    "explanation": "The fibers carry the load, so the material is strongest in the fiber direction."
  },
  {
    "question_number": 27,
    "question": "Which inspection method uses sound wave energy with a frequency above the audible range?",
    "options": {
      "a": "Eddy Current",
      "b": "Ultrasonic",
      "c": "Radiography"
    },
    "correct_answer": "b",
    "explanation": "Ultrasonic testing utilizes high-frequency sound waves."
  },
  {
    "question_number": 28,
    "question": "Which of the following is an isotropic material?",
    "options": {
      "a": "Carbon Fiber",
      "b": "Aluminum",
      "c": "Wood"
    },
    "correct_answer": "b",
    "explanation": "Aluminum has uniform properties in all directions (isotropic)."
  },
  {
    "question_number": 29,
    "question": "In honeycomb construction, increasing the core thickness greatly increases the:",
    "options": {
      "a": "Flexibility",
      "b": "Stiffness",
      "c": "Weight (proportionally more than stiffness)"
    },
    "correct_answer": "b",
    "explanation": "Stiffness increases exponentially with the thickness of the core (spacing of the face sheets)."
  },
  {
    "question_number": 30,
    "question": "What is used to neutralize acid deposits in lead-acid battery compartments?",
    "options": {
      "a": "Vinegar",
      "b": "Baking soda",
      "c": "Water"
    },
    "correct_answer": "b",
    "explanation": "Baking soda (Sodium Bicarbonate) is a base that neutralizes battery acid."
  },
  {
    "question_number": 31,
    "question": "Which type of tool is not recommended to work on Carbon fiber composite material?",
    "options": {
      "a": "Pneumatic tools",
      "b": "Electrical motors/tools",
      "c": "Hand sanding blocks"
    },
    "correct_answer": "b",
    "explanation": "Note: While earlier notes favored electric, this specific note suggests 'Electrical motors' are not recommended. This is likely due to carbon dust being conductive and shorting out the motor. *Context check: If the previous note said 'recommended', this might be a contradiction in the source material, but based on typical safety, pneumatic is often preferred to avoid spark hazards, though carbon dust shorts electric motors.* Based on the text provided: 'not recommended... electrical motors'."
  },
  {
    "question_number": 32,
    "question": "Cadmium and zinc are used as coatings to provide what type of protection to the underlying metal?",
    "options": {
      "a": "Barrier protection",
      "b": "Sacrificial protection",
      "c": "Cosmetic protection"
    },
    "correct_answer": "b",
    "explanation": "These metals corrode preferentially (sacrificially) to save the structural metal."
  },
  {
    "question_number": 33,
    "question": "What is a good example of an electrochemical attack?",
    "options": {
      "a": "Fretting",
      "b": "Simple galvanic cell",
      "c": "Stress corrosion"
    },
    "correct_answer": "b",
    "explanation": "A simple galvanic cell represents the fundamental mechanism of electrochemical corrosion."
  },
  {
    "question_number": 34,
    "question": "Which inspection method uses sound waves?",
    "options": {
      "a": "Ultrasonic inspection",
      "b": "Magnetic Particle",
      "c": "Dye Penetrant"
    },
    "correct_answer": "a",
    "explanation": " Ultrasonic inspection relies on the transmission of sound waves."
  },
  {
    "question_number": 35,
    "question": "What is used to apply the necessary pressure to bonded honeycomb repairs?",
    "options": {
      "a": "C-Clamps",
      "b": "Vacuum fixtures",
      "c": "Weights"
    },
    "correct_answer": "b",
    "explanation": "Vacuum fixtures/bags provide uniform pressure across the repair area."
  }
]