[
  {
    "question_number": 1,
    "question": "Which materials are commonly repaired using composite patching techniques?",
    "options": {
      "a": "Wood and Fabric",
      "b": "Aluminum, Steel, and Titanium",
      "c": "Copper and Zinc"
    },
    "correct_answer": "b",
    "explanation": "Composite materials are frequently used to repair Aluminum, Steel, and Titanium structures."
  },
  {
    "question_number": 2,
    "question": "What is the recommended drill bit point angle for drilling hard composite materials like Twist Dufu?",
    "options": {
      "a": "118°",
      "b": "135°",
      "c": "150°"
    },
    "correct_answer": "c",
    "explanation": "A 150° point angle is used for specific hard composite applications (Twist Dufu)."
  },
  {
    "question_number": 3,
    "question": "Which material is primarily used for aircraft window canopies?",
    "options": {
      "a": "Polycarbonate",
      "b": "Acrylic",
      "c": "Tempered Glass"
    },
    "correct_answer": "b",
    "explanation": "Acrylic is the standard material mentioned for window canopies."
  },
  {
    "question_number": 4,
    "question": "Which method is commonly used to detect defects or delamination in honeycomb structures?",
    "options": {
      "a": "Coin Tapping / A173",
      "b": "Dye Penetrant",
      "c": "Magnetic Particle"
    },
    "correct_answer": "a",
    "explanation": "Coin tapping (often referenced with A173) is used to check for defects in honeycomb."
  },
  {
    "question_number": 5,
    "question": "Which statement is NOT true regarding metal honeycomb structures?",
    "options": {
      "a": "It has a high stiffness-to-weight ratio",
      "b": "It is susceptible to corrosion",
      "c": "It is not affected by Sonic Vibration"
    },
    "correct_answer": "c",
    "explanation": "It is false to say metal honeycomb is not affected by sonic vibration; it can be damaged by it."
  },
  {
    "question_number": 6,
    "question": "Increasing the lower combine (fiber volume) primarily increases what property?",
    "options": {
      "a": "Flexibility",
      "b": "Stiffness",
      "c": "Weight"
    },
    "correct_answer": "b",
    "explanation": "Increasing the lower combine/fiber density increases the stiffness of the part."
  },
  {
    "question_number": 7,
    "question": "Which core type is best suited for forming complex curved parts (bell structures)?",
    "options": {
      "a": "Hexagonal Core",
      "b": "Flexi-Core",
      "c": "Balsa Wood"
    },
    "correct_answer": "b",
    "explanation": "Flexi-Core is designed to conform to curved shapes like bell structures."
  },
  {
    "question_number": 8,
    "question": "Which honeycomb cell configuration is designed to increase stiffness?",
    "options": {
      "a": "Ox-Core",
      "b": "Bisected Hexagon",
      "c": "Tube-Core"
    },
    "correct_answer": "b",
    "explanation": "The bisected hexagon structure provides increased stiffness."
  },
  {
    "question_number": 9,
    "question": "Which statement is true regarding the 'Wet Lay-up' technique?",
    "options": {
      "a": "It uses pre-impregnated fabric",
      "b": "Resin is mixed and applied to the surface/fabric during repair",
      "c": "It requires an autoclave"
    },
    "correct_answer": "b",
    "explanation": "Wet lay-up involves applying liquid resin to dry fabric and the surface."
  },
  {
    "question_number": 10,
    "question": "A composite area that contains insufficient resin is described as:",
    "options": {
      "a": "Resin Rich",
      "b": "Resin Starved",
      "c": "Delaminated"
    },
    "correct_answer": "b",
    "explanation": "Resin starved means the area has less resin than required."
  },
  {
    "question_number": 11,
    "question": "What material is used to neutralize acid spills?",
    "options": {
      "a": "Baking Soda (Backing sand)",
      "b": "Vinegar",
      "c": "Alcohol"
    },
    "correct_answer": "a",
    "explanation": "Baking soda (referred to as backing sand in notes) neutralizes acid."
  },
  {
    "question_number": 12,
    "question": "Which statement best describes a 'Temporary Repair'?",
    "options": {
      "a": "Restores full structural strength",
      "b": "Restores durability but has less strength",
      "c": "Is permanent"
    },
    "correct_answer": "b",
    "explanation": "Temporary repairs restore aerodynamics and durability but often provide less strength than the original."
  },
  {
    "question_number": 13,
    "question": "What is the primary safety hazard associated with Radiography?",
    "options": {
      "a": "Toxic Fumes",
      "b": "Radiation",
      "c": "Fire"
    },
    "correct_answer": "b",
    "explanation": "The effect/hazard of radiography is radiation."
  },
  {
    "question_number": 14,
    "question": "What is the purpose of a Solid Release Film?",
    "options": {
      "a": "To absorb resin",
      "b": "To prevent sticking to the surface",
      "c": "To add strength"
    },
    "correct_answer": "b",
    "explanation": "Solid release film is used so bagging materials do not stick to the repair surface."
  },
  {
    "question_number": 15,
    "question": "What is the function of 'Peel Ply'?",
    "options": {
      "a": "Structural reinforcement",
      "b": "To create a clean surface",
      "c": "Vapor barrier"
    },
    "correct_answer": "b",
    "explanation": "Peel ply is removed after curing to leave a clean, textured surface for bonding."
  },
  {
    "question_number": 16,
    "question": "Which of the following is NOT a cause of corrosion?",
    "options": {
      "a": "Electrolyte",
      "b": "Dissimilar metal contact",
      "c": "Color of the metal"
    },
    "correct_answer": "c",
    "explanation": "The color of the metal does not cause corrosion."
  },
  {
    "question_number": 17,
    "question": "Vacuum bagging is a technique primarily associated with:",
    "options": {
      "a": "Welding",
      "b": "Composite Repair",
      "c": "Machining"
    },
    "correct_answer": "b",
    "explanation": "Vacuum bagging is a standard composite repair technique."
  },
  {
    "question_number": 18,
    "question": "In an electrochemical corrosion cell, which metal part corrodes?",
    "options": {
      "a": "Cathode",
      "b": "Anode",
      "c": "Electrolyte"
    },
    "correct_answer": "b",
    "explanation": "The Anode is the metal that corrodes."
  },
  {
    "question_number": 19,
    "question": "What are the common curing temperatures for Prepregs?",
    "options": {
      "a": "100°F & 150°F",
      "b": "250°F & 350°F",
      "c": "500°F & 600°F"
    },
    "correct_answer": "b",
    "explanation": "Standard prepreg curing cycles are typically 250°F or 350°F."
  },
  {
    "question_number": 20,
    "question": "Which elements are added to steel to protect against corrosion?",
    "options": {
      "a": "Nickel & Chromium",
      "b": "Carbon & Iron",
      "c": "Lead & Zinc"
    },
    "correct_answer": "a",
    "explanation": "Nickel (Ni) and Chromium (Cr) are added to create stainless steel, which resists corrosion."
  },
  {
    "question_number": 21,
    "question": "Which composite fiber is generally the lowest cost?",
    "options": {
      "a": "Carbon Fiber",
      "b": "Aramid",
      "c": "Fiberglass"
    },
    "correct_answer": "c",
    "explanation": "Fiberglass is noted for its low cost."
  },
  {
    "question_number": 22,
    "question": "Which fiber provides better resistance to impact than Carbon?",
    "options": {
      "a": "Fiberglass",
      "b": "Aramid",
      "c": "Boron"
    },
    "correct_answer": "b",
    "explanation": "Aramid (Kevlar) is known for high impact resistance."
  },
  {
    "question_number": 23,
    "question": "Which of the following is NOT typically used in composite repair?",
    "options": {
      "a": "Resin",
      "b": "Fiber",
      "c": "Electra (Electrolyte)"
    },
    "correct_answer": "c",
    "explanation": "'Electra' implies electrolyte, which is a corrosion factor, not a repair material."
  },
  {
    "question_number": 24,
    "question": "What is used to wash away grease, oil, or fuel?",
    "options": {
      "a": "Mild Soap",
      "b": "Acids",
      "c": "Oil"
    },
    "correct_answer": "a",
    "explanation": "Mild soap is used for cleaning grease and oil."
  },
  {
    "question_number": 25,
    "question": "When must mechanical work be done on a repair?",
    "options": {
      "a": "After curing",
      "b": "Before curing",
      "c": "During curing"
    },
    "correct_answer": "b",
    "explanation": "Mechanical adjustments (mechanical time) must be done before curing."
  },
  {
    "question_number": 26,
    "question": "What defines a Hybrid Composite?",
    "options": {
      "a": "Single fiber type",
      "b": "Two or more fiber types combined",
      "c": "Metal only"
    },
    "correct_answer": "b",
    "explanation": "Hybrid composites combine different fibers (e.g., carbon and aramid)."
  },
  {
    "question_number": 27,
    "question": "What gives a composite part its strength and direction?",
    "options": {
      "a": "Resin amount",
      "b": "Ply orientation",
      "c": "Surface finish"
    },
    "correct_answer": "b",
    "explanation": "Ply orientation determines the directional strength."
  },
  {
    "question_number": 28,
    "question": "Which fastener material causes corrosion when used with Carbon Fibers?",
    "options": {
      "a": "Titanium",
      "b": "Aluminum",
      "c": "Stainless Steel"
    },
    "correct_answer": "b",
    "explanation": "Aluminum fasteners should be avoided in carbon fiber due to galvanic corrosion."
  },
  {
    "question_number": 29,
    "question": "Which direction in a fabric weave has the highest strength?",
    "options": {
      "a": "Warp",
      "b": "Fill",
      "c": "Bias"
    },
    "correct_answer": "a",
    "explanation": "The Warp direction is the high-strength direction."
  },
  {
    "question_number": 31,
    "question": "What defines a Sandwich Structure?",
    "options": {
      "a": "Two face sheets bonded to a core",
      "b": "Solid laminate",
      "c": "Metal casting"
    },
    "correct_answer": "a",
    "explanation": "Sandwich structures consist of face sheets bonded to a lightweight core."
  },
  {
    "question_number": 33,
    "question": "Which plastic type can be softened by heat?",
    "options": {
      "a": "Thermoset",
      "b": "Thermoplastic",
      "c": "Epoxy"
    },
    "correct_answer": "b",
    "explanation": "Thermoplastics can be softened by heat and reshaped."
  },
  {
    "question_number": 34,
    "question": "Battery acid causes which type of corrosion?",
    "options": {
      "a": "Pitting",
      "b": "Direct Chemical Attack",
      "c": "Galvanic"
    },
    "correct_answer": "b",
    "explanation": "Batteries cause direct chemical attack."
  },
  {
    "question_number": 36,
    "question": "Which tool is used to cut composite materials?",
    "options": {
      "a": "Router",
      "b": "Hammer",
      "c": "Chisel"
    },
    "correct_answer": "a",
    "explanation": "A router is commonly used to cut and trim composites."
  },
  {
    "question_number": 39,
    "question": "What is a 'Heart Shake'?",
    "options": {
      "a": "Surface scratch",
      "b": "Longitudinal break/crack in wood",
      "c": "Composite delamination"
    },
    "correct_answer": "b",
    "explanation": "Heart shake refers to a longitudinal break or crack in wood."
  }
]