[
  {
    "question_number": 1,
    "question": "What is the most common alloy for fasteners used with Carbon Fiber?",
    "options": {
      "a": "Aluminum 2024",
      "b": "Titanium (Ti-6Al-4V)",
      "c": "Stainless Steel 304"
    },
    "correct_answer": "b",
    "explanation": "Titanium is the preferred fastener material because it is compatible with carbon fiber and prevents galvanic corrosion."
  },
  {
    "question_number": 2,
    "question": "Which of the following is NOT required for an electrochemical attack to occur?",
    "options": {
      "a": "Dissimilar metal contact (Anode/Cathode)",
      "b": "Electrolyte",
      "c": "Metal finish"
    },
    "correct_answer": "c",
    "explanation": "Corrosion requires an anode, a cathode, an electrolyte, and an electrical path. A specific metal finish is not a fundamental requirement."
  },
  {
    "question_number": 3,
    "question": "What is a common cause of delamination in composite honeycomb structures?",
    "options": {
      "a": "Water ingress",
      "b": "Excessive paint",
      "c": "Low humidity"
    },
    "correct_answer": "a",
    "explanation": "Water trapped in the core expands when heated or frozen, causing the face sheet to delaminate."
  },
  {
    "question_number": 4,
    "question": "Which statement is NOT true about composite materials?",
    "options": {
      "a": "They offer high strength-to-weight ratios",
      "b": "Properties can be tailored by ply orientation",
      "c": "Each composed material merges completely and it is not possible to identify each material present"
    },
    "correct_answer": "c",
    "explanation": "In composites, the reinforcement (fiber) and the matrix (resin) remain physically distinct; they do not merge completely."
  },
  {
    "question_number": 6,
    "question": "A composite made of thin sheet metal face sheets bonded to a thick honeycomb core is called:",
    "options": {
      "a": "Sandwich structure",
      "b": "Laminate",
      "c": "Monocoque"
    },
    "correct_answer": "a",
    "explanation": " A sandwich structure consists of two thin face sheets bonded to a lightweight thick core."
  },
  {
    "question_number": 8,
    "question": "Which of the following is NOT an advantage of metal bonded honeycomb composites?",
    "options": {
      "a": "High stiffness",
      "b": "Lesser strength to weight ratio",
      "c": "Sonic vibration resistance"
    },
    "correct_answer": "b",
    "explanation": "Honeycomb composites have a *higher* strength-to-weight ratio; stating they have 'lesser' is incorrect."
  },
  {
    "question_number": 9,
    "question": "What is used for the cleaning of plastic materials?",
    "options": {
      "a": "Plenty of water & mild soap",
      "b": "Acetone",
      "c": "Gasoline"
    },
    "correct_answer": "a",
    "explanation": "Harsh chemicals damage plastics; plenty of water and mild soap are recommended."
  },
  {
    "question_number": 10,
    "question": "What is the common trade name for Acrylic plastic?",
    "options": {
      "a": "Lexan",
      "b": "Plexiglas",
      "c": "PVC"
    },
    "correct_answer": "b",
    "explanation": "Plexiglas is the trade name associated with acrylic."
  },
  {
    "question_number": 11,
    "question": "Which type of drill bit is used to cut plastic?",
    "options": {
      "a": "Standard twist drill",
      "b": "Drill bit with included angle of 150°",
      "c": "Masonry bit"
    },
    "correct_answer": "b",
    "explanation": "A 150° included angle drill bit scrapes the plastic to prevent grabbing and cracking."
  },
  {
    "question_number": 12,
    "question": "Since acrylic plastic has poor heat conduction, what precaution must be taken while drilling?",
    "options": {
      "a": "Drill at max speed",
      "b": "Make provisions for removing the heat when drilling",
      "c": "Apply heat beforehand"
    },
    "correct_answer": "b",
    "explanation": "Heat must be removed (e.g., using coolant or air) to prevent gumming or crazing."
  },
  {
    "question_number": 13,
    "question": "Which tool is used to cut plastic material into a curved shape?",
    "options": {
      "a": "Circular saw",
      "b": "Band saw",
      "c": "Table saw"
    },
    "correct_answer": "b",
    "explanation": "A band saw is ideal for cutting curves in plastic sheets."
  },
  {
    "question_number": 14,
    "question": "Which environmental condition does NOT increase the rate of corrosion?",
    "options": {
      "a": "Hot temperature",
      "b": "Marine environment (salt)",
      "c": "Dry climate"
    },
    "correct_answer": "c",
    "explanation": "Dry climates lack the moisture required for the electrolyte in the corrosion process."
  },
  {
    "question_number": 15,
    "question": "A defect such as a bonding line caused by the insertion of adhesive paper is classified as:",
    "options": {
      "a": "In-service defect",
      "b": "Manufacturing defect",
      "c": "Fatigue damage"
    },
    "correct_answer": "b",
    "explanation": "Foreign objects introduced during the layup process are manufacturing defects."
  },
  {
    "question_number": 16,
    "question": "The maximum time allowed to keep prepreg at room temperature until curing is called:",
    "options": {
      "a": "Shelf life",
      "b": "Mechanical life (or Handling life)",
      "c": "Storage life"
    },
    "correct_answer": "b",
    "explanation": "This is referred to as Mechanical Life (or often Handling Life/Out Life)."
  },
  {
    "question_number": 17,
    "question": "Which type of repair restores required strength but not durability?",
    "options": {
      "a": "Permanent",
      "b": "Temporary",
      "c": "Overhaul"
    },
    "correct_answer": "b",
    "explanation": "Temporary repairs make the aircraft flyable but may not last as long as the original structure."
  },
  {
    "question_number": 18,
    "question": "Which statement is true about using ultrasonic tests to detect defects?",
    "options": {
      "a": "It uses magnetic particles",
      "b": "It often uses pulse echo with a single transducer",
      "c": "It requires radiation"
    },
    "correct_answer": "b",
    "explanation": " Pulse echo uses a single transducer to both send and receive the sound wave."
  },
  {
    "question_number": 19,
    "question": "Which inspection method uses a magnetic field and circular currents?",
    "options": {
      "a": "Ultrasonic",
      "b": "Eddy current",
      "c": "Dye penetrant"
    },
    "correct_answer": "b",
    "explanation": "Eddy Current testing induces circular currents in the metal using magnetic fields."
  },
  {
    "question_number": 20,
    "question": "Which inspection method uses sound waves?",
    "options": {
      "a": "Radiography",
      "b": "Ultrasonic inspection",
      "c": "Magnetic Particle"
    },
    "correct_answer": "b",
    "explanation": "Ultrasonic inspection uses high-frequency sound waves."
  },
  {
    "question_number": 22,
    "question": "When using an infrared lamp, a large difference in temperature between the repair and the surrounding area can cause:",
    "options": {
      "a": "A stronger repair",
      "b": "Buckling of the surrounding skin",
      "c": "Faster curing without side effects"
    },
    "correct_answer": "b",
    "explanation": "Thermal expansion differences can lead to buckling or warping of the skin."
  },
  {
    "question_number": 23,
    "question": "Which of the following is a source of pressure in composite repair?",
    "options": {
      "a": "Heat gun",
      "b": "Vacuum fixture",
      "c": "Flashlight"
    },
    "correct_answer": "b",
    "explanation": "Vacuum fixtures (bagging) use atmospheric pressure to compact the repair."
  },
  {
    "question_number": 25,
    "question": "Which layer is cured with the repair and removed to provide a clean surface for bonding?",
    "options": {
      "a": "Bleeder",
      "b": "Peel ply",
      "c": "Release film"
    },
    "correct_answer": "b",
    "explanation": "Peel ply is designed to be stripped off, leaving a clean, fractured surface."
  },
  {
    "question_number": 26,
    "question": "Which of the following is NOT part of the elevated temperature curing cycle?",
    "options": {
      "a": "Ramp up",
      "b": "Soak",
      "c": "Refrigerator"
    },
    "correct_answer": "c",
    "explanation": "Refrigerators are used for storage, not during the active high-temp curing process."
  },
  {
    "question_number": 27,
    "question": "What is used to shorten the curing time of bonded honeycomb repairs from approximately 12 hrs to 1 hr?",
    "options": {
      "a": "Heat gun",
      "b": "Infrared heat lamp",
      "c": "Room temperature cure"
    },
    "correct_answer": "b",
    "explanation": "Infrared lamps provide focused heat to drastically reduce cure times."
  },
  {
    "question_number": 28,
    "question": "When Tows of two (or more) constituent types of fibers are mixed in the same layer, it is called:",
    "options": {
      "a": "Inter-ply",
      "b": "Intra-ply",
      "c": "Monolithic"
    },
    "correct_answer": "b",
    "explanation": "Intra-ply hybridization occurs within the single fabric layer."
  },
  {
    "question_number": 29,
    "question": "Which honeycomb core cell type provides better support for sandwich face sheets?",
    "options": {
      "a": "Large cell size",
      "b": "Small cell size",
      "c": "Flexible cell"
    },
    "correct_answer": "b",
    "explanation": "Smaller cells prevent face sheet dimpling and provide better support."
  },
  {
    "question_number": 30,
    "question": "Which honeycomb core cell type is used in panels with complex curves?",
    "options": {
      "a": "Hexagonal",
      "b": "Bell shaped core (Flexi-core)",
      "c": "Rectangular"
    },
    "correct_answer": "b",
    "explanation": "Bell shaped or flexi-core cells allow the honeycomb to curve without collapsing."
  },
  {
    "question_number": 30,
    "question": "Which honeycomb core cell type is used in panels with simple curves?",
    "options": {
      "a": "Hexagonal",
      "b": "Rectangular shaped core (Ox-core)",
      "c": "Bell shaped"
    },
    "correct_answer": "b",
    "explanation": "Rectangular (over-expanded) cores are suitable for simple curves."
  },
  {
    "question_number": 31,
    "question": "A material that has uniform properties in all directions is called:",
    "options": {
      "a": "Anisotropic",
      "b": "Isotropic",
      "c": "Orthotropic"
    },
    "correct_answer": "b",
    "explanation": "Isotropic materials (like metals) have the same properties regardless of direction."
  },
  {
    "question_number": 32,
    "question": "Prepreg and dry fabrics can be cut with:",
    "options": {
      "a": "Router",
      "b": "Scissors",
      "c": "Chisel"
    },
    "correct_answer": "b",
    "explanation": "Scissors are the standard tool for cutting fiber fabrics."
  },
  {
    "question_number": 33,
    "question": "To make the installation waterproof, reduce vibration, and distribute stress, plastic panels should be mounted between:",
    "options": {
      "a": "Metal washers",
      "b": "Rubber, cork, or gasket material",
      "c": "Hard epoxy"
    },
    "correct_answer": "b",
    "explanation": "Gasket materials like rubber or cork cushion the plastic and seal the installation."
  }
]