[
  {
    "question_number": 1,
    "question": "What is used to shorten the curing time of bonded honeycomb repairs from approximately 12 hrs to 1 hr?",
    "options": {
      "a": "Heat gun",
      "b": "Infrared heat lamp",
      "c": "Autoclave"
    },
    "correct_answer": "b",
    "explanation": "Infrared heat lamps provide focused heat that accelerates the chemical reaction in the resin."
  },
  {
    "question_number": 2,
    "question": "When using Infrared Heat Lamps, what may a high temperature differential between the repair and surrounding area cause?",
    "options": {
      "a": "Discoloration",
      "b": "Buckling of the surrounding skin surfaces",
      "c": "Cracking of the core"
    },
    "correct_answer": "b",
    "explanation": "Uneven heating causes thermal expansion, which can lead to buckling in the surrounding skin."
  },
  {
    "question_number": 3,
    "question": "Why is inspection for damage more critical for honeycomb assemblies than for conventional structures?",
    "options": {
      "a": "They are more expensive",
      "b": "Honeycomb assemblies may suffer extensive damage without any observable indication",
      "c": "They are always located in critical areas"
    },
    "correct_answer": "b",
    "explanation": "Internal core damage (crushing/delamination) is often invisible from the surface."
  },
  {
    "question_number": 4,
    "question": "Which shape of core cell is used to make panels with complex curves?",
    "options": {
      "a": "Hexagonal",
      "b": "Bell Shaped / Flexi-core",
      "c": "Rectangular"
    },
    "correct_answer": "b",
    "explanation": "Bell shaped or flexi-core cells allow the core to form around compound curves."
  },
  {
    "question_number": 5,
    "question": "The tool used to impregnate dry fiber with resin is:",
    "options": {
      "a": "Squeegee",
      "b": "Brush",
      "c": "Roller"
    },
    "correct_answer": "a",
    "explanation": "A squeegee is used to manually force resin into the fabric weave."
  },
  {
    "question_number": 6,
    "question": "An isotropic material is defined as:",
    "options": {
      "a": "A material with properties that vary by direction",
      "b": "A material that has uniform properties in all directions",
      "c": "A material made of fiber and resin"
    },
    "correct_answer": "b",
    "explanation": "Isotropic means having the same physical properties in every direction (e.g., metals)."
  },
  {
    "question_number": 7,
    "question": "What is a thin layer of fiberglass cured with the repair part to create a clean surface for bonding purposes?",
    "options": {
      "a": "Release film",
      "b": "Peel ply",
      "c": "Bleeder"
    },
    "correct_answer": "b",
    "explanation": "Peel ply leaves a roughened, clean surface when removed after curing."
  },
  {
    "question_number": 8,
    "question": "A laminate made up of layers of two or more homogeneous reinforcements is called:",
    "options": {
      "a": "Intra-ply",
      "b": "Inter-ply",
      "c": "Hybrid matrix"
    },
    "correct_answer": "b",
    "explanation": "Inter-ply refers to stacking distinct layers of different materials (e.g., a layer of carbon, then a layer of glass)."
  },
  {
    "question_number": 9,
    "question": "Prepreg and dry fabrics are typically cut with:",
    "options": {
      "a": "Utility knife",
      "b": "Scissors",
      "c": "Saw"
    },
    "correct_answer": "b",
    "explanation": "Specialized scissors (like shears) are the standard tool for cutting fabric."
  },
  {
    "question_number": 10,
    "question": "Which of the following composite materials has a white color appearance?",
    "options": {
      "a": "Carbon fiber",
      "b": "Fiberglass",
      "c": "Aramid"
    },
    "correct_answer": "b",
    "explanation": "Standard fiberglass is typically white or translucent."
  },
  {
    "question_number": 11,
    "question": "Which size of honeycomb core cell gives better support to sandwich face sheets?",
    "options": {
      "a": "Large cell size",
      "b": "Small cell size",
      "c": "Variable cell size"
    },
    "correct_answer": "b",
    "explanation": "Smaller cells provide more frequent support points for the face sheet, reducing dimpling."
  },
  {
    "question_number": 12,
    "question": "Which core is not commonly used on commercial type aircraft?",
    "options": {
      "a": "Aluminum core",
      "b": "Foam core",
      "c": "Nomex core"
    },
    "correct_answer": "b",
    "explanation": "While used in some applications, foam core is less common in primary commercial structures compared to honeycomb."
  },
  {
    "question_number": 13,
    "question": "Composites containing two or more different reinforcing materials bound in the same matrix are commonly known as:",
    "options": {
      "a": "Alloys",
      "b": "Hybrid composites",
      "c": "Sandwich panels"
    },
    "correct_answer": "b",
    "explanation": "Hybrid composites mix fibers, like Carbon/Kevlar hybrids."
  },
  {
    "question_number": 14,
    "question": "Which of the following is an in-service defect?",
    "options": {
      "a": "Porosity",
      "b": "Delamination",
      "c": "Inclusion"
    },
    "correct_answer": "b",
    "explanation": "Delamination is a common structural failure that occurs during operation."
  },
  {
    "question_number": 15,
    "question": "Envelope bagging is a process in which:",
    "options": {
      "a": "Only the repair area is covered",
      "b": "The part to be repaired is completely enclosed in a vacuum bag",
      "c": "No vacuum is used"
    },
    "correct_answer": "b",
    "explanation": "Envelope bagging surrounds the entire part, sealing it fully."
  },
  {
    "question_number": 16,
    "question": "Which of the following core cell shapes is stiffer and stronger?",
    "options": {
      "a": "Standard hexagonal",
      "b": "Bisected hexagonal",
      "c": "Flexible"
    },
    "correct_answer": "b",
    "explanation": "Bisected hexagonal cores have an extra wall, adding stiffness and strength."
  },
  {
    "question_number": 17,
    "question": "The color of Aramid (Kevlar) fiber is:",
    "options": {
      "a": "Black",
      "b": "Yellow",
      "c": "White"
    },
    "correct_answer": "b",
    "explanation": "Aramid fibers are distinctively yellow."
  },
  {
    "question_number": 18,
    "question": "Resin starvation could be a result of:",
    "options": {
      "a": "Too much pressure",
      "b": "Insufficient resin application",
      "c": "Low temperature"
    },
    "correct_answer": "b",
    "explanation": "Not applying enough resin initially leads to a starved (dry) repair."
  },
  {
    "question_number": 19,
    "question": "The vacuum bagging material used to collect excess resin and create a path for air to escape is:",
    "options": {
      "a": "Release film",
      "b": "Bleeder ply",
      "c": "Vacuum bag"
    },
    "correct_answer": "b",
    "explanation": "The bleeder ply 'bleeds' out the excess resin and air."
  },
  {
    "question_number": 20,
    "question": "What is the purpose of vacuum bagging a repair?",
    "options": {
      "a": "To heat the repair",
      "b": "Remove trapped air between plies and draw the plies together",
      "c": "To clean the surface"
    },
    "correct_answer": "b",
    "explanation": "Vacuum bagging consolidates the plies and removes voids/air."
  },
  {
    "question_number": 21,
    "question": "Which of the following is NOT correct about ultrasonic testing?",
    "options": {
      "a": "It uses high frequency sound",
      "b": "Ultrasonic testing uses the property that sound waves can be transmitted through a vacuum",
      "c": "It detects internal flaws"
    },
    "correct_answer": "b",
    "explanation": "Sound waves require a medium to travel; they cannot travel through a vacuum."
  },
  {
    "question_number": 22,
    "question": "Anomalies such as porosity, micro cracking, and delaminations resulting from processing discrepancies are:",
    "options": {
      "a": "In-service defects",
      "b": "Manufacturing defects",
      "c": "Fatigue defects"
    },
    "correct_answer": "b",
    "explanation": "Defects arising from the creation process are manufacturing defects."
  },
  {
    "question_number": 23,
    "question": "What is used so that the prepreg or wet layup plies do not stick to the working surface or caul plate?",
    "options": {
      "a": "Breather",
      "b": "Solid release films",
      "c": "Bleeder"
    },
    "correct_answer": "b",
    "explanation": "Release films provide a non-stick barrier."
  },
  {
    "question_number": 24,
    "question": "Which of the following is arranged in increasing order of cathodic property (Least noble to most noble)?",
    "options": {
      "a": "Gold, Copper, Aluminum",
      "b": "Aluminum, Copper, Gold",
      "c": "Copper, Aluminum, Gold"
    },
    "correct_answer": "b",
    "explanation": "Aluminum is active (anodic), Copper is noble, and Gold is very noble (cathodic)."
  },
  {
    "question_number": 25,
    "question": "Which one of the following is NOT used for the treatment of corrosion?",
    "options": {
      "a": "Alodine",
      "b": "Lead-acid battery",
      "c": "Primer"
    },
    "correct_answer": "b",
    "explanation": "Lead-acid batteries cause corrosion (via acid); they are not a treatment."
  },
  {
    "question_number": 26,
    "question": "A form of corrosion which results in general roughening or pitting accompanied by a powdery deposit is:",
    "options": {
      "a": "Intergranular corrosion",
      "b": "Surface Corrosion",
      "c": "Fretting"
    },
    "correct_answer": "b",
    "explanation": "This describes the appearance of general surface corrosion."
  },
  {
    "question_number": 27,
    "question": "Which one of the following environmental conditions does NOT increase the rate of corrosion?",
    "options": {
      "a": "Humidity",
      "b": "Dry conditions",
      "c": "Salt spray"
    },
    "correct_answer": "b",
    "explanation": "Moisture is required for most corrosion; dry conditions inhibit it."
  },
  {
    "question_number": 28,
    "question": "An inspection type which involves magnetic fields and circulatory currents is:",
    "options": {
      "a": "Ultrasonic",
      "b": "Eddy Current",
      "c": "Dye Penetrant"
    },
    "correct_answer": "b",
    "explanation": "Eddy currents are circulatory electrical currents induced by magnetic fields."
  },
  {
    "question_number": 29,
    "question": "How do you remove hydraulic fluid, grease, or fuel from Aircraft tires?",
    "options": {
      "a": "Washing with mild soap solution",
      "b": "Using gasoline",
      "c": "Using thinner"
    },
    "correct_answer": "a",
    "explanation": "Harsh solvents damage rubber; mild soap is safe."
  },
  {
    "question_number": 30,
    "question": "What is the major safety risk associated with radiographic Inspection?",
    "options": {
      "a": "Electric shock",
      "b": "Radiation",
      "c": "Fire"
    },
    "correct_answer": "b",
    "explanation": "X-rays and Gamma rays used in radiography pose a radiation hazard."
  },
  {
    "question_number": 31,
    "question": "Which one of the following is NOT true about a honeycomb sandwich composite tap test?",
    "options": {
      "a": "It detects large voids",
      "b": "A well-bonded solid structure has a thud-like sound",
      "c": "A debonded area sounds dull"
    },
    "correct_answer": "b",
    "explanation": "A well-bonded structure should ring (sharp sound); a 'thud' usually indicates a defect/debond. Therefore, saying a good bond sounds like a thud is false."
  },
  {
    "question_number": 32,
    "question": "Acrylic, a transparent material commonly used for windows and canopies, is also known as:",
    "options": {
      "a": "Lexan",
      "b": "Plexiglas",
      "c": "PVC"
    },
    "correct_answer": "b",
    "explanation": "Plexiglas is a common trade name for acrylic."
  },
  {
    "question_number": 33,
    "question": "Which curing cycle temperature is used for prepregs?",
    "options": {
      "a": "Room temperature",
      "b": "Elevated temperature curing cycle",
      "c": "Freezing"
    },
    "correct_answer": "b",
    "explanation": "Prepregs require heat (elevated temperature) to initiate the cure."
  },
  {
    "question_number": 34,
    "question": "Which of the following is used in absorbing vibration during installation of replacement plastic panels?",
    "options": {
      "a": "Metal washers",
      "b": "Cork or Gasket materials",
      "c": "Hard glue"
    },
    "correct_answer": "b",
    "explanation": "Soft materials like cork or gaskets prevent stress concentrations and absorb vibration."
  },
  {
    "question_number": 35,
    "question": "Which of the following is a storage requirement for transparent plastics?",
    "options": {
      "a": "Store in direct sunlight",
      "b": "Store in a cool location",
      "c": "Store vertically without support"
    },
    "correct_answer": "b",
    "explanation": "Heat can deform plastics; they should be stored in a cool place, often with protective paper."
  }
]