[
    {
        "question_number": 1,
        "question": "The title block in a given drawing should contain the following information:",
        "options": {
            "a": "Reference Number.",
            "b": "Drawing and Revision Number.",
            "c": "All the above."
        },
        "correct_answer": "c",
        "explanation": "The title block typically includes the Reference Number, Drawing and Revision Number, and Scale and Weight[cite: 2, 3]."
    },
    {
        "question_number": 2,
        "question": "________ is the first step in preparing the process plan for any component / project.",
        "options": {
            "a": "The drawing Interpretation.",
            "b": "Cutting materials.",
            "c": "Measuring components."
        },
        "correct_answer": "a",
        "explanation": "Drawing interpretation is the initial step in process planning[cite: 4, 5]."
    },
    {
        "question_number": 3,
        "question": "What are the two methods of Interpreting data:",
        "options": {
            "a": "Direct and indirect approach methods.",
            "b": "Isometric and perspective projections.",
            "c": "Quantitative and qualitative Methods."
        },
        "correct_answer": "c",
        "explanation": "The two methods for interpreting data are Quantitative and qualitative Methods[cite: 6, 7]."
    },
    {
        "question_number": 4,
        "question": "________ projection, method of graphic representation of three-dimensional objects, the technique is intended to combine the illusion of depth, as in a perspective rendering, with the undistorted presentation of the object's principal dimensions.",
        "options": {
            "a": "Orthographic.",
            "b": "Isometric.",
            "c": "Sectional."
        },
        "correct_answer": "b",
        "explanation": "Isometric projection is a graphic representation method that combines the illusion of depth with the undistorted presentation of principal dimensions[cite: 7, 8]."
    },
    {
        "question_number": 5,
        "question": "________ drawings are multi-view technical drawings that contain special views of a part or parts, which reveal interior features using a technique that is based on passing an imaginary cutting plane through a part.",
        "options": {
            "a": "Orthographic.",
            "b": "Isometric.",
            "c": "Sectional."
        },
        "correct_answer": "c",
        "explanation": "Sectional drawings use an imaginary cutting plane to reveal the interior features of a part[cite: 8, 9]."
    },
    {
        "question_number": 6,
        "question": "________ is a drawing in which a three-dimensional object is represented in two dimensions.",
        "options": {
            "a": "Orthographic projection.",
            "b": "Iso metric projection.",
            "c": "Oblique Drawings."
        },
        "correct_answer": "a",
        "explanation": "Orthographic projection represents a three-dimensional object in two dimensions[cite: 9, 10, 11]."
    },
    {
        "question_number": 7,
        "question": "Which of the following is correct regarding a Right circular cone?",
        "options": {
            "a": "The base is a true circle.",
            "b": "The elements are all different lengths.",
            "c": "The development was practically made up of several unequal triangles meeting at the vertex."
        },
        "correct_answer": "a",
        "explanation": "The correct statement is that the base of a right circular cone is a true circle[cite: 12, 14]."
    },
    {
        "question_number": 8,
        "question": "Which development method is used for a prism?",
        "options": {
            "a": "Parallel-Line Development.",
            "b": "Radial-Line Development.",
            "c": "Triangulation."
        },
        "correct_answer": "a",
        "explanation": "Parallel-Line Development is the method used for prisms[cite: 14, 15, 16]."
    },
    {
        "question_number": 9,
        "question": "____________ is used to develop patterns of objects that have a tapering form with lines converging at a common centre.",
        "options": {
            "a": "Parallel-Line Development",
            "b": "Radial-Line Development.",
            "c": "Triangulation."
        },
        "correct_answer": "b",
        "explanation": "Radial-Line Development is used for objects with a tapering form converging at a common center[cite: 16, 17, 18]."
    },
    {
        "question_number": 10,
        "question": "Which of the following are not forming tool?",
        "options": {
            "a": "Bar Folder.",
            "b": "Trammel point.",
            "c": "Roll forming Machine."
        },
        "correct_answer": "b",
        "explanation": "A Trammel point is not a forming tool[cite: 18, 19]."
    },
    {
        "question_number": 11,
        "question": "Which of the following are not layout tools?",
        "options": {
            "a": "Scriber",
            "b": "Flat steel square.",
            "c": "Stakes."
        },
        "correct_answer": "c",
        "explanation": "Stakes are not classified as layout tools[cite: 19, 20]."
    },
    {
        "question_number": 12,
        "question": "GIVEN OBJECT. Which option is the correct drawing?",
        "options": {
            "a": "[Image a]",
            "b": "[Image b]",
            "c": "[Image c]"
        },
        "correct_answer": "c",
        "explanation": "Based on the original exam key, [Image c] is the correct option for the GIVEN OBJECT[cite: 20, 21]."
    },
    {
        "question_number": 13,
        "question": "Which development method is used for cones?",
        "options": {
            "a": "Parallel-Line Development.",
            "b": "Radial-Line Development.",
            "c": "Triangulation."
        },
        "correct_answer": "b",
        "explanation": "Radial-Line Development is the method used for cones[cite: 21, 22, 23]."
    },
    {
        "question_number": 14,
        "question": "_______ is slower and more difficult than the others development but more practical.",
        "options": {
            "a": "Parallel-Line Development.",
            "b": "Radial-Line Development.",
            "c": "Triangulation."
        },
        "correct_answer": "c",
        "explanation": "Triangulation is described as being slower and more difficult but more practical[cite: 23, 24]."
    },
    {
        "question_number": 15,
        "question": "Which of the following are pictorial representation of data and allow us to see the rate and magnitude changes? (B.08)",
        "options": {
            "a": "Blueprints.",
            "b": "Graphs and charts.",
            "c": "Detail drawings."
        },
        "correct_answer": "b",
        "explanation": "Graphs and charts are pictorial representations of data that show rate and magnitude of changes[cite: 25, 26]."
    },
    {
        "question_number": 16,
        "question": "Which one of the following is the correct development for the truncated cylinder? (B.09)",
        "options": {
            "a": "[Image a]",
            "b": "[Image b]",
            "c": "[Image d]"
        },
        "correct_answer": "c",
        "explanation": "Based on the original exam key, [Image d] is the correct development for the truncated cylinder[cite: 26, 27]."
    },
    {
        "question_number": 17,
        "question": "The title block in each drawing should contain the following information:",
        "options": {
            "a": "only Reference Number.",
            "b": "Drawing and Revision Number and cutting tools.",
            "c": "Drawing and Revision Number, Scale and Weight and Reference Number."
        },
        "correct_answer": "c",
        "explanation": "The title block should contain the Drawing and Revision Number, Scale and Weight, and Reference Number[cite: 29, 30, 31]."
    },
    {
        "question_number": 18,
        "question": "___________ is the first step in preparing the process plan for any component / project.",
        "options": {
            "a": "The drawing interpretation.",
            "b": "cutting materials.",
            "c": "measuring components."
        },
        "correct_answer": "a",
        "explanation": "Drawing interpretation is the first step in preparing the process plan[cite: 32, 33]."
    },
    {
        "question_number": 19,
        "question": "Types of data interpretation does not include the following methods.",
        "options": {
            "a": "bar graphs method.",
            "b": "shaping/forming method.",
            "c": "pie charts method."
        },
        "correct_answer": "b",
        "explanation": "Shaping/forming method is not a type of data interpretation, while bar graphs, pie charts, and tables are[cite: 33, 34]."
    },
    {
        "question_number": 20,
        "question": "___________ projection, method of graphic representation of three-dimensional objects, the technique is intended to combine the illusion of depth, as in a perspective rendering, with the undistorted presentation of the object's principal dimensions.",
        "options": {
            "a": "Orthographic.",
            "b": "Isometric.",
            "c": "Sectional."
        },
        "correct_answer": "b",
        "explanation": "This description matches Isometric projection[cite: 34, 35]."
    },
    {
        "question_number": 21,
        "question": "___________ drawings are multi-view technical drawings that contain special views of a part or parts, which reveal interior features using a technique that is based on passing an imaginary cutting plane through a part.",
        "options": {
            "a": "Orthographic.",
            "b": "Isometric.",
            "c": "Sectional."
        },
        "correct_answer": "c",
        "explanation": "Sectional drawings use a cutting plane to reveal interior features[cite: 35, 36]. (Note: The provided source for the BATCH-240 key incorrectly lists 'a'.)"
    },
    {
        "question_number": 22,
        "question": "___________ is a drawing in which a three-dimensional object is represented in two dimensions.",
        "options": {
            "a": "Orthographic projection.",
            "b": "Iso metric projection.",
            "c": "Oblique Drawings."
        },
        "correct_answer": "a",
        "explanation": "Orthographic projection represents a three-dimensional object in two dimensions[cite: 37, 38]."
    },
    {
        "question_number": 23,
        "question": "Which of the following is correct regarding a Right circular cone?",
        "options": {
            "a": "The base is a true circle.",
            "b": "The elements are all different lengths.",
            "c": "The development was practically made up of several unequal triangles meeting at the vertex."
        },
        "correct_answer": "a",
        "explanation": "The base of a right circular cone is a true circle[cite: 39, 41]."
    },
    {
        "question_number": 24,
        "question": "_________ drawings are multi-view technical drawings that contain special views of a part or parts, which reveal interior features using a technique that is based on passing an imaginary cutting plane through a part.",
        "options": {
            "a": "Orthographic.",
            "b": "Isometric.",
            "c": "Sectional."
        },
        "correct_answer": "c",
        "explanation": "Sectional drawings use a cutting plane to reveal interior features[cite: 48, 49]."
    },
    {
        "question_number": 25,
        "question": "Which of the following represent the development of a square pyramid? (B.8)",
        "options": {
            "a": "(Diagram of a square with diagonals)",
            "b": "(Diagram of a square base with four triangles attached to its sides)",
            "c": "(Diagram of a trapezoidal-like net)"
        },
        "correct_answer": "b",
        "explanation": "The development of a square pyramid consists of a square base with four triangles attached to its sides[cite: 52, 53]."
    },
    {
        "question_number": 26,
        "question": "Which one of the following is the correct development for the truncated cylinder? (B.9)",
        "options": {
            "a": "(Diagram of a rectangular shape with internal lines)",
            "b": "(Option not visible)",
            "c": "(Option not visible)"
        },
        "correct_answer": "a",
        "explanation": "The correct development for a truncated cylinder is represented by a specific diagram[cite: 54]."
    },
    {
        "question_number": 27,
        "question": "__________ is a description of an object made up of two or more parts.",
        "options": {
            "a": "Detail Drawing",
            "b": "Assembly Drawing",
            "c": "Installation Drawing"
        },
        "correct_answer": "b",
        "explanation": "An Assembly Drawing describes an object composed of two or more parts[cite: 55, 56]."
    },
    {
        "question_number": 28,
        "question": "The side view of GIVEN OBJECT",
        "options": {
            "a": "[Image a]",
            "b": "[Image b]",
            "c": "[Image c]"
        },
        "correct_answer": "b",
        "explanation": "Based on the original exam key, [Image b] is the correct side view of the GIVEN OBJECT[cite: 57, 58]."
    },
    {
        "question_number": 29,
        "question": "Which of the following is incorrect regarding a Right circular cone?",
        "options": {
            "a": "The base is a true circle.",
            "b": "The tip is directly over the centre of the base.",
            "c": "The elements are all different lengths."
        },
        "correct_answer": "c",
        "explanation": "In a right circular cone, all elements (lines from tip to base) are equal lengths, making 'The elements are all different lengths' incorrect[cite: 59, 60, 61]."
    },
    {
        "question_number": 30,
        "question": "Which of the following are not forming tool?",
        "options": {
            "a": "Bar Folder.",
            "b": "Brake.",
            "c": "Hand snips"
        },
        "correct_answer": "c",
        "explanation": "Hand snips are not considered forming tools[cite: 62, 63]."
    },
    {
        "question_number": 31,
        "question": "Which of the following are layout tools?",
        "options": {
            "a": "Scr\u00edber",
            "b": "Flat steel square",
            "c": "All the above."
        },
        "correct_answer": "c",
        "explanation": "Scriber, Flat steel square, and Prick punch are all listed as layout tools[cite: 63, 64]."
    },
    {
        "question_number": 32,
        "question": "In a Sheet Metal objects production Process, which of the following is a Shaping method?",
        "options": {
            "a": "Riveting.",
            "b": "Rolling.",
            "c": "Soldering."
        },
        "correct_answer": "b",
        "explanation": "Rolling is a shaping method in sheet metal production[cite: 64, 65]."
    },
    {
        "question_number": 33,
        "question": "__________ are names that uniquely identify file and item versions, assigned either automatically during a workflow transition or manually by a user with sufficient rights.",
        "options": {
            "a": "Revision numbers.",
            "b": "Reference numbers.",
            "c": "Scale and Weight."
        },
        "correct_answer": "a",
        "explanation": "Revision numbers uniquely identify file and item versions[cite: 66, 67]."
    },
    {
        "question_number": 34,
        "question": "Which of the following is the correct statement regarding Detail Drawing?",
        "options": {
            "a": "Its primary purpose is to show the relationship of the various parts.",
            "b": "It is a description of an object made up of two or more parts.",
            "c": "It is a description of a single part, describing by lines, notes, and symbols."
        },
        "correct_answer": "c",
        "explanation": "A Detail Drawing is a description of a single part, described by lines, notes, and symbols[cite: 70, 72]."
    },
    {
        "question_number": 35,
        "question": "__________ Drawing type shows the dimensions necessary for the Location of specific parts with relation to the other parts and reference Dimensions that are helpful in later work in the shop.",
        "options": {
            "a": "Detail Drawing",
            "b": "Assembly Drawing",
            "c": "Installation Drawing."
        },
        "correct_answer": "c",
        "explanation": "An Installation Drawing shows the dimensions and location of specific parts relative to others in the final installed position[cite: 73, 74]."
    },
    {
        "question_number": 36,
        "question": "Which of the following are pictorial representation of data and allow us to see the rate and magnitude of changes?",
        "options": {
            "a": "Blueprints.",
            "b": "Graphs and charts.",
            "c": "Detail drawings."
        },
        "correct_answer": "b",
        "explanation": "Graphs and charts are pictorial representations of data that show rate and magnitude of changes[cite: 75, 76]."
    },
    {
        "question_number": 37,
        "question": "Which one of the following is the correct development surface of the given object? (PLEASE DISREGARD THE TOP PRISM)",
        "options": {
            "a": "[Image a]",
            "b": "[Image b]",
            "c": "[Image c]"
        },
        "correct_answer": "a",
        "explanation": "Based on the original exam key, [Image a] is the correct development surface[cite: 77]."
    },
    {
        "question_number": 38,
        "question": "Which of the following represents an isometric drawing? (B.5)",
        "options": {
            "a": "Pictorial drawing",
            "b": "Oblique drawing",
            "c": "Isometric drawing"
        },
        "correct_answer": "c",
        "explanation": "The term 'Isometric drawing' represents an isometric drawing[cite: 78]."
    },
    {
        "question_number": 39,
        "question": "Which of the following is the correct development of a rectangular pyramid? (B.6)",
        "options": {
            "a": "(Image of a square with intersecting diagonals)",
            "b": "(Image of a square base with four triangles attached to its sides)",
            "c": "(Image resembling a truncated pyramid net)"
        },
        "correct_answer": "b",
        "explanation": "The development of a rectangular pyramid consists of a rectangular base with four triangles attached to its sides[cite: 79, 80]."
    },
    {
        "question_number": 40,
        "question": "Which one of the following is the development for the truncated cylinder? (B.8)",
        "options": {
            "a": "(Image of a rectangular shape with a curved top edge)",
            "b": "(Option not visible)",
            "c": "(Option not visible)"
        },
        "correct_answer": "a",
        "explanation": "The correct development for the truncated cylinder is represented by the image of a rectangular shape with a curved top edge[cite: 82, 83]."
    },
    {
        "question_number": 41,
        "question": "In a Sheet Metal objects production Process, which of the following is a Shaping method?",
        "options": {
            "a": "Riveting.",
            "b": "Rolling.",
            "c": "Soldering."
        },
        "correct_answer": "b",
        "explanation": "Rolling is a shaping method[cite: 83, 84]."
    },
    {
        "question_number": 42,
        "question": "______ are names that uniquely identify file and item versions, assigned either automatically during a workflow transition or manually by a user with sufficient rights.",
        "options": {
            "a": "Revision numbers",
            "b": "Reference numbers.",
            "c": "Scale and Weight."
        },
        "correct_answer": "a",
        "explanation": "Revision numbers uniquely identify file and item versions[cite: 85, 86]."
    },
    {
        "question_number": 43,
        "question": "Which of the following is not the correct statement regarding Detail Drawing?",
        "options": {
            "a": "several detail drawings May be shown on the same sheet or print.",
            "b": "It is a description of an object made up of two or more parts.",
            "c": "It is a description of a single part, describing by lines, notes, and symbols."
        },
        "correct_answer": "b",
        "explanation": "A Detail Drawing describes a single part, so the statement that 'It is a description of an object made up of two or more parts' is incorrect[cite: 88, 89]."
    },
    {
        "question_number": 44,
        "question": "_______ Drawing type shows the dimensions necessary for the Location of specific parts with relation to the other parts and reference Dimensions that are helpful in later work in the shop.",
        "options": {
            "a": "oblique drawing.",
            "b": "Assembly drawing.",
            "c": "Installation drawing."
        },
        "correct_answer": "c",
        "explanation": "Installation drawing shows the location dimensions of specific parts relative to others[cite: 91, 92]."
    },
    {
        "question_number": 45,
        "question": "_________ is an approximate method and exact shape cannot be obtained, but the error can be minimized by increasing the divisions of triangles.",
        "options": {
            "a": "Detail Drawing",
            "b": "Assembly Drawing",
            "c": "Triangulation."
        },
        "correct_answer": "c",
        "explanation": "Triangulation is an approximate development method where error is minimized by increasing the number of triangles[cite: 92, 93]."
    },
    {
        "question_number": 46,
        "question": "The side view of GIVEN OBJECT",
        "options": {
            "a": "[A drawing]",
            "b": "[A different drawing]",
            "c": "[Another different drawing]"
        },
        "correct_answer": "a",
        "explanation": "The correct side view for the GIVEN OBJECT is option 'a' in the original text (mapped to 'd' in the final option list)[cite: 93, 94]."
    },
    {
        "question_number": 47,
        "question": "Which of the following are not forming tool?",
        "options": {
            "a": "Bar Folder.",
            "b": "Brake.",
            "c": "Hand snips"
        },
        "correct_answer": "c",
        "explanation": "Hand snips are not forming tools[cite: 94, 95]."
    },
    {
        "question_number": 48,
        "question": "Which of the following are layout tools?",
        "options": {
            "a": "Scriver",
            "b": "Flat steel square",
            "c": "All the above."
        },
        "correct_answer": "c",
        "explanation": "Scriver (Scriber), Flat steel square, and Prick punch are all layout tools[cite: 95, 96]."
    },
    {
        "question_number": 49,
        "question": "Which of the following is the correct statement regarding Detail Drawing?",
        "options": {
            "a": "Its primary purpose is to show the relationship of the various parts.",
            "b": "It is a description of an object made up of two or more parts.",
            "c": "It is a description of a single part, describing by lines, notes, and symbols."
        },
        "correct_answer": "c",
        "explanation": "A Detail Drawing is a description of a single part[cite: 102, 104]."
    },
    {
        "question_number": 50,
        "question": "__________ Drawing type shows the dimensions necessary for the Location of specific parts with relation to the other parts and reference Dimensions that are helpful in later work in the shop.",
        "options": {
            "a": "Detail Drawing",
            "b": "Assembly Drawing",
            "c": "Installation Drawing."
        },
        "correct_answer": "c",
        "explanation": "Installation Drawing shows the necessary dimensions for the location of specific parts[cite: 105, 106]."
    },
    {
        "question_number": 51,
        "question": "Which of the following are pictorial representation of data and allow us to see the rate and magnitude of changes?",
        "options": {
            "a": "Blueprints.",
            "b": "Graphs and charts.",
            "c": "Detail drawings."
        },
        "correct_answer": "b",
        "explanation": "Graphs and charts are pictorial representations that show rate and magnitude of changes[cite: 107, 108]."
    },
    {
        "question_number": 52,
        "question": "Which one of the following is the correct development surface of the given object? (PLEASE DISREGARD THE TOP PRISM)",
        "options": {
            "a": "Square with intersecting lines",
            "b": "Polygonal outline with internal lines",
            "c": "Trapezoidal shape with internal vertical lines and reference point 'O'"
        },
        "correct_answer": "a",
        "explanation": "Based on the original exam key, the correct development surface is represented by [Image a] (Square with intersecting lines)[cite: 109, 110]."
    }
]