[
    {
        "question_number": 1,
        "question": "When a material exhibits a strong attraction to a magnet it is called:",
        "options": {
            "a": "Paramagnetic",
            "b": "Diamagnetic",
            "c": "Ferromagnetic"
        },
        "correct_answer": "c",
        "explanation": "Ferromagnetic materials, like iron, cobalt, and nickel, are strongly attracted to magnets and can retain magnetism after an external magnetic field is removed[cite: 15]."
    },
    {
        "question_number": 2,
        "question": "Magnetic particle inspection uses small ferromagnetic particles similar to:",
        "options": {
            "a": "Copper filing",
            "b": "Iron filings",
            "c": "Permanent Magnets"
        },
        "correct_answer": "b",
        "explanation": "Magnetic Particle Inspection (MPI) uses small ferromagnetic particles, usually fine iron powder (iron filings), to reveal discontinuities. When applied to a magnetized part, the particles are attracted to and cluster at the site of a flux leakage caused by a crack[cite: 14]."
    },
    {
        "question_number": 3,
        "question": "Magnetic lines of force (flux lines):",
        "options": {
            "a": "Are directed from north to south within the magnet",
            "b": "Follow the path of low resistance",
            "c": "Distorts and cross one over the other at the site of crack"
        },
        "correct_answer": "b",
        "explanation": "Magnetic flux lines always seek the path of least magnetic resistance (low reluctance). In a uniform, defect-free material, they follow straight lines, but they will be distorted and leak out of the material where a discontinuity presents high resistance[cite: 11]."
    },
    {
        "question_number": 4,
        "question": "For maximum sensitivity, how must discontinuities be aligned in relation to magnetic lines of force?",
        "options": {
            "a": "In the same line",
            "b": "In traverse (90 degrees)",
            "c": "In parallel"
        },
        "correct_answer": "b",
        "explanation": "Maximum sensitivity in MPI is achieved when the discontinuity is aligned perpendicular, or traverse (90 degrees), to the magnetic lines of force. This orientation causes the greatest amount of magnetic flux leakage, resulting in the strongest particle indication[cite: 16]."
    },
    {
        "question_number": 5,
        "question": "Which component features should be similar to the reference standard?",
        "options": {
            "a": "Material thickness",
            "b": "Material geometry",
            "c": "All of the listed features (Material thickness, Material geometry, Material conductivity)"
        },
        "correct_answer": "c",
        "explanation": "For any NDT method to be standardized and reliable, the test object must closely resemble the reference standard in all relevant physical and material properties, including thickness, geometry, and material properties like conductivity, to ensure consistent and comparable inspection results[cite: 1, 2, 3]."
    },
    {
        "question_number": 6,
        "question": "In penetrant testing developers are used to:",
        "options": {
            "a": "Make the penetrant go in to a crack",
            "b": "Reduce the dwell time",
            "c": "Pull trapped penetrant material out of the defect"
        },
        "correct_answer": "c",
        "explanation": "The developer is a fine, white powder applied to the surface after excess penetrant is removed. It acts like a blotter to draw the penetrant trapped in a discontinuity back to the surface, making the indication visible to the inspector[cite: 4]."
    },
    {
        "question_number": 7,
        "question": "The advantage that liquid penetrant testing has over an unaided visual inspection is that:",
        "options": {
            "a": "The actual size of the discontinuity can be measured",
            "b": "The depth of the defect can be measured",
            "c": "It makes the defects easier to see for the inspector"
        },
        "correct_answer": "c",
        "explanation": "LPT works by increasing the visual contrast and size of small, shallow surface discontinuities, making them much easier for the inspector to see than with the naked eye[cite: 6]."
    },
    {
        "question_number": 8,
        "question": "It is well recognized that machining, honing, lapping and hand sanding will result:",
        "options": {
            "a": "In a better penetrant inspection",
            "b": "Easier interpretation of penetrant indication",
            "c": "Metal smearing that make penetrant testing difficult by masking/covering discontinuities"
        },
        "correct_answer": "c",
        "explanation": "These abrasive surface preparation methods can smear soft metal over the opening of a discontinuity, effectively masking or covering the defect and preventing the penetrant from entering, which makes the inspection difficult or impossible[cite: 8]."
    },
    {
        "question_number": 9,
        "question": "Which of the following is a disadvantage of Liquid Penetrant Inspection (LPI)?",
        "options": {
            "a": "Only surface breaking flaws can be detected",
            "b": "Surface finish and roughness can affect inspection sensitivity",
            "c": "All of the listed issues (Only surface breaking flaws can be detected, Surface finish and roughness can affect inspection sensitivity, Post cleaning is required)"
        },
        "correct_answer": "c",
        "explanation": "LPI's limitations include its inability to detect flaws beneath the surface, the dependence of its sensitivity on surface conditions, and the mandatory requirement for thorough cleaning both before and after the inspection[cite: 9, 10]."
    },
    {
        "question_number": 10,
        "question": "The number of X-ray or Gamma photons that are transmitted through a material depends on the:",
        "options": {
            "a": "Energy of the photons",
            "b": "Thickness of the material",
            "c": "All of the listed factors (Energy of the photons, Thickness of the material, Density of the material)"
        },
        "correct_answer": "c",
        "explanation": "The attenuation of radiation (how much passes through) is governed by the source's energy (photon energy), the path length (thickness of the material), and the material's atomic structure and mass per unit volume (density)[cite: 17, 18]."
    },
    {
        "question_number": 11,
        "question": "X-rays and Gamma rays present a health risk because they are a form of ionizing radiation, which means that the radiation has enough energy to:",
        "options": {
            "a": "Vibrate water molecules and generate heat",
            "b": "Break chemical bonds",
            "c": "None of the above"
        },
        "correct_answer": "b",
        "explanation": "Ionizing radiation has sufficient energy to knock electrons out of atoms (ionization). In biological tissue, this process can damage cells by breaking chemical bonds, particularly in DNA, which is the primary health risk[cite: 19]."
    },
    {
        "question_number": 12,
        "question": "X-rays and Gamma rays:",
        "options": {
            "a": "Always travel in a straight line",
            "b": "Can be influenced by an electrical field",
            "c": "Can be influenced by a magnetic field"
        },
        "correct_answer": "a",
        "explanation": "X-rays and Gamma rays are forms of electromagnetic radiation (photons) that lack electrical charge. Therefore, they are unaffected by external electrical or magnetic fields and always travel in a straight line[cite: 21]."
    },
    {
        "question_number": 13,
        "question": "Attenuation (decrease) of radiation energy as it pass through a medium is due to:",
        "options": {
            "a": "Absorption",
            "b": "Scattering",
            "c": "Both A (Absorption) and B (Scattering)"
        },
        "correct_answer": "c",
        "explanation": "Attenuation is the total loss of radiation intensity as it passes through a material. This loss occurs through two main mechanisms: **Absorption**, where the photon energy is deposited in the material, and **Scattering**, where the photons change direction and often lose some energy[cite: 23]."
    },
    {
        "question_number": 14,
        "question": "Exposure to ionizing radiation can be limited:",
        "options": {
            "a": "With the use of shielding",
            "b": "By increasing distance from the source",
            "c": "All of the listed methods (With the use of shielding, By increasing distance from the source, By limiting the time exposed to the radiation)"
        },
        "correct_answer": "c",
        "explanation": "Radiation protection follows the ALARA principle (As Low As Reasonably Achievable), which focuses on the three main ways to reduce dose: **Time** (limit exposure time), **Distance** (maximize distance from the source), and **Shielding** (using dense materials to block the radiation)[cite: 24, 25]."
    },
    {
        "question_number": 15,
        "question": "Which of the following is limitation of radiographic inspection?",
        "options": {
            "a": "type of material it can be applied",
            "b": "Disassembly requirement",
            "c": "Access requirement"
        },
        "correct_answer": "c",
        "explanation": "Radiographic testing (RT) requires access to both sides of the test object\u2014one side for the radiation source and the opposite side for the detection film or panel. This dual-side access requirement is a common limitation in field inspections[cite: 26]."
    },
    {
        "question_number": 16,
        "question": "Longitudinal waves are also called:",
        "options": {
            "a": "Surface waves",
            "b": "Pressure waves",
            "c": "Both B (Pressure waves) and C (Compressional waves) are correct"
        },
        "correct_answer": "c",
        "explanation": "Longitudinal waves are the most common wave used in straight-beam ultrasonic testing. The particle movement is parallel to the wave propagation, creating areas of compression (pressure) and rarefaction, which is why they are called **Pressure** or **Compressional** waves[cite: 27]."
    },
    {
        "question_number": 17,
        "question": "In Shear waves mode how is particle motions with respect to the sound wave propagation:",
        "options": {
            "a": "Parallel (0 degree)",
            "b": "Travers (90 degree)",
            "c": "Oblique (45 degree)"
        },
        "correct_answer": "b",
        "explanation": "Shear waves (or transverse waves) are characterized by particle motion that is perpendicular, or **transverse (90 degrees)**, to the direction of wave travel. They are often used for inspecting welds and complex geometries[cite: 28]."
    },
    {
        "question_number": 18,
        "question": "Angle beam transducers and wedges are typically used to introduce a:",
        "options": {
            "a": "Reflected shear wave into the part",
            "b": "Longitudinal wave into the part",
            "c": "Shear wave into the part"
        },
        "correct_answer": "c",
        "explanation": "Angle beam transducers use a plastic wedge to refract the longitudinal wave into a **shear wave** as it enters the material. This angled shear wave is necessary for scanning at an angle, such as in weld inspection[cite: 29]."
    },
    {
        "question_number": 19,
        "question": "Which of the following is not correct?",
        "options": {
            "a": "Speed of sound is different in different materials",
            "b": "Sound energy reflection phenomena occurs following media change",
            "c": "Ultrasonic testing can be performed only on metals"
        },
        "correct_answer": "c",
        "explanation": "Ultrasonic Testing (UT) can be performed on a wide variety of materials, including plastics, ceramics, and composites, not just metals. The key requirement is that the material must be capable of transmitting high-frequency sound waves[cite: 32]."
    },
    {
        "question_number": 20,
        "question": "Eddy currents are generated when:",
        "options": {
            "a": "A conductive material is placed in a changing magnetic field",
            "b": "When a conductive material is placed in static magnetic field",
            "c": "When a magnetic field across the surface of a non-conductive material"
        },
        "correct_answer": "a",
        "explanation": "Eddy currents are induced electrical currents that circulate within a conductive material due to the principle of electromagnetic induction. This only happens when the material is exposed to a **changing magnetic field**, which is created by driving an alternating current (AC) through the test coil[cite: 39]."
    },
    {
        "question_number": 21,
        "question": "The depth of penetration in Eddy current testing is affected by:",
        "options": {
            "a": "Magnetic permeability",
            "b": "Electrical resistivity",
            "c": "All of the listed factors (Magnetic permeability, Electrical resistivity, Frequency)"
        },
        "correct_answer": "c",
        "explanation": "The depth of penetration (skin depth) is inversely related to frequency, electrical conductivity (which is the inverse of electrical resistivity), and magnetic permeability. Lower frequency, lower permeability, and higher conductivity lead to deeper penetration[cite: 37]."
    },
    {
        "question_number": 22,
        "question": "When testing for subsurface flaws using eddy current test method, the frequency should be:",
        "options": {
            "a": "As high as possible",
            "b": "As low as possible",
            "c": "Frequency does not matter"
        },
        "correct_answer": "b",
        "explanation": "To penetrate deeper into a material to detect subsurface flaws, the test frequency must be **as low as possible**. Higher frequencies concentrate the eddy currents near the surface (shallow skin depth), which is ideal for surface-only inspections[cite: 35]."
    },
    {
        "question_number": 23,
        "question": "Since eddy current signals are affected by many different variables, it is particularly important to use what when setting up the equipment?",
        "options": {
            "a": "Couplant",
            "b": "Fluorescent particles",
            "c": "Reference standards"
        },
        "correct_answer": "c",
        "explanation": "Eddy current signals are highly sensitive to variables like temperature, material conductivity, and geometry. Therefore, **reference standards** containing known flaws and conditions are essential for calibrating the equipment and establishing a baseline for valid inspection[cite: 36]."
    },
    {
        "question_number": 24,
        "question": "When using eddy currents to measure the thickness of a nonconductive coating applied to a conductive base, the measurement is based on:",
        "options": {
            "a": "A frequency change",
            "b": "An impedance change",
            "c": "A liftoff change"
        },
        "correct_answer": "b",
        "explanation": "The thickness of the nonconductive coating increases the 'liftoff' distance between the coil and the conductive base metal. This change in distance directly affects the coil's electrical **impedance**, which is measured by the instrument and correlated to the coating thickness[cite: 38]."
    },
    {
        "question_number": 25,
        "question": "Eddy current testing can be used to:",
        "options": {
            "a": "Detect surface and near surface cracks",
            "b": "Measure electrical conductivity",
            "c": "All of the listed purposes (Detect surface and near surface cracks, Measure electrical conductivity, Measure the thickness of nonconductive coatings on plastics)"
        },
        "correct_answer": "c",
        "explanation": "ECT is highly versatile and is used for flaw detection in surfaces, measuring the thickness of nonconductive coatings on conductive bases, and measuring or sorting materials based on their electrical conductivity[cite: 33, 34]."
    }
]