[
  {
    "question_number": 1,
    "question": "Which of the following particles carry negative charge in an atom?",
    "options": {
      "a": "Protons",
      "b": "Electrons",
      "c": "Neutrons"
    },
    "correct_answer": "b",
    "explanation": "Electrons carry a negative charge in an atom, while protons are positively charged, and neutrons have no charge."
  },
  {
    "question_number": 2,
    "question": "Materials that allow easy flow of electrons are called:",
    "options": {
      "a": "Insulators",
      "b": "Conductors",
      "c": "Semiconductors"
    },
    "correct_answer": "b",
    "explanation": "Conductors, such as metals, allow electrons to flow easily due to their low resistance."
  },
  {
    "question_number": 3,
    "question": "The number of protons in an atom determines its:",
    "options": {
      "a": "Chemical properties",
      "b": "Electrical properties",
      "c": "Mass"
    },
    "correct_answer": "a",
    "explanation": "The number of protons determines the atomic number, which defines the element and its chemical properties."
  },
  {
    "question_number": 4,
    "question": "The basic unit of electric charge is the:",
    "options": {
      "a": "Ampere",
      "b": "Volt",
      "c": "Coulomb"
    },
    "correct_answer": "c",
    "explanation": "The Coulomb is the SI unit of electric charge, measuring the quantity of charge."
  },
  {
    "question_number": 5,
    "question": "Valence electrons are located in an atom’s:",
    "options": {
      "a": "Nucleus",
      "b": "Innermost shell",
      "c": "Outermost shell"
    },
    "correct_answer": "c",
    "explanation": "Valence electrons are in the outermost shell of an atom, influencing bonding and electrical conductivity."
  },
  {
    "question_number": 6,
    "question": "The transfer of electrons between objects creates:",
    "options": {
      "a": "Static electricity",
      "b": "Direct current",
      "c": "Magnetism"
    },
    "correct_answer": "a",
    "explanation": "Static electricity results from the transfer or imbalance of electrons between objects."
  },
  {
    "question_number": 7,
    "question": "Coulomb's Law describes the force between:",
    "options": {
      "a": "Electrically charged objects",
      "b": "Magnets",
      "c": "Atoms"
    },
    "correct_answer": "a",
    "explanation": "Coulomb's Law quantifies the electrostatic force between two charged objects."
  },
  {
    "question_number": 8,
    "question": "Charging by induction involves:",
    "options": {
      "a": "Direct contact with a charged object",
      "b": "Redirecting electrons without contact",
      "c": "Friction"
    },
    "correct_answer": "b",
    "explanation": "Charging by induction redistributes electrons without physical contact, using an electric field."
  },
  {
    "question_number": 9,
    "question": "Electrostatic discharge (ESD) is the:",
    "options": {
      "a": "Slow release of static electricity",
      "b": "Sudden flow of static electricity",
      "c": "Buildup of electric charge"
    },
    "correct_answer": "b",
    "explanation": "ESD is the rapid transfer of static charge, often causing a spark."
  },
  {
    "question_number": 10,
    "question": "Materials like rubber prevent static buildup because they are:",
    "options": {
      "a": "Conductors",
      "b": "Insulators",
      "c": "Semiconductors"
    },
    "correct_answer": "b",
    "explanation": "Insulators like rubber resist electron flow, preventing static charge buildup."
  },
  {
    "question_number": 11,
    "question": "Voltage is measured in:",
    "options": {
      "a": "Amps",
      "b": "Volts",
      "c": "Ohms"
    },
    "correct_answer": "b",
    "explanation": "Voltage, the potential difference, is measured in volts (V)."
  },
  {
    "question_number": 12,
    "question": "The rate of flow of electric charge is called:",
    "options": {
      "a": "Voltage",
      "b": "Current",
      "c": "Resistance"
    },
    "correct_answer": "b",
    "explanation": "Current is the rate of flow of electric charge, measured in amperes."
  },
  {
    "question_number": 13,
    "question": "The unit of power in electrical circuits is the:",
    "options": {
      "a": "Volt",
      "b": "Amp",
      "c": "Watt"
    },
    "correct_answer": "c",
    "explanation": "Power, the rate of energy transfer, is measured in watts (W)."
  },
  {
    "question_number": 14,
    "question": "Conventional current flow assumes the movement of:",
    "options": {
      "a": "Electrons",
      "b": "Positive charges",
      "c": "Neutrons"
    },
    "correct_answer": "b",
    "explanation": "Conventional current assumes positive charges flow, though electrons (negative) actually move."
  },
  {
    "question_number": 15,
    "question": "A closed loop path for electric current to flow is called a:",
    "options": {
      "a": "Circuit",
      "b": "Conductor",
      "c": "Insulator"
    },
    "correct_answer": "a",
    "explanation": "A circuit is a closed loop allowing continuous current flow."
  },
  {
    "question_number": 16,
    "question": "Methods for generating electricity include:",
    "options": {
      "a": "Mechanical energy (generators)",
      "b": "Sunlight (solar cells)",
      "c": "All of the above"
    },
    "correct_answer": "c",
    "explanation": "Electricity can be generated using mechanical energy (generators), sunlight (solar cells), and other methods."
  },
  {
    "question_number": 17,
    "question": "A generator converts mechanical energy into electrical energy by using:",
    "options": {
      "a": "Chemical reactions",
      "b": "Magnetism and moving conductors",
      "c": "Light"
    },
    "correct_answer": "b",
    "explanation": "Generators use electromagnetic induction, involving magnetism and moving conductors."
  },
  {
    "question_number": 18,
    "question": "The presence of a magnetic field is essential in:",
    "options": {
      "a": "Battery operation",
      "b": "Electricity generation",
      "c": "Static electricity"
    },
    "correct_answer": "b",
    "explanation": "Magnetic fields are crucial for electricity generation in generators via electromagnetic induction."
  },
  {
    "question_number": 19,
    "question": "Solar cells convert sunlight into electricity using the:",
    "options": {
      "a": "Photoelectric effect",
      "b": "Electromagnetic force",
      "c": "Chemical reactions"
    },
    "correct_answer": "a",
    "explanation": "Solar cells use the photoelectric effect to convert sunlight into electricity."
  },
  {
    "question_number": 20,
    "question": "Nuclear power plants generate electricity by:",
    "options": {
      "a": "Burning fossil fuels",
      "b": "Fission of atomic nuclei",
      "c": "Solar energy"
    },
    "correct_answer": "b",
    "explanation": "Nuclear power plants generate electricity through nuclear fission, splitting atomic nuclei."
  },
  {
    "question_number": 21,
    "question": "A primary cell, like a AAA battery, is:",
    "options": {
      "a": "Rechargeable",
      "b": "Non-rechargeable",
      "c": "Used in power plants"
    },
    "correct_answer": "b",
    "explanation": "Primary cells, like AAA batteries, are non-rechargeable and designed for single use."
  },
  {
    "question_number": 22,
    "question": "In a lead-acid battery, the chemical reaction generates:",
    "options": {
      "a": "Heat",
      "b": "Electricity",
      "c": "Magnetism"
    },
    "correct_answer": "b",
    "explanation": "Lead-acid batteries produce electricity through chemical reactions."
  },
  {
    "question_number": 23,
    "question": "The capacity of a battery refers to the amount of:",
    "options": {
      "a": "Voltage it can produce",
      "b": "Electrical energy it can store",
      "c": "Current it can deliver"
    },
    "correct_answer": "b",
    "explanation": "Battery capacity measures the electrical energy it can store, typically in ampere-hours."
  },
  {
    "question_number": 24,
    "question": "Connecting batteries in series increases the:",
    "options": {
      "a": "Voltage",
      "b": "Current",
      "c": "Capacity"
    },
    "correct_answer": "a",
    "explanation": "Batteries in series add their voltages, increasing the total voltage."
  },
  {
    "question_number": 25,
    "question": "When handling batteries, it’s important to avoid:",
    "options": {
      "a": "Short circuiting the terminals",
      "b": "Exposing to extreme temperatures",
      "c": "All of the above"
    },
    "correct_answer": "c",
    "explanation": "Short circuiting and extreme temperatures can damage batteries or cause safety hazards."
  },
  {
    "question_number": 26,
    "question": "Ohm's Law relates:",
    "options": {
      "a": "Voltage, current, and resistance",
      "b": "Voltage and power",
      "c": "Current and power"
    },
    "correct_answer": "a",
    "explanation": "Ohm's Law states V = IR, relating voltage (V), current (I), and resistance (R)."
  },
  {
    "question_number": 27,
    "question": "The total resistance in a series circuit is:",
    "options": {
      "a": "Equal to the sum of individual resistances",
      "b": "Lower than any individual resistance",
      "c": "Unrelated to individual resistances"
    },
    "correct_answer": "a",
    "explanation": "In a series circuit, total resistance is the sum of individual resistances."
  },
  {
    "question_number": 28,
    "question": "Kirchhoff's Current Law (KCL) states that the total current entering a junction must be:",
    "options": {
      "a": "Less than the total current leaving",
      "b": "Equal to the total current leaving",
      "c": "Greater than the total current leaving"
    },
    "correct_answer": "b",
    "explanation": "KCL states that the total current entering a junction equals the total current leaving."
  },
  {
    "question_number": 29,
    "question": "Resistors’ resistance value is measured in:",
    "options": {
      "a": "Volts",
      "b": "Ohms",
      "c": "Watts"
    },
    "correct_answer": "b",
    "explanation": "Resistance is measured in ohms (Ω), the unit of electrical resistance."
  },
  {
    "question_number": 30,
    "question": "The resistance of a conductor depends on:",
    "options": {
      "a": "Length of the conductor",
      "b": "Cross-sectional area",
      "c": "All of the above"
    },
    "correct_answer": "c",
    "explanation": "Resistance depends on the conductor’s length, cross-sectional area, and material resistivity."
  },
  {
    "question_number": 31,
    "question": "Resistivity indicates a material’s ability to:",
    "options": {
      "a": "Conduct electricity",
      "b": "Insulate electricity",
      "c": "Store electricity"
    },
    "correct_answer": "b",
    "explanation": "Resistivity measures a material’s ability to resist or insulate electric current flow."
  },
  {
    "question_number": 32,
    "question": "Superconductors offer:",
    "options": {
      "a": "Very high resistance",
      "b": "Zero resistance",
      "c": "Limited current capacity"
    },
    "correct_answer": "b",
    "explanation": "Superconductors have zero resistance at very low temperatures, allowing perfect current flow."
  },
  {
    "question_number": 33,
    "question": "As the temperature of a conductor increases, its resistance typically:",
    "options": {
      "a": "Decreases",
      "b": "Increases",
      "c": "Remains constant"
    },
    "correct_answer": "b",
    "explanation": "For most conductors, resistance increases with temperature due to increased atomic vibrations."
  }
]