[
  {
    "question_number": 1,
    "question": "What is the primary function of a DC generator in an aircraft?",
    "options": {
      "a": "Convert electrical energy to mechanical energy",
      "b": "Convert mechanical energy to DC electrical energy",
      "c": "Store electrical energy in a battery"
    },
    "correct_answer": "b",
    "explanation": "A DC generator converts mechanical energy to DC electrical energy, supplying power for aircraft electrical and electronic equipment."
  },
  {
    "question_number": 2,
    "question": "Which law governs the principle of electromagnetic induction in generators?",
    "options": {
      "a": "Ohm's Law",
      "b": "Faraday's Law",
      "c": "Kirchhoff's Law"
    },
    "correct_answer": "b",
    "explanation": "Faraday's Law states that the magnitude of the induced EMF is equal to the rate of change of magnetic flux linkage, which is the basis for generator operation."
  },
  {
    "question_number": 3,
    "question": "What is the formula for the induced EMF according to Faraday's Law?",
    "options": {
      "a": "e = I × R",
      "b": "e = -dφ/dt",
      "c": "e = V × I"
    },
    "correct_answer": "b",
    "explanation": "Faraday's Law expresses the induced EMF as e = -dφ/dt, where φ is the magnetic flux and t is time."
  },
  {
    "question_number": 4,
    "question": "What is one way to achieve magnetic flux variation in a generator?",
    "options": {
      "a": "Increasing the conductor length",
      "b": "Relative motion between conductor and magnetic field",
      "c": "Reducing the voltage supply"
    },
    "correct_answer": "b",
    "explanation": "Magnetic flux variation can be caused by relative motion between a conductor and a magnetic field, inducing an EMF."
  },
  {
    "question_number": 5,
    "question": "What are the two main parts required for a generator to produce electricity?",
    "options": {
      "a": "A capacitor and a resistor",
      "b": "A magnetic field and a conductor",
      "c": "A battery and a switch"
    },
    "correct_answer": "b",
    "explanation": "A generator requires a magnetic field and a conductor that moves to cut the flux, inducing an electric current."
  },
  {
    "question_number": 6,
    "question": "What does the Generator Left Hand Rule determine?",
    "options": {
      "a": "Direction of magnetic field",
      "b": "Direction of current flow due to induced EMF",
      "c": "Speed of the conductor"
    },
    "correct_answer": "b",
    "explanation": "The Generator Left Hand Rule determines the direction of current flow in a conductor due to induced EMF, based on the direction of conductor movement and magnetic field."
  },
  {
    "question_number": 7,
    "question": "In the Generator Left Hand Rule, what does the thumb represent?",
    "options": {
      "a": "Direction of current flow",
      "b": "Direction of conductor movement",
      "c": "Direction of magnetic field"
    },
    "correct_answer": "b",
    "explanation": "In the Generator Left Hand Rule, the thumb points in the direction of conductor movement."
  },
  {
    "question_number": 8,
    "question": "What component in a simple AC generator connects the rotating loop to the external circuit?",
    "options": {
      "a": "Commutator",
      "b": "Slip ring",
      "c": "Brush holder"
    },
    "correct_answer": "b",
    "explanation": "In a simple AC generator, slip rings connect the rotating loop conductor to the external circuit via carbon brushes."
  },
  {
    "question_number": 9,
    "question": "What is the purpose of a commutator in a DC generator?",
    "options": {
      "a": "To increase the magnetic field strength",
      "b": "To reverse the current direction periodically",
      "c": "To store electrical energy"
    },
    "correct_answer": "b",
    "explanation": "A commutator reverses the external connection to the armature as the current direction changes, producing pulsating DC."
  },
  {
    "question_number": 10,
    "question": "What type of current is produced by a simple DC generator with a commutator?",
    "options": {
      "a": "Alternating current (AC)",
      "b": "Pulsating direct current (DC)",
      "c": "Constant direct current (DC)"
    },
    "correct_answer": "b",
    "explanation": "A simple DC generator with a commutator produces pulsating DC due to the periodic reversal of current direction."
  },
  {
    "question_number": 11,
    "question": "What is a drawback of a simple DC generator's pulsating output?",
    "options": {
      "a": "It is too strong for most applications",
      "b": "It causes humming in radio outputs",
      "c": "It requires a larger battery"
    },
    "correct_answer": "b",
    "explanation": "Pulsating DC can cause humming in radio outputs and is unsatisfactory for many practical applications."
  },
  {
    "question_number": 12,
    "question": "How can the ripple in a DC generator's output be reduced?",
    "options": {
      "a": "Using fewer armature coils",
      "b": "Increasing the number of armature coils",
      "c": "Decreasing the magnetic field strength"
    },
    "correct_answer": "b",
    "explanation": "Increasing the number of armature coils reduces the ripple in the voltage output, smoothing the DC."
  },
  {
    "question_number": 13,
    "question": "What is the rotating part of an electrical machine called?",
    "options": {
      "a": "Stator",
      "b": "Rotor",
      "c": "Commutator"
    },
    "correct_answer": "b",
    "explanation": "The rotor is the rotating part of an electrical machine, such as a generator or motor."
  },
  {
    "question_number": 14,
    "question": "What is the stationary part of an electrical machine called?",
    "options": {
      "a": "Armature",
      "b": "Rotor",
      "c": "Stator"
    },
    "correct_answer": "c",
    "explanation": "The stator is the stationary part of an electrical machine, often housing the field windings."
  },
  {
    "question_number": 15,
    "question": "What component in a DC generator produces the magnetic field?",
    "options": {
      "a": "Armature",
      "b": "Field windings",
      "c": "Commutator"
    },
    "correct_answer": "b",
    "explanation": "Field windings, either electromagnetic or permanent magnets, produce the magnetic field in a DC generator."
  },
  {
    "question_number": 16,
    "question": "What is the function of a slip ring in a generator?",
    "options": {
      "a": "To reverse current direction",
      "b": "To transfer current from a stationary to a rotating unit",
      "c": "To increase voltage output"
    },
    "correct_answer": "b",
    "explanation": "A slip ring transfers electric current from a stationary unit to a rotating unit, such as in an AC generator."
  },
  {
    "question_number": 17,
    "question": "What material is typically used for the core of an armature assembly?",
    "options": {
      "a": "Copper",
      "b": "Laminated soft iron",
      "c": "Aluminum"
    },
    "correct_answer": "b",
    "explanation": "The armature assembly uses a laminated soft iron core to reduce eddy current losses and enhance magnetic flux."
  },
  {
    "question_number": 18,
    "question": "What holds the coils in place in the armature of a DC generator?",
    "options": {
      "a": "Metallic wedges",
      "b": "Nonmetallic wedges",
      "c": "Carbon brushes"
    },
    "correct_answer": "b",
    "explanation": "Nonmetallic wedges are used to hold the insulated copper wire coils in the slots of the armature."
  },
  {
    "question_number": 19,
    "question": "What is the purpose of the commutator segments in a DC generator?",
    "options": {
      "a": "To generate the magnetic field",
      "b": "To connect the coil ends to the external circuit",
      "c": "To cool the generator"
    },
    "correct_answer": "b",
    "explanation": "Commutator segments connect the ends of the armature coils to the external circuit, facilitating current transfer."
  },
  {
    "question_number": 20,
    "question": "What is a key feature of the commutator surface in a DC generator?",
    "options": {
      "a": "It is rough to increase friction",
      "b": "It is very smooth for efficient contact",
      "c": "It is magnetized to enhance flux"
    },
    "correct_answer": "b",
    "explanation": "The commutator surface is cut and ground to be very smooth, ensuring efficient contact with brushes."
  },
  {
    "question_number": 21,
    "question": "What component in a DC generator helps with cooling?",
    "options": {
      "a": "Commutator",
      "b": "Fan",
      "c": 'Brush holders'
    },
    "correct_answer": "b",
    "explanation": "The fan is a cooling component in a DC generator, helping to dissipate heat generated during operation."
  },
  {
    "question_number": 22,
    "question": "What type of current does a battery produce?",
    "options": {
      "a": "Alternating current (AC)",
      "b": "Direct current (DC)",
      "c": "Pulsating current"
    },
    "correct_answer": "b",
    "explanation": "A battery produces direct current (DC) with constant polarity, as opposed to alternating current."
  },
  {
    "question_number": 23,
    "question": "What is the role of brushes in a DC generator?",
    "options": {
      "a": "To generate the magnetic field",
      "b": "To transfer current between the commutator and external circuit",
      "c": "To insulate the armature coils"
    },
    "correct_answer": "b",
    "explanation": "Brushes in a DC generator transfer current between the rotating commutator and the external circuit."
  },
  {
    "question_number": 24,
    "question": "What is a common issue caused by pulsating DC in radio equipment?",
    "options": {
      "a": "Overheating",
      "b": "Humming",
      "c": "Signal amplification"
    },
    "correct_answer": "b",
    "explanation": "Pulsating DC causes humming in radio outputs, which can interfere with signal clarity."
  },
  {
    "question_number": 25,
    "question": "How does increasing the number of poles in a DC generator help?",
    "options": {
      "a": "It increases the ripple in the output",
      "b": "It reduces the ripple in the output",
      "c": "It decreases the generator's efficiency"
    },
    "correct_answer": "b",
    "explanation": "Increasing the number of poles reduces the ripple in the DC output, resulting in a smoother current."
  },
  {
    "question_number": 26,
    "question": "What is the primary source of electrical energy for aircraft systems?",
    "options": {
      "a": "Batteries",
      "b": "Generators mounted on the engine",
      "c": "Solar panels"
    },
    "correct_answer": "b",
    "explanation": "Generators mounted on the aircraft engine supply the electrical energy required for aircraft systems."
  },
  {
    "question_number": 27,
    "question": "What type of generator uses a single loop of wire rotated between magnet poles?",
    "options": {
      "a": "Simple AC generator",
      "b": "Complex DC generator",
      "c": "Battery-powered generator"
    },
    "correct_answer": "a",
    "explanation": "A simple AC generator uses a single loop of wire rotated between magnet poles to induce an AC EMF."
  },
  {
    "question_number": 28,
    "question": "What is the purpose of the end frame in a DC generator?",
    "options": {
      "a": "To produce the magnetic field",
      "b": "To support the generator structure",
      "c": "To connect the armature to the circuit"
    },
    "correct_answer": "b",
    "explanation": "The end frame provides structural support for the DC generator, housing components like bearings."
  },
  {
    "question_number": 29,
    "question": "What material are commutator segments typically made of?",
    "options": {
      "a": "Aluminum",
      "b": "Copper",
      "c": "Plastic"
    },
    "correct_answer": "b",
    "explanation": "Commutator segments are typically made of copper, insulated from each other and the shaft."
  },
  {
    "question_number": 30,
    "question": "What is the triboelectric effect related to in ESD?",
    "options": {
      "a": "Generation of magnetic fields",
      "b": "Generation of static electricity",
      "c": "Generation of alternating current"
    },
    "correct_answer": "b",
    "explanation": "The triboelectric effect refers to the generation of static electricity when two materials are rubbed together."
  },
  {
    "question_number": 31,
    "question": "Which material is most likely to produce large amounts of static charge?",
    "options": {
      "a": "Cotton",
      "b": "Synthetic materials",
      "c": "Metal"
    },
    "correct_answer": "b",
    "explanation": "Synthetic materials produce large amounts of static charge due to their position on the triboelectric scale."
  },
  {
    "question_number": 32,
    "question": "What type of material is used to protect electrostatic sensitive devices (ESDs)?",
    "options": {
      "a": "Insulating materials",
      "b": "Conductive materials",
      "c": "Magnetic materials"
    },
    "correct_answer": "b",
    "explanation": "Conductive materials, like metal foils, are used to protect ESDs by dissipating static charges."
  },
  {
    "question_number": 33,
    "question": "What is a common precaution for handling electrostatic sensitive devices?",
    "options": {
      "a": "Using a high-voltage power source",
      "b": "Wearing wrist/heel straps",
      "c": "Increasing humidity"
    },
    "correct_answer": "b",
    "explanation": "Wrist/heel straps are used to ground personnel, preventing static discharge when handling ESDs."
  },
  {
    "question_number": 34,
    "question": "What is the purpose of static dissipative floor mats in an ESD-safe environment?",
    "options": {
      "a": "To generate static electricity",
      "b": "To safely dissipate static charges",
      "c": "To insulate the floor"
    },
    "correct_answer": "b",
    "explanation": "Static dissipative floor mats safely dissipate static charges to prevent damage to electrostatic sensitive devices."
  },
  {
    "question_number": 35,
    "question": "What is a key component of an aircraft's DC power source?",
    "options": {
      "a": "Solar panel",
      "b": "DC generator",
      "c": "Capacitor bank"
    },
    "correct_answer": "b",
    "explanation": "The DC generator is a key component of an aircraft's DC power source, converting mechanical energy to electrical energy."
  },
  {
    "question_number": 36,
    "question": "What does the middle finger represent in the Generator Left Hand Rule?",
    "options": {
      "a": "Direction of conductor movement",
      "b": "Direction of magnetic field",
      "c": "Direction of current flow"
    },
    "correct_answer": "c",
    "explanation": "In the Generator Left Hand Rule, the middle finger points in the direction of the induced current flow."
  },
  {
    "question_number": 37,
    "question": "What is the purpose of the field frame assembly in a DC generator?",
    "options": {
      "a": "To rotate the armature",
      "b": "To house the field windings",
      "c": "To connect to the external circuit"
    },
    "correct_answer": "b",
    "explanation": "The field frame assembly houses the field windings, which generate the magnetic field in a DC generator."
  },
  {
    "question_number": 38,
    "question": "What is a characteristic of direct current (DC)?",
    "options": {
      "a": "It changes direction periodically",
      "b": "It flows in a constant direction",
      "c": "It is only produced by solar panels"
    },
    "correct_answer": "b",
    "explanation": "Direct current (DC) flows in a constant direction and has constant polarity, unlike alternating current."
  },
  {
    "question_number": 39,
    "question": "What is the role of the armature in a DC generator?",
    "options": {
      "a": "To produce the magnetic field",
      "b": "To generate electrical power",
      "c": "To cool the generator"
    },
    "correct_answer": "b",
    "explanation": "The armature is the power-producing component of a DC generator, where the induced EMF generates electrical power."
  },
  {
    "question_number": 40,
    "question": "What is a common method to protect ESDs during handling?",
    "options": {
      "a": "Using magnetic shielding",
      "b": "Using anti-static packaging",
      "c": "Using high-voltage insulation"
    },
    "correct_answer": "b",
    "explanation": "Anti-static packaging is used to protect electrostatic sensitive devices by preventing static charge buildup."
  },
  {
    "question_number": 41,
    "question": "What component in a DC generator reverses the current direction?",
    "options": {
      "a": "Slip ring",
      "b": "Commutator",
      "c": "Field winding"
    },
    "correct_answer": "b",
    "explanation": "The commutator reverses the current direction between the rotor and the external circuit, producing DC."
  },
  {
    "question_number": 42,
    "question": "What is a key advantage of using more armature coils in a DC generator?",
    "options": {
      "a": "Increases the magnetic field strength",
      "b": "Reduces the voltage ripple",
      "c": "Decreases the generator size"
    },
    "correct_answer": "b",
    "explanation": "Using more armature coils reduces the voltage ripple, resulting in a smoother DC output."
  },
  {
    "question_number": 43,
    "question": "What is the purpose of the brush holders in a DC generator?",
    "options": {
      "a": "To hold the field windings",
      "b": "To hold the brushes in contact with the commutator",
      "c": "To insulate the armature"
    },
    "correct_answer": "b",
    "explanation": "Brush holders (rigging) hold the brushes in contact with the commutator to transfer current to the external circuit."
  },
  {
    "question_number": 44,
    "question": "What is the primary source of magnetic flux in a DC generator?",
    "options": {
      "a": "Armature coils",
      "b": "Field windings or permanent magnets",
      "c": "Commutator segments"
    },
    "correct_answer": "b",
    "explanation": "Field windings or permanent magnets generate the magnetic field required for inducing EMF in a DC generator."
  },
  {
    "question_number": 45,
    "question": "What is a characteristic of a simple AC generator's output?",
    "options": {
      "a": "Pulsating DC",
      "b": "Constant DC",
      "c": "Alternating current (AC)"
    },
    "correct_answer": "c",
    "explanation": "A simple AC generator produces alternating current (AC) due to the continuous rotation of the loop in a magnetic field."
  },
  {
    "question_number": 46,
    "question": "What is the function of the bearing in a DC generator's stator?",
    "options": {
      "a": "To generate current",
      "b": "To support the rotor's rotation",
      "c": "To produce the magnetic field"
    },
    "correct_answer": "b",
    "explanation": "Bearings in the stator support the rotor's rotation, ensuring smooth mechanical operation."
  },
  {
    "question_number": 47,
    "question": "What is a common material used for anti-static packaging?",
    "options": {
      "a": "Cardboard",
      "b": "Copper",
      "c": "Synthetic plastic"
    },
    "correct_answer": "a",
    "explanation": "Cardboard is an example of an anti-static material used for packaging to protect electrostatic sensitive devices."
  },
  {
    "question_number": 48,
    "question": "What does the index finger represent in the Generator Left Hand Rule?",
    "options": {
      "a": "Direction of current flow",
      "b": "Direction of magnetic field",
      "c": "Direction of conductor movement"
    },
    "correct_answer": "b",
    "explanation": "In the Generator Left Hand Rule, the index finger points in the direction of the magnetic field."
  },
  {
    "question_number": 49,
    "question": "What is a key component of the armature assembly in a DC generator?",
    "options": {
      "a": "Laminated soft iron core",
      "b": "Permanent magnet",
      "c": "Carbon slip ring"
    },
    "correct_answer": "a",
    "explanation": "The armature assembly includes a laminated soft iron core to enhance magnetic flux and reduce losses."
  },
  {
    "question_number": 50,
    "question": "What is the effect of using more poles in a DC generator?",
    "options": {
      "a": "Increases the ripple in the output",
      "b": "Reduces the ripple in the output",
      "c": "Decreases the magnetic field strength"
    },
    "correct_answer": "b",
    "explanation": "Using more poles in a DC generator reduces the ripple in the output, producing a smoother DC current."
  },
  {
    "question_number": 51,
    "question": "What is the purpose of ground jacks in an ESD-safe environment?",
    "options": {
      "a": "To generate static electricity",
      "b": "To provide a grounding point",
      "c": "To insulate the workbench"
    },
    "correct_answer": "b",
    "explanation": "Ground jacks provide a grounding point to safely dissipate static charges in an ESD-safe environment."
  },
  {
    "question_number": 52,
    "question": "What type of current is induced in a simple AC generator?",
    "options": {
      "a": "Pulsating DC",
      "b": "Alternating current (AC)",
      "c": "Constant DC"
    },
    "correct_answer": "b",
    "explanation": "A simple AC generator induces alternating current (AC) due to the continuous rotation of the conductor loop."
  },
  {
    "question_number": 53,
    "question": "What is the role of the end plate in a DC generator?",
    "options": {
      "a": "To generate the magnetic field",
      "b": "To support the generator structure",
      "c": "To connect the coils to the commutator"
    },
    "correct_answer": "b",
    "explanation": "The end plate supports the structural integrity of the DC generator, housing components like bearings."
  },
  {
    "question_number": 54,
    "question": "What is a common issue with a single-coil DC generator?",
    "options": {
      "a": "It produces constant DC",
      "b": "It produces pulsating DC",
      "c": "It produces AC"
    },
    "correct_answer": "b",
    "explanation": "A single-coil DC generator produces pulsating DC, which is less stable and can cause issues in applications."
  },
  {
    "question_number": 55,
    "question": "What is the purpose of a static dissipative bench mat?",
    "options": {
      "a": "To generate static electricity",
      "b": "To safely dissipate static charges",
      "c": "To insulate the workbench"
    },
    "correct_answer": "b",
    "explanation": "Static dissipative bench mats safely dissipate static charges to protect electrostatic sensitive devices."
  },
  {
    "question_number": 56,
    "question": "What is the primary function of the ALU in a microprocessor?",
    "options": {
      "a": "To store data",
      "b": "To perform arithmetic and logical operations",
      "c": "To manage memory"
    },
    "correct_answer": "b",
    "explanation": "The Arithmetic Logic Unit (ALU) in a microprocessor performs arithmetic and logical operations, such as addition and comparison."
  },
  {
    "question_number": 57,
    "question": "What does an 8-bit microprocessor indicate about its ALU?",
    "options": {
      "a": "It can process 8-bit binary data",
      "b": "It has 8 registers",
      "c": "It operates at 8 volts"
    },
    "correct_answer": "a",
    "explanation": "An 8-bit microprocessor means its ALU can process 8-bit binary data, determining its computational capability."
  },
  {
    "question_number": 58,
    "question": "What is a key step in the microprocessor operation cycle?",
    "options": {
      "a": "Cooling the processor",
      "b": "Fetching instructions",
      "c": "Generating magnetic flux"
    },
    "correct_answer": "b",
    "explanation": "Fetching instructions is a key step in the microprocessor operation cycle, where the processor retrieves commands to execute."
  },
  {
    "question_number": 59,
    "question": "What is the purpose of a galvanometer in a generator circuit?",
    "options": {
      "a": "To generate current",
      "b": "To measure induced current",
      "c": "To produce a magnetic field"
    },
    "correct_answer": "b",
    "explanation": "A galvanometer is used to measure the induced current in a generator circuit, indicating the presence of EMF."
  },
  {
    "question_number": 60,
    "question": "What type of motion can cause magnetic flux variation in a generator?",
    "options": {
      "a": "Reciprocating motion of a magnet",
      "b": "Static positioning of a conductor",
      "c": "Rotation of a battery"
    },
    "correct_answer": "a",
    "explanation": "Reciprocating motion of a magnet can cause magnetic flux variation, inducing an EMF in the conductor."
  },
  {
    "question_number": 61,
    "question": "What is a characteristic of static dissipative materials?",
    "options": {
      "a": "They generate static electricity",
      "b": "They safely dissipate static charges",
      "c": "They insulate against all currents"
    },
    "correct_answer": "b",
    "explanation": "Static dissipative materials are designed to safely dissipate static charges, protecting sensitive electronic components."
  },
  {
    "question_number": 62,
    "question": "What is the purpose of a commutator in a DC generator?",
    "options": {
      "a": "To produce a magnetic field",
      "b": "To reverse the current direction",
      "c": "To increase the voltage output"
    },
    "correct_answer": "b",
    "explanation": "The commutator reverses the current direction between the rotor and external circuit, producing pulsating DC."
  },
  {
    "question_number": 63,
    "question": "What is a common application of DC generators in aircraft?",
    "options": {
      "a": "Powering navigation lights",
      "b": "Supplying all electrical and electronic equipment",
      "c": "Charging solar panels"
    },
    "correct_answer": "b",
    "explanation": "DC generators supply electrical energy for all aircraft electrical and electronic equipment."
  },
  {
    "question_number": 64,
    "question": "What is the effect of using a commutator instead of a slip ring in a generator?",
    "options": {
      "a": "It produces AC",
      "b": "It produces pulsating DC",
      "c": "It stops current flow"
    },
    "correct_answer": "b",
    "explanation": "A commutator, unlike a slip ring, reverses the current direction, producing pulsating DC in a generator."
  },
  {
    "question_number": 65,
    "question": "What is the purpose of a wrist strap in ESD handling?",
    "options": {
      "a": "To generate static electricity",
      "b": "To ground the person handling the device",
      "c": "To insulate the device"
    },
    "correct_answer": "b",
    "explanation": "A wrist strap grounds the person handling ESDs, preventing static discharge that could damage components."
  },
  {
    "question_number": 66,
    "question": "What is a characteristic of anti-static materials?",
    "options": {
      "a": "They generate high static charges",
      "b": "They prevent static charge buildup",
      "c": "They conduct high currents"
    },
    "correct_answer": "b",
    "explanation": "Anti-static materials, like cardboard or cotton, prevent the buildup of static charges to protect sensitive devices."
  },
  {
    "question_number": 67,
    "question": "What is the purpose of the field windings in a DC generator?",
    "options": {
      "a": "To rotate the armature",
      "b": "To generate the magnetic field",
      "c": "To connect to the external circuit"
    },
    "correct_answer": "b",
    "explanation": "Field windings generate the magnetic field necessary for inducing EMF in the armature of a DC generator."
  },
  {
    "question_number": 68,
    "question": "What is a key feature of a simple DC generator's output compared to an AC generator?",
    "options": {
      "a": "It produces alternating current",
      "b": "It produces pulsating direct current",
      "c": "It produces constant alternating current"
    },
    "correct_answer": "b",
    "explanation": "A simple DC generator produces pulsating direct current due to the action of the commutator."
  },
  {
    "question_number": 69,
    "question": "What is the role of the carbon brushes in an AC generator?",
    "options": {
      "a": "To generate the magnetic field",
      "b": "To transfer current from slip rings to the external circuit",
      "c": "To insulate the rotor"
    },
    "correct_answer": "b",
    "explanation": "Carbon brushes transfer current from the slip rings to the external circuit in an AC generator."
  },
  {
    "question_number": 70,
    "question": "What is a common method to reduce commutation ripple in a DC generator?",
    "options": {
      "a": "Using fewer coils",
      "b": "Increasing the number of coils",
      "c": "Reducing the magnetic field"
    },
    "correct_answer": "b",
    "explanation": "Increasing the number of coils reduces commutation ripple, resulting in a smoother DC output."
  },
  {
    "question_number": 71,
    "question": "What is the purpose of the cooling component in a DC generator?",
    "options": {
      "a": "To increase current output",
      "b": "To dissipate heat generated during operation",
      "c": "To generate the magnetic field"
    },
    "correct_answer": "b",
    "explanation": "The cooling component, such as a fan, dissipates heat generated during the operation of a DC generator."
  },
  {
    "question_number": 72,
    "question": "What is the primary source of static electricity in an ESD environment?",
    "options": {
      "a": "Metal surfaces",
      "b": "Triboelectric effect",
      "c": "Magnetic fields"
    },
    "correct_answer": "b",
    "explanation": "The triboelectric effect, caused by rubbing materials together, is the primary source of static electricity in an ESD environment."
  },
  {
    "question_number": 73,
    "question": "What is a key difference between a slip ring and a commutator?",
    "options": {
      "a": "A slip ring reverses current, while a commutator does not",
      "b": "A commutator reverses current, while a slip ring does not",
      "c": "Both reverse current direction"
    },
    "correct_answer": "b",
    "explanation": "A commutator reverses the current direction to produce DC, while a slip ring maintains continuous contact for AC."
  },
  {
    "question_number": 74,
    "question": "What is the role of the laminated soft iron core in the armature?",
    "options": {
      "a": "To generate current",
      "b": "To enhance magnetic flux and reduce losses",
      "c": "To connect to the external circuit"
    },
    "correct_answer": "b",
    "explanation": "The laminated soft iron core enhances magnetic flux and reduces eddy current losses in the armature."
  },
  {
    "question_number": 75,
    "question": "What is a common precaution when working with ESDs?",
    "options": {
      "a": "Using magnetic tools",
      "b": "Using ground jacks",
      "c": "Increasing static charge"
    },
    "correct_answer": "b",
    "explanation": "Ground jacks are used as a precaution to safely dissipate static charges when working with ESDs."
  },
  {
    "question_number": 76,
    "question": "What is the purpose of the commutator in a simple DC generator?",
    "options": {
      "a": "To produce a magnetic field",
      "b": "To reverse the current direction periodically",
      "c": "To increase the voltage output"
    },
    "correct_answer": "b",
    "explanation": "The commutator reverses the current direction periodically, producing pulsating DC in a simple DC generator."
  },
  {
    "question_number": 77,
    "question": "What is the effect of increasing the number of coils in a DC generator?",
    "options": {
      "a": "Increases the ripple in the output",
      "b": "Reduces the ripple in the output",
      "c": "Decreases the magnetic field strength"
    },
    "correct_answer": "b",
    "explanation": "Increasing the number of coils reduces the ripple in the DC output, resulting in smoother current."
  },
  {
    "question_number": 78,
    "question": "What is the role of the stator in a DC generator?",
    "options": {
      "a": "To rotate and produce current",
      "b": "To remain stationary and house the field windings",
      "c": "To connect to the external circuit"
    },
    "correct_answer": "b",
    "explanation": "The stator remains stationary and typically houses the field windings that generate the magnetic field."
  },
  {
    "question_number": 79,
    "question": "What is a characteristic of a simple AC generator?",
    "options": {
      "a": "It uses a commutator",
      "b": "It uses slip rings",
      "c": "It produces pulsating DC"
    },
    "correct_answer": "b",
    "explanation": "A simple AC generator uses slip rings to transfer current, producing alternating current (AC)."
  },
  {
    "question_number": 80,
    "question": "What is the purpose of the fan in a DC generator?",
    "options": {
      "a": "To generate current",
      "b": "To cool the generator",
      "c": "To produce a magnetic field"
    },
    "correct_answer": "b",
    "explanation": "The fan in a DC generator helps to cool the system by dissipating heat generated during operation."
  },
  {
    "question_number": 81,
    "question": "What is a common material for static dissipative mats?",
    "options": {
      "a": "Copper",
      "b": "Rubber-based materials",
      "c": "Glass"
    },
    "correct_answer": "b",
    "explanation": "Rubber-based materials are commonly used for static dissipative mats to safely dissipate static charges."
  },
  {
    "question_number": 82,
    "question": "What is the primary function of a generator in an aircraft electrical system?",
    "options": {
      "a": "To store electrical energy",
      "b": "To supply electrical energy to equipment",
      "c": "To convert DC to AC"
    },
    "correct_answer": "b",
    "explanation": "Generators in an aircraft electrical system supply electrical energy to power all electrical and electronic equipment."
  },
  {
    "question_number": 83,
    "question": "What is the effect of a pulsating DC output in sensitive equipment?",
    "options": {
      "a": "It improves performance",
      "b": "It causes interference like humming",
      "c": "It increases voltage stability"
    },
    "correct_answer": "b",
    "explanation": "Pulsating DC can cause interference, such as humming, in sensitive equipment like radios."
  },
  {
    "question_number": 84,
    "question": "What is the purpose of the triboelectric scale?",
    "options": {
      "a": "To measure magnetic flux",
      "b": "To show how readily materials create static electricity",
      "c": "To determine current direction"
    },
    "correct_answer": "b",
    "explanation": "The triboelectric scale shows the series of materials and their tendency to create static electricity when rubbed."
  },
  {
    "question_number": 85,
    "question": "What is a key component of the field frame assembly in a DC generator?",
    "options": {
      "a": "Commutator",
      "b": "Field windings",
      "c": "Slip rings"
    },
    "correct_answer": "b",
    "explanation": "The field frame assembly houses the field windings, which generate the magnetic field in a DC generator."
  },
  {
    "question_number": 86,
    "question": "What is the purpose of the commutator in a DC generator?",
    "options": {
      "a": "To generate a magnetic field",
      "b": "To reverse the current direction periodically",
      "c": "To increase the magnetic flux"
    },
    "correct_answer": "b",
    "explanation": "The commutator reverses the current direction periodically, producing pulsating DC in a DC generator."
  },
  {
    "question_number": 87,
    "question": "What is a common precaution for handling electrostatic sensitive devices?",
    "options": {
      "a": "Using magnetic tools",
      "b": "Using anti-static packaging",
      "c": "Increasing static charge"
    },
    "correct_answer": "b",
    "explanation": "Anti-static packaging is a common precaution to protect electrostatic sensitive devices from static discharge."
  },
  {
    "question_number": 88,
    "question": "What is the role of the rotor in a DC generator?",
    "options": {
      "a": "To remain stationary and house the field",
      "b": "To rotate and induce current in the armature",
      "c": "To connect to the external circuit"
    },
    "correct_answer": "b",
    "explanation": "The rotor rotates, inducing current in the armature through interaction with the magnetic field."
  },
  {
    "question_number": 89,
    "question": "What is the purpose of the brush holders in a DC generator?",
    "options": {
      "a": "To generate the magnetic field",
      "b": "To hold brushes in contact with the commutator",
      "c": "To insulate the armature"
    },
    "correct_answer": "b",
    "explanation": "Brush holders keep the brushes in contact with the commutator to transfer current to the external circuit."
  },
  {
    "question_number": 90,
    "question": "What is a characteristic of a simple DC generator's output?",
    "options": {
      "a": "Constant AC",
      "b": "Pulsating DC",
      "c": "Constant DC"
    },
    "correct_answer": "b",
    "explanation": "A simple DC generator produces pulsating DC due to the action of the commutator."
  },
  {
    "question_number": 91,
    "question": "What is the purpose of the end frame in a DC generator?",
    "options": {
      "a": "To generate current",
      "b": "To support the generator structure",
      "c": "To produce a magnetic field"
    },
    "correct_answer": "b",
    "explanation": "The end frame supports the structural components of the DC generator, including bearings."
  },
  {
    "question_number": 92,
    "question": "What is the role of the slip ring in an AC generator?",
    "options": {
      "a": "To reverse current direction",
      "b": "To transfer current from the rotor to the external circuit",
      "c": "To generate a magnetic field"
    },
    "correct_answer": "b",
    "explanation": "Slip rings transfer current from the rotating rotor to the external circuit in an AC generator."
  },
  {
    "question_number": 93,
    "question": "What is a common material used for commutator segments?",
    "options": {
      "a": "Plastic",
      "b": "Copper",
      "c": "Iron"
    },
    "correct_answer": "b",
    "explanation": "Commutator segments are typically made of copper, insulated from each other and the shaft."
  },
  {
    "question_number": 94,
    "question": "What is the purpose of the laminated soft iron core in the armature?",
    "options": {
      "a": "To generate a magnetic field",
      "b": "To reduce eddy current losses",
      "c": "To connect to the external circuit"
    },
    "correct_answer": "b",
    "explanation": "The laminated soft iron core reduces eddy current losses and enhances magnetic flux in the armature."
  },
  {
    "question_number": 95,
    "question": "What is a common issue with pulsating DC in a simple DC generator?",
    "options": {
      "a": "It is too stable for equipment",
      "b": "It causes humming in radio outputs",
      "c": "It increases voltage output"
    },
    "correct_answer": "b",
    "explanation": "Pulsating DC causes humming in radio outputs, making it unsuitable for sensitive equipment."
  },
  {
    "question_number": 96,
    "question": "What is the role of the field windings in a DC generator?",
    "options": {
      "a": "To rotate the armature",
      "b": "To generate the magnetic field",
      "c": "To connect to the external circuit"
    },
    "correct_answer": "b",
    "explanation": "Field windings generate the magnetic field necessary for inducing EMF in the armature."
  },
  {
    "question_number": 97,
    "question": "What is the purpose of a static dissipative floor mat?",
    "options": {
      "a": "To generate static electricity",
      "b": "To safely dissipate static charges",
      "c": "To insulate the floor"
    },
    "correct_answer": "b",
    "explanation": "Static dissipative floor mats safely dissipate static charges to protect electrostatic sensitive devices."
  },
  {
    "question_number": 98,
    "question": "What is the primary function of the ALU in a microprocessor?",
    "options": {
      "a": "To store data",
      "b": "To perform arithmetic and logical operations",
      "c": "To manage memory"
    },
    "correct_answer": "b",
    "explanation": "The ALU performs arithmetic and logical operations, such as addition and comparison, in a microprocessor."
  },
  {
    "question_number": 99,
    "question": "What does a 16-bit microprocessor indicate about its ALU?",
    "options": {
      "a": "It has 16 registers",
      "b": "It can process 16-bit binary data",
      "c": "It operates at 16 volts"
    },
    "correct_answer": "b",
    "explanation": "A 16-bit microprocessor indicates that its ALU can process 16-bit binary data, defining its computational capacity."
  },
  {
    "question_number": 100,
    "question": "What is a key step in the microprocessor operation cycle?",
    "options": {
      "a": "Generating magnetic flux",
      "b": "Fetching instructions",
      "c": "Cooling the processor"
    },
    "correct_answer": "b",
    "explanation": "Fetching instructions is a critical step in the microprocessor operation cycle, where commands are retrieved for execution."
  },
  {
    "question_number": 101,
    "question": "What is the role of the commutator in a DC generator?",
    "options": {
      "a": "To produce a magnetic field",
      "b": "To reverse the current direction periodically",
      "c": "To increase the voltage output"
    },
    "correct_answer": "b",
    "explanation": "The commutator reverses the current direction periodically, producing pulsating DC in a DC generator."
  },
  {
    "question_number": 102,
    "question": "What is the effect of increasing the number of poles in a DC generator?",
    "options": {
      "a": "Increases the ripple in the output",
      "b": "Reduces the ripple in the output",
      "c": "Decreases the magnetic field strength"
    },
    "correct_answer": "b",
    "explanation": "Increasing the number of poles reduces the ripple in the DC output, producing a smoother current."
  },
  {
    "question_number": 103,
    "question": "What is the purpose of ground jacks in an ESD-safe environment?",
    "options": {
      "a": "To generate static electricity",
      "b": "To provide a grounding point",
      "c": "To insulate the workbench"
    },
    "correct_answer": "b",
    "explanation": "Ground jacks provide a grounding point to safely dissipate static charges in an ESD-safe environment."
  },
  {
    "question_number": 104,
    "question": "What type of current is produced by a simple AC generator?",
    "options": {
      "a": "Pulsating DC",
      "b": "Alternating current (AC)",
      "c": "Constant DC"
    },
    "correct_answer": "b",
    "explanation": "A simple AC generator produces alternating current (AC) due to the continuous rotation of the conductor loop."
  },
  {
    "question_number": 105,
    "question": "What is the role of the end plate in a DC generator?",
    "options": {
      "a": "To generate the magnetic field",
      "b": "To support the generator structure",
      "c": "To connect the coils to the commutator"
    },
    "correct_answer": "b",
    "explanation": "The end plate supports the structural integrity of the DC generator, housing components like bearings."
  },
  {
    "question_number": 106,
    "question": "What is a common issue with a single-coil DC generator?",
    "options": {
      "a": "It produces constant DC",
      "b": "It produces pulsating DC",
      "c": "It produces AC"
    },
    "correct_answer": "b",
    "explanation": "A single-coil DC generator produces pulsating DC, which is less stable and can cause issues in applications."
  },
  {
    "question_number": 107,
    "question": "What is the purpose of a static dissipative bench mat?",
    "options": {
      "a": "To generate static electricity",
      "b": "To safely dissipate static charges",
      "c": "To insulate the workbench"
    },
    "correct_answer": "b",
    "explanation": "Static dissipative bench mats safely dissipate static charges to protect electrostatic sensitive devices."
  },
  {
    "question_number": 108,
    "question": "What is the primary function of the ALU in a microprocessor?",
    "options": {
      "a": "To store data",
      "b": "To perform arithmetic and logical operations",
      "c": "To manage memory"
    },
    "correct_answer": "b",
    "explanation": "The ALU performs arithmetic and logical operations, such as addition and comparison, in a microprocessor."
  },
  {
    "question_number": 109,
    "question": "What does an 8-bit microprocessor indicate about its ALU?",
    "options": {
      "a": "It can process 8-bit binary data",
      "b": "It has 8 registers",
      "c": "It operates at 8 volts"
    },
    "correct_answer": "a",
    "explanation": "An 8-bit microprocessor means its ALU can process 8-bit binary data, determining its computational capability."
  },
  {
    "question_number": 110,
    "question": "What is a key step in the microprocessor operation cycle?",
    "options": {
      "a": "Cooling the processor",
      "b": "Fetching instructions",
      "c": "Generating magnetic flux"
    },
    "correct_answer": "b",
    "explanation": "Fetching instructions is a key step in the microprocessor operation cycle, where the processor retrieves commands to execute."
  },
  {
    "question_number": 111,
    "question": "What is the purpose of a galvanometer in a generator circuit?",
    "options": {
      "a": "To generate current",
      "b": "To measure induced current",
      "c": "To produce a magnetic field"
    },
    "correct_answer": "b",
    "explanation": "A galvanometer is used to measure the induced current in a generator circuit, indicating the presence of EMF."
  },
  {
    "question_number": 112,
    "question": "What type of motion can cause magnetic flux variation in a generator?",
    "options": {
      "a": "Reciprocating motion of a magnet",
      "b": "Static positioning of a conductor",
      "c": "Rotation of a battery"
    },
    "correct_answer": "a",
    "explanation": "Reciprocating motion of a magnet can cause magnetic flux variation, inducing an EMF in the conductor."
  },
  {
    "question_number": 113,
    "question": "What is a characteristic of static dissipative materials?",
    "options": {
      "a": "They generate static electricity",
      "b": "They safely dissipate static charges",
      "c": "They insulate against all currents"
    },
    "correct_answer": "b",
    "explanation": "Static dissipative materials are designed to safely dissipate static charges, protecting sensitive electronic components."
  },
  {
    "question_number": 114,
    "question": "What is the purpose of the commutator in a DC generator?",
    "options": {
      "a": "To produce a magnetic field",
      "b": "To reverse the current direction periodically",
      "c": "To increase the voltage output"
    },
    "correct_answer": "b",
    "explanation": "The commutator reverses the current direction periodically, producing pulsating DC in a DC generator."
  },
  {
    "question_number": 115,
    "question": "What is a common application of DC generators in aircraft?",
    "options": {
      "a": "Powering navigation lights",
      "b": "Supplying all electrical and electronic equipment",
      "c": "Charging solar panels"
    },
    "correct_answer": "b",
    "explanation": "DC generators supply electrical energy for all aircraft electrical and electronic equipment."
  },
  {
    "question_number": 116,
    "question": "What is the effect of using a commutator instead of a slip ring in a generator?",
    "options": {
      "a": "It produces AC",
      "b": "It produces pulsating DC",
      "c": "It stops current flow"
    },
    "correct_answer": "b",
    "explanation": "A commutator, unlike a slip ring, reverses the current direction, producing pulsating DC in a generator."
  },
  {
    "question_number": 117,
    "question": "What is the purpose of a wrist strap in ESD handling?",
    "options": {
      "a": "To generate static electricity",
      "b": "To ground the person handling the device",
      "c": "To insulate the device"
    },
    "correct_answer": "b",
    "explanation": "A wrist strap grounds the person handling ESDs, preventing static discharge that could damage components."
  },
  {
    "question_number": 118,
    "question": "What is a characteristic of anti-static materials?",
    "options": {
      "a": "They generate high static charges",
      "b": "They prevent static charge buildup",
      "c": "They conduct high currents"
    },
    "correct_answer": "b",
    "explanation": "Anti-static materials, like cardboard or cotton, prevent the buildup of static charges to protect sensitive devices."
  },
  {
    "question_number": 119,
    "question": "What is the purpose of the field windings in a DC generator?",
    "options": {
      "a": "To rotate the armature",
      "b": "To generate the magnetic field",
      "c": "To connect to the external circuit"
    },
    "correct_answer": "b",
    "explanation": "Field windings generate the magnetic field necessary for inducing EMF in the armature of a DC generator."
  },
  {
    "question_number": 120,
    "question": "What is a key feature of a simple DC generator's output compared to an AC generator?",
    "options": {
      "a": "It produces alternating current",
      "b": "It produces pulsating direct current",
      "c": "It produces constant alternating current"
    },
    "correct_answer": "b",
    "explanation": "A simple DC generator produces pulsating direct current due to the action of the commutator."
  },
  {
    "question_number": 121,
    "question": "What is the role of the carbon brushes in an AC generator?",
    "options": {
      "a": "To generate the magnetic field",
      "b": "To transfer current from slip rings to the external circuit",
      "c": "To insulate the rotor"
    },
    "correct_answer": "b",
    "explanation": "Carbon brushes transfer current from the slip rings to the external circuit in an AC generator."
  },
  {
    "question_number": 122,
    "question": "What is a common method to reduce commutation ripple in a DC generator?",
    "options": {
      "a": "Using fewer coils",
      "b": "Increasing the number of coils",
      "c": "Reducing the magnetic field"
    },
    "correct_answer": "b",
    "explanation": "Increasing the number of coils reduces commutation ripple, resulting in a smoother DC output."
  },
  {
    "question_number": 123,
    "question": "What is the purpose of the cooling component in a DC generator?",
    "options": {
      "a": "To increase current output",
      "b": "To dissipate heat generated during operation",
      "c": "To generate the magnetic field"
    },
    "correct_answer": "b",
    "explanation": "The cooling component, such as a fan, dissipates heat generated during the operation of a DC generator."
  },
  {
    "question_number": 124,
    "question": "What is the primary source of static electricity in an ESD environment?",
    "options": {
      "a": "Metal surfaces",
      "b": "Triboelectric effect",
      "c": "Magnetic fields"
    },
    "correct_answer": "b",
    "explanation": "The triboelectric effect, caused by rubbing materials together, is the primary source of static electricity in an ESD environment."
  },
  {
    "question_number": 125,
    "question": "What is a key difference between a slip ring and a commutator?",
    "options": {
      "a": "A slip ring reverses current, while a commutator does not",
      "b": "A commutator reverses current, while a slip ring does not",
      "c": "Both reverse current direction"
    },
    "correct_answer": "b",
    "explanation": "A commutator reverses the current direction to produce DC, while a slip ring maintains continuous contact for AC."
  },
  {
    "question_number": 126,
    "question": "What is the role of the laminated soft iron core in the armature?",
    "options": {
      "a": "To generate current",
      "b": "To enhance magnetic flux and reduce losses",
      "c": "To connect to the external circuit"
    },
    "correct_answer": "b",
    "explanation": "The laminated soft iron core enhances magnetic flux and reduces eddy current losses in the armature."
  },
  {
    "question_number": 127,
    "question": "What is a common precaution when working with ESDs?",
    "options": {
      "a": "Using magnetic tools",
      "b": "Using ground jacks",
      "c": "Increasing static charge"
    },
    "correct_answer": "b",
    "explanation": "Ground jacks are used as a precaution to safely dissipate static charges when working with ESDs."
  },
  {
    "question_number": 128,
    "question": "What is the purpose of the commutator in a simple DC generator?",
    "options": {
      "a": "To produce a magnetic field",
      "b": "To reverse the current direction periodically",
      "c": "To increase the voltage output"
    },
    "correct_answer": "b",
    "explanation": "The commutator reverses the current direction periodically, producing pulsating DC in a simple DC generator."
  },
  {
    "question_number": 129,
    "question": "What is the effect of increasing the number of coils in a DC generator?",
    "options": {
      "a": "Increases the ripple in the output",
      "b": "Reduces the ripple in the output",
      "c": "Decreases the magnetic field strength"
    },
    "correct_answer": "b",
    "explanation": "Increasing the number of coils reduces the ripple in the DC output, resulting in smoother current."
  },
  {
    "question_number": 130,
    "question": "What is the role of the stator in a DC generator?",
    "options": {
      "a": "To rotate and produce current",
      "b": "To remain stationary and house the field windings",
      "c": "To connect to the external circuit"
    },
    "correct_answer": "b",
    "explanation": "The stator remains stationary and typically houses the field windings that generate the magnetic field."
  },
  {
    "question_number": 131,
    "question": "What is a characteristic of a simple AC generator?",
    "options": {
      "a": "It uses a commutator",
      "b": "It uses slip rings",
      "c": "It produces pulsating DC"
    },
    "correct_answer": "b",
    "explanation": "A simple AC generator uses slip rings to transfer current, producing alternating current (AC)."
  },
  {
    "question_number": 132,
    "question": "What is the purpose of the fan in a DC generator?",
    "options": {
      "a": "To generate current",
      "b": "To cool the generator",
      "c": "To produce a magnetic field"
    },
    "correct_answer": "b",
    "explanation": "The fan in a DC generator helps to cool the system by dissipating heat generated during operation."
  },
  {
    "question_number": 133,
    "question": "What is a common material used for static dissipative mats?",
    "options": {
      "a": "Copper",
      "b": "Rubber-based materials",
      "c": "Glass"
    },
    "correct_answer": "b",
    "explanation": "Rubber-based materials are commonly used for static dissipative mats to safely dissipate static charges."
  },
  {
    "question_number": 134,
    "question": "What is the primary function of a generator in an aircraft electrical system?",
    "options": {
      "a": "To store electrical energy",
      "b": "To supply electrical energy to equipment",
      "c": "To convert DC to AC"
    },
    "correct_answer": "b",
    "explanation": "Generators in an aircraft electrical system supply electrical energy to power all electrical and electronic equipment."
  },
  {
    "question_number": 135,
    "question": "What is the effect of a pulsating DC output in sensitive equipment?",
    "options": {
      "a": "It improves performance",
      "b": "It causes interference like humming",
      "c": "It increases voltage stability"
    },
    "correct_answer": "b",
    "explanation": "Pulsating DC can cause interference, such as humming, in sensitive equipment like radios."
  },
  {
    "question_number": 136,
    "question": "What is the purpose of the triboelectric scale?",
    "options": {
      "a": "To measure magnetic flux",
      "b": "To show how readily materials create static electricity",
      "c": "To determine current direction"
    },
    "correct_answer": "b",
    "explanation": "The triboelectric scale shows the series of materials and their tendency to create static electricity when rubbed."
  },
  {
    "question_number": 137,
    "question": "What is a key component of the field frame assembly in a DC generator?",
    "options": {
      "a": "Commutator",
      "b": "Field windings",
      "c": "Slip rings"
    },
    "correct_answer": "b",
    "explanation": "The field frame assembly houses the field windings, which generate the magnetic field in a DC generator."
  },
  {
    "question_number": 138,
    "question": "What is the purpose of the commutator in a DC generator?",
    "options": {
      "a": "To produce a magnetic field",
      "b": "To reverse the current direction periodically",
      "c": "To increase the voltage output"
    },
    "correct_answer": "b",
    "explanation": "The commutator reverses the current direction periodically, producing pulsating DC in a DC generator."
  },
  {
    "question_number": 139,
    "question": "What is a common precaution for handling electrostatic sensitive devices?",
    "options": {
      "a": "Using magnetic tools",
      "b": "Using anti-static packaging",
      "c": "Increasing static charge"
    },
    "correct_answer": "b",
    "explanation": "Anti-static packaging is a common precaution to protect electrostatic sensitive devices from static discharge."
  },
  {
    "question_number": 140,
    "question": "What is the role of the rotor in a DC generator?",
    "options": {
      "a": "To remain stationary and house the field",
      "b": "To rotate and induce current in the armature",
      "c": "To connect to the external circuit"
    },
    "correct_answer": "b",
    "explanation": "The rotor rotates, inducing current in the armature through interaction with the magnetic field."
  }
]