 [
    {
      "question_number": 1,
      "question": "Which specific FAA form is required to document all major repairs and major alterations performed on an airframe, power plant, propeller, or appliance?",
      "options": {
        "a": "FAA Form 8010-4 (Malfunction or Defect Report)",
        "b": "FAA Form 337 (Major Repair and Alteration)",
        "c": "Maintenance Release Form"
      },
      "correct_answer": "b",
      "explanation": "FAA Form 337 is the mandatory documentation used to record major repairs and alterations, as dictated by FAR Part 43 Appendix B."
    },
    {
      "question_number": 2,
      "question": "If an aircraft is used for hire, which inspection must be completed within the preceding 100 hours of time in service, in addition to the Annual inspection requirement?",
      "options": {
        "a": "Progressive Inspection",
        "b": "Phase Check Inspection",
        "c": "100-Hour Inspection"
      },
      "correct_answer": "c",
      "explanation": "FAR 91.409(b) requires a 100-hour inspection if the aircraft is used to carry persons or property for hire, unless it is under a specific continuous airworthiness program."
    },
    {
      "question_number": 3,
      "question": "Which entry must be made in the aircraft maintenance records following a successful 100-hour inspection?",
      "options": {
        "a": "A simple statement that the inspection was completed.",
        "b": "A list of deferred maintenance items.",
        "c": "A description of the work performed, the date of completion, the total time in service, the signature, certificate number, and type of certificate of the person approving the aircraft for return to service."
      },
      "correct_answer": "c",
      "explanation": "Comprehensive maintenance record entries, including the detailed information about the work and the mechanic's certification details, are legally required by FAR 43.11."
    },
    {
      "question_number": 4,
      "question": "What documentation must be followed immediately upon receipt, as they address unsafe conditions that may exist in aircraft, engines, propellers, or appliances?",
      "options": {
        "a": "Service Bulletins",
        "b": "Advisory Circulars (ACs)",
        "c": "Airworthiness Directives (ADs)"
      },
      "correct_answer": "c",
      "explanation": "Airworthiness Directives (ADs) are mandatory documents issued by the FAA to correct unsafe conditions, requiring compliance within specified periods."
    },
    {
      "question_number": 5,
      "question": "Who is ultimately responsible for ensuring that an aircraft is maintained in an airworthy condition, including the compliance with all applicable Airworthiness Directives?",
      "options": {
        "a": "The owner or operator of the aircraft.",
        "b": "The mechanic who last performed maintenance.",
        "c": "The FAA Principal Maintenance Inspector (PMI)."
      },
      "correct_answer": "a",
      "explanation": "FAR 91.403 states that the owner or operator of an aircraft is primarily responsible for maintaining that aircraft in an airworthy condition."
    },
    {
      "question_number": 6,
      "question": "Who is primarily responsible for maintaining an aircraft in airworthy condition?",
      "options": {
        "a": "Owner or operator",
        "b": "A&P technician",
        "c": "FAA inspector"
      },
      "correct_answer": "a",
      "explanation": "According to FAR 91.403(a), the owner or operator is primarily responsible for maintaining the aircraft in an airworthy condition."
    },
    {
      "question_number": 7,
      "question": "On aircraft requiring an annual inspection how often is this inspection required?",
      "options": {
        "a": "Once a year",
        "b": "12 months",
        "c": "12 calendar months"
      },
      "correct_answer": "c",
      "explanation": "FAR 91.409(a) states that an annual inspection must be performed within the preceding 12 calendar months."
    },
    {
      "question_number": 8,
      "question": "How many hours may a 100-hour inspection be exceeded if necessary to fly to a place where the inspection can be performed?",
      "options": {
        "a": "1 hour",
        "b": "5 hours",
        "c": "10 hours"
      },
      "correct_answer": "c",
      "explanation": "FAR 91.409(b) allows the 100-hour inspection time limit to be exceeded by not more than 10 hours while en route to a place where the inspection can be done."
    },
    {
      "question_number": 9,
      "question": "If an annual inspection is completed on June 6, 1995, when will the inspection period expire?",
      "options": {
        "a": "June 6, 1996",
        "b": "June 30, 1996",
        "c": "June 30, 1995"
      },
      "correct_answer": "b",
      "explanation": "An annual inspection expires on the last day of the 12th calendar month following the date of the inspection. If performed in June 1995, it expires on June 30, 1996."
    },
    {
      "question_number": 10,
      "question": "Who can perform and approve for return to service an annual inspection?",
      "options": {
        "a": "Authorized inspector",
        "b": "A&P technician",
        "c": "Repair station"
      },
      "correct_answer": "a",
      "explanation": "Only a mechanic holding an Inspection Authorization (IA), often referred to as an Authorized Inspector, can perform and approve an annual inspection (FAR 65.95 and 43.7)."
    },
    {
      "question_number": 11,
      "question": "Who can approve an aircraft for return to service after a 100-hour inspection has been completed?",
      "options": {
        "a": "A&P technician",
        "b": "Owner or operator",
        "c": "Repair station"
      },
      "correct_answer": "a",
      "explanation": "A person holding an A&P certificate can perform and approve a 100-hour inspection for return to service (FAR 43.7)."
    },
    {
      "question_number": 12,
      "question": "What is required to fly an aircraft after the annual inspection has expired to a place where it can be performed?",
      "options": {
        "a": "Owners permission",
        "b": "A special flight or ferry permit from the FAA",
        "c": "Nothing is needed as it can be exceeded by 5 hours"
      },
      "correct_answer": "b",
      "explanation": "To operate an aircraft whose annual inspection has expired, a special flight permit (ferry permit) issued by the FAA is required to fly it to a place where the inspection can be performed (FAR 21.197)."
    },
    {
      "question_number": 13,
      "question": "What type of inspection is required when an aircraft is placed on a progressive inspection system?",
      "options": {
        "a": "A phase inspection",
        "b": "Annual inspection",
        "c": "Manufacturer's recommended inspection"
      },
      "correct_answer": "a",
      "explanation": "When using a progressive inspection system (FAR 91.409(d)), the required inspections are typically broken down into specific segments or 'phases' that replace the need for separate annual and 100-hour checks."
    },
    {
      "question_number": 14,
      "question": "Who must supervise a progressive inspection system on an aircraft?",
      "options": {
        "a": "Authorized inspector",
        "b": "Owner or operator",
        "c": "A&P technician"
      },
      "correct_answer": "a",
      "explanation": "Progressive inspection systems require supervision and proper maintenance of the program itself. While A&P technicians perform the work, the overall system is generally required to be supervised or administered by an authorized person, typically a mechanic with an Inspection Authorization (IA)."
    },
    {
      "question_number": 15,
      "question": "Who can sign off or approve for return to service the various phases of a progressive inspection?",
      "options": {
        "a": "A&P technician",
        "b": "Repairman",
        "c": "Owner or operator"
      },
      "correct_answer": "a",
      "explanation": "The various phases or segments of a progressive inspection, like a 100-hour inspection, can be approved for return to service by a certificated A&P technician (FAR 43.7)."
    },
    {
      "question_number": 16,
      "question": "Who is primarily responsible for having and maintaining the aircraft maintenance records?",
      "options": {
        "a": "A&P technician performing the work on the aircraft",
        "b": "Owner or operator of the aircraft",
        "c": "FAA"
      },
      "correct_answer": "b",
      "explanation": "The owner or operator of the aircraft is primarily responsible for having and maintaining the aircraft maintenance records, according to FARs (e.g., FAR 91.417)."
    },
    {
      "question_number": 17,
      "question": "Who is responsible for making appropriate entries in the maintenance records after performing an inspection or maintenance on the aircraft?",
      "options": {
        "a": "A&P technician performing the work on the aircraft",
        "b": "Owner or operator of the aircraft",
        "c": "Pilot of the aircraft"
      },
      "correct_answer": "a",
      "explanation": "The person approving the aircraft for return to service (typically the A&P technician or authorized inspector who performed the work) is responsible for making the maintenance record entries."
    },
    {
      "question_number": 18,
      "question": "Which of the following is considered to be a part of the permanent maintenance records on an aircraft?",
      "options": {
        "a": "Time in service of the aircraft",
        "b": "Record of all annual inspections",
        "c": "Record of all service bulletins complied with"
      },
      "correct_answer": "a",
      "explanation": "Permanent records include the total time in service of the airframe, engines, propellers, and rotor blades, as specified in FAR 91.417(a)(2)(i)."
    },
    {
      "question_number": 19,
      "question": "How long must the temporary maintenance records be retained?",
      "options": {
        "a": "6 months, unless sooner superseded by other work",
        "b": "9 months, unless sooner superseded by other work",
        "c": "12 months, unless sooner superseded by other work"
      },
      "correct_answer": "c",
      "explanation": "Temporary maintenance records must be retained until the work is repeated or superseded, or for 1 year after the work is performed, whichever occurs first (FAR 91.417(b))."
    },
    {
      "question_number": 20,
      "question": "The five items required in a maintenance record entry returning a minor repair to service are:",
      "options": {
        "a": "Date, tach time, description of work, signature, and certificate number",
        "b": "Date, total time, description of work, name and certificate number",
        "c": "Date, description of work, a name, signature, and certificate number"
      },
      "correct_answer": "c",
      "explanation": "FAR 43.9 requires the date of completion, description of work, name of the person performing the work, signature of the person approving return to service, and their certificate number/type."
    },
    {
      "question_number": 21,
      "question": "The six items required in a maintenance record entry approving a 100-hour inspection for return to service are:",
      "options": {
        "a": "Date, total time, type of inspection, certification statement, signature, and certificate number",
        "b": "Date, tach time, certification statement, name, signature, and certificate number",
        "c": "Date, tach time, type of inspection, signature, and certificate number"
      },
      "correct_answer": "a",
      "explanation": "Record entries for inspections must include the type of inspection, date, total time in service, the required certification statement, the signature, and the certificate number/type of the person approving return to service (FAR 43.11)."
    },
    {
      "question_number": 22,
      "question": "The form used to record and approve for return to service major alterations and repairs is called a Form:",
      "options": {
        "a": "802",
        "b": "727",
        "c": "337"
      },
      "correct_answer": "c",
      "explanation": "FAA Form 337, titled 'Major Repair and Alteration,' is the document required to record and approve major repairs and alterations."
    },
    {
      "question_number": 23,
      "question": "The information required in a maintenance record entry for the compliance with a recurring airworthiness directive are:",
      "options": {
        "a": "Date, total time, AD number, revision date, method of compliance, next due time or date, name, signature, and certificate number",
        "b": "Date, AD number, method of compliance, name, signature, and certificate number",
        "c": "Date, tach time, AD number, signature, and certificate number"
      },
      "correct_answer": "a",
      "explanation": "Compliance records for Airworthiness Directives must include the AD number and revision date, method of compliance, the total time in service, the date of the compliance, and for recurring ADs, the time or date of the next required action, along with the signature and certificate information of the approver (FAR 91.417)."
    }
  ]
