[
    {
      "question_number": 1,
      "question": "Who is primarily responsible for maintaining an aircraft in airworthy condition?",
      "options": {
        "a": "A&P technician",
        "b": "Owner or operator",
        "c": "FAA inspector"
      },
      "correct_answer": "b",
      "explanation": "The Federal Aviation Regulations state that the owner or operator is primarily responsible for maintaining the aircraft in an airworthy condition."
    },
    {
      "question_number": 2,
      "question": "On aircraft requiring an annual inspection how often is this inspection required?",
      "options": {
        "a": "12 calendar months",
        "b": "12 months",
        "c": "Once a year"
      },
      "correct_answer": "a",
      "explanation": "An annual inspection must be performed and approved within the preceding 12 calendar months."
    },
    {
      "question_number": 3,
      "question": "How many hours may a 100-hour inspection be exceeded if necessary to fly to a place where the inspection can be performed?",
      "options": {
        "a": "10 hours",
        "b": "5 hours",
        "c": "1 hour"
      },
      "correct_answer": "a",
      "explanation": "The 100-hour limit may be exceeded by not more than 10 hours if necessary to fly the aircraft to a place where the inspection can be performed."
    },
    {
      "question_number": 4,
      "question": "If an annual inspection is completed on June 6, 1995, when will the inspection period expire?",
      "options": {
        "a": "June 6, 1996",
        "b": "June 30, 1996",
        "c": "June 30, 1995"
      },
      "correct_answer": "b",
      "explanation": "An annual inspection expires on the last day of the 12th calendar month after the inspection was performed. June 6, 1995, plus 12 calendar months ends on June 30, 1996."
    },
    {
      "question_number": 5,
      "question": "Who can perform and approve for return to service an annual inspection?",
      "options": {
        "a": "Authorized inspector",
        "b": "A&P technician",
        "c": "Repair station"
      },
      "correct_answer": "a",
      "explanation": "Only a mechanic holding an Inspection Authorization (IA), often referred to as an Authorized Inspector, can perform and approve an aircraft for return to service after an annual inspection."
    },
    {
      "question_number": 6,
      "question": "Who can approve an aircraft for return to service after a 100-hour inspection has been completed?",
      "options": {
        "a": "A&P technician",
        "b": "Repair station",
        "c": "Repairman"
      },
      "correct_answer": "a",
      "explanation": "A 100-hour inspection can be performed and approved for return to service by a certificated A&P mechanic (Airframe and Powerplant technician)."
    },
    {
      "question_number": 7,
      "question": "What is required to fly an aircraft after the annual inspection has expired to a place where it can be performed?",
      "options": {
        "a": "A special flight or ferry permit from the FAA",
        "b": "An A&P technician's permission",
        "c": "Owners permission"
      },
      "correct_answer": "a",
      "explanation": "To legally fly an aircraft whose annual inspection has expired to a location where the inspection can be performed, a special flight permit (ferry permit) must be obtained from the FAA."
    },
    {
      "question_number": 8,
      "question": "What type of inspection is required when an aircraft is placed on a progressive inspection system?",
      "options": {
        "a": "Annual inspection",
        "b": "A phase inspection",
        "c": "Manufacturer's recommended inspection"
      },
      "correct_answer": "a",
      "explanation": "Before an aircraft can be placed on a progressive inspection system, it must first have a complete inspection meeting the requirements of an annual inspection, or the progressive system must ensure the entire aircraft is inspected within 12 calendar months."
    },
    {
      "question_number": 9,
      "question": "Who must supervise a progressive inspection system on an aircraft?",
      "options": {
        "a": "Authorized inspector",
        "b": "A&P technician",
        "c": "Owner or operator"
      },
      "correct_answer": "a",
      "explanation": "A progressive inspection system must be supervised by a person authorized to perform the inspection, typically a mechanic with Inspection Authorization (Authorized Inspector)."
    },
    {
      "question_number": 10,
      "question": "Who can sign off or approve for return to service the various phases of a progressive inspection?",
      "options": {
        "a": "A&P technician",
        "b": "Repairman",
        "c": "Owner or operator"
      },
      "correct_answer": "a",
      "explanation": "The individual phases of a progressive inspection can usually be approved for return to service by an A&P mechanic."
    },
    {
      "question_number": 11,
      "question": "Who must select the type of inspection program that is used on a large or turbine powered multi-engine aircraft?",
      "options": {
        "a": "Owner or operator",
        "b": "Authorized inspector",
        "c": "FAA"
      },
      "correct_answer": "a",
      "explanation": "The owner or operator of a large or turbine-powered multiengine aircraft is responsible for selecting and complying with an approved inspection program (FAR 91.409(e))."
    },
    {
      "question_number": 12,
      "question": "What is issued by the FAA to correct unsafe conditions that may exist in an aircraft?",
      "options": {
        "a": "Airworthiness Directives",
        "b": "Service Bulletins",
        "c": "Technical Standard Orders"
      },
      "correct_answer": "a",
      "explanation": "Airworthiness Directives (ADs) are legally binding regulations issued by the FAA to address unsafe conditions found in an aircraft, engine, propeller, or appliance."
    },
    {
      "question_number": 13,
      "question": "A manufacturer of an aircraft may issue information concerning an improvement or change that may be made on an aircraft, these changes are called:",
      "options": {
        "a": "Service Bulletins",
        "b": "Airworthiness Directives",
        "c": "Advisory Circulars"
      },
      "correct_answer": "a",
      "explanation": "Manufacturers issue Service Bulletins (SBs) to recommend modifications, improvements, or scheduled service items."
    },
    {
      "question_number": 14,
      "question": "When inspecting the seat belts in an aircraft what TSO number should be printed on the identification tag?",
      "options": {
        "a": "TSO C22B",
        "b": "TSO C14A",
        "c": "TSO C15C"
      },
      "correct_answer": "a",
      "explanation": "Technical Standard Order (TSO) C22B specifies the minimum performance standards for safety belts."
    },
    {
      "question_number": 15,
      "question": "What aircraft document must be displayed in the interior of the aircraft?",
      "options": {
        "a": "Airworthiness certificate",
        "b": "Registration certificate",
        "c": "FCC license"
      },
      "correct_answer": "a",
      "explanation": "The Airworthiness Certificate must be displayed at the entrance to the cockpit or cabin, so it is legible to the passengers or crew."
    },
    {
      "question_number": 16,
      "question": "What appendix in FAR Part 43 covers the minimum inspection requirements on an aircraft?",
      "options": {
        "a": "Appendix D",
        "b": "Appendix A",
        "c": "Appendix B"
      },
      "correct_answer": "a",
      "explanation": "FAR Part 43, Appendix D, outlines the scope and detail of items that must be included in an annual or 100-hour inspection."
    },
    {
      "question_number": 17,
      "question": "According to FAR Part 43 what must be used in performing an inspection on an aircraft?",
      "options": {
        "a": "A checklist",
        "b": "A flashlight",
        "c": "An inspector mirror"
      },
      "correct_answer": "a",
      "explanation": "FAR 43 requires the use of a checklist during an annual or 100-hour inspection to ensure all required items listed in Appendix D are covered."
    },
    {
      "question_number": 18,
      "question": "On an aircraft equipped with a retractable landing gear what must be done during the inspection to insure proper operation of the landing gear?",
      "options": {
        "a": "Perform a retraction and extension check",
        "b": "Change fluid in the strut",
        "c": "Dye check the retraction links"
      },
      "correct_answer": "a",
      "explanation": "A required step in the inspection of a retractable landing gear system is to perform a functional check of the retraction and extension system to ensure proper operation."
    },
    {
      "question_number": 19,
      "question": "When performing a 100-hour inspection on the engine you are required to:",
      "options": {
        "a": "Perform a compression check",
        "b": "Retorque all the cylinder hold down bolts",
        "c": "Change the spark plugs"
      },
      "correct_answer": "a",
      "explanation": "During a 100-hour or annual inspection, the engine inspection requirements typically include a compression check (differential pressure test) to determine the internal condition of the cylinders."
    },
    {
      "question_number": 20,
      "question": "Before approving an aircraft for returns to service following a 100-hour inspection you are required to:",
      "options": {
        "a": "Operate the engine and perform certain functional checks",
        "b": "Test fly the aircraft",
        "c": "Notify the local FAA office"
      },
      "correct_answer": "a",
      "explanation": "Part of the inspection approval process involves operating the engine and performing necessary functional checks to ensure the aircraft is airworthy."
    },
    {
      "question_number": 21,
      "question": "When inspecting the ELT on an aircraft you should check:",
      "options": {
        "a": "Date of battery replacement",
        "b": "Date of installation",
        "c": "Date of last operational check"
      },
      "correct_answer": "a",
      "explanation": "A critical check during an ELT inspection is verifying the expiration date of the battery, which dictates when it must be replaced."
    },
    {
      "question_number": 22,
      "question": "When performing the operational check on the engine which of the following RPM checks should be done?",
      "options": {
        "a": "Idle and static RPM",
        "b": "Idle and cruise RPM",
        "c": "Static and cruise RPM"
      },
      "correct_answer": "a",
      "explanation": "Engine operational checks usually include verifying proper idle speed and checking the maximum achievable RPM (static RPM) against manufacturer specifications."
    },
    {
      "question_number": 23,
      "question": "Who is primarily responsible for having and maintaining the aircraft maintenance records?",
      "options": {
        "a": "Owner or operator of the aircraft",
        "b": "A&P technician performing the work on the aircraft",
        "c": "FAA"
      },
      "correct_answer": "a",
      "explanation": "FAR 91.417 requires the owner or operator to keep and maintain the required maintenance records."
    },
    {
      "question_number": 24,
      "question": "Who is responsible for making appropriate entries in the maintenance records after performing an inspection or maintenance on the aircraft?",
      "options": {
        "a": "A&P technician performing the work on the aircraft",
        "b": "Owner or operator of the aircraft",
        "c": "Pilot of the aircraft"
      },
      "correct_answer": "a",
      "explanation": "The person who performs the inspection or maintenance (e.g., the A&P technician) is responsible for making the required entries in the aircraft maintenance records."
    },
    {
      "question_number": 25,
      "question": "Which of the following is considered to be a part of the permanent maintenance records on an aircraft?",
      "options": {
        "a": "Time in service of the aircraft",
        "b": "Record of all annual inspections",
        "c": "Record of all 100-hour inspections"
      },
      "correct_answer": "a",
      "explanation": "Permanent records (those transferred when the aircraft is sold) include the total time in service of the airframe, engines, and propellers."
    },
    {
      "question_number": 26,
      "question": "How long must the temporary maintenance records be retained?",
      "options": {
        "a": "12 months, unless sooner superceded by other work",
        "b": "6 months, unless sooner superceded by other work",
        "c": "24 months, unless sooner superceded by other work"
      },
      "correct_answer": "a",
      "explanation": "Records concerning maintenance, preventive maintenance, and alterations are temporary records and must be retained for 1 year or until the work is superseded by a subsequent maintenance operation."
    },
    {
      "question_number": 27,
      "question": "The five items required in a maintenance record entry returning a minor repair to service are:",
      "options": {
        "a": "Date, description of work, a name, signature, and certificate number",
        "b": "Date, total time, description of work, name and certificate number",
        "c": "Date, tach time, description of work, signature, and certificate number"
      },
      "correct_answer": "a",
      "explanation": "FAR 43.9 specifies the required content for maintenance record entries: description of the work, date, name, signature, and certificate/authorization number."
    },
    {
      "question_number": 28,
      "question": "The six items required in a maintenance record entry approving a 100-hour inspection for return to service are:",
      "options": {
        "a": "Date, total time, type of inspection, certification statement, signature, and certificate number",
        "b": "Date, tach time, certification statement, name, signature, and certificate number",
        "c": "Date, tach time, type of inspection, signature, and certificate number"
      },
      "correct_answer": "a",
      "explanation": "FAR 43.11 specifies the required content for inspection record entries: type of inspection, date, aircraft total time in service, signature, certificate number, and the required approval statement (certification statement)."
    },
    {
      "question_number": 29,
      "question": "The form used to record and approve for return to service major alterations and repairs is called a Form:",
      "options": {
        "a": "337",
        "b": "802",
        "c": "727"
      },
      "correct_answer": "a",
      "explanation": "FAA Form 337, Major Repair and Alteration, is the required document for recording and approving major repairs or major alterations performed on an aircraft."
    },
    {
      "question_number": 30,
      "question": "The information required in a maintenance record entry for the compliance with a recurring airworthiness directive are:",
      "options": {
        "a": "Date, total time, AD number, revision date, method of compliance, next due time or date, name, signature, and certificate number",
        "b": "Date, total time, AD number, method of compliance, signature, certificate number",
        "c": "Date, AD number, method of compliance, name, signature, and certificate number"
      },
      "correct_answer": "a",
      "explanation": "FAR 91.417 requires permanent AD records to include the current status, method of compliance, AD number, revision date, and, if recurring, the time and date when the next compliance is required, along with the required signature and certificate information."
    }
  ]
