 [
    {
      "question_number": 1,
      "question": "The maximum time a 100-hour inspection may be extended is",
      "options": {
        "a": "10 hours.",
        "b": "10 hours with a special flight permit.",
        "c": "12 hours with a special flight permit."
      },
      "correct_answer": "a",
      "explanation": "According to 14 CFR 91.409(b), the 100-hour inspection limitation may be exceeded by not more than 10 hours while en route to a place where the inspection can be done. This excess time must be included in computing the next 100 hours of time in service."
    },
    {
      "question_number": 2,
      "question": "Which statement is correct when an aircraft has not been approved for return to service after an annual inspection because of several items requiring minor repair?",
      "options": {
        "a": "Only the person who performed the annual inspection may approve the aircraft for return to service.",
        "b": "An appropriately rated mechanic may repair the defects and approve the aircraft for return to service.",
        "c": "An appropriately rated mechanic may repair the defects, but an IA must approve the aircraft for return to service."
      },
      "correct_answer": "b",
      "explanation": "Minor repairs or alterations found during an annual inspection, which prevented the initial approval for return to service, can be corrected and approved for return to service by an appropriately rated certificated mechanic (A&P). The Inspection Authorization (IA) holder is only required to approve the annual inspection itself."
    },
    {
      "question_number": 3,
      "question": "Which statement is correct regarding an aircraft that is found to be unairworthy after an annual inspection, due to an item requiring a major repair (assuming approved data is used to accomplish the repair)?",
      "options": {
        "a": "An appropriately rated mechanic may accomplish the repair, and an IA may approve the aircraft for return to service.",
        "b": "An appropriately rated mechanic or repair station may repair the defect and approve the aircraft for return to service.",
        "c": "Only the person who performed the annual inspection may approve the aircraft for return to service, after the major repair."
      },
      "correct_answer": "a",
      "explanation": "A major repair must be accomplished by an appropriately rated mechanic or repair station using approved data. Approval for return to service after a major repair must be made by a mechanic holding an Inspection Authorization (IA) or an authorized repair station/manufacturer."
    },
    {
      "question_number": 4,
      "question": "When overhauling electrical equipment, all necessary information should be obtained from",
      "options": {
        "a": "the aircraft maintenance manual.",
        "b": "maintenance instructions published by the aircraft and/or equipment manufacturer.",
        "c": "illustrated parts manual for the aircraft."
      },
      "correct_answer": "b",
      "explanation": "Overhaul procedures for electrical equipment require specific instructions and tolerances best detailed in the maintenance instructions published by the equipment manufacturer or the aircraft manufacturer."
    },
    {
      "question_number": 5,
      "question": "Radio equipment installations made in accordance with Supplemental Type Certificate data require approval for return to service",
      "options": {
        "a": "by a field approval from the FAA.",
        "b": "by an airframe and powerplant mechanic.",
        "c": "by the holder of an inspection authorization."
      },
      "correct_answer": "c",
      "explanation": "Major alterations, such as installations performed using Supplemental Type Certificate (STC) data, must be approved for return to service by a mechanic holding an Inspection Authorization (IA) according to FAR Part 43, provided the work conforms to the approved data."
    },
    {
      "question_number": 6,
      "question": "For an individual (not a repair station) to conduct a complete 100-hour inspection on an aircraft and approve it for return to service requires a mechanic certificate with",
      "options": {
        "a": "an airframe rating only.",
        "b": "airframe and powerplant ratings.",
        "c": "airframe and powerplant ratings with an inspection authorization."
      },
      "correct_answer": "b",
      "explanation": "According to 14 CFR part 43.7, a certified mechanic holding both Airframe and Powerplant ratings may perform and approve a 100-hour inspection for return to service. An Inspection Authorization (IA) is required only for annual inspections, major repairs/alterations, or progressive inspections."
    },
    {
      "question_number": 7,
      "question": "Where would you find the recommended statement for recording the approval or disapproval for return to service of an aircraft after a 100-hour or annual inspection?",
      "options": {
        "a": "14 CFR Part 65.",
        "b": "14 CFR Part 43.",
        "c": "14 CFR Part 91."
      },
      "correct_answer": "b",
      "explanation": "14 CFR Part 43 (Maintenance, Preventive Maintenance, Rebuilding, and Alteration) outlines the required maintenance records, including the approval or disapproval statement for return to service after major inspections like 100-hour or annual checks (specifically 14 CFR 43.11)."
    },
    {
      "question_number": 8,
      "question": "An aircraft that is due an annual inspection may be flown",
      "options": {
        "a": "if a special permit has been issued for the aircraft.",
        "b": "for the purpose of performing maintenance.",
        "c": "for a period of time not to exceed 10 hours."
      },
      "correct_answer": "a",
      "explanation": "According to 14 CFR 91.409(a), an aircraft that has not had its required annual inspection may not be operated unless a Special Flight Permit (Ferry Permit) is obtained from the FAA. This permit allows the aircraft to be flown to a place where the required inspection can be performed."
    }
  ]
