[
    {
        "question_number": 1,
        "question": "Hydraulic system deal with design of aspirators is related to:",
        "options": {
            "A": "Bernoulli's Principle",
            "B": "Pascal's Law"
        },
        "correct_answer": "A",
        "explanation": "Aspirators function based on the Venturi effect, which is a direct application of Bernoulli's Principle, where an increase in fluid speed results in a decrease in pressure."
    },
    {
        "question_number": 2,
        "question": "How to detect small leakages in pneumatic system?",
        "options": {
            "A": "By the sound of escaping air",
            "B": "Using Soap and water solution",
            "C": "By the sense of airflow"
        },
        "correct_answer": "B",
        "explanation": "Applying a soap and water solution is the most reliable method for pinpointing small pneumatic leaks, as the escaping air will form visible bubbles at the leak's location."
    },
    {
        "question_number": 3,
        "question": "Pump used for high volume airflow output is:",
        "options": {
            "A": "Gear type pump",
            "B": "Vane type air pump",
            "C": "Piston type pump"
        },
        "correct_answer": "B",
        "explanation": "Vane-type air pumps are designed to move a large volume of air at relatively low pressure, making them suitable for applications like inflating de-ice boots."
    },
    {
        "question_number": 4,
        "question": "Which of the following components is unique for pneumatic systems?",
        "options": {
            "A": "Shuttle Valve",
            "B": "Selector Valve",
            "C": "Oil separator"
        },
        "correct_answer": "C",
        "explanation": "While shuttle and selector valves are used in both system types, an oil separator (or water/air separator) is a component particularly crucial for pneumatic systems to ensure clean, dry air is used."
    },
    {
        "question_number": 5,
        "question": "Where is Overheat switch is located?",
        "options": {
            "A": "Pressure Line",
            "B": "Case Drain",
            "C": "Engine"
        },
        "correct_answer": "B",
        "explanation": "The overheat switch for a hydraulic pump is typically located in the case drain line, as this fluid carries away the heat generated by the pump's internal leakage and friction, providing an accurate place to monitor temperature."
    },
    {
        "question_number": 6,
        "question": "Check flow valve in pneumatic system is used to prevent:",
        "options": {
            "A": "Reverse Flow",
            "B": "Overpressure",
            "C": "Over heat"
        },
        "correct_answer": "A",
        "explanation": "A check valve is a one-way valve designed by definition to permit air or fluid to flow in only one direction, thus preventing any reverse flow."
    },
    {
        "question_number": 7,
        "question": "Thermal relief valve used to:",
        "options": {
            "A": "Excessive system Temperature",
            "B": "Excessive system pressure",
            "C": "Fluid leakage"
        },
        "correct_answer": "B",
        "explanation": "A thermal relief valve protects a line with trapped fluid from excessive system pressure that builds up due to the fluid's thermal expansion when heated."
    },
    {
        "question_number": 8,
        "question": "What is the difference between dry vane pump and wet vane pump?",
        "options": {
            "A": "Dry pumps are lubricated with the engine oil",
            "B": "Dry pumps are made up of carbon",
            "C": "Dry pumps are made up of steel"
        },
        "correct_answer": "B",
        "explanation": "Dry vane pumps are distinguished by their self-lubricating vanes, which are made of a carbon-graphite material. Wet pumps typically use steel vanes and require external oil for lubrication."
    },
    {
        "question_number": 9,
        "question": "Why do we pressurize hydraulic system reservoir?",
        "options": {
            "A": "To prevent overpressure",
            "B": "To maintain (provide) positive fluid flow to the pump",
            "C": "To store hydraulic fluid"
        },
        "correct_answer": "B",
        "explanation": "Pressurizing the reservoir ensures a positive pressure at the pump inlet, which prevents the pump from cavitating, especially at high altitudes where ambient air pressure is significantly lower."
    },
    {
        "question_number": 10,
        "question": "Where is the heat exchanger of hydraulic system located?",
        "options": {
            "A": "Near the wheel well",
            "B": "Relative to the engine",
            "C": "Inside the main fuel tank"
        },
        "correct_answer": "C",
        "explanation": "In many large aircraft, hydraulic heat exchangers are located within the fuel tanks, using the large volume of cool fuel as an efficient heat sink to cool the hydraulic fluid."
    },
    {
        "question_number": 11,
        "question": "Filter which uses metal disks staked together is?",
        "options": {
            "A": "Surface filter",
            "B": "Cuno (edge) filter",
            "C": "Wire screen filter"
        },
        "correct_answer": "B",
        "explanation": "A Cuno filter, also known as an edge-type filter, is constructed from a stack of thin metal discs. Fluid passes through the gaps between the discs, and contaminants are caught on the edges."
    },
    {
        "question_number": 12,
        "question": "Hand pumps in hydraulic system are normally:",
        "options": {
            "A": "Single acting",
            "B": "Double acting",
            "C": "Both A and B"
        },
        "correct_answer": "B",
        "explanation": "Most aircraft hydraulic hand pumps are double-acting, meaning they move fluid on both the push and pull strokes of the handle, providing a more continuous and efficient operation."
    },
    {
        "question_number": 13,
        "question": "When does PTU on B737 operate automatically?",
        "options": {
            "A": "System B EDP fails",
            "B": "System A EDP fails",
            "C": "Standby system fails"
        },
        "correct_answer": "A",
        "explanation": "The Power Transfer Unit (PTU) on a B737 automatically operates to supply hydraulic power to system B from system A when the system B engine-driven pump (EDP) pressure drops below a set limit."
    },
    {
        "question_number": 14,
        "question": "Stand pipe of a hydraulic reservoir is connected to which type of pump?",
        "options": {
            "A": "Engine driven pump",
            "B": "Compressor",
            "C": "Shuttle valve"
        },
        "correct_answer": "A",
        "explanation": "The standpipe in a reservoir supplies fluid to the main system pumps, such as the engine-driven pumps (EDPs). Its height ensures a reserve of fluid remains for emergency pumps if the main system fails."
    },
    {
        "question_number": 15,
        "question": "A linear hydraulic actuator that has different diameter rods extended out from both sides of pistons is named as",
        "options": {
            "A": "Unbalance actuator",
            "B": "Balance Actuator",
            "C": "Piston type"
        },
        "correct_answer": "A",
        "explanation": "An unbalanced actuator has different effective surface areas on either side of the piston. Rods of different diameters extending from both sides would create such an imbalance, resulting in different force and speed characteristics for extension and retraction."
    },
    {
        "question_number": 16,
        "question": "The degree of filtration of a cuno filter is determined by the thickness of the ____________.",
        "options": {
            "A": "Discs",
            "B": "Spacer",
            "C": "Filter element"
        },
        "correct_answer": "B",
        "explanation": "In a Cuno filter, the spacers placed between the filter discs determine the size of the gap that fluid flows through. The thickness of these spacers sets the filtration level."
    },
    {
        "question_number": 17,
        "question": "What constitutes the power pack?",
        "options": {
            "A": "Pump, reservoir, selector, filter",
            "B": "Oil separator",
            "C": "Hydraulic fluid"
        },
        "correct_answer": "A",
        "explanation": "A hydraulic power pack is a self-contained unit that includes the core components needed to generate and control hydraulic power, chiefly a reservoir, pump, and control valves like a selector valve."
    },
    {
        "question_number": 18,
        "question": "Consequence of too much torque is?",
        "options": {
            "A": "Damage the metal and seal",
            "B": "Leakage of too much fluid",
            "C": "Looseness of parts"
        },
        "correct_answer": "A",
        "explanation": "Applying excessive torque to a fastener can stretch or break the component, damage threads, and crush seals or gaskets, leading to structural failure and leaks."
    },
    {
        "question_number": 19,
        "question": "Solenoid operated valves are:",
        "options": {
            "A": "Energized, Closed fail-safe",
            "B": "Energized, Open",
            "C": "Either open or closed, Energized"
        },
        "correct_answer": "C",
        "explanation": "A solenoid-operated valve uses an electrical current to energize a coil, which then shifts the valve. Depending on its design (normally open or normally closed), this energized state will either open or close the fluid path."
    },
    {
        "question_number": 20,
        "question": "You commonly check ..................... in the accumulator",
        "options": {
            "A": "Accumulator Air Pressure",
            "B": "Accumulator Oil Pressure",
            "C": "Accumulator Oil quantity"
        },
        "correct_answer": "A",
        "explanation": "The critical service for an accumulator is checking its dry nitrogen or air pre-charge pressure. This must be done when there is no hydraulic pressure in the system to get an accurate reading."
    },
    {
        "question_number": 21,
        "question": "Which of the following hydraulic fluids have good lubricating property?",
        "options": {
            "A": "Mineral-base fluid",
            "B": "Phosphate-base fluid",
            "C": "Polyalphaolefin-base fluid"
        },
        "correct_answer": "A",
        "explanation": "Mineral-based hydraulic fluids, being derived from petroleum, have excellent natural lubricity, which helps reduce wear on moving parts within the hydraulic system."
    },
    {
        "question_number": 22,
        "question": "The valve used in a hydraulic system that directs pressurized fluid to one end of an actuating cylinder and simultaneously directs return fluid to the reservoir from the other end, is:",
        "options": {
            "A": "Sequence valve",
            "B": "Shuttle valve",
            "C": "Selector valve"
        },
        "correct_answer": "C",
        "explanation": "This describes the function of a selector valve (also called a directional control valve), which is used to control the direction of movement of an actuator."
    },
    {
        "question_number": 23,
        "question": "What is the purpose of standpipe in hydraulic system reservoir?",
        "options": {
            "A": "Prevent drawing all the fluid",
            "B": "To supply fuel to the accumulator"
        },
        "correct_answer": "A",
        "explanation": "A standpipe provides fluid to the main system pumps from a level above the reservoir floor, ensuring that a leak in the main system will not drain the reservoir completely, thus preserving a reserve quantity of fluid for emergency systems."
    }
]