[
    {
        "question_number": 1,
        "question": "What is the purpose of permanent ballast in an aircraft?",
        "options": {
            "A": "To be removed before every flight.",
            "B": "To adjust the empty weight Center of Gravity (CG) to be within limits.",
            "C": "To increase the maximum takeoff weight."
        },
        "correct_answer": "B",
        "explanation": "Permanent ballast is weight that is permanently installed in an aircraft to bring the empty weight Center of Gravity into the allowable range."
    },
    {
        "question_number": 2,
        "question": "When is temporary ballast typically used in an aircraft?",
        "options": {
            "A": "It is part of the aircraft's basic empty weight.",
            "B": "To bring the Center of Gravity (CG) within limits for a specific flight.",
            "C": "It is permanently bolted to the aircraft structure."
        },
        "correct_answer": "B",
        "explanation": "Temporary ballast is added for a specific flight to ensure the Center of Gravity remains within safe limits and is typically removed after the flight."
    },
    {
        "question_number": 3,
        "question": "What does the term 'CG distance' or 'arm' refer to in aircraft weight and balance?",
        "options": {
            "A": "The aircraft's total length.",
            "B": "The horizontal distance from the reference datum to the Center of Gravity.",
            "C": "The distance between the main wheels."
        },
        "correct_answer": "B",
        "explanation": "The Center of Gravity (CG) distance, also known as the arm, is the horizontal distance from a reference datum to the CG of an item. The value '10.7' from the text is an example of such a measurement."
    },
    {
        "question_number": 4,
        "question": "How is the aircraft's overall Center of Gravity (CG) location calculated?",
        "options": {
            "A": "By multiplying total weight by the total moment.",
            "B": "By dividing the total moment by the total weight.",
            "C": "By dividing total weight by the total moment."
        },
        "correct_answer": "B",
        "explanation": "The Center of Gravity (CG) is calculated by dividing the total moment (the sum of all individual weight-x-arm products) by the total weight of the aircraft."
    },
    {
        "question_number": 5,
        "question": "What is a key component included when determining an aircraft's basic empty weight?",
        "options": {
            "A": "Passengers and baggage.",
            "B": "The aircraft structure, installed equipment, and unusable fuel.",
            "C": "All usable fuel and oil."
        },
        "correct_answer": "B",
        "explanation": "Basic empty weight includes the weight of the standard aircraft, optional equipment, unusable fuel, and full operating fluids like oil. It does not include passengers, cargo, or usable fuel."
    },
    {
        "question_number": 6,
        "question": "Which formula correctly represents the calculation for the Center of Gravity (CG)?",
        "options": {
            "A": "CG = Total Weight / Total Moment",
            "B": "CG = Total Moment / Total Weight",
            "C": "CG = Total Weight x Total Moment"
        },
        "correct_answer": "B",
        "explanation": "The Center of Gravity (CG) is the point of balance and is found by dividing the total moment by the total weight."
    },
    {
        "question_number": 7,
        "question": "What does 'static load' refer to when weighing an aircraft?",
        "options": {
            "A": "The forces acting on an aircraft during flight maneuvers.",
            "B": "The maximum weight the aircraft structure can support.",
            "C": "The weight of the aircraft and its contents when it is at rest on the ground."
        },
        "correct_answer": "C",
        "explanation": "Static load is the total weight supported by the aircraft's landing gear when it is stationary on the ground, which is the sum of the weights measured at each wheel."
    },
    {
        "question_number": 8,
        "question": "What is the 'CG limit envelope' found in an aircraft's POH/AFM?",
        "options": {
            "A": "A diagram showing the aircraft's external dimensions.",
            "B": "A graph defining the approved range of weight and CG combinations.",
            "C": "A chart showing the maximum altitude the aircraft can reach."
        },
        "correct_answer": "B",
        "explanation": "The CG limit envelope is a graph that shows the permissible forward, aft, and weight limits for the aircraft's Center of Gravity. Safe operation requires the aircraft's W&B to fall within this envelope."
    },
    {
        "question_number": 9,
        "question": "What is the primary purpose of an aircraft 'Load Sheet'?",
        "options": {
            "A": "To record maintenance actions.",
            "B": "To calculate the weight and balance for a specific flight.",
            "C": "To list the flight crew's schedules."
        },
        "correct_answer": "B",
        "explanation": "A load sheet is a document used to systematically calculate the aircraft's total weight and Center of Gravity for a flight, ensuring it remains within safe operational limits."
    },
    {
        "question_number": 10,
        "question": "What does the 'computational method' of weight and balance involve?",
        "options": {
            "A": "Using a physical scale model to determine balance.",
            "B": "Using pre-calculated tables and charts provided by the manufacturer.",
            "C": "Using mathematical formulas to calculate moments and CG location."
        },
        "correct_answer": "C",
        "explanation": "The computational method involves calculating the moment for each item (weight \u00d7 arm) and then using the formula CG = Total Moment / Total Weight to find the precise Center of Gravity location."
    },
    {
        "question_number": 11,
        "question": "How is fuel accounted for in an aircraft's basic empty weight calculation?",
        "options": {
            "A": "The weight of full fuel tanks is included.",
            "B": "Only the weight of unusable fuel is included.",
            "C": "Fuel is never included in the empty weight calculation."
        },
        "correct_answer": "B",
        "explanation": "Basic empty weight includes the weight of unusable fuel (the fuel that cannot be fed to the engine). Usable fuel is not part of the empty weight."
    },
    {
        "question_number": 12,
        "question": "What is a direct consequence of operating an aircraft above its maximum certified weight?",
        "options": {
            "A": "Increased engine performance.",
            "B": "Improved maneuverability.",
            "C": "Reduced performance, such as a lower rate of climb."
        },
        "correct_answer": "C",
        "explanation": "An overweight condition severely degrades aircraft performance, resulting in a longer takeoff roll, reduced rate of climb, lower maximum altitude, and increased landing speed and distance."
    },
    {
        "question_number": 13,
        "question": "Where can a pilot find the definitive list of equipment installed on an aircraft for weight and balance calculations?",
        "options": {
            "A": "In the aircraft's maintenance logbook.",
            "B": "In the Weight and Balance section of the Pilot's Operating Handbook (POH).",
            "C": "On a placard on the instrument panel."
        },
        "correct_answer": "B",
        "explanation": "The Pilot's Operating Handbook (POH) or Airplane Flight Manual (AFM) contains a comprehensive equipment list, specifying the weight and arm of all standard and optional equipment."
    },
    {
        "question_number": 14,
        "question": "When weighing an aircraft, what is 'tare weight'?",
        "options": {
            "A": "The aircraft's basic empty weight.",
            "B": "The weight of all optional equipment not part of the aircraft.",
            "C": "The weight of equipment used for weighing, such as chocks or jacks."
        },
        "correct_answer": "C",
        "explanation": "Tare weight is the weight of any equipment on the scales that is not part of the aircraft (e.g., chocks, jacks). This weight must be subtracted from the scale reading to determine the aircraft's true weight."
    },
    {
        "question_number": 15,
        "question": "Under what circumstances is an aircraft required to be re-weighed?",
        "options": {
            "A": "After every 100-hour inspection.",
            "B": "After a major repair, alteration, or repainting.",
            "C": "Only when the aircraft is first manufactured."
        },
        "correct_answer": "B",
        "explanation": "An aircraft must be re-weighed after any major repair, significant alteration (like installing new avionics), or a complete repaint, as these actions can alter its empty weight and CG."
    },
    {
        "question_number": 16,
        "question": "Why is it essential for a pilot to perform a Weight and Balance (W&B) check before every flight?",
        "options": {
            "A": "To calculate the exact fuel consumption for the trip.",
            "B": "To ensure the aircraft's weight and CG are within safe limits.",
            "C": "It is a record-keeping formality with no impact on safety."
        },
        "correct_answer": "B",
        "explanation": "A pre-flight W&B calculation is a critical safety check to confirm that the aircraft is not overweight and its Center of Gravity (CG) is within the approved range for safe, stable, and controllable flight."
    },
    {
        "question_number": 17,
        "question": "What does an aircraft's 'Maximum Takeoff Weight' represent?",
        "options": {
            "A": "The weight of the aircraft without any fuel or passengers.",
            "B": "The maximum permissible weight at the start of the takeoff roll.",
            "C": "The maximum weight at which the aircraft is allowed to land."
        },
        "correct_answer": "B",
        "explanation": "Maximum Takeoff Weight (MTOW) is a key limitation specified by the manufacturer, representing the heaviest the aircraft can be for a safe takeoff."
    },
    {
        "question_number": 18,
        "question": "For positive longitudinal stability, what must be the relationship between the Center of Gravity (CG) and the Center of Pressure (CP)?",
        "options": {
            "A": "The CG must be located behind the CP.",
            "B": "The CG must be located forward of the CP.",
            "C": "The CG and CP must be at the exact same location."
        },
        "correct_answer": "B",
        "explanation": "To ensure the aircraft has a natural tendency to return to straight-and-level flight, its Center of Gravity (CG) must be kept ahead of the wing's Center of Pressure (CP)."
    },
    {
        "question_number": 19,
        "question": "Where is the current, official empty weight and CG data for a particular aircraft documented?",
        "options": {
            "A": "On a website for the specific aircraft model.",
            "B": "In the aircraft's specific Weight and Balance Report.",
            "C": "In the pilot's personal logbook."
        },
        "correct_answer": "B",
        "explanation": "The official data for an individual aircraft's empty weight and CG is found in its current Weight and Balance Report, which is part of the aircraft's permanent records and must be updated when the aircraft is re-weighed."
    }
]