[
    {
        "question_number": 1,
        "question": "What is true about the charging valve and check control valve of a pressurized bottle?",
        "options": {
            "A": "The charging valve is used to put air in the bottle, and the check control valve acts as a shutoff valve.",
            "B": "The check control valve is used to put air in the bottle, and the charging valve acts as a shutoff valve.",
            "C": "Both valves are used exclusively for pressure relief."
        },
        "correct_answer": "A",
        "explanation": "A charging valve allows for filling the bottle, while a check control valve serves to shut off the flow, preventing the escape of the pressurized substance."
    },
    {
        "question_number": 2,
        "question": "Which type of valve shuts off flow in a line in case of a significant leak or pressure buildup?",
        "options": {
            "A": "Check Valve",
            "B": "Hydraulic Fuse",
            "C": "Selector Valve"
        },
        "correct_answer": "B",
        "explanation": "A hydraulic fuse is a safety device designed to automatically shut off fluid flow if the pressure rises to a dangerous level or if a line ruptures, preventing a total loss of fluid."
    },
    {
        "question_number": 3,
        "question": "What is the typical pressure range for a high-pressure pneumatic or hydraulic system?",
        "options": {
            "A": "100 - 500 psi",
            "B": "500 - 1000 psi",
            "C": "1000 - 3000 psi"
        },
        "correct_answer": "C",
        "explanation": "High-pressure systems in aviation typically operate in the range of 1000 to 3000 pounds per square inch (psi)."
    },
    {
        "question_number": 4,
        "question": "What type of pump is known for delivering a medium volume of fluid at a medium pressure?",
        "options": {
            "A": "Piston pump",
            "B": "Gear pump",
            "C": "Vane pump"
        },
        "correct_answer": "B",
        "explanation": "Gear pumps are commonly used in applications requiring a moderate, constant flow and pressure, making them suitable for medium volume/pressure scenarios."
    },
    {
        "question_number": 6,
        "question": "What is the first safety procedure to be performed before maintenance on a hydraulic or pneumatic system?",
        "options": {
            "A": "Check fluid levels.",
            "B": "Depressurize the system.",
            "C": "Disconnect the battery."
        },
        "correct_answer": "B",
        "explanation": "Before performing any maintenance, it is crucial to release all stored pressure from the system to prevent injury or damage."
    },
    {
        "question_number": 7,
        "question": "What type of seals are typically used in an assembly of a cylinder that has a moving piston inside?",
        "options": {
            "A": "Gaskets",
            "B": "O-rings",
            "C": "Packing"
        },
        "correct_answer": "C",
        "explanation": "Packings, often referred to as piston seals, are dynamic seals used to prevent leakage between a moving piston and the cylinder bore."
    },
    {
        "question_number": 8,
        "question": "What is a primary reason why pneumatic systems are generally less efficient than hydraulic systems?",
        "options": {
            "A": "Pneumatic systems operate at higher temperatures.",
            "B": "Pneumatic systems use compressible air, while hydraulic systems use nearly incompressible fluid.",
            "C": "Hydraulic fluid is lighter than air."
        },
        "correct_answer": "B",
        "explanation": "The compressibility of air in pneumatic systems means that energy is lost when compressing the air, making them less efficient for force transmission compared to hydraulic systems which use non-compressible fluid."
    },
    {
        "question_number": 9,
        "question": "What is a key difference between a wet vacuum pump and a dry vacuum pump?",
        "options": {
            "A": "A dry pump often uses carbon vanes, while a wet pump is made of steel and lubricated by oil.",
            "B": "A wet pump is used for pneumatic systems, and a dry pump is for hydraulic systems.",
            "C": "Dry pumps are cooled by air, while wet pumps are cooled by water."
        },
        "correct_answer": "A",
        "explanation": "Dry pumps use self-lubricating materials like carbon for their moving parts, whereas wet pumps rely on an external lubricant, typically oil, which also helps in sealing and cooling."
    },
    {
        "question_number": 10,
        "question": "In a hydraulic system, what method is used to pressurize the fluid reservoir?",
        "options": {
            "A": "Fluid returning from the actuators.",
            "B": "An external hand pump.",
            "C": "Bleed air from an engine or an aspirator in the return line."
        },
        "correct_answer": "C",
        "explanation": "Hydraulic reservoirs are often pressurized by regulated engine bleed air or an aspirator to ensure a positive supply of fluid to the pump inlet, especially at high altitudes."
    },
    {
        "question_number": 11,
        "question": "Low-pressure pneumatic systems on an aircraft are typically used to operate what?",
        "options": {
            "A": "Landing gear.",
            "B": "Flight control surfaces.",
            "C": "Gyro instruments."
        },
        "correct_answer": "C",
        "explanation": "Low-pressure air from a vacuum or pressure system is commonly used to spin the gyros in instruments such as attitude and heading indicators."
    },
    {
        "question_number": 12,
        "question": "On a Boeing 737, when does the Power Transfer Unit (PTU) operate automatically?",
        "options": {
            "A": "When the System A Engine Driven Pump (EDP) fails.",
            "B": "When the System B Engine Driven Pump (EDP) pressure drops below a limit.",
            "C": "During normal takeoff and landing."
        },
        "correct_answer": "B",
        "explanation": "The PTU on a B737 is designed to provide hydraulic power to System B from System A if the System B engine-driven pump pressure drops, ensuring critical systems remain operational."
    },
    {
        "question_number": 13,
        "question": "A standpipe in a hydraulic reservoir is used to supply fluid to which type of pump?",
        "options": {
            "A": "The main engine-driven pump.",
            "B": "An emergency pump.",
            "C": "The case drain pump."
        },
        "correct_answer": "a",
        "explanation": ""
    },
    {
        "question_number": 14,
        "question": "Where is an engine-driven hydraulic pump (EDP) typically located?",
        "options": {
            "A": "Inside the main wheel well.",
            "B": "In the aircraft's tail section.",
            "C": "On the accessory drive gearbox of the engine."
        },
        "correct_answer": "C",
        "explanation": "Engine-driven pumps are mounted on the engine's accessory gearbox, which allows the rotating engine to directly power the pump."
    },
    {
        "question_number": 15,
        "question": "Why should all openings in hydraulic and pneumatic systems be capped or plugged during maintenance?",
        "options": {
            "A": "To prevent pressure loss.",
            "B": "To prevent contamination of the system.",
            "C": "To make reassembly easier."
        },
        "correct_answer": "B",
        "explanation": "Capping and plugging open lines and ports is a critical step to prevent dirt, moisture, and other foreign matter from entering and damaging sensitive system components."
    },
    {
        "question_number": 16,
        "question": "What type of valve allows fluid to flow in one direction but blocks flow in the opposite direction?",
        "options": {
            "A": "Selector valve",
            "B": "Check valve",
            "C": "Shuttle valve"
        },
        "correct_answer": "B",
        "explanation": "A check valve, or one-way valve, is designed to permit flow in a single direction and prevent any reverse flow."
    },
    {
        "question_number": 17,
        "question": "Which part of a typical hydraulic filter assembly is fixed to the aircraft structure?",
        "options": {
            "A": "The filter element.",
            "B": "The bowl.",
            "C": "The head."
        },
        "correct_answer": "C",
        "explanation": "The filter head contains the inlet and outlet ports and is mounted to the aircraft structure, while the bowl and element are typically removable for servicing."
    },
    {
        "question_number": 18,
        "question": "What is a characteristic of an open-center hydraulic system?",
        "options": {
            "A": "Fluid flows only when an actuator is operated.",
            "B": "It does not require a system pressure regulator.",
            "C": "It uses a variable displacement pump."
        },
        "correct_answer": "B",
        "explanation": "In an open-center system, fluid circulates continuously from the pump, through the selector valves, and back to the reservoir. Pressure only builds when a valve is actuated, so a system pressure regulator is not needed."
    },
    {
        "question_number": 19,
        "question": "What component is used to control the rate of movement of a piston inside an actuator cylinder?",
        "options": {
            "A": "A pressure relief valve.",
            "B": "A sequence valve.",
            "C": "A restrictor."
        },
        "correct_answer": "C",
        "explanation": "A restrictor, or orifice check valve, is placed in the hydraulic line to limit the volume of fluid flow, thereby controlling the speed of the actuator."
    },
    {
        "question_number": 21,
        "question": "In a single-acting actuator, what force is commonly used to return the piston to its original position?",
        "options": {
            "A": "Hydraulic pressure.",
            "B": "A spring.",
            "C": "Pneumatic pressure."
        },
        "correct_answer": "B",
        "explanation": "A single-acting actuator uses hydraulic pressure for movement in one direction, and another force, such as a spring, gravity, or aerodynamic load, to return it."
    },
    {
        "question_number": 22,
        "question": "What is an actuator called that is powered hydraulically in both directions and has different effective surface areas on either side of the piston?",
        "options": {
            "A": "A double-acting, balanced actuator.",
            "B": "A double-acting, unbalanced actuator.",
            "C": "A single-acting actuator."
        },
        "correct_answer": "B",
        "explanation": "A double-acting actuator uses fluid pressure for both extension and retraction. If the surface area is different on each side of the piston (due to the piston rod), it is an unbalanced actuator."
    },
    {
        "question_number": 23,
        "question": "What is the primary purpose of pressurizing a hydraulic reservoir?",
        "options": {
            "A": "To increase the system's operating pressure.",
            "B": "To provide a positive flow of fluid to the pump.",
            "C": "To cool the hydraulic fluid."
        },
        "correct_answer": "B",
        "explanation": "Pressurizing the reservoir ensures a constant, positive supply of fluid (head pressure) to the pump, preventing pump cavitation, especially at high altitudes where ambient pressure is low."
    },
    {
        "question_number": 24,
        "question": "What type of seal material is compatible with vegetable-based hydraulic fluids?",
        "options": {
            "A": "Buna-N",
            "B": "Natural rubber",
            "C": "Butyl"
        },
        "correct_answer": "B",
        "explanation": "Natural rubber seals are compatible with vegetable-based fluids (e.g., MIL-H-7644), while synthetic rubbers like Buna-N and Butyl are used for mineral-based and phosphate-ester fluids, respectively."
    },
    {
        "question_number": 25,
        "question": "What does Pascal's Law state regarding pressure in an enclosed system?",
        "options": {
            "A": "Fluid velocity increases as the cross-sectional area decreases.",
            "B": "Pressure is equal throughout and acts at a right angle to the container walls.",
            "C": "For every action, there is an equal and opposite reaction."
        },
        "correct_answer": "B",
        "explanation": "Pascal's Law is the fundamental principle of hydraulics, stating that pressure applied to an enclosed, incompressible fluid is transmitted undiminished and acts equally in all directions and at right angles to the container walls."
    },
    {
        "question_number": 26,
        "question": "What are the basic components of a simple hydraulic system?",
        "options": {
            "A": "An engine, alternator, battery, and wires.",
            "B": "A reservoir, pump, lines, actuators, and fluid.",
            "C": "A compressor, accumulator, regulator, and air."
        },
        "correct_answer": "B",
        "explanation": "A basic hydraulic system requires a place to store fluid (reservoir), a device to create pressure (pump), a way to transport the fluid (lines), a device to do the work (actuator), and the medium to transmit force (fluid)."
    },
    {
        "question_number": 27,
        "question": "Which instrument provides a pressure reading of the hydraulic system to the cockpit and maintenance technicians?",
        "options": {
            "A": "Hydraulic quantity gauge.",
            "B": "Hydraulic pressure gauge.",
            "C": "Fluid temperature gauge."
        },
        "correct_answer": "B",
        "explanation": "The hydraulic pressure gauge displays the current operating pressure within the system, which is a critical parameter for both flight crew and maintenance personnel."
    },
    {
        "question_number": 28,
        "question": "What type of valve is incorporated into a hydraulic filter assembly to allow fluid to flow if the filter becomes clogged?",
        "options": {
            "A": "Check valve",
            "B": "Shuttle valve",
            "C": "Bypass valve"
        },
        "correct_answer": "C",
        "explanation": "A filter bypass valve, which is a form of relief valve, opens when a clogged filter creates excessive back pressure. This ensures fluid continues to flow to the system, preventing component starvation."
    },
    {
        "question_number": 29,
        "question": "In a typical hydraulic accumulator, what portion of its total volume should be occupied by the nitrogen pre-charge?",
        "options": {
            "A": "One-half",
            "B": "One-third",
            "C": "Two-thirds"
        },
        "correct_answer": "B",
        "explanation": "As a general rule, the nitrogen pre-charge in an accumulator should be about one-third of the system's maximum operating pressure, which results in the gas occupying roughly one-third of the accumulator's volume when the system is unpressurized."
    },
    {
        "question_number": 30,
        "question": "What is a key operational difference between a sequence valve and a priority valve?",
        "options": {
            "A": "Sequence valves are pressure operated, while priority valves are mechanically operated.",
            "B": "Sequence valves are often mechanically operated, while priority valves are operated by hydraulic pressure.",
            "C": "Sequence valves control flow rate, while priority valves control system pressure."
        },
        "correct_answer": "B",
        "explanation": "Sequence valves are typically timed or triggered mechanically to ensure one action happens before another. Priority valves are pressure-operated, directing fluid to essential systems first until a certain pressure level is reached."
    },
    {
        "question_number": 31,
        "question": "What is a likely cause for a complete and sudden loss of pressure in a hydraulic system?",
        "options": {
            "A": "Low fluid level.",
            "B": "A sheared pump drive shaft.",
            "C": "A clogged filter."
        },
        "correct_answer": "B",
        "explanation": "If the pump's drive shaft shears, the connection to the engine is broken, and the pump will no longer turn. This results in an immediate and complete loss of hydraulic pressure generation."
    },
    {
        "question_number": 32,
        "question": "What is the purpose of baffles inside a hydraulic reservoir?",
        "options": {
            "A": "To filter the hydraulic fluid.",
            "B": "To separate air from the fluid.",
            "C": "To prevent sloshing and the formation of vortices."
        },
        "correct_answer": "C",
        "explanation": "Baffles are plates that disrupt fluid movement inside the reservoir, preventing sloshing during maneuvers and stopping a vortex (whirlpool) from forming at the pump inlet, which could draw air into the system."
    },
    {
        "question_number": 33,
        "question": "What type of filter, named for its particle-size rating, is commonly used in aircraft hydraulic and fuel systems?",
        "options": {
            "A": "Paper filter",
            "B": "Mesh filter",
            "C": "Micron filter"
        },
        "correct_answer": "C",
        "explanation": "Filters in aviation fluid systems are rated by the size of the particles they can trap, measured in microns. They are commonly referred to as micron or micronic filters."
    },
    {
        "question_number": 34,
        "question": "Which of the following components is found in a pneumatic system but not typically in a hydraulic system?",
        "options": {
            "A": "A reservoir",
            "B": "An actuator",
            "C": "An oil separator"
        },
        "correct_answer": "C",
        "explanation": "Pneumatic systems, especially those using engine bleed air which may contain oil vapor, require an air-oil separator to clean the air before use. This is not necessary in a self-contained hydraulic system."
    },
    {
        "question_number": 35,
        "question": "Which physical law states that pressure in a confined fluid is transmitted equally in all directions?",
        "options": {
            "A": "Boyle's Law",
            "B": "Bernoulli's Principle",
            "C": "Pascal's Law"
        },
        "correct_answer": "C",
        "explanation": "Pascal's Law is the fundamental principle of hydraulics, describing how pressure is transmitted undiminished through a confined, incompressible fluid."
    },
    {
        "question_number": 36,
        "question": "How is the pressure in a typical aircraft emergency air bottle classified?",
        "options": {
            "A": "Low pressure",
            "B": "Medium pressure",
            "C": "High pressure"
        },
        "correct_answer": "C",
        "explanation": "Emergency air bottles used for systems like landing gear blow-down are stored at high pressure (often 1800-3000 psi) to provide sufficient force for actuation."
    }
]