[
    {
        "question_number": 1,
        "question": "Where does the fluid pressure directed towards the reservoir primarily come from?",
        "options": {
            "A": "Head Pressure",
            "B": "Pump inlet",
            "C": "Return outlet"
        },
        "correct_answer": "C",
        "explanation": "After fluid has performed its work in an actuator, it is directed back to the reservoir through the system's return lines and outlet."
    },
    {
        "question_number": 2,
        "question": "How many hydraulic system reservoirs does a Boeing 737 have?",
        "options": {
            "A": "1",
            "B": "2",
            "C": "3"
        },
        "correct_answer": "C",
        "explanation": "The Boeing 737 has three independent hydraulic systems: System A, System B, and the Standby system, each with its own dedicated reservoir."
    },
    {
        "question_number": 3,
        "question": "What is a linear hydraulic actuator called if its piston has different diameters on opposite sides, causing it to extend from both ends?",
        "options": {
            "A": "Balanced",
            "B": "Unbalanced",
            "C": "Tandem"
        },
        "correct_answer": "B",
        "explanation": "An unbalanced actuator has unequal effective areas on the piston, which results in different forces and speeds during extension and retraction."
    },
    {
        "question_number": 4,
        "question": "What is the primary function of piston seals within a hydraulic actuator?",
        "options": {
            "A": "To filter the hydraulic fluid",
            "B": "To prevent internal leakage between chambers",
            "C": "To cool the piston"
        },
        "correct_answer": "B",
        "explanation": "Piston seals are designed to prevent hydraulic fluid from leaking past the piston from the high-pressure side to the low-pressure side, ensuring efficient operation."
    },
    {
        "question_number": 5,
        "question": "Which component does not typically belong to the electrically operated control system of a landing gear?",
        "options": {
            "A": "Solenoid valve",
            "B": "Electric motor",
            "C": "Pressure regulator"
        },
        "correct_answer": "C",
        "explanation": "A pressure regulator is a hydraulic component that controls fluid pressure. The electrical part of the system includes components like motors, solenoids, switches, and sensors."
    },
    {
        "question_number": 6,
        "question": "Which type of pump is generally characterized by providing medium flow and operating at medium pressure?",
        "options": {
            "A": "Piston pump",
            "B": "Vane pump",
            "C": "Gear-type pump"
        },
        "correct_answer": "C",
        "explanation": "Gear-type pumps are commonly used in applications requiring medium pressure and flow, while piston pumps are typically used for high-pressure systems."
    },
    {
        "question_number": 7,
        "question": "What is a typical operating pressure for a high-pressure pneumatic system on an aircraft?",
        "options": {
            "A": "150 PSI",
            "B": "1050 PSI",
            "C": "3000 PSI"
        },
        "correct_answer": "C",
        "explanation": "High-pressure pneumatic systems, often used for emergency functions like landing gear extension, are typically charged to pressures around 3000 PSI."
    },
    {
        "question_number": 8,
        "question": "Which of the following is NOT a primary purpose of a hydraulic reservoir?",
        "options": {
            "A": "Store a supply of hydraulic fluid",
            "B": "Help cool the fluid",
            "C": "Absorb pressure surges"
        },
        "correct_answer": "C",
        "explanation": "A reservoir's main functions are fluid storage, heat dissipation, and allowing for thermal expansion. Pressure surges and shocks are primarily absorbed by a hydraulic accumulator."
    },
    {
        "question_number": 9,
        "question": "What is a likely consequence of applying excessive torque to hydraulic fittings?",
        "options": {
            "A": "It will improve the seal's performance",
            "B": "It will cause damage to the fitting structure and seals",
            "C": "It will cause the system pressure to drop"
        },
        "correct_answer": "B",
        "explanation": "Over-torquing can deform or crack the fitting, damage the threads, and crush the seal, leading to leaks and potential failure of the connection."
    },
    {
        "question_number": 10,
        "question": "In a typical standby hydraulic system, where is the pressure directed from?",
        "options": {
            "A": "The RAT",
            "B": "The main engine pump",
            "C": "The electric auxiliary pump (EAP) inlet"
        },
        "correct_answer": "C",
        "explanation": "Standby systems often use an independent electric auxiliary pump to provide hydraulic power. The pressure is generated as fluid is drawn through the pump's inlet and sent to its outlet."
    },
    {
        "question_number": 11,
        "question": "Which component is designed to automatically shut off hydraulic flow in the event of an excessive flow rate, such as a major line rupture?",
        "options": {
            "A": "Pressure relief valve",
            "B": "Hydraulic fuse",
            "C": "Check valve"
        },
        "correct_answer": "B",
        "explanation": "A hydraulic fuse measures the volume of fluid that passes through it and will close if the volume or flow rate exceeds a preset limit, thus isolating a ruptured line and conserving fluid."
    },
    {
        "question_number": 12,
        "question": "According to a common distinction, what is a key difference between a sequence valve and a priority valve?",
        "options": {
            "A": "A sequence valve is mechanically operated while a priority valve is hydraulically operated",
            "B": "A sequence valve controls pressure while a priority valve controls flow",
            "C": "They are functionally the same component"
        },
        "correct_answer": "A",
        "explanation": "Often, sequence valves are operated mechanically (e.g., by the movement of a landing gear) to ensure one action happens after another, while priority valves use hydraulic pressure to direct flow to the most critical systems first."
    },
    {
        "question_number": 13,
        "question": "What is the general term for a type of dynamic seal used in the assembly of a cylinder with a moving piston inside?",
        "options": {
            "A": "Gasket",
            "B": "O-ring",
            "C": "Packing"
        },
        "correct_answer": "C",
        "explanation": "'Packing' is a term for seals used to prevent leakage between a moving part (like a piston) and a stationary part (the cylinder wall)."
    },
    {
        "question_number": 14,
        "question": "Which valve is responsible for directing the flow of fluid to and from an actuator, thereby controlling its movement?",
        "options": {
            "A": "Check valve",
            "B": "Selector valve",
            "C": "Shuttle valve"
        },
        "correct_answer": "B",
        "explanation": "A selector valve, also known as a directional control valve, routes pressurized fluid to the desired port of an actuator to extend or retract it."
    },
    {
        "question_number": 15,
        "question": "What component, used to remove contaminants, is characteristic of a pneumatic system but not a hydraulic system?",
        "options": {
            "A": "Filter",
            "B": "Reservoir",
            "C": "Moisture or oil separator"
        },
        "correct_answer": "C",
        "explanation": "Pneumatic systems use air, which can contain moisture or oil from the compressor. A separator is used to remove these contaminants, which is not necessary for self-contained hydraulic fluid."
    },
    {
        "question_number": 16,
        "question": "Which statement is true regarding the valve assembly used for charging a pneumatic storage bottle?",
        "options": {
            "A": "The control valve only allows air to exit the bottle",
            "B": "The control valve allows flow into the bottle during service and then traps the air inside",
            "C": "The valve is only used to relieve excess pressure"
        },
        "correct_answer": "B",
        "explanation": "The charging valve on a high-pressure bottle allows compressed air to be serviced into the bottle and then provides a seal to keep the air trapped under pressure."
    },
    {
        "question_number": 17,
        "question": "Which valve allows a component to be operated by fluid from either a normal system or an alternate/emergency system?",
        "options": {
            "A": "Selector valve",
            "B": "Sequence valve",
            "C": "Shuttle valve"
        },
        "correct_answer": "C",
        "explanation": "A shuttle valve has two inlets and one outlet. It automatically allows the higher-pressure source to flow to the outlet while blocking the lower-pressure source."
    },
    {
        "question_number": 18,
        "question": "What type of seal material should be used with a vegetable-based hydraulic fluid?",
        "options": {
            "A": "Viton",
            "B": "Buna-N",
            "C": "Natural rubber"
        },
        "correct_answer": "C",
        "explanation": "Material compatibility is critical. Natural rubber seals are compatible with vegetable-based fluids, whereas synthetic rubbers like Buna-N and Viton are used for mineral-based or phosphate-ester fluids, respectively."
    },
    {
        "question_number": 19,
        "question": "What is the correct maintenance procedure if the wrong type of hydraulic fluid is introduced into a system?",
        "options": {
            "A": "Operate the system normally until the fluid mixes",
            "B": "Drain the system, flush it, replace all seals, and refill with the correct fluid",
            "C": "Simply drain the wrong fluid and refill with the correct type"
        },
        "correct_answer": "B",
        "explanation": "Incorrect fluid can damage seals and other components. The only proper remedy is to completely drain and flush the system, replace all seals (which are considered contaminated), and then service with the correct fluid."
    },
    {
        "question_number": 20,
        "question": "What critical check must be performed on a system after maintenance or component replacement?",
        "options": {
            "A": "A fluid color check",
            "B": "A operational check",
            "C": "A torque check on all bolts"
        },
        "correct_answer": "B",
        "explanation": "After any maintenance, an operational  check is essential to verify that the component and system function correctly and in the intended direction (e.g., landing gear retracts when the handle is moved to UP)."
    },
    {
        "question_number": 21,
        "question": "What component is installed with an O-ring in high-pressure applications to prevent it from being extruded into the gap between parts?",
        "options": {
            "A": "Gasket",
            "B": "Back-up ring",
            "C": "A second O-ring"
        },
        "correct_answer": "B",
        "explanation": "A back-up ring is a rigid ring that provides support for the O-ring, preventing it from being deformed and forced (extruded) out of its groove under high pressure."
    },
    {
        "question_number": 22,
        "question": "What rating indicates the degree of filtration for a hydraulic filter element?",
        "options": {
            "A": "The pressure rating",
            "B": "The flow rate in GPM",
            "C": "The micron rating"
        },
        "correct_answer": "C",
        "explanation": "The micron rating of a filter specifies the size of the smallest particles that the filter can reliably capture, indicating its filtering capability."
    },
    {
        "question_number": 23,
        "question": "What is a major advantage of a hydraulic system over a pneumatic system?",
        "options": {
            "A": "The operating fluid is lighter",
            "B": "It provides smooth, consistent, and powerful motion",
            "C": "The system is less complex"
        },
        "correct_answer": "B",
        "explanation": "Because hydraulic fluid is nearly incompressible, it allows for very precise, smooth control and can transmit large amounts of power efficiently, unlike compressible air in pneumatic systems."
    },
    {
        "question_number": 24,
        "question": "When a hydraulic component is removed and then reinstalled, what parts must always be replaced?",
        "options": {
            "A": "The component's housing",
            "B": "Seals and packings",
            "C": "The connecting fluid lines"
        },
        "correct_answer": "B",
        "explanation": "Standard maintenance practice requires that all seals, O-rings, and packings (such as Chevron seals) that were disturbed during removal must be replaced with new ones to ensure system integrity."
    },
    {
        "question_number": 25,
        "question": "What can be used as a supply source for a low-pressure pneumatic system?",
        "options": {
            "A": "A piston pump",
            "B": "A vane-type pump",
            "C": "A high-pressure storage bottle"
        },
        "correct_answer": "B",
        "explanation": "Low-pressure pneumatic systems may use engine bleed air or a dedicated air pump. A vane-type pump is a common type of pump used to supply a continuous flow of low-pressure air."
    },
    {
        "question_number": 26,
        "question": "Why is it critical to cap or plug hydraulic lines and components immediately after they are disconnected?",
        "options": {
            "A": "To prevent air from entering the system",
            "B": "To prevent contamination",
            "C": "To keep the lines from moving"
        },
        "correct_answer": "B",
        "explanation": "The primary reason is to prevent dirt, moisture, and other foreign matter from entering the highly sensitive hydraulic system, where it could cause significant damage and malfunction."
    },
    {
        "question_number": 27,
        "question": "Which statement is true for an open-center hydraulic system?",
        "options": {
            "A": "The pump runs only when a service is selected",
            "B": "Fluid flows continuously but with no pressure buildup when the selector valve is in neutral",
            "C": "It is a high-pressure system with no fluid flow in the neutral position"
        },
        "correct_answer": "B",
        "explanation": "In an open-center system design, the selector valves allow fluid to flow through their center back to the reservoir when in the neutral position. This results in continuous fluid circulation without pressure being built up."
    },
    {
        "question_number": 28,
        "question": "What is the power source for a Ram Air Turbine (RAT)?",
        "options": {
            "A": "An electric motor",
            "B": "The aircraft's engine",
            "C": "The airstream"
        },
        "correct_answer": "C",
        "explanation": "A Ram Air Turbine is an emergency device that deploys into the airstream. The force of the moving air spins its turbine blades, which drives a hydraulic pump or electrical generator."
    }
]