[
    {
        "question_number": 1,
        "question": "Stations to the aft of datum are considered what type of value?",
        "options": {
            "A": "Positive",
            "B": "Negative",
            "C": "Neutral"
        },
        "correct_answer": "A",
        "explanation": "In aircraft weight and balance, stations located aft (behind) the datum line are assigned positive values for calculation purposes."
    },
    {
        "question_number": 2,
        "question": "Stations forward of the datum line are considered what type of value?",
        "options": {
            "A": "Positive",
            "B": "Negative",
            "C": "Zero"
        },
        "correct_answer": "B",
        "explanation": "In aircraft weight and balance, stations located forward (in front of) the datum line are assigned negative values for calculation purposes."
    },
    {
        "question_number": 3,
        "question": "If the CG is at Station 635.7 and the LEMAC is at Station 625, what is the distance between the CG and LEMAC?",
        "options": {
            "A": "10.7",
            "B": "110.7",
            "C": "134"
        },
        "correct_answer": "A",
        "explanation": "The distance between the Center of Gravity (CG) and the Leading Edge of the Mean Aerodynamic Chord (LEMAC) is found by subtracting the LEMAC station from the CG station (635.7 - 625 = 10.7)."
    },
    {
        "question_number": 4,
        "question": "What is the procedure called when all items forward of the CG limit are loaded to the maximum and items aft of the limit are loaded to the minimum?",
        "options": {
            "A": "Forward adverse check",
            "B": "Aft adverse check",
            "C": "Standard loading"
        },
        "correct_answer": "A",
        "explanation": "A forward adverse check is a calculation to ensure the aircraft's center of gravity remains within limits under the most forward-loading conditions."
    },
    {
        "question_number": 5,
        "question": "What is the procedure called when items aft of the aft CG limit are loaded to the maximum and items forward of the limit are loaded to the minimum?",
        "options": {
            "A": "Forward adverse check",
            "B": "Aft adverse check",
            "C": "Lateral balance check"
        },
        "correct_answer": "B",
        "explanation": "An aft adverse check, also known as a reward adverse check, is a calculation to ensure the aircraft's center of gravity remains within limits under the most aft-loading conditions."
    },
    {
        "question_number": 6,
        "question": "Where can the loading graph for an aircraft be found?",
        "options": {
            "A": "In the engine manual",
            "B": "In the Pilot's Operating Handbook (POH)",
            "C": "In the maintenance logbook"
        },
        "correct_answer": "B",
        "explanation": "The Pilot's Operating Handbook (POH) or Aircraft Flight Manual (AFM) contains essential performance data, including loading graphs and weight and balance information."
    },
    {
        "question_number": 7,
        "question": "What is the term for the load on an aircraft due to the weight of the aircraft itself and its contents?",
        "options": {
            "A": "Dynamic load",
            "B": "Aerodynamic load",
            "C": "Static load"
        },
        "correct_answer": "C",
        "explanation": "Static load refers to the forces acting on the aircraft when it is stationary on the ground, composed of its own weight and the weight of its contents."
    },
    {
        "question_number": 8,
        "question": "In weight and balance calculations, how is added weight considered?",
        "options": {
            "A": "Negative",
            "B": "Positive",
            "C": "Neutral"
        },
        "correct_answer": "B",
        "explanation": "When calculating an aircraft's total weight, any added items like fuel, passengers, or cargo are considered positive values."
    },
    {
        "question_number": 9,
        "question": "In the context of weighing an aircraft, what is tare weight?",
        "options": {
            "A": "The weight of the aircraft only",
            "B": "The weight of the fuel",
            "C": "The weight of chocks and equipment used during weighing"
        },
        "correct_answer": "C",
        "explanation": "Tare weight is the weight of the equipment used to secure the aircraft during the weighing process, such as chocks, which is not part of the aircraft's empty weight."
    },
    {
        "question_number": 10,
        "question": "How is tare weight used when calculating an aircraft's net weight from a scale reading?",
        "options": {
            "A": "It is added to the scale reading.",
            "B": "It is subtracted from the scale reading.",
            "C": "It is multiplied by the scale reading."
        },
        "correct_answer": "B",
        "explanation": "To find the net weight of the aircraft, the tare weight (weight of chocks, etc.) must be subtracted from the total gross weight shown on the scales."
    },
    {
        "question_number": 11,
        "question": "What is the first step when actively weighing an aircraft?",
        "options": {
            "A": "Record the weight on each scale",
            "B": "Calculate the center of gravity",
            "C": "Drain the fuel"
        },
        "correct_answer": "A",
        "explanation": "The first practical step during the weighing process, after all preparation is complete, is to accurately record the weight indicated on each individual scale."
    },
    {
        "question_number": 12,
        "question": "Which type of scale often requires a ramp or jack to position a light aircraft onto the scale?",
        "options": {
            "A": "Electronic scale",
            "B": "Load cell scale",
            "C": "Mechanical platform scale"
        },
        "correct_answer": "C",
        "explanation": "Mechanical platform scales are a traditional type of scale that often requires ramps or jacks to position the aircraft's wheels onto the weighing platforms."
    },
    {
        "question_number": 13,
        "question": "According to some procedures, what should be done with the oil while preparing an aircraft for weighing?",
        "options": {
            "A": "Fill to maximum capacity",
            "B": "Drain the oil",
            "C": "Leave the oil level as is"
        },
        "correct_answer": "B",
        "explanation": "Aircraft weighing procedures are specified by the manufacturer; some may require the oil to be drained to determine the basic empty weight."
    },
    {
        "question_number": 14,
        "question": "What is a block of lead, often painted red and used to correct the CG after a repair or modification, called?",
        "options": {
            "A": "Temporary ballast",
            "B": "Permanent ballast",
            "C": "Removable ballast"
        },
        "correct_answer": "B",
        "explanation": "Permanent ballast is installed to make a permanent correction to the center of gravity, often after a major repair or alteration. It becomes part of the aircraft's basic empty weight."
    },
    {
        "question_number": 15,
        "question": "What is the term for removable weight, such as lead bars, used to adjust the aircraft's balance for certain flight conditions?",
        "options": {
            "A": "Permanent ballast",
            "B": "Fixed equipment",
            "C": "Temporary ballast"
        },
        "correct_answer": "C",
        "explanation": "Temporary ballast is weight that can be added or removed to keep the aircraft's CG within limits for specific loading or flight configurations. It is not part of the basic empty weight."
    },
    {
        "question_number": 16,
        "question": "What must be calculated from the fuel burn to determine the aircraft's estimated landing weight?",
        "options": {
            "A": "The weight of the cargo",
            "B": "The weight of the fuel consumed during flight",
            "C": "The take-off time"
        },
        "correct_answer": "B",
        "explanation": "To determine the landing weight, the weight of the fuel that will be consumed (burned) during the flight must be subtracted from the take-off weight."
    },
    {
        "question_number": 17,
        "question": "What is a standard preparation for aircraft weighing regarding fluids?",
        "options": {
            "A": "Full fuel tanks and empty working fluids",
            "B": "Empty fuel tanks and full working fluids",
            "C": "All tanks and reservoirs completely empty"
        },
        "correct_answer": "B",
        "explanation": "A common standard for determining basic empty weight is to have the fuel tanks drained (except for unusable fuel) and all operating fluids, like oil and hydraulic fluid, filled to their normal levels."
    },
    {
        "question_number": 18,
        "question": "What is a negative effect of overloading an aircraft?",
        "options": {
            "A": "Increased cruise speed and range",
            "B": "Decreased cruise speed and range",
            "C": "No effect on performance"
        },
        "correct_answer": "B",
        "explanation": "An overloaded aircraft is heavier, which increases induced drag. This leads to lower cruise speeds, reduced range, and higher fuel consumption."
    },
    {
        "question_number": 19,
        "question": "Who is authorized to perform a 100-hour inspection?",
        "options": {
            "A": "Only a pilot with an instrument rating",
            "B": "A certified Airframe and Powerplant (A&P) mechanic",
            "C": "Only a mechanic with an Inspection Authorization (IA)"
        },
        "correct_answer": "B",
        "explanation": "A 100-hour inspection can be performed and signed off by a certified A&P mechanic, referred to in the text as a 'repair man'. An annual inspection, however, requires an A&P with an Inspection Authorization (IA)."
    },
    {
        "question_number": 20,
        "question": "What is a primary factor that can affect an aircraft's lateral balance during flight?",
        "options": {
            "A": "Passenger movement",
            "B": "Fuel consumption from wing tanks",
            "C": "Lowering the landing gear"
        },
        "correct_answer": "B",
        "explanation": "As fuel is consumed from wing tanks, especially if it is drawn unevenly, the weight distribution can change, affecting the aircraft's lateral (side-to-side) balance."
    },
    {
        "question_number": 21,
        "question": "Which type of scale is versatile enough for both light and large aircraft and often has its own integrated ramp or jack?",
        "options": {
            "A": "Mechanical platform scale",
            "B": "Electronic scale",
            "C": "Spring balance scale"
        },
        "correct_answer": "B",
        "explanation": "Modern electronic scales, which use load cells, are highly accurate, portable, and often designed with integrated ramps or low profiles, making them suitable for a wide range of aircraft."
    }
]