[
    {
        "question_number": 1,
        "question": "RAT(Ram Air Turbine) is used for?",
        "options": {
            "A": "Flight control if hydraulic power is lost",
            "B": "Landing gear and auto brake system",
            "C": "Normal hydraulic system operation"
        },
        "correct_answer": "A",
        "explanation": "The Ram Air Turbine (RAT) is an emergency device that provides essential hydraulic and/or electrical power if the primary power sources fail, allowing the crew to maintain control of the aircraft's flight surfaces."
    },
    {
        "question_number": 2,
        "question": "Initial pressure for accumulator is?",
        "options": {
            "A": "1/3 of the system pressure",
            "B": "Equal to the system pressure",
            "C": "1/2 of the system pressure"
        },
        "correct_answer": "A",
        "explanation": "The initial air or nitrogen pre-charge for a hydraulic accumulator is typically set to one-third of the normal system operating pressure to ensure it can effectively absorb shocks and maintain pressure."
    },
    {
        "question_number": 3,
        "question": "When hydraulic fluid overheat",
        "options": {
            "A": "Increase alkality",
            "B": "Increase acidity",
            "C": "Increase viscosity"
        },
        "correct_answer": "B",
        "explanation": "Overheating causes hydraulic fluid to break down (oxidize), leading to the formation of acidic byproducts which can corrode system components and degrade seals."
    },
    {
        "question_number": 4,
        "question": "How hydraulic pump control the solenoid?",
        "options": {
            "A": "Energize to close for fail safe",
            "B": "De-energize to close for fail safe",
            "C": "Always remains open"
        },
        "correct_answer": "A",
        "explanation": "In some fail-safe designs, a solenoid valve is configured to be energized to close a fluid path. This means if electrical power is lost, it de-energizes and moves to its safe position (which could be open)."
    },
    {
        "question_number": 5,
        "question": "In a Boeing 737, which hydraulic system does the ELEC 1 pump control?",
        "options": {
            "A": "System A",
            "B": "System B",
            "C": "Standby System"
        },
        "correct_answer": "a",
        "explanation": "While the provided data incorrectly states ELEC 1 controls System B, in an actual Boeing 737, ELEC 1 pump controls Hydraulic System A.  ELEC 2 pump controls System B."
    },
    {
        "question_number": 6,
        "question": "In Boing 737 which take fluid from the standpipe for system A and system B?",
        "options": {
            "A": "System A EDP and PTU",
            "B": "System A EDP, system B EDP and EMDP",
            "C": "Standby"
        },
        "correct_answer": "A",
        "explanation": "The standpipe in the System A reservoir ensures a reserve of fluid is available for critical components like the System A Engine Driven Pump (EDP) and the Power Transfer Unit (PTU) if the main reservoir level drops."
    },
    {
        "question_number": 7,
        "question": "When depressurize the solenoid valve?",
        "options": {
            "A": "Energize close for fail safe",
            "B": "De-energize to open",
            "C": "Manually operate a lever"
        },
        "correct_answer": "A",
        "explanation": "In a fail-safe design where the valve must be closed for depressurization, it would be energized to close. If power fails, it returns to its default (open) state."
    },
    {
        "question_number": 8,
        "question": "Instantaneous for servicing selector?",
        "options": {
            "A": "Restrictor valve",
            "B": "Check valve",
            "C": "Selector valve"
        },
        "correct_answer": "C",
        "explanation": "A selector valve provides instantaneous control to direct hydraulic fluid to or from a particular subsystem, making it essential for servicing and operation."
    },
    {
        "question_number": 9,
        "question": "Constant delivery pump for hydraulic system?",
        "options": {
            "A": "Accumulator and cut-out valve",
            "B": "Variable displacement mechanism",
            "C": "Pressure regulator only"
        },
        "correct_answer": "A",
        "explanation": "A constant delivery (fixed displacement) pump runs continuously, so it requires a system with an accumulator and a cut-out valve (or pressure regulator) to manage pressure and unload the pump when demand is met."
    },
    {
        "question_number": 10,
        "question": "Two pipe for actuating unit, one for return and one for pressure?",
        "options": {
            "A": "Filter",
            "B": "Selector valve",
            "C": "Reservoir"
        },
        "correct_answer": "B",
        "explanation": "A selector valve is used to direct pressurized fluid to one side of an actuator (pressure pipe) while simultaneously opening a path for the fluid on the other side to flow back to the reservoir (return pipe)."
    },
    {
        "question_number": 11,
        "question": "Accumulator ?",
        "options": {
            "A": "Absorb pressure surge",
            "B": "Generate hydraulic pressure",
            "C": "Filter contaminants"
        },
        "correct_answer": "A",
        "explanation": "A key function of a hydraulic accumulator is to dampen and absorb pressure surges and shocks within the system, protecting components from damage."
    },
    {
        "question_number": 12,
        "question": "Purging?",
        "options": {
            "A": "To add fluid",
            "B": "To remove contamination",
            "C": "To increase pressure"
        },
        "correct_answer": "B",
        "explanation": "Purging a system involves flushing it with fluid to remove trapped air, water, or other particulate contamination that could affect performance."
    },
    {
        "question_number": 13,
        "question": "Seal for vegetable fluid?",
        "options": {
            "A": "Natural rubber",
            "B": "Butyl rubber",
            "C": "Neoprene"
        },
        "correct_answer": "A",
        "explanation": "Natural rubber seals are compatible with older, vegetable-based hydraulic fluids. Synthetic rubbers like Neoprene or Butyl are used for mineral or synthetic-based fluids."
    },
    {
        "question_number": 14,
        "question": "Heat exchanger found in?",
        "options": {
            "A": "In the reservoir",
            "B": "Near the engine",
            "C": "Main fuel tank"
        },
        "correct_answer": "C",
        "explanation": "Many aircraft use fuel-to-oil heat exchangers located in the main fuel tanks. This design uses the large volume of cool fuel as a heat sink to efficiently cool the hydraulic fluid."
    },
    {
        "question_number": 15,
        "question": "Standpipe?",
        "options": {
            "A": "To filter the fluid",
            "B": "To indicate fluid level",
            "C": "To make fluid remain in the reservoir for emergency"
        },
        "correct_answer": "C",
        "explanation": "A standpipe is a tube inside a hydraulic reservoir that ensures a reserve quantity of fluid is maintained for emergency or essential systems if a leak drains the main supply."
    },
    {
        "question_number": 16,
        "question": "Use of air compressor?",
        "options": {
            "A": "To cool the system",
            "B": "Use to replace air pressure due to leak and operation",
            "C": "To drive hydraulic pumps"
        },
        "correct_answer": "B",
        "explanation": "In a pneumatic system, an air compressor's function is to recharge the system, replacing air pressure that is lost through normal operation of components or minor leaks."
    },
    {
        "question_number": 17,
        "question": "Low pressure pneumatic system used for?",
        "options": {
            "A": "Landing gear operation",
            "B": "Gyro instrument",
            "C": "Brake systems"
        },
        "correct_answer": "B",
        "explanation": "Low-pressure pneumatic systems are suitable for powering air-driven gyro instruments, as well as for door seals and de-icing boots, but not for high-force applications like landing gear."
    },
    {
        "question_number": 18,
        "question": "Restrictor valve?",
        "options": {
            "A": "To stop flow completely",
            "B": "To prevent reverse flow",
            "C": "Used to control rate of system operation"
        },
        "correct_answer": "C",
        "explanation": "A restrictor valve is a simple orifice that limits the flow rate of fluid, thereby controlling the speed or rate of operation of a connected component."
    },
    {
        "question_number": 19,
        "question": "Check flow valve?",
        "options": {
            "A": "Prevent reverse flow",
            "B": "Regulate pressure",
            "C": "Control speed of operation"
        },
        "correct_answer": "A",
        "explanation": "A check valve is a one-way valve that permits fluid to flow in one direction but automatically closes to prevent any flow in the opposite (reverse) direction."
    },
    {
        "question_number": 20,
        "question": "Make the pneumatic system unique?",
        "options": {
            "A": "Use of a reservoir",
            "B": "Oil separator",
            "C": "Use of actuators"
        },
        "correct_answer": "B",
        "explanation": "A distinguishing component found in some pneumatic systems is an oil separator, which removes lubricating oil from the compressed air before it is sent to the operating components."
    },
    {
        "question_number": 21,
        "question": "Power pack consists?",
        "options": {
            "A": "Reservoir, filter, selector valve, pump",
            "B": "Actuator and lines only",
            "C": "Pump and engine only"
        },
        "correct_answer": "A",
        "explanation": "A hydraulic power pack is a self-contained unit that generally includes the essential components to generate and control hydraulic power: a reservoir, pump, filter, and control valves like a selector valve."
    },
    {
        "question_number": 22,
        "question": "In pneumatic system small leakage identified by?",
        "options": {
            "A": "Audible hissing sound",
            "B": "Using soap and water solution",
            "C": "Visual inspection for fluid"
        },
        "correct_answer": "B",
        "explanation": "The standard method for locating small, non-audible leaks in a pneumatic (air) system is to apply a soap and water solution to lines and fittings; escaping air will create tell-tale bubbles."
    },
    {
        "question_number": 23,
        "question": "To purge the air from the reservoir?",
        "options": {
            "A": "Opening a bleed valve on the reservoir",
            "B": "Cycling the hydraulic component several time",
            "C": "Draining the reservoir completely"
        },
        "correct_answer": "B",
        "explanation": "To purge air from a hydraulic system, the system's components are operated or cycled several times. This action forces the trapped air to move through the lines and back to the reservoir, where it can escape."
    },
    {
        "question_number": 24,
        "question": "Open center selector valve?",
        "options": {
            "A": "Blocks all ports when idle",
            "B": "Allow flow of fluid and no pressure build during the system is idel",
            "C": "Maintains full system pressure when idle"
        },
        "correct_answer": "B",
        "explanation": "An open-center system's selector valve is designed to allow fluid to flow freely from the pump, through the valve's center, and back to the reservoir when in the neutral position. This prevents pressure buildup and unloads the pump when no components are being operated."
    },
    {
        "question_number": 25,
        "question": "Overheat temperature regulator found in?",
        "options": {
            "A": "Case drain",
            "B": "Main pressure line",
            "C": "Reservoir"
        },
        "correct_answer": "A",
        "explanation": "A thermal bypass valve, or temperature regulator, is often placed in the pump's case drain line. It senses fluid temperature and directs hot fluid to a heat exchanger for cooling, bypassing it when the fluid is cool."
    },
    {
        "question_number": 26,
        "question": "Pascal law?",
        "options": {
            "A": "Fluid flow rate is constant",
            "B": "Pressure decreases as velocity increases",
            "C": "When fluid is in confined space pressure equally distribute and perpendicular to wall of the container"
        },
        "correct_answer": "C",
        "explanation": "Pascal's Law is a fundamental principle of hydraulics, stating that pressure applied to a confined, incompressible fluid is transmitted undiminished to every portion of the fluid and the walls of the containing vessel, acting perpendicular to the walls."
    },
    {
        "question_number": 27,
        "question": "When removal and assembly of flexible pipe?",
        "options": {
            "A": "Use a single large wrench",
            "B": "Use two spanner to stop twisting of the pipe",
            "C": "Tighten as much as possible"
        },
        "correct_answer": "B",
        "explanation": "When working with flexible hose fittings, it is crucial to use two spanners (wrenches). One holds the hose fitting to prevent it from twisting and being damaged, while the other turns the connecting nut."
    }
]