[
    {
      "question_number": 1,
      "question": "When computing weight and balance, an airplane is in balance when",
      "options": {
        "a": "the average moment arm of the loaded aircraft falls within its CG range.",
        "b": "all moment arm of the plane fall within cg range.",
        "c": "the movement of the passengers will not cause the moment arms to fall outside the cg range."
      },
      "correct_answer": "a"
    },
    {
      "question_number": 2,
      "question": "What is the name of the distance from the fulcrum to an object?",
      "options": {
        "a": "lever arm",
        "b": "balance arm",
        "c": "fulcrum arm"
      },
      "correct_answer": "a"
    },
    {
      "question_number": 3,
      "question": "In the process of weighing an airplane toward obtaining the CG, the arms from the weighing points always extend",
      "options": {
        "a": "Parallel to the centerline of the airplane",
        "b": "Straight forward from each of the landing gear",
        "c": "Directly from each weighing point to the others"
      },
      "correct_answer": "a"
    },
    {
      "question_number": 4,
      "question": "Which would have an effect on aircraft CG results when conducting a weight and balance check?",
      "options": {
        "a": "Leaving the parking brakes on",
        "b": "Leaving down lock pins installed",
        "c": "Leaving the safety pins installed"
      },
      "correct_answer": "a"
    },
    {
      "question_number": 5,
      "question": "When dealing with weight and balance of an aircraft, the term 'maximum weight' is interpreted to mean the maximum",
      "options": {
        "a": "Weight of the empty aircraft",
        "b": "Weight of the useful load",
        "c": "Authorized weight of the a/c and its contents"
      },
      "correct_answer": "c"
    },
    {
      "question_number": 6,
      "question": "The major source of weight change for most aircraft as they age is caused by",
      "options": {
        "a": "Accumulation of debris in hard-to-reach areas of the structure.",
        "b": "Repairs & alterations",
        "c": "Installation of hardware & safety wire, and added layers of primers & paints on the structure."
      },
      "correct_answer": "b"
    },
    {
      "question_number": 7,
      "question": "The amount of fuel used for computing empty weight and corresponding CG is",
      "options": {
        "a": "Empty fuel tanks",
        "b": "Un usable fuel",
        "c": "The amount of fuel necessary for a half hour operation"
      },
      "correct_answer": "b"
    },
    {
      "question_number": 8,
      "question": "An aircraft as loaded weighs 4,954 pounds at a CG of +30.5 inches. The CG range is +32.0 inches to +42.1 inches. Find the minimum weight of the ballast necessary to bring the CG within the CG range. The ballast arm is +162 inches.",
      "options": {
        "a": "61.98lbs.",
        "b": "30.58lbs.",
        "c": "57.16lbs"
      },
      "correct_answer": "c"
    },
    {
      "question_number": 9,
      "question": "Two boxes which weigh 10 pounds and 5 pounds are placed in an airplane so that their distance aft from the CG are 4 feet and 2 feet respectively. How far forward of the CG should a third box, weighing 20 pounds, be placed so that the CG will not be changed?",
      "options": {
        "a": "3ft",
        "b": "2.5ft",
        "c": "8ft"
      },
      "correct_answer": "b"
    },
    {
      "question_number": 10,
      "question": "When computing the maximum forward loaded CG of an aircraft, minimum weights, arms, and moments should be used for items of useful load that are located aft of the",
      "options": {
        "a": "Rear ward cg limit",
        "b": "datum",
        "c": "Forward cg limit"
      },
      "correct_answer": "c"
    },
    {
      "question_number": 11,
      "question": "If the empty weight CG of an airplane lies within the empty weight CG limits,",
      "options": {
        "a": "It is not necessary to calculate cg extreams",
        "b": "Minimum fuel should be used in both forward & rearward cg checks",
        "c": "It is necessary to calculate cg extreams"
      },
      "correct_answer": "c"
    },
    {
      "question_number": 12,
      "question": "In a balance computation of an aircraft from which an item located aft of the datum was removed, use",
      "options": {
        "a": "(+)Weight *(-)arm (-)moment",
        "b": "(-)Weight *(+)arm (-)moment",
        "c": "(-)Weight *(-)arm (+)moment"
      },
      "correct_answer": "b"
    },
    {
      "question_number": 13,
      "question": "The datum is an imaginary reference line along the longitudinal axis:",
      "options": {
        "a": "True",
        "b": "False"
      },
      "correct_answer": "b"
    },
    {
      "question_number": 14,
      "question": "The permanent ballast should be placed at the furthest point FWD/AFT of CG.",
      "options": {
        "a": "True",
        "b": "False"
      },
      "correct_answer": "a"
    },
    {
      "question_number": 15,
      "question": "Addition/removal of weight within the CG range will not affect the balance of the aircraft.",
      "options": {
        "a": "True",
        "b": "False"
      },
      "correct_answer": "b"
    },
    {
      "question_number": 16,
      "question": "Removal of weight from forward of CG will shift CG",
      "options": {
        "a": "In the forward direction",
        "b": "In the rearward direction",
        "c": "Depends on the weight of the equipment",
        "d": "None"
      },
      "correct_answer": "b"
    },
    {
      "question_number": 17,
      "question": "Oscillator & danger of spin is characteristics of",
      "options": {
        "a": "Too much forward loading",
        "b": "Too much rearward loading",
        "c": "Overweight",
        "d": "a & b"
      },
      "correct_answer": "b"
    },
    {
      "question_number": 18,
      "question": "weight and balance of an air craft is critical because",
      "options": {
        "a": "It greatly affect safe and efficient operation of an aircraft",
        "b": "It affect economy of flight",
        "c": "All"
      },
      "correct_answer": "c"
    },
    {
      "question_number": 19,
      "question": "Which one of the following is not true about requirements of weight and balance",
      "options": {
        "a": "Manufacturer must be conduct weight and balance one out of ten air craft manufactured",
        "b": "Air carrier conduct weight and balance periodically after major alteration and biased on pilot report",
        "c": "Private owner once in three year"
      },
      "correct_answer": "c"
    },
    {
      "question_number": 20,
      "question": "Which one of the following is not the effect of overloading?",
      "options": {
        "a": "Improved structural safety",
        "b": "Long runway for take off",
        "c": "Difficulty to control aircraft"
      },
      "correct_answer": "a"
    },
    {
      "question_number": 21,
      "question": "Which one of the following is the effect of the too much forward weight?",
      "options": {
        "a": "Decreased air speed",
        "b": "increased speed and tendency to dive",
        "c": "Reduction of long range optimum speed"
      },
      "correct_answer": "b"
    },
    {
      "question_number": 22,
      "question": "Gross weight of an aircraft is",
      "options": {
        "a": "The total weight of aircraft before loaded",
        "b": "The sum of useful load and air frame parts load",
        "c": "The sum of aircraft empty weight, useful load"
      },
      "correct_answer": "c"
    },
    {
      "question_number": 23,
      "question": "Which one of the following is true?",
      "options": {
        "a": "Light aircraft have higher rate of climb",
        "b": "Low speed aircraft have superior maneuverability than high speed aircraft",
        "c": "High speed aircraft have highest maneuverability than low speed air craft"
      },
      "correct_answer": "a"
    },
    {
      "question_number": 24,
      "question": "Lateral balance of an aircraft is controlled by",
      "options": {
        "a": "Distribution of useful load on the aircraft",
        "b": "Operation of fight control surface such as elevator and radar",
        "c": "fuel consumption management"
      },
      "correct_answer": "a"
    },
    {
      "question_number": 25,
      "question": "The distance between two points where cg can shift for proper balance of an aircraft",
      "options": {
        "a": "center of gravity",
        "b": "center of gravity range",
        "c": "Center of gravity limit"
      },
      "correct_answer": "b"
    },
    {
      "question_number": 26,
      "question": "Information about center of gravity and center of gravity range is obtained",
      "options": {
        "a": "Aircraft specification and operation limitation",
        "b": "Type certificate data sheet (TCDS) and air craft flight manual",
        "c": "All"
      },
      "correct_answer": "c"
    },
    {
      "question_number": 27,
      "question": "An imaginary point about which both nose heavy and tail heavy moments are exactly equal in magnitude is called",
      "options": {
        "a": "Center of gravity",
        "b": "Center of pressure",
        "c": "C.G range"
      },
      "correct_answer": "a"
    },
    {
      "question_number": 28,
      "question": "Weight and balance of an aircraft must be conducted periodically since aircraft weight changes because of",
      "options": {
        "a": "dirt accumulation",
        "b": "cumulative minor repair and addition of miscellanies hardware",
        "c": "All"
      },
      "correct_answer": "c"
    },
    {
      "question_number": 29,
      "question": "Which one of the following is not required in weight and balance?",
      "options": {
        "a": "Jack (with appropriate pads)/ramps",
        "b": "Spirit level and measuring tape",
        "c": "Oxygen bottle"
      },
      "correct_answer": "c"
    },
    {
      "question_number": 30,
      "question": "The amount of fuel used for computing empty weight of an aircraft is",
      "options": {
        "a": "Empty tank (zero) fuel",
        "b": "Unusable fuel",
        "c": "Fuel required for half hour operation at full power setting"
      },
      "correct_answer": "b"
    },
    {
      "question_number": 31,
      "question": "Which of the following does not change the c.g of an aircraft in flight due?",
      "options": {
        "a": "Depletion of fuel",
        "b": "Retraction and extraction of the land gear",
        "c": "Engine flameout"
      },
      "correct_answer": "c"
    },
    {
      "question_number": 32,
      "question": "Normally empty weight of an aircraft",
      "options": {
        "a": "is the same for all aircraft of the same type",
        "b": "includes the weight of unusable fuel and oil",
        "c": "includes occupant but does not include the usable fuel"
      },
      "correct_answer": "b"
    },
    {
      "question_number": 33,
      "question": "Empty weight and C.G of an a/c is determined:",
      "options": {
        "a": "At the time of aircraft manufacturing",
        "b": "At each period and level of flight",
        "c": "During straight and level flight",
        "d": "During test flight check"
      },
      "correct_answer": "a"
    },
    {
      "question_number": 34,
      "question": "Which of the following cannot be the cause for C.G shift?",
      "options": {
        "a": "Aircraft painting",
        "b": "Pilot report",
        "c": "Major alteration"
      },
      "correct_answer": "b"
    },
    {
      "question_number": 35,
      "question": "Which of the following will cause C.G shift in flight?",
      "options": {
        "a": "Depletion of fuel in flight",
        "b": "Movement of crew and passengers",
        "c": "Retraction and extension of landing gear",
        "d": "All"
      },
      "correct_answer": "d"
    },
    {
      "question_number": 36,
      "question": "Which of the following is pay load?",
      "options": {
        "a": "Pilot",
        "b": "Fuel",
        "c": "Baggage",
        "d": "Aircraft"
      },
      "correct_answer": "c"
    },
    {
      "question_number": 37,
      "question": "In which document do we find the weight and balance information:",
      "options": {
        "a": "Aircraft specification",
        "b": "TCDS",
        "c": "Aircraft flight manual",
        "d": "all"
      },
      "correct_answer": "d"
    },
    {
      "question_number": 38,
      "question": "Which of the following will be included in the empty weight of an aircraft:",
      "options": {
        "a": "Residual fuel",
        "b": "Optional special equipment which has a fixed location on the a/c",
        "c": "Hydraulic fluid",
        "d": "All"
      },
      "correct_answer": "d"
    },
    {
      "question_number": 39,
      "question": "A reference line on which all measurements are taken for weight and balance control purpose is:",
      "options": {
        "a": "a-lever arm",
        "b": "Station",
        "c": "datum",
        "d": "All"
      },
      "correct_answer": "c"
    },
    {
      "question_number": 40,
      "question": "The removal or addition of equipment or an aircraft affects:",
      "options": {
        "a": "Empty weight",
        "b": "C.G",
        "c": "useful load",
        "d": "a & b"
      },
      "correct_answer": "d"
    },
    {
      "question_number": 41,
      "question": "The most conventional location for installation of temporary ballast is:",
      "options": {
        "a": "The tail section of the aircraft",
        "b": "At a very strong structural member",
        "c": "any where",
        "d": "At the cargo compartment"
      },
      "correct_answer": "d"
    },
    {
      "question_number": 42,
      "question": "For weight and balance control purpose any occupant of an aircraft seat weight is:",
      "options": {
        "a": "150 lb",
        "b": "160 lb",
        "c": "170 lb",
        "d": "210 lb"
      },
      "correct_answer": "c"
    },
    {
      "question_number": 43,
      "question": "The deliberate attempt to lead an a/c in a manner that will create the most critical balance condition and still remain with in the design C.G limit is:",
      "options": {
        "a": "Adverse loading check",
        "b": "Empty weight check",
        "c": "Maximum weight check"
      },
      "correct_answer": "a"
    },
    {
      "question_number": 44,
      "question": "What type of items are loaded between the forward and aft C.G limits during adverse load check:",
      "options": {
        "a": "All useful items",
        "b": "Minimum of essential items",
        "c": "Depends on the type of the check",
        "d": "No items is loaded in the C.G range"
      },
      "correct_answer": "c"
    },
    {
      "question_number": 45,
      "question": "Which of the following is NOT true about weighing an aircraft?",
      "options": {
        "a": "The aircraft should be weighed in well-ventilated area",
        "b": "The aircraft should be free from excessive dirt",
        "c": "The accuracy of the scale should be established",
        "d": "Tare weight should be subtracted from the scale reading"
      },
      "correct_answer": "a"
    }
]
