[
    {
        "question_number": 1,
        "question": "Which of the following speeds up the preflight weight and balance computation?",
        "options": {
            "A": "The loading graph method",
            "B": "The manual calculation method",
            "C": "The onboard computer method"
        },
        "correct_answer": "A",
        "explanation": "The loading graph method provides a visual and quick way to determine if the aircraft's weight and balance are within limits, speeding up preflight computations."
    },
    {
        "question_number": 2,
        "question": "Which of the following is correct about weight and balance?",
        "options": {
            "A": "Records only need to be kept for one year.",
            "B": "All weight and balance records should be kept with the other aircraft records.",
            "C": "The pilot must create new records for every flight."
        },
        "correct_answer": "B",
        "explanation": "Maintaining a current and accurate history is crucial for safety, so all weight and balance records must be kept with the aircraft's permanent records."
    },
    {
        "question_number": 3,
        "question": "Given a CG location of 635.7, a LEMAC (leading edge of mean aerodynamic chord) station of 625, and a MAC (mean aerodynamic chord) of 134, what is the CG location as a percentage of MAC?",
        "options": {
            "A": "8%",
            "B": "10.7%",
            "C": "12%"
        },
        "correct_answer": "A",
        "explanation": "First, find the distance from LEMAC to CG: 635.7 - 625 = 10.7. Then express this as a percentage of MAC: (10.7 / 134) * 100 \u2248 8%."
    },
    {
        "question_number": 4,
        "question": "Which of the following weighing systems is typically used for light aircraft and requires a ramp and jack to place the aircraft onto the scale?",
        "options": {
            "A": "Portable Electronic Weighing System",
            "B": "Mechanical Platform Scale",
            "C": "Onboard load cells"
        },
        "correct_answer": "B",
        "explanation": "Mechanical platform scales are a traditional method for weighing light aircraft that involves lifting the aircraft onto large, stationary scales."
    },
    {
        "question_number": 5,
        "question": "In weight and balance calculations, weight added to the aircraft is considered what type of value?",
        "options": {
            "A": "Positive",
            "B": "Negative",
            "C": "Neutral"
        },
        "correct_answer": "A",
        "explanation": "When weight is added to an aircraft, it is represented by a positive (+) number in weight and balance computations."
    },
    {
        "question_number": 6,
        "question": "In weight and balance calculations, weight removal is considered what type of value?",
        "options": {
            "A": "Positive",
            "B": "Negative",
            "C": "Neutral"
        },
        "correct_answer": "B",
        "explanation": "When weight is removed from an aircraft, it is represented by a negative (-) number in weight and balance computations."
    },
    {
        "question_number": 7,
        "question": "What is the definition of static load?",
        "options": {
            "A": "The load imposed during flight maneuvers.",
            "B": "The load imposed on an aircraft structure due to the weight of the aircraft and its contents.",
            "C": "The aerodynamic force generated by the wings."
        },
        "correct_answer": "B",
        "explanation": "Static load refers to the forces acting on the aircraft when it is at rest on the ground, caused by its own weight and the weight of its contents."
    },
    {
        "question_number": 8,
        "question": "What is the Empty-Weight Center of Gravity (EWCG)?",
        "options": {
            "A": "The center of gravity when the aircraft is fully loaded with passengers and fuel.",
            "B": "The theoretical balance point of the wings.",
            "C": "The center of gravity of an aircraft when it contains only the items specified in the aircraft empty weight."
        },
        "correct_answer": "C",
        "explanation": "The EWCG is the calculated center of gravity for the aircraft in its empty condition, which includes the structure, required equipment, and unusable fuel and fluids."
    },
    {
        "question_number": 9,
        "question": "What is the correct aircraft configuration for weighing?",
        "options": {
            "A": "Full fuel tanks and no fluids.",
            "B": "Empty fuel tanks and full operating fluids.",
            "C": "Half-full fuel tanks and empty fluids."
        },
        "correct_answer": "B",
        "explanation": "To get a standardized empty weight, the aircraft should be weighed with unusable fuel (empty tanks) and all operating fluids like oil and hydraulic fluid at their full levels."
    },
    {
        "question_number": 10,
        "question": "What is the formula for determining the Center of Gravity (CG) of an aircraft?",
        "options": {
            "A": "Total moment divided by total weight.",
            "B": "Total weight divided by total moment.",
            "C": "Total weight multiplied by the arm."
        },
        "correct_answer": "A",
        "explanation": "The Center of Gravity (CG) is calculated by dividing the total moment (the sum of all individual weight x arm calculations) by the total weight of the aircraft."
    },
    {
        "question_number": 11,
        "question": "Which weighing system is used for both large and small aircraft, has its own ramp, and has digital CG and gross-weight indicators?",
        "options": {
            "A": "Mechanical Platform Scale",
            "B": "Portable Electronic Weighing System",
            "C": "Structural load sensors"
        },
        "correct_answer": "B",
        "explanation": "Portable electronic weighing systems are versatile, modern scales that can be used for various aircraft sizes and provide direct digital readouts of weight and CG."
    },
    {
        "question_number": 12,
        "question": "How is longitudinal stability primarily maintained?",
        "options": {
            "A": "By ensuring the CG is slightly behind the center of lift.",
            "B": "By ensuring the CG is exactly at the center of lift.",
            "C": "By ensuring the CG is slightly ahead of the center of lift."
        },
        "correct_answer": "C",
        "explanation": "Placing the center of gravity (CG) slightly forward of the center of lift creates a nose-down tendency that is counteracted by the tail-down force from the horizontal stabilizer, resulting in stable flight."
    },
    {
        "question_number": 13,
        "question": "Whose responsibility is it to update the aircraft's new empty weight when there is a change in the equipment list?",
        "options": {
            "A": "The pilot",
            "B": "The manufacturer",
            "C": "The operator"
        },
        "correct_answer": "C",
        "explanation": "The aircraft operator is responsible for maintaining the accuracy of the weight and balance records, including updates after equipment changes."
    },
    {
        "question_number": 14,
        "question": "What is the name of the check performed by loading the forward CG limit to its maximum and the aft to its minimum?",
        "options": {
            "A": "Aft Adverse-Loaded CG Check",
            "B": "Forward Adverse-Loaded CG Check",
            "C": "Maximum Gross Weight Check"
        },
        "correct_answer": "B",
        "explanation": "A Forward Adverse-Loaded CG Check is a calculation to determine the most forward center of gravity possible under various loading configurations."
    },
    {
        "question_number": 15,
        "question": "What is the name of the check performed by loading the rearward CG limit to its maximum and the forward to its minimum?",
        "options": {
            "A": "Forward Adverse-Loaded CG Check",
            "B": "Aft Adverse-Loaded CG Check",
            "C": "Minimum Gross Weight Check"
        },
        "correct_answer": "B",
        "explanation": "An Aft Adverse-Loaded CG Check is a calculation to determine the most rearward center of gravity possible under various loading configurations."
    },
    {
        "question_number": 16,
        "question": "What is the term for removable weight, often in the form of sandbags, added to an aircraft to adjust the CG for certain flight conditions?",
        "options": {
            "A": "Permanent Ballast",
            "B": "Temporary Ballast",
            "C": "Payload Adjustment Weight"
        },
        "correct_answer": "B",
        "explanation": "Temporary ballast is weight that can be easily added or removed to ensure the aircraft's center of gravity remains within acceptable limits during flight."
    },
    {
        "question_number": 17,
        "question": "Whose responsibility is it to update the weight and balance record after any major repair or modification?",
        "options": {
            "A": "The pilot",
            "B": "The repairman or repair station",
            "C": "The aircraft owner"
        },
        "correct_answer": "B",
        "explanation": "The person or agency (repairman, A&P mechanic, or repair station) performing a major repair or modification is responsible for documenting the changes and updating the aircraft's weight and balance records."
    },
    {
        "question_number": 18,
        "question": "Given a CG location of 635.7 and a LEMAC (leading edge of mean aerodynamic chord) station of 625, determine the distance from the CG to the LEMAC.",
        "options": {
            "A": "10.7",
            "B": "8.0",
            "C": "1.07"
        },
        "correct_answer": "A",
        "explanation": "The distance is the difference between the CG location and the LEMAC station: 635.7 - 625 = 10.7."
    },
    {
        "question_number": 19,
        "question": "Which weighing system, used for both large and small aircraft, has its own ramp and provides digital CG and gross-weight indicators?",
        "options": {
            "A": "Portable Electronic Weighing System",
            "B": "Mechanical Load Cell System",
            "C": "Integrated Platform Scale"
        },
        "correct_answer": "A",
        "explanation": "Portable electronic weighing systems are modern, versatile scales that can be used for various aircraft sizes and provide direct digital readouts of weight and CG."
    },
    {
        "question_number": 20,
        "question": "How is weight and balance typically managed in modern aircraft?",
        "options": {
            "A": "Using manual slide rules",
            "B": "Through dedicated flight electronic computers",
            "C": "By pilot estimation only"
        },
        "correct_answer": "B",
        "explanation": "Modern aircraft utilize sophisticated onboard computers, often as part of a Flight Management System (FMS), to perform real-time, accurate weight and balance calculations."
    },
    {
        "question_number": 21,
        "question": "What is the first step in calculating an aircraft's empty weight when using scales?",
        "options": {
            "A": "Determine the net weight on each wheel.",
            "B": "Calculate the total moment.",
            "C": "Add the weight of the fuel."
        },
        "correct_answer": "A",
        "explanation": "The weighing process begins by measuring the weight supported by each individual wheel (nose and main gear) to get the separate weight readings."
    },
    {
        "question_number": 22,
        "question": "Which method uses a pre-calculated weight and moment index for determining weight and balance?",
        "options": {
            "A": "The computational method",
            "B": "The loading graph method",
            "C": "The tabular data method"
        },
        "correct_answer": "B",
        "explanation": "The loading graph method simplifies calculations by using charts where weight and moment indexes can be plotted to visually confirm if the aircraft is within its CG envelope."
    },
    {
        "question_number": 23,
        "question": "The lateral balance of an aircraft is most commonly affected by what factor during flight?",
        "options": {
            "A": "Passenger movement",
            "B": "Fuel usage",
            "C": "Gear retraction"
        },
        "correct_answer": "B",
        "explanation": "As fuel is consumed unevenly from wing tanks, it can cause an imbalance in weight between the left and right sides, affecting the aircraft's lateral balance."
    },
    {
        "question_number": 24,
        "question": "What is a common action to shift an out-of-limit Center of Gravity (CG) back into the acceptable range?",
        "options": {
            "A": "Changing the flight altitude.",
            "B": "Increasing airspeed.",
            "C": "Shifting passenger and cargo load."
        },
        "correct_answer": "C",
        "explanation": "The most direct way to correct the CG position is by physically moving weight (passengers or cargo) forward or aft within the cabin or cargo holds."
    }
]