[
    {
        "question_number": 1,
        "question": "What is a stated function of an air compressor in some hydraulic systems?",
        "options": {
            "A": "Replacing lost fluid",
            "B": "Cooling the hydraulic fluid",
            "C": "Filtering contaminants"
        },
        "correct_answer": "A",
        "explanation": "In some hydraulic systems, an air compressor is used to pressurize the reservoir. This ensures a positive fluid supply to the pump and can aid in servicing."
    },
    {
        "question_number": 2,
        "question": "What is a disadvantage of an electrically driven hydraulic pump compared to an engine-driven one in some aircraft?",
        "options": {
            "A": "It is significantly louder",
            "B": "It may lack the power to operate heavy-load systems like landing gear",
            "C": "It requires more frequent maintenance"
        },
        "correct_answer": "B",
        "explanation": "Electrically driven motor pumps (EDMPs) may not have the same high power output as engine-driven pumps (EDPs), making them less suitable for operating high-demand systems like landing gear on certain aircraft."
    },
    {
        "question_number": 3,
        "question": "In a fail-safe design, a relay controlling a circuit will typically return to which state when control power is lost?",
        "options": {
            "A": "Energized",
            "B": "De-energized",
            "C": "Latched in the last position"
        },
        "correct_answer": "B",
        "explanation": "For safety, relays in critical systems are often designed to return to a de-energized state (either open or closed, depending on the specific safety requirement) when control power is removed."
    },
    {
        "question_number": 4,
        "question": "What component is typically not found as an integral part of an electrically driven hydraulic pump unit?",
        "options": {
            "A": "Electric motor",
            "B": "Pumping mechanism (gears/pistons)",
            "C": "Pressure regulator"
        },
        "correct_answer": "C",
        "explanation": "While the hydraulic system requires a pressure regulator, it is typically a separate line-replaceable unit (LRU) and not built into the electric motor pump (EDMP) assembly itself."
    },
    {
        "question_number": 5,
        "question": "Which type of check valve is most suitable for low-pressure, high-volume flow applications?",
        "options": {
            "A": "Ball check valve",
            "B": "Flapper check valve",
            "C": "Cone check valve"
        },
        "correct_answer": "B",
        "explanation": "Flapper-type check valves provide a large, unrestricted path for fluid, offering minimal resistance, which is ideal for high-volume flow at low pressure."
    },
    {
        "question_number": 6,
        "question": "Which type of hydraulic pump is generally used for low-pressure systems?",
        "options": {
            "A": "Axial piston pump",
            "B": "Vane type pump",
            "C": "Radial piston pump"
        },
        "correct_answer": "B",
        "explanation": "Vane pumps are efficient and common in low-pressure hydraulic applications, while piston pumps are typically used for high-pressure systems."
    },
    {
        "question_number": 7,
        "question": "What does an extended indicator pin or 'rag' on a hydraulic filter signify?",
        "options": {
            "A": "Fluid temperature is too high",
            "B": "The filter element is clogged",
            "C": "The system fluid level is low"
        },
        "correct_answer": "B",
        "explanation": "The indicator, often called a differential pressure indicator, pops out when the pressure drop across the filter element is excessive, signaling that the filter is clogged and needs replacement."
    },
    {
        "question_number": 8,
        "question": "What is the standard color of vegetable-based hydraulic fluid (e.g., MIL-H-7644)?",
        "options": {
            "A": "Red",
            "B": "Blue",
            "C": "Purple"
        },
        "correct_answer": "B",
        "explanation": "Vegetable-based hydraulic fluid is dyed blue for easy identification to prevent it from being mixed with mineral-based (red) or synthetic (purple) fluids."
    },
    {
        "question_number": 9,
        "question": "Which type of seal material is compatible with vegetable-based hydraulic fluid?",
        "options": {
            "A": "Buna-N",
            "B": "Viton",
            "C": "Natural rubber"
        },
        "correct_answer": "C",
        "explanation": "Vegetable-based hydraulic fluids require seals made of natural rubber. Using synthetic rubbers like Buna-N or Viton would result in deterioration and system failure."
    },
    {
        "question_number": 10,
        "question": "What is a common rule of thumb for setting the nitrogen pre-charge pressure in a hydraulic accumulator?",
        "options": {
            "A": "1/3 of the system operating pressure",
            "B": "Equal to the system operating pressure",
            "C": "1/2 of the system operating pressure"
        },
        "correct_answer": "A",
        "explanation": "As a general guideline, the accumulator's nitrogen pre-charge should be set to approximately one-third of the normal system pressure when the system is unpressurized. Always refer to the specific maintenance manual."
    },
    {
        "question_number": 11,
        "question": "What is the main structural part of a filter assembly that contains the ports and mounts to the aircraft?",
        "options": {
            "A": "The bowl",
            "B": "The element",
            "C": "The head"
        },
        "correct_answer": "C",
        "explanation": "A typical filter assembly consists of a head (which mounts to the structure and has the fluid ports), a bowl that screws onto the head, and the filter element which is housed inside."
    },
    {
        "question_number": 12,
        "question": "On a Boeing 737NG, what are the primary pump types for hydraulic systems A and B?",
        "options": {
            "A": "System A is powered by an EDMP and System B by an EDP",
            "B": "System A is powered by an EDP and System B by an EDMP",
            "C": "Both systems are powered by EDPs"
        },
        "correct_answer": "B",
        "explanation": "On the B737NG, System A is primarily powered by an Engine Driven Pump (EDP) from engine #1, while System B is primarily powered by an Electric Motor Driven Pump (EDMP), enhancing system redundancy."
    },
    {
        "question_number": 13,
        "question": "What is the most critical first safety precaution to take before performing maintenance on a hydraulic system?",
        "options": {
            "A": "Disconnect electrical power",
            "B": "Depressurize the system",
            "C": "Drain the hydraulic reservoir"
        },
        "correct_answer": "B",
        "explanation": "Always depressurize the hydraulic system completely before starting maintenance to prevent injury from high-pressure fluid injection or unexpected movement of components."
    },
    {
        "question_number": 14,
        "question": "What is the primary reason for pressurizing a hydraulic reservoir in an aircraft?",
        "options": {
            "A": "To increase the overall system pressure",
            "B": "To ensure a positive flow of fluid to the pump inlet",
            "C": "To cool the hydraulic fluid"
        },
        "correct_answer": "B",
        "explanation": "Pressurizing the reservoir ensures a constant, positive head of pressure on the fluid entering the pump. This is critical, especially at high altitudes where ambient pressure is low."
    },
    {
        "question_number": 15,
        "question": "Pressurizing the hydraulic reservoir helps to prevent what damaging condition in the pump?",
        "options": {
            "A": "Pump cavitation",
            "B": "Over-pressurization",
            "C": "Internal leakage"
        },
        "correct_answer": "A",
        "explanation": "By ensuring positive fluid flow to the pump inlet, a pressurized reservoir prevents the inlet pressure from dropping to the fluid's vapor pressure, thus preventing the formation of damaging vapor bubbles (cavitation)."
    },
    {
        "question_number": 16,
        "question": "In an aircraft fuel-to-oil heat exchanger, what medium is used as the coolant for the hydraulic fluid?",
        "options": {
            "A": "Ram air",
            "B": "Engine oil",
            "C": "Fuel"
        },
        "correct_answer": "C",
        "explanation": "In many aircraft, cold fuel from the wing tanks is used as a coolant. It flows through a heat exchanger to absorb heat from the hot hydraulic fluid, which also has the benefit of warming the fuel before it enters the engine."
    },
    {
        "question_number": 17,
        "question": "What is a primary indicator of a significant internal leak within a hydraulic component?",
        "options": {
            "A": "A rapid drop in system pressure",
            "B": "An abnormal increase in component temperature",
            "C": "Visible fluid dripping from the component"
        },
        "correct_answer": "B",
        "explanation": "An internal leak allows high-pressure fluid to escape to a low-pressure area without doing useful work. This process converts hydraulic energy into heat, causing the component's temperature to rise."
    },
    {
        "question_number": 18,
        "question": "A hydraulic system using a closed-center selector valve requires what other components to function correctly?",
        "options": {
            "A": "An open-center valve in series",
            "B": "A pressure regulator or a variable displacement pump",
            "C": "A fixed displacement pump and no accumulator"
        },
        "correct_answer": "B",
        "explanation": "Because a closed-center valve blocks flow in the neutral position, the system must have a way to handle pump output, which is achieved either with a variable displacement pump that de-strokes or a fixed pump with a pressure regulator that diverts flow."
    },
    {
        "question_number": 19,
        "question": "What is the purpose of a shuttle valve?",
        "options": {
            "A": "To direct fluid to one of two different actuators",
            "B": "To isolate a part of the system for maintenance",
            "C": "To allow a component to be operated by a normal and an alternate pressure source"
        },
        "correct_answer": "C",
        "explanation": "A shuttle valve is an automatic valve that allows a single component (like a brake actuator) to be pressurized by one of two sources, such as the normal system or an emergency/alternate system, by selecting the one with higher pressure."
    },
    {
        "question_number": 20,
        "question": "What is the basic function of a hydraulic selector valve?",
        "options": {
            "A": "To regulate system pressure",
            "B": "To direct the flow of fluid to control an actuator",
            "C": "To filter contaminants from the fluid"
        },
        "correct_answer": "B",
        "explanation": "A selector valve, or directional control valve, is used to control the direction of hydraulic fluid flow to and from an actuator, thereby controlling the actuator's movement (e.g., extend or retract)."
    },
    {
        "question_number": 21,
        "question": "In addition to storing pressure, what is another key function of a hydraulic accumulator?",
        "options": {
            "A": "To act as a secondary filter",
            "B": "To cool the fluid",
            "C": "To dampen pressure surges"
        },
        "correct_answer": "C",
        "explanation": "The gas charge in an accumulator acts like a cushion, absorbing sudden pressure spikes or surges (hydraulic shock) caused by rapid valve actuation, protecting system components from damage."
    },
    {
        "question_number": 22,
        "question": "Which component converts hydraulic pressure into linear motion?",
        "options": {
            "A": "A pump",
            "B": "An accumulator",
            "C": "An actuator"
        },
        "correct_answer": "C",
        "explanation": "An actuator, also known as a hydraulic cylinder, is the device that converts the energy of the pressurized fluid into mechanical force to produce linear (or sometimes rotary) motion."
    },
    {
        "question_number": 23,
        "question": "What is the main function of a priority valve in a hydraulic system?",
        "options": {
            "A": "To ensure continuous pressure is available for critical systems",
            "B": "To act as the main system pressure relief valve",
            "C": "To direct all pressure to the landing gear during extension"
        },
        "correct_answer": "A",
        "explanation": "A priority valve ensures that critical flight controls receive hydraulic pressure before non-essential systems, especially during periods of high demand when system pressure might momentarily drop."
    }
]