[
    {
        "question_number": 1,
        "question": "If a 1000 PSI pre-charged accumulator is in a hydraulic system that is then pressurized to 3000 PSI, what will the accumulator's final pressure be?",
        "options": {
            "A": "1000 PSI",
            "B": "3000 PSI",
            "C": "4000 PSI"
        },
        "correct_answer": "B",
        "explanation": "Once the hydraulic system is pressurized, the accumulator's gas pressure will equalize with the system's fluid pressure. Therefore, the accumulator pressure will be 3000 PSI."
    },
    {
        "question_number": 2,
        "question": "Number of reservoirs of A37?",
        "options": {
            "A": "2",
            "B": "3",
            "C": "4"
        },
        "correct_answer": "B",
        "explanation": "The A-37 Dragonfly aircraft is equipped with three hydraulic reservoirs."
    },
    {
        "question_number": 3,
        "question": "Which seal prevents the extrusion of an O-ring in high-pressure applications?",
        "options": {
            "A": "Gasket",
            "B": "O-ring itself",
            "C": "Backup ring"
        },
        "correct_answer": "C",
        "explanation": "A backup ring is a rigid ring that is installed on the low-pressure side of an O-ring to prevent it from being forced, or extruded, into the clearance gap."
    },
    {
        "question_number": 4,
        "question": "How is the operation of a Power Transfer Unit (PTU) typically indicated in the cockpit?",
        "options": {
            "A": "A green 'PTU ON' light",
            "B": "An amber 'PTU FAULT' message",
            "C": "No direct visual indication"
        },
        "correct_answer": "C",
        "explanation": "There is typically no specific light or gauge in the cockpit that indicates the PTU is operating. Its operation is most commonly identified by its characteristic sound."
    },
    {
        "question_number": 5,
        "question": "What does a normal hydraulic system pressure indication signify?",
        "options": {
            "A": "The system fluid is overheating.",
            "B": "A pressurized source is available for the hydraulic system.",
            "C": "The fluid quantity is low."
        },
        "correct_answer": "B",
        "explanation": "A normal indication for a hydraulic system confirms that a source of pressure (from a pump or accumulator) is available and the system is ready to operate."
    },
    {
        "question_number": 6,
        "question": "How is fluid servicing for a PTU typically accomplished?",
        "options": {
            "A": "Through System A",
            "B": "Through System B",
            "C": "Through a dedicated PTU servicing port"
        },
        "correct_answer": "B",
        "explanation": "In many aircraft designs, the Power Transfer Unit (PTU) is connected between two hydraulic systems (e.g., A and B). Servicing is done through the main system reservoirs, such as System B's reservoir."
    },
    {
        "question_number": 7,
        "question": "What is the primary difference between pneumatic and hydraulic systems?",
        "options": {
            "A": "Hydraulic fluid is compressible.",
            "B": "Pneumatic systems use liquid.",
            "C": "Pneumatic fluid (gas) is compressible."
        },
        "correct_answer": "C",
        "explanation": "The key difference is the fluid used. Hydraulic systems use incompressible liquids, providing smooth and precise motion, while pneumatic systems use compressible gases like air."
    },
    {
        "question_number": 8,
        "question": "What is a primary function of a hydraulic accumulator?",
        "options": {
            "A": "To filter hydraulic fluid",
            "B": "To store hydraulic fluid under pressure",
            "C": "To cool the hydraulic fluid"
        },
        "correct_answer": "B",
        "explanation": "A hydraulic accumulator's main purpose is to store hydraulic fluid under pressure, which allows it to dampen pressure surges, supplement pump flow, and provide an emergency source of power."
    },
    {
        "question_number": 9,
        "question": "Which component is used to reduce hydraulic system pressure from the normal level to a lower pressure for a specific subsystem?",
        "options": {
            "A": "Pressure relief valve",
            "B": "Pressure reducer",
            "C": "Check valve"
        },
        "correct_answer": "B",
        "explanation": "A pressure reducer is specifically designed to lower the pressure in a particular branch of a hydraulic system to a level required by the components in that branch."
    },
    {
        "question_number": 10,
        "question": "Which component automatically shuts off a fluid line if a significant leak occurs?",
        "options": {
            "A": "A check valve",
            "B": "A hydraulic fuse",
            "C": "A manual shut-off valve"
        },
        "correct_answer": "B",
        "explanation": "A hydraulic fuse is a safety device that detects a sudden increase in flow rate (as caused by a ruptured line) and automatically closes to prevent catastrophic loss of all hydraulic fluid."
    },
    {
        "question_number": 12,
        "question": "Which component is used to visually indicate the quantity of hydraulic fluid in a reservoir?",
        "options": {
            "A": "Pressure gauge",
            "B": "Sight gauge",
            "C": "Flow meter"
        },
        "correct_answer": "B",
        "explanation": "A sight gauge, often a transparent window or tube on the side of the reservoir, allows maintenance personnel to directly and visually check the fluid level."
    },
    {
        "question_number": 13,
        "question": "What color is uncontaminated vegetable-based hydraulic fluid dyed?",
        "options": {
            "A": "Red",
            "B": "Blue",
            "C": "Purple"
        },
        "correct_answer": "B",
        "explanation": "Vegetable-based hydraulic fluid (MIL-H-7644) is dyed blue for easy identification and to distinguish it from other fluid types."
    },
    {
        "question_number": 14,
        "question": "What does a red indicator on a hydraulic filter typically signify?",
        "options": {
            "A": "The fluid level is normal.",
            "B": "The system pressure is high.",
            "C": "The filter is clogged."
        },
        "correct_answer": "C",
        "explanation": "A red indicator, often a pop-out button, is a bypass indicator. It signals that the filter element is clogged, causing fluid to bypass the filter, which requires servicing."
    },
    {
        "question_number": 15,
        "question": "What fluid should be used when flushing a hydraulic system?",
        "options": {
            "A": "A special cleaning solvent",
            "B": "Water",
            "C": "The same type of hydraulic fluid specified for the system"
        },
        "correct_answer": "C",
        "explanation": "To prevent contamination and damage to seals and components, a hydraulic system must be flushed only with the clean, same type of fluid it is designed to operate with."
    },
    {
        "question_number": 16,
        "question": "Which type of hydraulic fluid is compatible with natural rubber seals?",
        "options": {
            "A": "Mineral-based",
            "B": "Phosphate-ester based",
            "C": "Vegetable-based"
        },
        "correct_answer": "C",
        "explanation": "Vegetable-based hydraulic fluid (dyed blue) is the only type compatible with natural rubber seals. Mineral-based (red) and synthetic phosphate-ester (purple) fluids will cause natural rubber to swell and deteriorate."
    },
    {
        "question_number": 17,
        "question": "Which type of accumulator air valve fitting uses a sleeve nut?",
        "options": {
            "A": "MS28889-1",
            "B": "AN812",
            "C": "AN6287-1"
        },
        "correct_answer": "B",
        "explanation": "The AN812 is a specific type of air valve fitting, identifiable by its use of a sleeve nut, sometimes used on older accumulators."
    },
    {
        "question_number": 18,
        "question": "What is a primary disadvantage of using an all-electric system instead of a hydraulic system for high-load applications like landing gear?",
        "options": {
            "A": "Lower reliability",
            "B": "Increased weight",
            "C": "Higher maintenance requirements"
        },
        "correct_answer": "B",
        "explanation": "Hydraulic systems have a very high power-to-weight ratio. For moving heavy components like landing gear, equivalent electric motors and actuators would be significantly heavier and bulkier."
    },
    {
        "question_number": 19,
        "question": "What type of seal is specifically designed for a piston moving within a cylinder?",
        "options": {
            "A": "A gasket",
            "B": "A packing seal",
            "C": "A wiper seal"
        },
        "correct_answer": "B",
        "explanation": "Packing seals, also known as piston seals, are designed to seal between the piston and the cylinder bore as the piston moves, preventing fluid from bypassing it."
    },
    {
        "question_number": 20,
        "question": "What is a key advantage of using a self-contained hydraulic power pack for a specific aircraft system?",
        "options": {
            "A": "It increases overall system pressure.",
            "B": "It reduces weight by eliminating long hydraulic lines.",
            "C": "It operates at a lower temperature."
        },
        "correct_answer": "B",
        "explanation": "By placing a self-contained power pack near the component it operates, the need for long, heavy hydraulic lines running from a central system is eliminated, thus saving weight."
    },
    {
        "question_number": 21,
        "question": "What is a key safety characteristic of petroleum-based hydraulic fluid?",
        "options": {
            "A": "It is fire-resistant.",
            "B": "It is non-conductive.",
            "C": "It is flammable."
        },
        "correct_answer": "C",
        "explanation": "Unlike synthetic phosphate-ester fluids which are fire-resistant, petroleum-based hydraulic fluids (like MIL-H-5606) are flammable."
    },
    {
        "question_number": 22,
        "question": "How is system pressure controlled when using a constant-displacement pump?",
        "options": {
            "A": "By changing the pump's rotational speed",
            "B": "With a pressure regulator",
            "C": "By varying the internal displacement of the pump"
        },
        "correct_answer": "B",
        "explanation": "A constant-displacement pump moves a fixed volume of fluid per revolution. To control pressure, a pressure regulator is used to divert excess flow back to the reservoir once the desired system pressure is reached."
    }
]