[
    {
        "question_number": 1,
        "question": "Where does the fluid head pressure that pressurizes the reservoir come from?",
        "options": {
            "A": "Pump inlet",
            "B": "Return line",
            "C": "Pump outlet"
        },
        "correct_answer": "B",
        "explanation": "In some hydraulic systems, the reservoir is pressurized by the static head pressure created by the column of fluid in the return line from a component located at a higher elevation."
    },
    {
        "question_number": 2,
        "question": "How many hydraulic reservoirs does a Boeing 737 have?",
        "options": {
            "A": "2",
            "B": "3",
            "C": "4"
        },
        "correct_answer": "B",
        "explanation": "The Boeing 737 has three independent hydraulic systems (A, B, and Standby), and each system has its own dedicated reservoir."
    },
    {
        "question_number": 3,
        "question": "What is a linear hydraulic actuator with two different diameter rods extending from both sides of the piston called?",
        "options": {
            "A": "Balanced actuator",
            "B": "Tandem actuator",
            "C": "Unbalanced actuator"
        },
        "correct_answer": "C",
        "explanation": "An actuator is considered unbalanced if the effective area on each side of the piston is different, resulting in different forces and speeds for extension and retraction."
    },
    {
        "question_number": 5,
        "question": "Which component does not typically belong to an electrically operated landing gear system?",
        "options": {
            "A": "Electric motor",
            "B": "Pressure Regulator",
            "C": "Gearbox"
        },
        "correct_answer": "B",
        "explanation": "Pressure regulators are characteristic of fluid power (hydraulic or pneumatic) systems. Electrically operated systems use motors, gearboxes, and actuators."
    },
    {
        "question_number": 6,
        "question": "Which type of pump is characterized by having medium flow and medium pressure capabilities?",
        "options": {
            "A": "Piston pump",
            "B": "Vane pump",
            "C": "Gear type pump"
        },
        "correct_answer": "C",
        "explanation": "Gear-type pumps are known for their simplicity and are typically used in applications requiring medium pressure and medium volume flow."
    },
    {
        "question_number": 7,
        "question": "What is the typical high-pressure range in an aircraft pneumatic system?",
        "options": {
            "A": "100 - 500 psi",
            "B": "1000 - 3000 psi",
            "C": "5000 - 8000 psi"
        },
        "correct_answer": "B",
        "explanation": "High-pressure pneumatic systems in aircraft, used for applications like landing gear emergency extension, typically operate in the 1000 to 3000 psi range."
    },
    {
        "question_number": 8,
        "question": "Which of the following is NOT a primary purpose of a hydraulic reservoir?",
        "options": {
            "A": "Store hydraulic fluid",
            "B": "Absorb pressure surges",
            "C": "Allow for fluid thermal expansion"
        },
        "correct_answer": "B",
        "explanation": "Absorbing pressure surges and shocks is the primary function of a hydraulic accumulator, not the reservoir."
    },
    {
        "question_number": 9,
        "question": "What is a likely consequence of applying excessive torque to hydraulic fittings?",
        "options": {
            "A": "The fitting will loosen over time",
            "B": "It causes damage to the structure and seals",
            "C": "It increases fluid flow"
        },
        "correct_answer": "B",
        "explanation": "Over-torquing fittings can deform the fitting or the component, leading to damaged threads, cracked structures, and compromised seals, which can cause leaks."
    },
    {
        "question_number": 10,
        "question": "In a typical standby hydraulic system configuration, where does the standby pump's output often connect?",
        "options": {
            "A": "Directly to the actuators",
            "B": "To the return line",
            "C": "To the Engine Driven Pump (EDP) inlet"
        },
        "correct_answer": "C",
        "explanation": "Some designs route the standby pump's fluid to the inlet of the primary Engine Driven Pump (EDP), allowing the EDP to then pressurize and distribute the fluid to the system."
    },
    {
        "question_number": 11,
        "question": "Which component is designed to shut off hydraulic flow in case of a major leak or excessive flow rate downstream?",
        "options": {
            "A": "Check valve",
            "B": "Selector valve",
            "C": "Hydraulic fuse"
        },
        "correct_answer": "C",
        "explanation": "A hydraulic fuse is a safety device that automatically shuts off fluid flow if the flow rate exceeds a preset limit, such as from a ruptured line, to prevent total loss of hydraulic fluid."
    },
    {
        "question_number": 12,
        "question": "What is a key difference between a sequence valve and a priority valve?",
        "options": {
            "A": "Sequence valves are pressure-operated; priority valves are mechanically operated",
            "B": "Sequence valves are mechanically operated; priority valves are pressure-operated",
            "C": "They perform the same function but are made of different materials"
        },
        "correct_answer": "B",
        "explanation": "A sequence valve is typically operated mechanically after a component completes its movement, while a priority valve is operated by system pressure to direct fluid to critical systems first."
    },
    {
        "question_number": 13,
        "question": "What type of seal is used in an assembly with a moving part, such as a piston inside a cylinder?",
        "options": {
            "A": "Gasket",
            "B": "Packing",
            "C": "Wiper"
        },
        "correct_answer": "B",
        "explanation": "Packings are dynamic seals used to create a seal between two parts in relative motion. Gaskets are used for static (non-moving) joints."
    },
    {
        "question_number": 14,
        "question": "Which type of valve, in its neutral position, allows fluid to flow from the pump back to the reservoir with minimal pressure?",
        "options": {
            "A": "Check Valve",
            "B": "Shuttle Valve",
            "C": "Open-center selector valve"
        },
        "correct_answer": "C",
        "explanation": "In an open-center system, the selector valve's neutral position provides a continuous path for fluid to flow from the pump, through the valve, and back to the reservoir, preventing pressure buildup."
    },
    {
        "question_number": 15,
        "question": "Which component is a unique feature of some pneumatic systems, not typically found in hydraulic systems?",
        "options": {
            "A": "Filter",
            "B": "Accumulator",
            "C": "Oil-separator"
        },
        "correct_answer": "C",
        "explanation": "Pneumatic systems may use an oil-separator or water separator to remove contaminants from the air charge, a component not needed in self-contained hydraulic systems."
    },
    {
        "question_number": 16,
        "question": "What is a primary function of a pneumatic bottle charging valve?",
        "options": {
            "A": "To release all air pressure for maintenance",
            "B": "To allow the bottle to be filled with air during servicing",
            "C": "To regulate the outlet pressure"
        },
        "correct_answer": "B",
        "explanation": "The charging valve on a pneumatic storage bottle serves as the service port to fill (charge) the bottle with high-pressure air or nitrogen from an external source."
    },
    {
        "question_number": 17,
        "question": "Which valve is used to allow fluid from one of two sources, such as a normal and an emergency system, to flow to a single component?",
        "options": {
            "A": "Selector Valve",
            "B": "Shuttle Valve",
            "C": "Sequence Valve"
        },
        "correct_answer": "B",
        "explanation": "A shuttle valve automatically allows the source with the higher pressure to flow to the outlet, isolating the lower pressure source. This is common for connecting normal and emergency systems."
    },
    {
        "question_number": 18,
        "question": "What type of seal material is compatible with vegetable-based hydraulic fluids?",
        "options": {
            "A": "Buna-N",
            "B": "Natural Rubber",
            "C": "Viton"
        },
        "correct_answer": "B",
        "explanation": "Material compatibility is crucial. Natural rubber seals are used with older vegetable-based fluids (e.g., MIL-H-7644), while synthetic rubbers are used for mineral or synthetic-based fluids."
    },
    {
        "question_number": 20,
        "question": "What action is typically performed on a system after a maintenance inspection is completed?",
        "options": {
            "A": "Operational check",
            "B": "Component overhaul",
            "C": "System flush"
        },
        "correct_answer": "A",
        "explanation": "After any maintenance or inspection that may affect a system's performance, an operational check must be performed to verify it functions correctly and safely."
    },
    {
        "question_number": 21,
        "question": "What component is used with an O-ring to prevent it from being forced into the gap between parts under high pressure?",
        "options": {
            "A": "Gasket",
            "B": "Wiper ring",
            "C": "Back-up ring"
        },
        "correct_answer": "C",
        "explanation": "A back-up ring, made of a hard, extrusion-resistant material, is installed next to the O-ring to provide support and prevent it from being extruded into the clearance gap."
    },
    {
        "question_number": 22,
        "question": "In a Cuno or edge-type filter, what factor determines the degree of filtration?",
        "options": {
            "A": "The speed of the fluid",
            "B": "The material of the discs",
            "C": "The spacing between the filter discs"
        },
        "correct_answer": "C",
        "explanation": "An edge-type filter works by passing fluid through the spaces between stacked discs. The thickness of the spacers between the discs determines the filtration rating."
    },
    {
        "question_number": 23,
        "question": "According to the text, what is a stated advantage of a hydraulic system over a pneumatic system?",
        "options": {
            "A": "Lighter weight",
            "B": "Less risk of fire",
            "C": "Easier to maintain"
        },
        "correct_answer": "C",
        "explanation": "The source text identifies 'easy to maintenance' as an advantage of hydraulic systems. This is the answer as provided in the source material."
    },
    {
        "question_number": 24,
        "question": "What items should generally be replaced whenever a hydraulic component is disassembled and reassembled?",
        "options": {
            "A": "The piston and cylinder",
            "B": "All seals and packings (chevrons)",
            "C": "The hydraulic fluid"
        },
        "correct_answer": "B",
        "explanation": "It is standard maintenance practice to replace all soft goods like seals, O-rings, and packings (e.g., chevron seals) during overhaul, as they are wear items."
    },
    {
        "question_number": 25,
        "question": "According to the text, what can be a supply source for a low-pressure pneumatic system?",
        "options": {
            "A": "Engine bleed air",
            "B": "Vane type pump",
            "C": "Piston pump"
        },
        "correct_answer": "B",
        "explanation": "The provided text indicates a vane-type pump as a source for a low-pressure pneumatic system. While engine bleed air is common on jets, some aircraft use dedicated pumps."
    },
    {
        "question_number": 26,
        "question": "Why is it important to cap or plug lines and components when a hydraulic system is opened?",
        "options": {
            "A": "To prevent air from escaping",
            "B": "To maintain system pressure",
            "C": "To prevent contamination"
        },
        "correct_answer": "C",
        "explanation": "Capping open lines is a critical step to prevent dirt, moisture, and other particles from entering the system, which can cause severe damage to sensitive components."
    },
    {
        "question_number": 27,
        "question": "Which statement is true regarding an open-center hydraulic system when the selector valve is in the neutral/idle position?",
        "options": {
            "A": "The pump stops rotating to save energy",
            "B": "Fluid flows without pressure buildup back to the reservoir",
            "C": "Pressure builds to maximum and is relieved by a relief valve"
        },
        "correct_answer": "B",
        "explanation": "A key feature of an open-center system is that in neutral, the selector valve directs the pump's output back to the reservoir at low pressure, reducing heat and wear."
    },
    {
        "question_number": 28,
        "question": "What is the power source for a Ram Air Turbine (RAT)?",
        "options": {
            "A": "An electric motor",
            "B": "The aircraft's main engine",
            "C": "Airstream rotating a turbine"
        },
        "correct_answer": "C",
        "explanation": "A Ram Air Turbine (RAT) is an emergency power source that deploys into the airstream. The force of the air spins its turbine blades, which drives a hydraulic pump or electrical generator."
    }
]