[
    {
        "question_number": 1,
        "question": "The distribution between soft and hard wood is based on",
        "options": {
            "A": "Water content",
            "B": "Cellular structure",
            "C": "Number of annular rings"
        },
        "correct_answer": "B",
        "explanation": "The classification of wood into soft and hard is based on its microscopic cellular structure. Hardwoods are from deciduous trees and have pores, while softwoods are from coniferous trees and do not."
    },
    {
        "question_number": 2,
        "question": "The determining factor for the selection of the correct weight of textile fabric to be used is",
        "options": {
            "A": "Max wing load",
            "B": "Speed of the a/c",
            "C": "Both"
        },
        "correct_answer": "C",
        "explanation": "Both the maximum wing loading and the never-exceed speed (Vne) of the aircraft are critical factors in selecting the appropriate weight and strength of textile fabric for covering."
    },
    {
        "question_number": 3,
        "question": "__is a radial crake that runs across the grain line",
        "options": {
            "A": "Shake",
            "B": "Check",
            "C": "Knot"
        },
        "correct_answer": "B",
        "explanation": "A check is a longitudinal crack in wood that runs across the annual rings, typically caused by uneven drying."
    },
    {
        "question_number": 4,
        "question": "Which one of the following is not a requirement for a/c wood",
        "options": {
            "A": "Water content",
            "B": "Grain structure",
            "C": "Type of cut"
        },
        "correct_answer": "D",
        "explanation": "Water content, grain structure, and the type of cut are all critical requirements for selecting aircraft-grade wood. Therefore, none of these are 'not a requirement'."
    },
    {
        "question_number": 5,
        "question": "What is the major advantage of soft wood over laminated",
        "options": {
            "A": "high strength to weight ratio",
            "B": "composed of fibrous cells"
        },
        "correct_answer": "A",
        "explanation": "Solid softwoods, like Sitka spruce, are prized in aircraft construction for their excellent strength-to-weight ratio."
    },
    {
        "question_number": 6,
        "question": "From the same size of wood type which one of the following has high strength",
        "options": {
            "A": "ply wood",
            "B": "laminated wood",
            "C": "hard wood (hard)"
        },
        "correct_answer": "B",
        "explanation": "Laminated wood, made by bonding layers of wood with the grain parallel, is engineered to be stronger and more uniform than a single piece of solid wood of the same dimensions."
    },
    {
        "question_number": 7,
        "question": "____water that flows up and down the tree carrying nutrients",
        "options": {
            "A": "Free water",
            "B": "Cell water"
        },
        "correct_answer": "A",
        "explanation": "Free water is the moisture held within the cell cavities of wood, which flows to carry nutrients, as opposed to bound water which is absorbed into the cell walls."
    },
    {
        "question_number": 8,
        "question": "Which one of the following is false, plywood over solid wood",
        "options": {
            "A": "High resistance to cracking",
            "B": "Strength is equal in any direction",
            "C": "Change in dimension occur with change in moisture content"
        },
        "correct_answer": "C",
        "explanation": "Plywood is known for its dimensional stability. While some change occurs with moisture, it is significantly less than in solid wood, making the statement that a notable change occurs (implying a disadvantage) the false one relative to solid wood's properties."
    },
    {
        "question_number": 9,
        "question": "Which one of the following is false about synthetic rubber",
        "options": {
            "A": "It is a type of glue",
            "B": "Prone to contaminant",
            "C": "Both"
        },
        "correct_answer": "A",
        "explanation": "Synthetic rubber is a material used for seals, hoses, and tires, not a type of glue or adhesive. Therefore, the statement that it is a type of glue is false."
    },
    {
        "question_number": 10,
        "question": "Which one of the following is false about adhesive bond",
        "options": {
            "A": "Resistant moisture content and corrosion",
            "B": "Distribute the tress over a point joint",
            "C": "Both"
        },
        "correct_answer": "C",
        "explanation": "The source indicates 'Both' as the correct answer. This implies both A and B are false statements, which is contradictory as they are well-known advantages of adhesive bonds. The question is likely flawed in the source material."
    },
    {
        "question_number": 11,
        "question": "I-section spar is used because of its",
        "options": {
            "A": "Strength",
            "B": "Reduction weight"
        },
        "correct_answer": "B",
        "explanation": "While an I-beam spar is strong, its primary design advantage is providing maximum strength for its weight by placing most material in the flanges, allowing for a lighter web and overall weight reduction."
    },
    {
        "question_number": 12,
        "question": "Which type of patch requires reinforcement under the patch by a saddle gusset",
        "options": {
            "A": "Surface",
            "B": "Splayed",
            "C": "Scarf"
        },
        "correct_answer": "C",
        "explanation": "A scarf patch on a structural member like a spar often requires reinforcement, such as a saddle gusset, to ensure the repaired component's structural integrity is fully restored."
    },
    {
        "question_number": 13,
        "question": "Which one of the following is not affected by moisture mildew and chemicals",
        "options": {
            "A": "Dacron",
            "B": "Linen",
            "C": "Glass cloth"
        },
        "correct_answer": "C",
        "explanation": "Glass cloth (fiberglass) is an inorganic material, making it inherently resistant to moisture, mildew, rot, and most chemicals."
    },
    {
        "question_number": 14,
        "question": "Significant strength is required",
        "options": {
            "A": "Lacing chords",
            "B": "Sewing threads"
        },
        "correct_answer": "A",
        "explanation": "Lacing cords are used to attach the fabric covering to the aircraft structure (e.g., wing ribs) and must be strong enough to handle significant aerodynamic loads."
    },
    {
        "question_number": 15,
        "question": "If Vne is greater than 150 mph which type of covering is suitable",
        "options": {
            "A": "Envelope",
            "B": "Blanket"
        },
        "correct_answer": "A",
        "explanation": "The envelope method, where a pre-sewn fabric 'sock' is pulled over the structure, generally provides a tighter, stronger fit suitable for aircraft with higher never-exceed speeds (Vne)."
    },
    {
        "question_number": 16,
        "question": "Which of the following is a part of finishing material",
        "options": {
            "A": "Solvent",
            "B": "Pigment",
            "C": "Additives"
        },
        "correct_answer": "C",
        "explanation": "Additives are a key component of finishing materials, used to modify properties such as drying time, flexibility, and UV resistance. Solvents and pigments are also components, but 'Additives' is marked as the specific correct answer."
    },
    {
        "question_number": 17,
        "question": "Registration marks found on fixed wings",
        "options": {
            "A": "On the side surface of the fuselage below the window line near the cockpit",
            "B": "On the pods if they obscure the marking",
            "C": "Both"
        },
        "correct_answer": "B",
        "explanation": "Regulations require registration marks to be visible. If the normal fuselage location is obscured by engine pods or other features, the marks must be placed on those features."
    },
    {
        "question_number": 18,
        "question": "Quality and strength of fabric, lacing cord, thread, etc is determined by",
        "options": {
            "A": "Wing loading",
            "B": "Aircraft speed",
            "C": "Both"
        },
        "correct_answer": "C",
        "explanation": "The selection criteria for fabric and associated materials are based on the aerodynamic forces the aircraft will encounter, which are a function of both its never-exceed speed (Vne) and its maximum wing loading."
    },
    {
        "question_number": 19,
        "question": "Which class of glass cloth doesn't need direct contact b/n structures",
        "options": {
            "A": "Class a",
            "B": "Class b",
            "C": "Class c"
        },
        "correct_answer": "A",
        "explanation": "This refers to a specific classification where certain classes of glass cloth are designated for non-structural applications like fairings, where direct structural bonding is not required."
    },
    {
        "question_number": 20,
        "question": "Which finishing material have longer drying time",
        "options": {
            "A": "Lacquer",
            "B": "Enamel",
            "C": "Polyurethane"
        },
        "correct_answer": "B",
        "explanation": "Enamels cure by oxidation, a chemical process that is significantly slower than the solvent evaporation by which lacquers dry."
    },
    {
        "question_number": 21,
        "question": "Laminated wood is sometimes used in the construction of highly stressed air craft component .this wood can be identified by its",
        "options": {
            "A": "Parallel grain construction",
            "B": "Similarity to standard ply wood construction",
            "C": "Perpendicular grain construction"
        },
        "correct_answer": "A",
        "explanation": "Laminated wood consists of layers of wood bonded with their grains running in the same direction (parallel). This is different from plywood, which has alternating perpendicular layers."
    },
    {
        "question_number": 22,
        "question": "The I-beam wooden spar is routed to",
        "options": {
            "A": "Increase strength",
            "B": "Obtain uniform strength",
            "C": "Reduce weight"
        },
        "correct_answer": "C",
        "explanation": "Routing an I-beam spar involves removing material from the web section to reduce weight while maintaining most of the strength in the top and bottom caps (flanges)."
    },
    {
        "question_number": 23,
        "question": "What is the tool used to hold the wood bit and provide for hand driving of the bit while boring wood",
        "options": {
            "A": "Auger bit",
            "B": "Brace",
            "C": "Speed handle"
        },
        "correct_answer": "B",
        "explanation": "A brace is a hand tool with a crank used to turn an auger bit or other drill bit to bore holes in wood."
    },
    {
        "question_number": 24,
        "question": "woods are classified as hard and soft wood,the distinction between them is based on",
        "options": {
            "A": "hardness",
            "B": "strength",
            "C": "cellular structure"
        },
        "correct_answer": "C",
        "explanation": "The classification of wood as hardwood or softwood is botanical, based on the tree's cellular structure. Hardwoods come from broad-leaved trees and have pores, while softwoods come from coniferous trees."
    },
    {
        "question_number": 25,
        "question": "the main purpose for skin drying freshly cut wood is",
        "options": {
            "A": "to give good appearance",
            "B": "to increase shrinkage characteristics",
            "C": "to remove water content"
        },
        "correct_answer": "C",
        "explanation": "The main purpose of drying or seasoning wood (e.g., kiln drying) is to remove excess water content, which increases its strength, stability, and resistance to decay."
    },
    {
        "question_number": 26,
        "question": "a part is regarded satisfactorily glued",
        "options": {
            "A": "if the strength of the joint is equal to the strength of the wood",
            "B": "if the joint has complete contact of glue and wood surface over the entire area of the joint",
            "C": "if a thin,continuous film of glue between the wood layers unbroken by foreign particle or air bubble"
        },
        "correct_answer": "D",
        "explanation": "A satisfactory glue joint must meet all the listed criteria: the joint must be at least as strong as the wood, have full surface contact, and consist of a thin, continuous, and uncontaminated glue film."
    },
    {
        "question_number": 27,
        "question": "In evaluation of wood for air craft structure material. Which one of the following is not considered?",
        "options": {
            "A": "Strength",
            "B": "Number of annual ring per inch",
            "C": "Relative size of heart wood and sap wood"
        },
        "correct_answer": "C",
        "explanation": "While strength and grain density (indicated by annual rings per inch) are critical factors for aircraft-grade wood, the relative size of heartwood and sapwood is not a primary evaluation criterion."
    },
    {
        "question_number": 28,
        "question": "Which statement about wood decay is correct?",
        "options": {
            "A": "Decay that occur before the wood is seasoned does not affect the strength of the finished piece",
            "B": "A limited amount of certain kind of decay is acceptable in air craft wood since decay affects the binding between the fibers and not the fibers themselves",
            "C": "Decay is not acceptable in any form or amount"
        },
        "correct_answer": "C",
        "explanation": "For aircraft structural applications, any form or amount of decay (rot or fungus) is unacceptable as it compromises the integrity and strength of the wood."
    },
    {
        "question_number": 29,
        "question": "What would happen if we use a crosscut saw for works requiring a rip saw?",
        "options": {
            "A": "A very rough cut will result",
            "B": "The teeth will load and cause the saw to cut very slowly",
            "C": "Both"
        },
        "correct_answer": "B",
        "explanation": "A crosscut saw's teeth are designed to sever wood fibers across the grain. When used to rip (cut with the grain), they clog with long fibers, making cutting very slow and inefficient."
    },
    {
        "question_number": 30,
        "question": "Which one of the following is not the advantage of adhesive bond?",
        "options": {
            "A": "Are economical",
            "B": "Distribute the stress at the bonding point",
            "C": "Resist moisture and corrosion"
        },
        "correct_answer": "D",
        "explanation": "All the listed options are generally considered advantages of adhesive bonding in aircraft construction. Therefore, none of them is 'not an advantage'."
    },
    {
        "question_number": 31,
        "question": "Which type of saw is used for precision cutting?",
        "options": {
            "A": "Cross cut saw",
            "B": "Rip saw",
            "C": "Dovetail saw"
        },
        "correct_answer": "C",
        "explanation": "A dovetail saw is a type of backsaw characterized by its fine teeth, designed for making precise cuts required for joinery like dovetails."
    },
    {
        "question_number": 32,
        "question": "When and how is finishing tape applied on a fabric-covered aircraft",
        "options": {
            "A": "Doped on immediately prior to the finish coat",
            "B": "Sewed or laced before dope is applied",
            "C": "doped on after the second coat is doped"
        },
        "correct_answer": "C",
        "explanation": "Finishing tape (surface tape) is typically applied with a fresh coat of dope over seams and rib stitching after the initial fill coats have been applied, embedding it into the wet dope."
    },
    {
        "question_number": 33,
        "question": "The determining factor for the selection of the correct weight of textile fabric to be used in covering any type of air craft is the",
        "options": {
            "A": "Maximum wing load",
            "B": "Speed of the air craft",
            "C": "speed of the air craft and maximum wing load"
        },
        "correct_answer": "C",
        "explanation": "The correct weight and grade of aircraft fabric are determined by both the never-exceed speed (Vne) and the maximum wing loading of the aircraft."
    },
    {
        "question_number": 34,
        "question": "Finishing tape (surface tape) is used for what purpose?",
        "options": {
            "A": "To help prevent \"ripple formation \u201cin covering fabric",
            "B": "To provide additional wear resistance character over the edge of the fabric forming structure",
            "C": "To provide additional anti tear resistance under reinforcement tape"
        },
        "correct_answer": "B",
        "explanation": "Finishing tape is doped over seams, stitching, and sharp edges to provide a smooth finish and protect the underlying fabric from wear and abrasion."
    },
    {
        "question_number": 35,
        "question": "Moisture, mildew, chemical and acid have no effect on",
        "options": {
            "A": "Glass fabric",
            "B": "Linen fabric",
            "C": "Cotton fabric"
        },
        "correct_answer": "A",
        "explanation": "Glass fabric (fiberglass), being an inorganic material, is highly resistant to moisture, mildew, rot, and most chemicals, unlike organic fabrics like linen and cotton."
    },
    {
        "question_number": 36,
        "question": "What is called free water in wood is",
        "options": {
            "A": "Water trapped within the wall the of the wood cell and is part of the tree",
            "B": "Water that flow up and down the tree carrying nutrients",
            "C": "a and b"
        },
        "correct_answer": "B",
        "explanation": "Free water in wood is the moisture contained within the cell cavities, which moves through the tree to transport nutrients. This is distinct from bound water, which is absorbed into the cell walls."
    },
    {
        "question_number": 37,
        "question": "When dope-proofing the part of the aircraft structure that come in contact with doped fabric, which of the following provide an acceptable protective coating ?",
        "options": {
            "A": "Aluminum foil",
            "B": "Any one part type metal premier",
            "C": "Both"
        },
        "correct_answer": "A",
        "explanation": "Aluminum foil is a commonly used material for dope-proofing. It is bonded to the structure to create a barrier that prevents the solvents in aircraft dope from damaging the underlying structure or finish."
    },
    {
        "question_number": 38,
        "question": "The advantage of ply wood over solid wood is",
        "options": {
            "A": "They are highly resistance to cracking",
            "B": "Their change in dimension with change in moisture content is negligible",
            "C": "Both"
        },
        "correct_answer": "C",
        "explanation": "Plywood has several advantages over solid wood, including higher resistance to cracking and greater dimensional stability with changes in moisture, because its cross-laminated layers distribute stress and restrict movement."
    },
    {
        "question_number": 39,
        "question": "Which of the following gives maximum flexibility of the wood?",
        "options": {
            "A": "Dry condition",
            "B": "Soaked by cold water",
            "C": "Heated in steam water"
        },
        "correct_answer": "C",
        "explanation": "Steaming wood makes it much more pliable and flexible for bending. The heat and moisture soften the lignin that binds the wood fibers, allowing them to be bent into new shapes."
    },
    {
        "question_number": 40,
        "question": "Which of the following is not content of paint?",
        "options": {
            "A": "Binder",
            "B": "Thinner",
            "C": "Pigment"
        },
        "correct_answer": "D",
        "explanation": "Binder, thinner (solvent), and pigment are all essential components of paint. Therefore, none of these options is 'not a content of paint'."
    },
    {
        "question_number": 41,
        "question": "in which class of \"glass cloth \u201cdirect structural attachment is not allowed",
        "options": {
            "A": "Class A",
            "B": "class B",
            "C": "class C"
        },
        "correct_answer": "A",
        "explanation": "This question refers to a specific classification system for glass cloth applications. In some contexts, certain classes are designated for non-structural or cosmetic purposes where direct load-bearing attachments are not permitted."
    },
    {
        "question_number": 42,
        "question": "Thread along the length of the fabric",
        "options": {
            "A": "Warp",
            "B": "Fill",
            "C": "Selvedge edge"
        },
        "correct_answer": "A",
        "explanation": "In woven fabric, the warp threads are the longitudinal threads that run the length of the fabric roll. The fill (or weft) threads run crosswise."
    },
    {
        "question_number": 43,
        "question": "In the classification of spray equipment a pressure fed type spray gun is categorized under",
        "options": {
            "A": "Airless spraying",
            "B": "Air spraying",
            "C": "Electrostatic spraying"
        },
        "correct_answer": "B",
        "explanation": "A pressure-fed spray gun uses a pressurized pot to supply paint to the gun, where it is then atomized by compressed air. This is a common type of air spraying system."
    },
    {
        "question_number": 44,
        "question": "Registration marks in rotary wing air craft is located on",
        "options": {
            "A": "On the pods if they obscure the marking",
            "B": "On the bottom surface of the fuselage",
            "C": "On the side surface of the fuselage below the window line near the cockpit"
        },
        "correct_answer": "B",
        "explanation": "Regulations in many jurisdictions specify that for rotary-wing aircraft (helicopters), registration marks should be placed on the bottom surface of the fuselage or cabin for visibility from the ground."
    },
    {
        "question_number": 45,
        "question": "which of the following components of the wing is unique nomenclature in wood wing constriction",
        "options": {
            "A": "Ply wood skin",
            "B": "Rib web",
            "C": "Leading edge strip"
        },
        "correct_answer": "D",
        "explanation": "While a rib web is a common term, the specific use of plywood skin and leading edge strips are characteristic nomenclatures often found in wood wing construction."
    },
    {
        "question_number": 46,
        "question": "Which type of the repair uses temporary backing block to give additional support until the glue joint has set?",
        "options": {
            "A": "Surface patch",
            "B": "Splayed patch",
            "C": "Scarf patch"
        },
        "correct_answer": "C",
        "explanation": "A scarf patch, which creates a long, tapered joint, often requires temporary backing blocks to ensure proper alignment and even clamping pressure while the adhesive cures."
    },
    {
        "question_number": 47,
        "question": "What is the effect of temperature on wood?",
        "options": {
            "A": "Looseness of fitting",
            "B": "Deteriorations of finishes",
            "C": "Stress and dimensional change"
        },
        "correct_answer": "D",
        "explanation": "Temperature changes cause wood to expand and contract, which can lead to all the listed effects: dimensional changes, internal stresses, loose fittings, and accelerated deterioration of finishes."
    },
    {
        "question_number": 48,
        "question": "Which one of the following seams is the strongest?",
        "options": {
            "A": "Plain overlap",
            "B": "Modified French fell",
            "C": "Folded fell"
        },
        "correct_answer": "C",
        "explanation": "A folded fell seam, where the fabric edges are interlocked and stitched through multiple layers, is generally considered the strongest type of seam for aircraft fabric covering."
    },
    {
        "question_number": 49,
        "question": "Which one of the following is not true?",
        "options": {
            "A": "Cotton and linen are water shrunk to remove wrinkles and slakes",
            "B": "Seams should not appear whether rib stitching may occur",
            "C": "Dacron fabric could also be water shrunk"
        },
        "correct_answer": "C",
        "explanation": "Dacron (a polyester fabric) is a thermoplastic material that is shrunk using a calibrated heat source, like a heat gun or iron, not by applying water as is done with natural fabrics like cotton and linen."
    },
    {
        "question_number": 50,
        "question": "Which type of saw is used for cutting curved shapes on a wood?",
        "options": {
            "A": "Crosscut saw",
            "B": "Dovetail saw",
            "C": "Coping saw"
        },
        "correct_answer": "C",
        "explanation": "A coping saw has a thin blade held in a C-shaped frame, which allows it to cut intricate curves and shapes in wood."
    },
    {
        "question_number": 51,
        "question": "What would happen if we use a crosscut saw for works requiring a rip saw?",
        "options": {
            "A": "A very rough cut will result",
            "B": "The teeth will load up and cause the saw to cut very slowly",
            "C": "both"
        },
        "correct_answer": "B",
        "explanation": "A crosscut saw's teeth are designed to sever wood fibers. When used for ripping (with the grain), the teeth will clog with long fibers, making cutting extremely slow and inefficient."
    },
    {
        "question_number": 52,
        "question": "What are the factors governing the quality of work when shaving a wood with a plane",
        "options": {
            "A": "Extension of the cutting edge of the iron",
            "B": "The direction in which the plane is moved",
            "C": "Both"
        },
        "correct_answer": "C",
        "explanation": "Both the depth of the blade (extension of the iron) and the direction of planing (ideally with the grain) are critical factors for achieving a smooth, high-quality finish with a hand plane."
    },
    {
        "question_number": 53,
        "question": "In which of the following part of an aircraft, wood can't be used as primary content",
        "options": {
            "A": "Wing spar",
            "B": "Landing gear",
            "C": "Control surface"
        },
        "correct_answer": "B",
        "explanation": "Landing gear must withstand high impact and shock loads, requiring the high strength and ductility of metals like steel or aluminum alloys. Wood is not suitable for this application."
    },
    {
        "question_number": 54,
        "question": "Which one of the following is the advantage of adhesive bond?",
        "options": {
            "A": "Are economical",
            "B": "Distributes the stress at bonding point",
            "C": "Both"
        },
        "correct_answer": "C",
        "explanation": "Adhesive bonds are advantageous because they are often economical and they distribute stress over a wide surface area, unlike mechanical fasteners which concentrate stress at specific points."
    },
    {
        "question_number": 55,
        "question": "A part is recognized as satisfactorily glued,",
        "options": {
            "A": "If the strength of the joint is equal to the strength of the wood.",
            "B": "If the joint has complete contact of glue and wood surface over the entire area of joint.",
            "C": "If a thin continuous film of the glue between the wood layers unbroken by foreign particles or air bubble."
        },
        "correct_answer": "C",
        "explanation": "All the listed conditions must be met for a glue joint to be considered satisfactory: it must be as strong as the wood, have complete surface contact, and have a thin, continuous, and uncontaminated glue line."
    },
    {
        "question_number": 56,
        "question": "Which of the following is not correct about synthetic glues?",
        "options": {
            "A": "Are manufactured from milk product.",
            "B": "Are not attacked by microorganisms.",
            "C": "Are commonly used in modern construction and repair operation"
        },
        "correct_answer": "A",
        "explanation": "Casein glues are manufactured from milk protein. Synthetic glues, such as epoxies and resorcinols, are chemically formulated and are not derived from milk products."
    },
    {
        "question_number": 57,
        "question": "Solid wood is bent only for a very large radius",
        "options": {
            "A": "True",
            "B": "False"
        },
        "correct_answer": "A",
        "explanation": "Bending solid wood requires a large radius to avoid breaking the wood fibers. Tighter bends require techniques like steaming or using laminated layers."
    },
    {
        "question_number": 58,
        "question": "Which of the following gives maximum flexibility of the wood?",
        "options": {
            "A": "Dry condition",
            "B": "Heated in a steam chamber",
            "C": "Soaked by hot water"
        },
        "correct_answer": "B",
        "explanation": "Heating wood in a steam chamber provides both heat and moisture, which softens the lignin binding the wood fibers together, allowing for maximum flexibility for bending."
    },
    {
        "question_number": 59,
        "question": "Which type of repair uses large patch extending 100T and blocks to give additional support?",
        "options": {
            "A": "Surface patch",
            "B": "Splayed patch",
            "C": "Scarf patch"
        },
        "correct_answer": "C",
        "explanation": "A scarf patch involves a long, tapered joint (the taper is often expressed as a ratio like 12T or 12:1). This type of repair often requires backing blocks for support during gluing."
    },
    {
        "question_number": 60,
        "question": "Staining can be an indication of",
        "options": {
            "A": "Compression force acting essentially parallel to the grain of the wood",
            "B": "Fungus in damp or wet wood",
            "C": "Protecting coating is deteriorating"
        },
        "correct_answer": "C",
        "explanation": "Staining or discoloration on the surface of wood, particularly under the finish, often indicates that the protective coating is deteriorating, allowing moisture or other elements to affect the wood."
    },
    {
        "question_number": 61,
        "question": "The determining factor(s) for determining the correct for the selection of the correct weight of textile fabric to be used in covering any type of aircraft is",
        "options": {
            "A": "Maximum wing load",
            "B": "Speed of the aircraft",
            "C": "Both"
        },
        "correct_answer": "C",
        "explanation": "The correct weight and strength of aircraft fabric are determined by the combination of the aircraft's never-exceed speed (Vne) and its maximum wing loading."
    },
    {
        "question_number": 62,
        "question": "When and how is surface tape applied on a fabric-covered aircraft?",
        "options": {
            "A": "Sewed or laced before dope is applied",
            "B": "Doped on immediately prior to the finish coat",
            "C": "Doped on after the second coat is dope."
        },
        "correct_answer": "C",
        "explanation": "Surface tape (finishing tape) is applied with a wet coat of dope after the initial fill coats have been applied, embedding the tape smoothly onto the surface."
    },
    {
        "question_number": 63,
        "question": "Which type of sewing thread gives a strong seam and used usually for stitching",
        "options": {
            "A": "Machine sewing thread",
            "B": "Hand sewing thread",
            "C": "Lacing cord"
        },
        "correct_answer": "C",
        "explanation": "Lacing cord is a very strong, waxed cord used for rib stitching\u2014the process of lacing the fabric to the wing ribs\u2014which requires high tensile strength to withstand aerodynamic loads."
    },
    {
        "question_number": 64,
        "question": "A finishing material which is used to inhibit corrosion and provide a good base for the application of a paint, enamel or lacquer.",
        "options": {
            "A": "Thinner",
            "B": "Solvent",
            "C": "Primer"
        },
        "correct_answer": "C",
        "explanation": "A primer is specifically formulated to bond to the substrate, inhibit corrosion, and provide a uniform surface to which topcoats of paint can effectively adhere."
    },
    {
        "question_number": 65,
        "question": "Which one a finishing material dries longer than the others",
        "options": {
            "A": "Polyurtane",
            "B": "Enamel",
            "C": "Lacquer"
        },
        "correct_answer": "B",
        "explanation": "Enamel cures through a slow process of oxidation, which takes significantly longer than the solvent evaporation of lacquer or the catalyzed chemical reaction of most polyurethanes."
    },
    {
        "question_number": 66,
        "question": "Pores between annular rings are called",
        "options": {
            "A": "Shake",
            "B": "Check",
            "C": "Pin knot"
        },
        "correct_answer": "A",
        "explanation": "A shake is a separation or crack in wood that occurs between the annular growth rings, running parallel to them."
    },
    {
        "question_number": 67,
        "question": "Registration marks on fixed wing aircraft is located",
        "options": {
            "A": "on the pods if they obscure the marking",
            "B": "on the bottom surface of the fuselage",
            "C": "on the side surfaces of the fuselage below the window line near the cockpit"
        },
        "correct_answer": "A",
        "explanation": "While registration marks are often on the fuselage, regulations require them to be placed on other features like engine pods if those features obscure the primary location, ensuring visibility."
    }
]