[
    {
        "question_number": 1,
        "question": "What should be consulted when inspecting wood for defects?",
        "options": {
            "A": "Reference Material",
            "B": "Pilot's logbook",
            "C": "Aircraft paint scheme"
        },
        "correct_answer": "A",
        "explanation": "Specific reference materials, like AC 43.13-1B, provide detailed guidelines and standards for inspecting and repairing wood aircraft structures, including identifying acceptable and unacceptable defects."
    },
    {
        "question_number": 2,
        "question": "What is the standard bevel ratio for a scarf patch in a wood repair?",
        "options": {
            "A": "8:1",
            "B": "12:1",
            "C": "15:1"
        },
        "correct_answer": "B",
        "explanation": "A 12:1 bevel ratio is the standard for scarf patches in aircraft wood repair, ensuring a strong and gradual load transfer across the joint."
    },
    {
        "question_number": 3,
        "question": "What is a heartshake in wood?",
        "options": {
            "A": "A knot in the center of the wood",
            "B": "A longitudinal crack on a tangent surface",
            "C": "A type of wood decay from moisture"
        },
        "correct_answer": "B",
        "explanation": "A heartshake is a radial crack originating at the heart or center of a log, which appears as a longitudinal crack when the wood is cut into boards."
    },
    {
        "question_number": 4,
        "question": "Which of the following materials is NOT typically used to make decals for aircraft?",
        "options": {
            "A": "Vinyl",
            "B": "Polyester film",
            "C": "Leather"
        },
        "correct_answer": "C",
        "explanation": "Aircraft decals are typically made from durable, weather-resistant materials like vinyl or polyester films. Leather is not used for this purpose due to its weight, cost, and poor weather resistance."
    },
    {
        "question_number": 5,
        "question": "What is the minimum tensile strength requirement for new Grade A cotton fabric used in aircraft covering?",
        "options": {
            "A": "50 pounds per inch",
            "B": "80 pounds per inch",
            "C": "100 pounds per inch"
        },
        "correct_answer": "B",
        "explanation": "Grade A cotton fabric, a standard for aircraft covering, must have a minimum tensile strength of 80 pounds per inch in both the warp and fill directions when new."
    },
    {
        "question_number": 6,
        "question": "If the aircraft manufacturer's maintenance manual is unavailable, what is a primary source of acceptable data for repairs and alterations?",
        "options": {
            "A": "The pilot's operating handbook",
            "B": "Advisory Circular 43.13-1B",
            "C": "Online aviation forums"
        },
        "correct_answer": "B",
        "explanation": "Advisory Circular 43.13-1B, titled 'Acceptable Methods, Techniques, and Practices - Aircraft Inspection and Repair,' is the FAA's primary source for approved data when manufacturer-specific instructions are not available."
    },
    {
        "question_number": 7,
        "question": "What is commonly used to reinforce drain holes in aircraft fabric?",
        "options": {
            "A": "Metal washers",
            "B": "Plastic inserts",
            "C": "Grommets"
        },
        "correct_answer": "C",
        "explanation": "Grommets, typically made of plastic or celluloid, are installed in fabric surfaces to reinforce drain holes, allowing moisture to escape without damaging the fabric."
    },
    {
        "question_number": 8,
        "question": "What is the acceptable moisture content range for aircraft-grade wood?",
        "options": {
            "A": "5% to 8%",
            "B": "8% to 12%",
            "C": "15% to 20%"
        },
        "correct_answer": "B",
        "explanation": "The ideal moisture content for aircraft structural wood is between 8% and 12%. Wood with moisture content outside this range may be too brittle or too weak for aviation use."
    },
    {
        "question_number": 9,
        "question": "What is a primary cause of, and indicator for potential, corrosion around fasteners like screws?",
        "options": {
            "A": "Signs of water penetration",
            "B": "Overtightening",
            "C": "Dry, clean surfaces"
        },
        "correct_answer": "A",
        "explanation": "Water penetration is a primary cause of corrosion. Inspecting for signs of water intrusion, such as streaks or residue around screw heads, is crucial for early detection of potential corrosion."
    },
    {
        "question_number": 10,
        "question": "Which type of spray gun is characterized by having the paint cup located on top of the gun?",
        "options": {
            "A": "Siphon-feed spray gun",
            "B": "Pressure-feed spray gun",
            "C": "Gravity-feed spray gun"
        },
        "correct_answer": "C",
        "explanation": "A gravity-feed spray gun uses a cup mounted on top, allowing gravity to feed the paint into the gun. This design is efficient and works well with smaller volumes of paint."
    },
    {
        "question_number": 11,
        "question": "In the fabric covering process, what substance is often used to initially attach the fabric to the airframe structure?",
        "options": {
            "A": "Rivets",
            "B": "Cement",
            "C": "Welding"
        },
        "correct_answer": "B",
        "explanation": "Aircraft cement or a special type of glue is used to bond the fabric directly to the airframe components like ribs and stringers before further attachment methods like stitching are employed."
    },
    {
        "question_number": 12,
        "question": "Which of the following is a disadvantage, not an advantage, of fabric-covered aircraft structures?",
        "options": {
            "A": "Lightweight",
            "B": "Flammability",
            "C": "Ease of repair"
        },
        "correct_answer": "B",
        "explanation": "While fabric covering is lightweight and relatively easy to repair, its primary disadvantage is its flammability, even when treated with fire-retardant dopes."
    },
    {
        "question_number": 13,
        "question": "Which of the following is NOT a primary criterion for selecting Sitka spruce for aircraft construction?",
        "options": {
            "A": "High strength-to-weight ratio",
            "B": "Uniformity and fine grain",
            "C": "Resistance to flame"
        },
        "correct_answer": "C",
        "explanation": "Sitka spruce is chosen for its excellent strength-to-weight ratio, uniformity, and straight grain. It is not naturally resistant to flame."
    },
    {
        "question_number": 14,
        "question": "Where are the primary identification markings (registration numbers) typically located on a fixed-wing aircraft?",
        "options": {
            "A": "On the top of the wings only",
            "B": "On the vertical tail or the fuselage",
            "C": "On the engine cowling"
        },
        "correct_answer": "B",
        "explanation": "Regulations require the registration marking (e.g., N-number) to be displayed on both sides of the fuselage or on the vertical tail surfaces for easy identification."
    },
    {
        "question_number": 15,
        "question": "Which of the following is NOT typically identified by the external markings on an aircraft?",
        "options": {
            "A": "Nationality and registration",
            "B": "Weight and balance information",
            "C": "Fuel type placards"
        },
        "correct_answer": "B",
        "explanation": "External markings show registration, nationality, and operational placards (like fuel type). Detailed weight and balance information is found in the aircraft's official records and flight manual, not marked on the exterior."
    },
    {
        "question_number": 16,
        "question": "When gluing wooden aircraft structures, how should clamping pressure be applied?",
        "options": {
            "A": "With maximum force at the center of the joint",
            "B": "Intermittently, to allow the glue to set",
            "C": "With even force across the entire joint"
        },
        "correct_answer": "C",
        "explanation": "Applying uniform, even pressure across the entire glued surface is critical to ensure a thin, consistent glue line and a strong bond without starving the joint of adhesive."
    }
]