[
    {
        "question_number": 1,
        "question": "Aircraft markings, such as the registration number, are typically not found on which part of the aircraft?",
        "options": {
            "A": "Fuselage",
            "B": "Vertical tail surfaces",
            "C": "Engines"
        },
        "correct_answer": "C",
        "explanation": "Aircraft registration markings are required on the fuselage or vertical tail surfaces, but not on the engines."
    },
    {
        "question_number": 2,
        "question": "Where are markings typically located on a fixed-wing aircraft?",
        "options": {
            "A": "On either the vertical tail surfaces or the sides of the fuselage",
            "B": "Only on the underside of the wings",
            "C": "On the engine cowlings"
        },
        "correct_answer": "A",
        "explanation": "Regulations specify that registration markings for fixed-wing aircraft must be placed on the vertical tail surfaces or the sides of the fuselage."
    },
    {
        "question_number": 3,
        "question": "What is a critical requirement regarding the grain arrangement in aircraft-grade wood?",
        "options": {
            "A": "A specific, limited grain inclination is permitted",
            "B": "The grain must be perfectly straight with zero deviation",
            "C": "Grain arrangement is not a factor in wood selection"
        },
        "correct_answer": "A",
        "explanation": "Aircraft-grade wood allows for a slight grain inclination, but it must be within strict limits to ensure the wood maintains its structural strength."
    },
    {
        "question_number": 4,
        "question": "What is the maximum permissible grain inclination for aircraft-grade Sitka spruce?",
        "options": {
            "A": "1 in 10",
            "B": "1 in 15",
            "C": "1 in 20"
        },
        "correct_answer": "B",
        "explanation": "The standard maximum allowable grain inclination for aircraft-grade Sitka spruce is a slope of 1 in 15."
    },
    {
        "question_number": 5,
        "question": "A certificated aviation maintenance technician is authorized to perform and approve for return to service work that...",
        "options": {
            "A": "they are rated for",
            "B": "is on any part of the aircraft",
            "C": "they have read about in a book"
        },
        "correct_answer": "A",
        "explanation": "A technician's certificate grants the privilege to perform or supervise work only according to the specific ratings they hold (e.g., Airframe, Powerplant)."
    },
    {
        "question_number": 6,
        "question": "The ability to properly identify defects in aircraft wood is a skill that cannot be learned by which method alone?",
        "options": {
            "A": "Supervised on-the-job training",
            "B": "Practical, hands-on experience",
            "C": "Only reading a book"
        },
        "correct_answer": "C",
        "explanation": "Detecting subtle wood defects requires significant hands-on experience and practical training; theoretical knowledge from books is insufficient on its own."
    },
    {
        "question_number": 7,
        "question": "What FAA issuance specifies the minimum performance standards for parts and appliances used on civil aircraft?",
        "options": {
            "A": "Airworthiness Directive (AD)",
            "B": "Technical Standard Order (TSO)",
            "C": "Type Certificate Data Sheet (TCDS)"
        },
        "correct_answer": "B",
        "explanation": "A Technical Standard Order (TSO) is a minimum performance standard issued by the FAA for specified materials, parts, and appliances used on civil aircraft."
    },
    {
        "question_number": 8,
        "question": "What wood species is considered the reference standard for aircraft construction?",
        "options": {
            "A": "Douglas Fir",
            "B": "Sitka spruce",
            "C": "Balsa"
        },
        "correct_answer": "B",
        "explanation": "Sitka spruce is the primary reference standard for aircraft wood due to its superior strength-to-weight ratio and uniform texture."
    },
    {
        "question_number": 9,
        "question": "What is a notable disadvantage of Sitka spruce when used in aircraft structures?",
        "options": {
            "A": "Poor strength-to-weight ratio",
            "B": "Low resistance to decay",
            "C": "High density"
        },
        "correct_answer": "B",
        "explanation": "While very strong for its weight, Sitka spruce has low resistance to rot and decay and must be carefully sealed and protected from moisture."
    },
    {
        "question_number": 10,
        "question": "What is a primary characteristic that makes Sitka spruce ideal for use in aircraft construction?",
        "options": {
            "A": "It is naturally flame resistant",
            "B": "Its limited availability",
            "C": "It has a high strength-to-weight ratio"
        },
        "correct_answer": "C",
        "explanation": "Sitka spruce is highly valued in aircraft construction because it provides exceptional structural strength for its relatively low weight."
    },
    {
        "question_number": 11,
        "question": "On a siphon-feed spray gun, where is the paint cup located?",
        "options": {
            "A": "Below the gun body",
            "B": "Above the gun body",
            "C": "Inline with the handle"
        },
        "correct_answer": "A",
        "explanation": "Siphon-feed spray guns use airflow to create a vacuum that siphons paint up from a cup located below the gun."
    },
    {
        "question_number": 12,
        "question": "What type of spray paint gun has its paint cup located above the gun body?",
        "options": {
            "A": "Siphon-feed gun",
            "B": "Pressure-feed gun",
            "C": "Gravity-feed gun"
        },
        "correct_answer": "C",
        "explanation": "Gravity-feed guns utilize gravity to supply paint from a cup mounted on top, allowing for lower air pressure and less overspray."
    },
    {
        "question_number": 13,
        "question": "What type of wood defect is caused by fungi that thrive in conditions of excessive soaking followed by partial drying?",
        "options": {
            "A": "Checks",
            "B": "Decay or rot",
            "C": "Knots"
        },
        "correct_answer": "B",
        "explanation": "The cycle of being excessively wet and then partially drying creates an ideal environment for fungal growth, which leads to wood decay or rot."
    },
    {
        "question_number": 14,
        "question": "What must be done to the area surrounding a glue joint before a proper inspection can be performed?",
        "options": {
            "A": "The area must be sanded",
            "B": "The area must be dry",
            "C": "A new coat of varnish must be applied"
        },
        "correct_answer": "B",
        "explanation": "Moisture can hide defects or give false indications of a failed joint. The area must be completely dry for an accurate inspection."
    },
    {
        "question_number": 15,
        "question": "What does corrosion found on screws and metal fittings within a wood structure typically indicate?",
        "options": {
            "A": "Over-tightening of the screws",
            "B": "Accumulation of water in the wood",
            "C": "Use of the wrong type of glue"
        },
        "correct_answer": "B",
        "explanation": "Corrosion on metal fasteners is a strong sign that moisture has been trapped in the surrounding wood, which can lead to both corrosion and wood decay."
    },
    {
        "question_number": 16,
        "question": "What is installed at the lowest points on a fabric-covered aircraft to allow for ventilation and drainage of condensation?",
        "options": {
            "A": "Inspection rings",
            "B": "Reinforcing tape",
            "C": "Drain holes or grommets"
        },
        "correct_answer": "C",
        "explanation": "Drain grommets are installed at the lowest points of the airframe to prevent moisture from accumulating inside the structure, which could cause corrosion or rot."
    },
    {
        "question_number": 17,
        "question": "Which FAA Technical Standard Order (TSO) specifies the minimum performance standards for aircraft fabric?",
        "options": {
            "A": "TSO-C22",
            "B": "TSO-C15d",
            "C": "TSO-C14b"
        },
        "correct_answer": "B",
        "explanation": "TSO-C15d is the current standard that provides the minimum performance requirements for materials used as aircraft fabric."
    },
    {
        "question_number": 18,
        "question": "Which of the following publications would NOT be considered approved data for the inspection and repair of a wood aircraft structure?",
        "options": {
            "A": "The aircraft manufacturer's maintenance manual",
            "B": "A generic hobbyist woodworking book",
            "C": "AC 43.13-1B"
        },
        "correct_answer": "B",
        "explanation": "Repairs on certificated aircraft must use FAA-approved data, such as manufacturer's manuals or AC 43.13-1B. Generic, non-aviation publications are not acceptable."
    },
    {
        "question_number": 19,
        "question": "Which material is generally considered unsuitable for use as an exterior aircraft decal?",
        "options": {
            "A": "Vinyl",
            "B": "Leather",
            "C": "Polyester film"
        },
        "correct_answer": "B",
        "explanation": "Leather is unsuitable for exterior aircraft use as it is not weather-resistant, can trap moisture against the aircraft skin, and will degrade in the aviation environment."
    },
    {
        "question_number": 20,
        "question": "What type of additive is mixed with aircraft dope to slow its drying time and prevent a cloudy finish known as blushing?",
        "options": {
            "A": "An accelerator",
            "B": "A retarder",
            "C": "A fungicide"
        },
        "correct_answer": "B",
        "explanation": "A retarder is a slow-evaporating solvent added to dope to prevent it from drying too quickly in humid conditions, which traps moisture and causes blushing."
    },
    {
        "question_number": 21,
        "question": "A wood defect that appears as a faint line running across the grain, caused by the wood fibers being artificially overstressed, is known as what?",
        "options": {
            "A": "A shake",
            "B": "A check",
            "C": "A compression failure"
        },
        "correct_answer": "C",
        "explanation": "Compression failures result from overloading a wood member, causing the wood fibers to buckle or crush, which is visible as a line across the grain."
    },
    {
        "question_number": 22,
        "question": "What is the term for a crack in wood that radiates from the center (pith) of the log outward?",
        "options": {
            "A": "Ring shake",
            "B": "Heart shake",
            "C": "Surface check"
        },
        "correct_answer": "B",
        "explanation": "A heart shake, also known as a star shake, is a radial crack that is widest at the pith and diminishes toward the outside of the log."
    },
    {
        "question_number": 23,
        "question": "What is a longitudinal crack in wood that develops across the annual growth rings?",
        "options": {
            "A": "A check",
            "B": "A shake",
            "C": "A split"
        },
        "correct_answer": "A",
        "explanation": "A check is a crack that extends across the annual rings, typically caused by stresses developed during the seasoning or drying of the wood."
    },
    {
        "question_number": 24,
        "question": "What is the term for a longitudinal crack in wood that occurs between two annual growth rings?",
        "options": {
            "A": "A check",
            "B": "A shake",
            "C": "A warp"
        },
        "correct_answer": "B",
        "explanation": "A shake is a separation of the wood fibers that runs parallel to, and typically between, the annual growth rings."
    }
]