[
    {
        "question_number": 1,
        "question": "When a manufacturer's repair manuals are unavailable, where can acceptable methods for repairing damaged wood ribs be found?",
        "options": {
            "A": "AC 43.13-1 under Wood Structure Repairs",
            "B": "The aircraft's flight manual",
            "C": "FAR Part 45"
        },
        "correct_answer": "A",
        "explanation": "AC 43.13-1 provides acceptable methods, techniques, and practices for the inspection, repair, and alteration of non-pressurized aircraft, and is the standard reference when manufacturer data is not available."
    },
    {
        "question_number": 2,
        "question": "According to FAR Part 45, which of the following is not considered a required aircraft marking?",
        "options": {
            "A": "Registration marks",
            "B": "Weight and balance marking",
            "C": "Identification plate"
        },
        "correct_answer": "B",
        "explanation": "While weight and balance information is crucial and must be carried in the aircraft, it is not considered an external 'marking' in the same context as registration marks or an identification plate as defined by FAR Part 45."
    },
    {
        "question_number": 3,
        "question": "Can the ability to properly inspect wood structures and recognize defects be learned solely from reading reference books?",
        "options": {
            "A": "Yes, if the books have detailed pictures.",
            "B": "No, practical experience is also essential.",
            "C": "Yes, reference books cover all possible defects."
        },
        "correct_answer": "B",
        "explanation": "The text implies that simply reading a reference book is insufficient. Recognizing wood defects requires hands-on experience and practical knowledge in addition to theoretical study."
    },
    {
        "question_number": 4,
        "question": "What is the ideal moisture content range for aircraft wood structures when checked with a non-destructive meter?",
        "options": {
            "A": "2-5 percent",
            "B": "8-12 percent",
            "C": "15-20 percent"
        },
        "correct_answer": "B",
        "explanation": "The ideal moisture content for aircraft wood is between 8 and 12 percent to ensure optimal strength and prevent rot or brittleness."
    },
    {
        "question_number": 5,
        "question": "Which substance should not be used as a thinner in dope because its rapid evaporation can cause moisture to collect on the surface?",
        "options": {
            "A": "Toluene",
            "B": "Methyl ethyl ketone (MEK)",
            "C": "Acetone"
        },
        "correct_answer": "C",
        "explanation": "Acetone evaporates very quickly, which rapidly cools the doped surface. This cooling can cause moisture from the air to condense, a phenomenon known as 'blushing', which is detrimental to the finish."
    },
    {
        "question_number": 6,
        "question": "What is the minimum height requirement for registration marks on most U.S.-registered, standard certificated, fixed-wing aircraft?",
        "options": {
            "A": "At least 6 inches high",
            "B": "At least 12 inches high",
            "C": "At least 3 inches high"
        },
        "correct_answer": "B",
        "explanation": "For most standard category fixed-wing aircraft in the U.S., regulations require the registration marks to be at least 12 inches high for visibility."
    },
    {
        "question_number": 7,
        "question": "Under what condition may a certificated mechanic perform work for which they are rated but have no previous experience?",
        "options": {
            "A": "Only after completing a specialized training course.",
            "B": "Under the supervision of an experienced, appropriately rated mechanic or repairman.",
            "C": "Never, they must have prior personal experience."
        },
        "correct_answer": "B",
        "explanation": "A mechanic is allowed to perform a task for the first time if they are under the direct supervision of another certificated and appropriately rated person who has previous experience with that specific operation."
    },
    {
        "question_number": 8,
        "question": "What is a primary disadvantage of using fabric covering on aircraft?",
        "options": {
            "A": "Heavy weight",
            "B": "Lack of durability",
            "C": "Difficult to repair"
        },
        "correct_answer": "B",
        "explanation": "Compared to metal or composite skins, fabric is more susceptible to tearing, puncture, and degradation from environmental factors like UV light and moisture, making it less durable."
    },
    {
        "question_number": 9,
        "question": "What is the primary purpose of applying a primer coat during the aircraft finishing process?",
        "options": {
            "A": "To provide the final color and gloss",
            "B": "To fill in surface imperfections",
            "C": "To provide an anchor point for the finish coats"
        },
        "correct_answer": "C",
        "explanation": "A primer is designed to adhere strongly to the substrate (the material being painted) and provide a stable, uniform surface for the topcoats to bond to, ensuring a durable and long-lasting finish."
    },
    {
        "question_number": 10,
        "question": "What is considered the single most destructive element that causes polyester fabric to deteriorate?",
        "options": {
            "A": "Moisture",
            "B": "UV light",
            "C": "Industrial pollutants"
        },
        "correct_answer": "B",
        "explanation": "Ultraviolet (UV) radiation from the sun is the primary cause of deterioration in polyester fabric, breaking down the chemical bonds in the fibers and reducing their strength over time."
    },
    {
        "question_number": 11,
        "question": "What is the purpose of drain holes in the lower sections of fabric-covered aircraft structures?",
        "options": {
            "A": "To reduce the aircraft's overall weight",
            "B": "To provide inspection access to the interior structure",
            "C": "To provide ventilation and remove condensation"
        },
        "correct_answer": "C",
        "explanation": "Drain holes, often reinforced with grommets, allow any moisture that condenses inside the structure to escape, preventing corrosion, rot, and moisture buildup."
    },
    {
        "question_number": 12,
        "question": "According to the provided information, a fabric patch is used to repair damages up to what size?",
        "options": {
            "A": "1 inch in diameter",
            "B": "8 inches in diameter",
            "C": "16 inches in diameter"
        },
        "correct_answer": "A",
        "explanation": "The text specifies that a fabric patch is a suitable repair for damages that are up to 1 inch in diameter."
    },
    {
        "question_number": 13,
        "question": "Which of the following is NOT a reason why Sitka spruce is a highly favorable wood for aircraft use?",
        "options": {
            "A": "Its high strength-to-weight ratio",
            "B": "Its flame resistance",
            "C": "Its uniform texture and straight grain"
        },
        "correct_answer": "B",
        "explanation": "Sitka spruce is prized for its excellent strength-to-weight ratio, uniformity, and straight grain. However, like all wood, it is not inherently flame resistant."
    },
    {
        "question_number": 14,
        "question": "What step should be taken before checking a glue line in a wood structure to prevent a false indication of failure?",
        "options": {
            "A": "Apply a solvent to clean the joint",
            "B": "Wet the area to make separations more visible",
            "C": "Dry the surrounding wood"
        },
        "correct_answer": "C",
        "explanation": "Moisture can cause the wood fibers around a glue joint to swell, which could be misinterpreted as a failing or delaminated joint. Drying the area ensures an accurate inspection."
    },
    {
        "question_number": 15,
        "question": "How is a compression failure in wood typically identified?",
        "options": {
            "A": "By a separation along the wood grain",
            "B": "By a rupture across the wood fibers",
            "C": "By dark discoloration of the wood"
        },
        "correct_answer": "B",
        "explanation": "Compression failure occurs when a wood member is overloaded in compression, causing the fibers to buckle and rupture across the grain, which can appear as fine lines or wrinkles on the surface."
    },
    {
        "question_number": 16,
        "question": "What is dote disease in wood?",
        "options": {
            "A": "A type of rot caused by moisture after cutting",
            "B": "An inherent disease which only occurs at the base of the living tree",
            "C": "Damage caused by wood-boring insects"
        },
        "correct_answer": "B",
        "explanation": "Dote is described as a form of decay or disease that is inherent to the tree and originates at its base while it is still alive."
    },
    {
        "question_number": 17,
        "question": "How strong should a satisfactory glue joint be in an aircraft wood structure?",
        "options": {
            "A": "At least 75% of the strength of the wood",
            "B": "Able to develop the full strength of the wood",
            "C": "Stronger than any metal fasteners used in the same area"
        },
        "correct_answer": "B",
        "explanation": "A properly prepared and executed glue joint should be stronger than the wood itself. In a stress test, the wood surrounding the joint should fail before the glue line does."
    },
    {
        "question_number": 18,
        "question": "What is the function of grommets in aircraft fabric covering?",
        "options": {
            "A": "To secure inspection panels",
            "B": "To create reinforced drain holes",
            "C": "To serve as attachment points for rib stitching"
        },
        "correct_answer": "B",
        "explanation": "Grommets are small reinforced rings installed in the lowest points of fabric-covered surfaces to provide durable, tear-resistant holes for draining condensation and moisture."
    },
    {
        "question_number": 19,
        "question": "What two primary factors are used to determine the correct type of fabric for certifying an aircraft?",
        "options": {
            "A": "Gross weight and wingspan",
            "B": "Engine horsepower and propeller diameter",
            "C": "Its wing loading and its never exceed speed (VNE)"
        },
        "correct_answer": "C",
        "explanation": "The required strength of the aircraft fabric is determined by the aerodynamic forces it must withstand, which are directly related to the aircraft's wing loading and its maximum permissible speed (VNE)."
    },
    {
        "question_number": 20,
        "question": "Which of the following is NOT a proper location for the registration marks on a fixed-wing aircraft?",
        "options": {
            "A": "The fuselage",
            "B": "The vertical tail surface",
            "C": "The engine"
        },
        "correct_answer": "C",
        "explanation": "Registration marks must be placed on a visible exterior surface, typically the fuselage or tail. The engine is not an approved location for displaying the aircraft's official registration marks."
    }
]