[
    {
        "question_number": 1,
        "question": "Which of the following is typically not part of the required aircraft registration marking?",
        "options": {
            "A": "Nationality mark",
            "B": "Registration mark",
            "C": "Date of last inspection"
        },
        "correct_answer": "C",
        "explanation": "Required aircraft markings consist of the nationality and registration marks (e.g., 'N12345'). The date of the last inspection is recorded in the aircraft's maintenance records, not displayed externally as part of the primary marking."
    },
    {
        "question_number": 2,
        "question": "Where are registration marks typically located on a fixed-wing aircraft?",
        "options": {
            "A": "On the fuselage or vertical tail surfaces",
            "B": "Only on the upper surface of the right wing",
            "C": "Inside the cockpit visible to the pilot"
        },
        "correct_answer": "A",
        "explanation": "Regulations, such as FAR Part 45, require registration marks to be displayed on either the vertical tail surfaces or the sides of the fuselage for visibility."
    },
    {
        "question_number": 3,
        "question": "Regarding the grain arrangement in aircraft-grade wood, what is the maximum permissible grain inclination?",
        "options": {
            "A": "1 in 8",
            "B": "1 in 15",
            "C": "1 in 25"
        },
        "correct_answer": "B",
        "explanation": "For aircraft structural wood, a grain inclination or slope of 1 in 15 is the maximum deviation permitted to ensure the wood maintains its required structural strength."
    },
    {
        "question_number": 4,
        "question": "What term describes the orientation of threads in aviation-grade fabric?",
        "options": {
            "A": "Grain inclination",
            "B": "Warp and fill",
            "C": "Cross-lamination"
        },
        "correct_answer": "B",
        "explanation": "Aviation fabric is described by its warp (longitudinal) and fill (or weft, transverse) threads. The term 'grain inclination' applies to wood, not fabric."
    },
    {
        "question_number": 5,
        "question": "Under what condition can a certificated technician perform work for which they are rated?",
        "options": {
            "A": "Only under the direct supervision of a more experienced supervisor",
            "B": "Only if they have performed the exact task before",
            "C": "At any time, provided they are properly certificated for the work"
        },
        "correct_answer": "C",
        "explanation": "A technician holding a valid FAA certificate is authorized to perform work that falls under their specific rating(s) without requiring direct supervision for each task, although their work may be subject to inspection."
    },
    {
        "question_number": 6,
        "question": "The ability to detect defects in aircraft wood is a skill that cannot be fully learned by what method alone?",
        "options": {
            "A": "Just reading a book",
            "B": "Hands-on experience",
            "C": "Mentorship from an experienced technician"
        },
        "correct_answer": "A",
        "explanation": "While books provide crucial theoretical knowledge, identifying wood defects like compression failures, decay, or improper grain requires hands-on experience and practical training."
    },
    {
        "question_number": 7,
        "question": "What does the FAA issue to specify the minimum performance standards for specified materials, parts, and appliances used on civil aircraft?",
        "options": {
            "A": "Service Bulletins",
            "B": "Airworthiness Directives",
            "C": "Technical Standard Orders (TSOs)"
        },
        "correct_answer": "C",
        "explanation": "A Technical Standard Order (TSO) is a minimum performance standard issued by the FAA for specified materials, parts, and appliances used on civil aircraft."
    },
    {
        "question_number": 8,
        "question": "What is considered the reference wood species to which all other woods are compared for aircraft construction?",
        "options": {
            "A": "Douglas Fir",
            "B": "Sitka Spruce",
            "C": "Birch"
        },
        "correct_answer": "B",
        "explanation": "Sitka Spruce is the standard reference wood for aircraft construction due to its excellent and consistent strength-to-weight ratio."
    },
    {
        "question_number": 9,
        "question": "What is a potential disadvantage of Sitka Spruce?",
        "options": {
            "A": "It has a poor strength-to-weight ratio",
            "B": "It has a lack of durability and resistance to rot if not protected",
            "C": "It is extremely heavy"
        },
        "correct_answer": "B",
        "explanation": "While strong for its weight, Sitka Spruce is a softwood and can be susceptible to decay and damage if it is not properly sealed and protected from moisture."
    },
    {
        "question_number": 10,
        "question": "What is a primary characteristic that makes Sitka Spruce a preferred wood for aircraft construction?",
        "options": {
            "A": "Its high flame resistance",
            "B": "Its high strength-to-weight ratio",
            "C": "Its limited availability"
        },
        "correct_answer": "B",
        "explanation": "Sitka Spruce is highly valued in aircraft construction primarily for its superior strength-to-weight ratio, which allows for a strong structure with minimal weight."
    },
    {
        "question_number": 11,
        "question": "On a siphon-feed spray gun, where is the paint cup located?",
        "options": {
            "A": "Below the gun",
            "B": "Above the gun",
            "C": "Inline with the hose"
        },
        "correct_answer": "A",
        "explanation": "Siphon-feed spray guns work by creating a venturi effect that siphons paint up from a cup located below the gun's body."
    },
    {
        "question_number": 12,
        "question": "What type of spray gun has its paint cup located above the gun body?",
        "options": {
            "A": "Siphon-feed gun",
            "B": "Pressure-feed gun",
            "C": "Gravity-feed gun"
        },
        "correct_answer": "C",
        "explanation": "A gravity-feed spray gun utilizes gravity to deliver paint from a cup mounted on top of the gun to the nozzle."
    },
    {
        "question_number": 13,
        "question": "What wood defect can be caused by excessive soaking followed by partial or rapid drying?",
        "options": {
            "A": "Compression failure",
            "B": "Case hardening",
            "C": "Spike knot"
        },
        "correct_answer": "B",
        "explanation": "Case hardening is a condition in wood where the outer layers dry too quickly relative to the core, causing stresses and defects. This can be induced by improper drying cycles."
    },
    {
        "question_number": 14,
        "question": "What is a primary requirement for a glue joint before it can be properly inspected for integrity?",
        "options": {
            "A": "It must be completely dry and cured",
            "B": "It must be under a clamped load",
            "C": "It must be covered with a protective coating"
        },
        "correct_answer": "A",
        "explanation": "A proper inspection of a glued wood joint can only be performed after the adhesive has fully cured and dried, ensuring the joint has reached its intended strength and any defects are visible."
    },
    {
        "question_number": 15,
        "question": "What does the presence of corrosion on screws and metal fittings in a wood structure often indicate?",
        "options": {
            "A": "Over-torquing of the screws",
            "B": "Use of dissimilar metals",
            "C": "Water accumulation and entrapped moisture"
        },
        "correct_answer": "C",
        "explanation": "Corrosion on metal fittings within a wood structure is a strong indicator that moisture has been trapped in the area, which can lead to both metal corrosion and wood decay."
    },
    {
        "question_number": 16,
        "question": "What is installed at the lowest points on a fabric-covered surface to allow for ventilation and drainage of condensation?",
        "options": {
            "A": "Reinforcing tapes",
            "B": "Inspection rings",
            "C": "Drain grommets"
        },
        "correct_answer": "C",
        "explanation": "Drain grommets are small, reinforced holes installed at the lowest points of fabric-covered components to prevent moisture and condensation from being trapped inside."
    },
    {
        "question_number": 17,
        "question": "Which FAA standard pertains to aircraft fabric, including lightweight types?",
        "options": {
            "A": "TSO-C14",
            "B": "TSO-C15",
            "C": "TSO-C22"
        },
        "correct_answer": "B",
        "explanation": "TSO-C15 is the FAA's Technical Standard Order for aircraft fabric. It includes various types and weights, including the lightweight polyester fabrics commonly used today."
    },
    {
        "question_number": 18,
        "question": "Which of the following would NOT be considered an acceptable data source for the inspection and repair of a wood aircraft structure?",
        "options": {
            "A": "AC 43.13-1B",
            "B": "The aircraft manufacturer's maintenance manual",
            "C": "A general woodworking hobbyist book"
        },
        "correct_answer": "C",
        "explanation": "For aircraft maintenance, only FAA-approved data, such as AC 43.13-1B or the aircraft's maintenance manual, can be used. A general woodworking book is not an approved source for airworthiness repairs."
    },
    {
        "question_number": 19,
        "question": "Decals and markings applied to an aircraft surface should not be made of what material?",
        "options": {
            "A": "Vinyl",
            "B": "Leather",
            "C": "Paint"
        },
        "correct_answer": "B",
        "explanation": "Leather is not a suitable material for external aircraft decals as it is heavy, not weather-resistant, and can trap moisture, potentially leading to corrosion on the underlying structure."
    },
    {
        "question_number": 20,
        "question": "What type of solvent is added to dope or paint to slow down the drying time and prevent blushing?",
        "options": {
            "A": "An activator",
            "B": "A retarder",
            "C": "An accelerator"
        },
        "correct_answer": "B",
        "explanation": "A retarder is a slow-evaporating solvent added to a finish to slow its drying rate, especially in high-humidity conditions. This prevents blushing, a milky appearance caused by trapped moisture."
    },
    {
        "question_number": 21,
        "question": "What type of wood defect is characterized by fine lines running across the grain, indicating the wood has been overstressed?",
        "options": {
            "A": "A check",
            "B": "A shake",
            "C": "Compression failure"
        },
        "correct_answer": "C",
        "explanation": "Compression failures appear as faint, hair-like lines running across the grain. They are caused by the wood being subjected to a compressive force that buckles the wood fibers."
    },
    {
        "question_number": 22,
        "question": "What is a 'shake' in a piece of wood?",
        "options": {
            "A": "A lengthwise separation of the wood between the annual growth rings",
            "B": "A crack across the annual growth rings",
            "C": "A small knot where a branch grew"
        },
        "correct_answer": "A",
        "explanation": "A shake is a defect in wood characterized by a lengthwise separation or crack that occurs between the annual growth rings, often caused by stresses in the living tree."
    }
]