[
    {
        "question_number": 1,
        "question": "When Sitka spruce is compared pound for pound to aluminum, what is its tensile strength?",
        "options": {
            "A": "Twice the tensile strength",
            "B": "Half the tensile strength",
            "C": "The same tensile strength"
        },
        "correct_answer": "A",
        "explanation": "Pound for pound, Sitka spruce is known to have twice the tensile strength of aluminum, making it a highly efficient material for aircraft construction."
    },
    {
        "question_number": 2,
        "question": "A simple doped-on patch repair for aircraft fabric is generally limited to damage of what maximum diameter?",
        "options": {
            "A": "1 inch",
            "B": "3 inches",
            "C": "6 inches"
        },
        "correct_answer": "A",
        "explanation": "Damage to aircraft fabric up to 1 inch in diameter can often be repaired using a simple doped-on patch."
    },
    {
        "question_number": 3,
        "question": "What is the primary purpose of using a primer before applying a topcoat of paint?",
        "options": {
            "A": "To provide the final color",
            "B": "To act as an anchor or bonding agent for the topcoat",
            "C": "To add a glossy finish"
        },
        "correct_answer": "B",
        "explanation": "Primer is used to create a stable and well-adhered base, acting as an anchor that ensures proper bonding of the topcoat to the surface."
    },
    {
        "question_number": 4,
        "question": "What is an inherent disease that occurs at the base of a tree, which can weaken the wood?",
        "options": {
            "A": "Knot cluster",
            "B": "Dore disease",
            "C": "Compression failure"
        },
        "correct_answer": "B",
        "explanation": "Dore disease (or dote) is a type of decay that occurs at the base of a tree, compromising the structural integrity of the wood."
    },
    {
        "question_number": 5,
        "question": "Which of the following cannot be used as the sole source for the inspection and repair of a wooden aircraft structure?",
        "options": {
            "A": "The aircraft's maintenance manual",
            "B": "An FAA Advisory Circular (AC 43.13-1B)",
            "C": "A general aviation textbook"
        },
        "correct_answer": "C",
        "explanation": "While a textbook provides general knowledge, official inspection and repair procedures must be sourced from the aircraft manufacturer's maintenance manual or other FAA-approved data."
    },
    {
        "question_number": 6,
        "question": "What is the required scarf slope or ratio for a splayed patch repair on a plywood aircraft skin?",
        "options": {
            "A": "A 1:5 ratio to the thickness of the skin",
            "B": "A 1:1 ratio to the thickness of the skin",
            "C": "A 1:12 ratio to the thickness of the skin"
        },
        "correct_answer": "A",
        "explanation": "A splayed patch repair on plywood skin requires a scarf slope with a ratio of 5:1 relative to the thickness of the skin to ensure proper load transfer."
    },
    {
        "question_number": 7,
        "question": "What is a primary advantage of using fabric as an aircraft covering?",
        "options": {
            "A": "It is fireproof",
            "B": "It is extremely rigid",
            "C": "It is lightweight"
        },
        "correct_answer": "C",
        "explanation": "One of the main benefits of using fabric to cover aircraft structures is its very low weight compared to other materials like metal."
    },
    {
        "question_number": 8,
        "question": "Which Technical Standard Order (TSO) specifies the requirements for a lighter weight aircraft fabric?",
        "options": {
            "A": "TSO-C22g",
            "B": "TSO-C14d",
            "C": "TSO-C15b"
        },
        "correct_answer": "B",
        "explanation": "TSO-C14d is the standard that defines the specifications for lighter weight aircraft fabrics."
    },
    {
        "question_number": 9,
        "question": "What can be added to aircraft dope to slow down the drying time on humid days and prevent blushing?",
        "options": {
            "A": "Acetone",
            "B": "Toluene",
            "C": "Butyl alcohol"
        },
        "correct_answer": "C",
        "explanation": "Butyl alcohol is a retarder that is added to dope to slow its evaporation rate, which prevents moisture from being trapped in the film (blushing) during humid conditions."
    },
    {
        "question_number": 10,
        "question": "In a siphon-feed spray gun, where is the paint cup located relative to the gun?",
        "options": {
            "A": "Above the gun",
            "B": "Below the gun",
            "C": "Beside the gun"
        },
        "correct_answer": "B",
        "explanation": "A siphon-feed spray gun uses the Venturi effect created by airflow to draw (siphon) paint up from a cup located below the gun body."
    },
    {
        "question_number": 11,
        "question": "What type of transparent protective finish is commonly used for wood in aircraft construction?",
        "options": {
            "A": "Varnish",
            "B": "Enamel paint",
            "C": "Epoxy primer"
        },
        "correct_answer": "A",
        "explanation": "Varnish is a transparent, hard, protective finish applied to wood to protect it from moisture and UV damage while allowing the grain to remain visible."
    },
    {
        "question_number": 12,
        "question": "What is installed in aircraft structures to allow for the removal of condensed moisture?",
        "options": {
            "A": "Sealing tape",
            "B": "Reinforcing plates",
            "C": "Drain holes"
        },
        "correct_answer": "C",
        "explanation": "Drain holes, often reinforced with grommets in fabric-covered aircraft, are placed at the lowest points of a structure to allow any accumulated condensation or moisture to escape."
    },
    {
        "question_number": 13,
        "question": "What is indicated by dark discoloration or grey stains that run across the grain of a wooden aircraft structure?",
        "options": {
            "A": "Normal wood aging",
            "B": "Water penetration and potential decay",
            "C": "Over-application of varnish"
        },
        "correct_answer": "B",
        "explanation": "Dark or grey stains across the grain are a common sign of water penetration, which can lead to wood decay and a loss of structural strength."
    },
    {
        "question_number": 14,
        "question": "What type of failure is indicated by a rupture of wood fibers across the grain?",
        "options": {
            "A": "Tension failure",
            "B": "Compression failure",
            "C": "Shear failure"
        },
        "correct_answer": "B",
        "explanation": "A compression failure in wood is characterized by the buckling or rupturing of the wood fibers across the grain, often caused by an excessive compressive load."
    },
    {
        "question_number": 15,
        "question": "What is the general rule regarding the grain direction in aircraft-grade wood?",
        "options": {
            "A": "It must be perfectly straight with zero deviation",
            "B": "Limited inclination or slope is permitted depending on the wood's classification",
            "C": "Any grain direction is acceptable"
        },
        "correct_answer": "B",
        "explanation": "While straight grain is ideal, a limited amount of grain inclination (slope) is permitted in aircraft-grade wood, with specific limits defined by standards."
    },
    {
        "question_number": 16,
        "question": "What is the primary environmental factor that causes the deterioration of polyester aircraft fabric?",
        "options": {
            "A": "Moisture",
            "B": "Low temperatures",
            "C": "Ultraviolet (UV) rays"
        },
        "correct_answer": "C",
        "explanation": "Polyester fabric is highly susceptible to degradation from exposure to ultraviolet (UV) rays from the sun, which is why it must be protected by UV-blocking coatings."
    },
    {
        "question_number": 17,
        "question": "What is the maximum allowable grain inclination for Class A aircraft-grade Sitka spruce?",
        "options": {
            "A": "1:10",
            "B": "1:15",
            "C": "1:20"
        },
        "correct_answer": "B",
        "explanation": "To be classified as high-quality (Class A) aircraft structural wood, Sitka spruce must have a grain slope no steeper than 1 inch of deviation over a 15-inch length (1:15)."
    },
    {
        "question_number": 18,
        "question": "When a technician is performing a wood repair on an aircraft, what is a recommended practice?",
        "options": {
            "A": "They should use any type of commercially available wood glue",
            "B": "They should be assisted or supervised by a certified technician with relevant experience",
            "C": "They should complete the repair as quickly as possible"
        },
        "correct_answer": "B",
        "explanation": "Aircraft wood repair is a critical task. It is highly recommended that technicians be properly trained and supervised or assisted by a certified technician with experience in aircraft woodwork."
    },
    {
        "question_number": 19,
        "question": "What device is used in a compressed air line to ensure that paint is free from contaminants like oil and water?",
        "options": {
            "A": "A heater",
            "B": "A pressure booster",
            "C": "An air filter/water trap"
        },
        "correct_answer": "C",
        "explanation": "An air filter and water trap (separator) is used in the compressed air system to remove contaminants like oil, water, and dirt, ensuring a clean air supply for spray painting."
    },
    {
        "question_number": 20,
        "question": "What type of wood is often used as the reference standard for aircraft structural wood?",
        "options": {
            "A": "Douglas Fir",
            "B": "Sitka Spruce",
            "C": "Birch"
        },
        "correct_answer": "B",
        "explanation": "Sitka Spruce is the reference wood for aircraft structures due to its excellent strength-to-weight ratio, uniformity, and shock resistance."
    }
]