[
    {
        "question_number": 1,
        "question": "What type of pump is often associated with creating pulsations in a fuel system?",
        "options": {
            "A": "Plunger-type pump",
            "B": "Centrifugal pump",
            "C": "Ejector pump"
        },
        "correct_answer": "A",
        "explanation": "Plunger-type pumps, which are a form of positive displacement pump, operate with a reciprocating motion that can create pressure pulsations in the fuel flow."
    },
    {
        "question_number": 2,
        "question": "What is one way fuel can become contaminated, potentially leading to system damage?",
        "options": {
            "A": "Using a fuel heater",
            "B": "Mixing different types of fuels",
            "C": "Proper system filtering"
        },
        "correct_answer": "B",
        "explanation": "Mixing different grades or types of aviation fuel can cause contamination, alter the fuel's properties, and potentially lead to engine damage or failure."
    },
    {
        "question_number": 3,
        "question": "What is a fast and easy method to detect microbial growth in fuel?",
        "options": {
            "A": "Visual inspection of the fuel color",
            "B": "A fuel bug test kit",
            "C": "A pressure check of the system"
        },
        "correct_answer": "B",
        "explanation": "Commercially available fuel bug test kits are designed for quick and effective detection of microbial contamination, such as bacteria and fungi, in fuel tanks."
    },
    {
        "question_number": 4,
        "question": "What is the primary purpose of a fuel temperature gauge?",
        "options": {
            "A": "To measure engine oil temperature",
            "B": "To monitor for conditions requiring anti-icing",
            "C": "To control the cabin temperature"
        },
        "correct_answer": "B",
        "explanation": "A fuel temperature gauge helps the crew monitor if the fuel temperature is approaching the freezing point of water, indicating the need to use a fuel heater to prevent ice crystal formation and blockage."
    },
    {
        "question_number": 5,
        "question": "What does a fuel pressure gauge indicate?",
        "options": {
            "A": "The amount of fuel in the tanks",
            "B": "The pressure of the fuel being supplied to the engine",
            "C": "The temperature of the fuel"
        },
        "correct_answer": "B",
        "explanation": "A fuel pressure gauge measures the pressure within the fuel lines, ensuring that fuel is being delivered to the engine at the correct pressure for proper operation."
    },
    {
        "question_number": 6,
        "question": "What are the primary methods for identifying a specific type of aviation fuel?",
        "options": {
            "A": "By its smell and weight",
            "B": "By its color, octane/performance rating, and placarding",
            "C": "By the shape of the fuel tank"
        },
        "correct_answer": "B",
        "explanation": "Aviation fuels are identified by their specific color dye (for Avgas), their octane or performance rating, and the required placards on both the aircraft and refueling equipment."
    },
    {
        "question_number": 7,
        "question": "In fuel leak classification, what is a 'Heavy Seep' typically defined as?",
        "options": {
            "A": "A leak less than 3/4 inch in diameter",
            "B": "A leak forming a drip",
            "C": "A leak covering an area of 1 1/2 to 4 inches in diameter"
        },
        "correct_answer": "C",
        "explanation": "Fuel leak classifications are standardized by size. A 'Heavy Seep' is a leak that wets an area from 1 1/2 inches to 4 inches in its greatest dimension."
    },
    {
        "question_number": 8,
        "question": "What is a fundamental chemical requirement for aviation fuel?",
        "options": {
            "A": "High sulfur content",
            "B": "Low sulfur content",
            "C": "High water content"
        },
        "correct_answer": "B",
        "explanation": "Aviation fuels must have a very low sulfur content to prevent corrosion of engine and fuel system components and to meet performance and environmental standards."
    },
    {
        "question_number": 9,
        "question": "Which type of pump is not used for priming a fuel system before engine start?",
        "options": {
            "A": "Auxiliary boost pump",
            "B": "Hand wobble pump",
            "C": "Engine Driven Pump (EDP)"
        },
        "correct_answer": "C",
        "explanation": "An Engine Driven Pump (EDP) only operates when the engine is rotating, so it cannot supply pressure to prime the system before start-up. A boost pump or hand pump is used for this purpose."
    },
    {
        "question_number": 10,
        "question": "What type of filter is essential for protecting sensitive components in a turbine engine fuel system?",
        "options": {
            "A": "Gravel filter",
            "B": "Micronic filter",
            "C": "Charcoal filter"
        },
        "correct_answer": "B",
        "explanation": "Turbine engine fuel systems use fine micronic filters to remove very small contaminants that could damage high-precision components like the fuel control unit."
    },
    {
        "question_number": 11,
        "question": "What does the illumination of a low fuel pressure warning light indicate?",
        "options": {
            "A": "Fuel tank is overfilled",
            "B": "Fuel pressure has dropped below a safe limit",
            "C": "Fuel temperature is too high"
        },
        "correct_answer": "B",
        "explanation": "The low fuel pressure warning light alerts the flight crew that fuel pressure has dropped below the normal operating range, indicating a potential problem like a failing pump or a leak."
    },
    {
        "question_number": 12,
        "question": "How should a welded fuel tank repair be checked for leaks?",
        "options": {
            "A": "By filling it completely with water",
            "B": "By applying low-pressure air and a soap solution",
            "C": "By a visual inspection only"
        },
        "correct_answer": "B",
        "explanation": "After a welded repair, the tank is sealed and pressurized with a small amount of low-pressure air. A soap solution is applied to the repair area to check for bubbles, which would indicate a leak."
    },
    {
        "question_number": 13,
        "question": "What operation is generally not possible in a simple gravity-feed fuel system?",
        "options": {
            "A": "Feeding the engine",
            "B": "Venting the tank",
            "C": "Transferring fuel between tanks"
        },
        "correct_answer": "C",
        "explanation": "Gravity-feed systems rely on gravity to supply fuel to the engine and typically lack the pumps and plumbing necessary to move fuel from one tank to another."
    },
    {
        "question_number": 14,
        "question": "Which of the following statements about aircraft fuel systems is false?",
        "options": {
            "A": "They use rigid tubing in the wings.",
            "B": "Flexible hoses are not used.",
            "C": "They contain filters and strainers."
        },
        "correct_answer": "B",
        "explanation": "The statement is false because flexible hoses are commonly used in aircraft fuel systems to connect components where vibration or movement occurs, such as between the airframe and the engine."
    },
    {
        "question_number": 15,
        "question": "Which of the following statements about aircraft fuel systems is false?",
        "options": {
            "A": "Flexible hoses are used near the engine.",
            "B": "Rigid tubing is not used.",
            "C": "Pumps are used to supply pressure."
        },
        "correct_answer": "B",
        "explanation": "This statement is false. Rigid tubing, typically made of aluminum alloy, is extensively used for fuel lines that run through the aircraft's structure."
    },
    {
        "question_number": 16,
        "question": "What critical safety procedure must be performed on a fuel tank before maintenance is conducted inside it?",
        "options": {
            "A": "It must be pressurized with air.",
            "B": "It must be defueled and purged of all flammable vapors.",
            "C": "It must be filled with water."
        },
        "correct_answer": "B",
        "explanation": "For safety, before any personnel enters or works on the interior of a fuel tank, it must be completely emptied of fuel and then purged of flammable vapors to prevent ignition."
    },
    {
        "question_number": 17,
        "question": "What is a key requirement for electrical wiring installed inside a fuel tank?",
        "options": {
            "A": "It must be uninsulated copper wire.",
            "B": "It must be properly insulated and enclosed in a protective conduit.",
            "C": "It must be made of aluminum."
        },
        "correct_answer": "B",
        "explanation": "All wiring inside a fuel tank, such as for fuel quantity probes, must be fully insulated and protected to eliminate any possibility of a spark that could ignite fuel vapors."
    },
    {
        "question_number": 18,
        "question": "What is the primary function of a fuel strainer?",
        "options": {
            "A": "To heat the fuel",
            "B": "To remove large particulate contaminants from the fuel",
            "C": "To measure fuel flow"
        },
        "correct_answer": "B",
        "explanation": "A fuel strainer is a coarse filter designed to remove larger particles of debris and contaminants from the fuel, preventing them from clogging pumps and other system components."
    },
    {
        "question_number": 19,
        "question": "In a typical turbine engine aircraft, what pump serves as the primary high-pressure pump once the engine is running?",
        "options": {
            "A": "A hand wobble pump",
            "B": "The Engine Driven Pump (EDP)",
            "C": "An electric boost pump"
        },
        "correct_answer": "B",
        "explanation": "The Engine Driven Pump (EDP) is the main high-pressure pump that takes over after engine start to supply fuel at the correct pressure to the engine's fuel metering device."
    },
    {
        "question_number": 20,
        "question": "What is a pre-flight check conducted between flights on the same day often called?",
        "options": {
            "A": "A C-Check",
            "B": "A Turnaround Check",
            "C": "A heavy maintenance visit"
        },
        "correct_answer": "B",
        "explanation": "A Turnaround Check is a specific type of pre-flight inspection performed between flights to ensure the aircraft remains airworthy for its next departure."
    },
    {
        "question_number": 21,
        "question": "What is the primary purpose of using a checklist during maintenance or pre-flight inspections?",
        "options": {
            "A": "To increase the time spent on the task",
            "B": "To ensure all required steps and checks are completed correctly and systematically",
            "C": "To be used only during major maintenance events"
        },
        "correct_answer": "B",
        "explanation": "Checklists are a critical safety tool that ensures all necessary actions and inspections are performed in the proper sequence without omission."
    },
    {
        "question_number": 22,
        "question": "Which manual provides systematic procedures for diagnosing a problem in a fuel system?",
        "options": {
            "A": "The Illustrated Parts Catalog (IPC)",
            "B": "The Fault Isolation Manual (FIM)",
            "C": "The Pilot's Operating Handbook (POH)"
        },
        "correct_answer": "B",
        "explanation": "The Fault Isolation Manual (FIM), or Troubleshooting Manual, contains logical steps and procedures designed to help technicians accurately identify the source of a system malfunction."
    },
    {
        "question_number": 23,
        "question": "What is the primary technical document used for instructions on how to repair an aircraft's fuel system?",
        "options": {
            "A": "The flight operations manual",
            "B": "The Aircraft Maintenance Manual (AMM)",
            "C": "Service bulletins only"
        },
        "correct_answer": "B",
        "explanation": "The Aircraft Maintenance Manual (AMM) is the official manufacturer's publication that provides detailed instructions, specifications, and procedures for performing all maintenance and repair tasks."
    },
    {
        "question_number": 24,
        "question": "Which statement about a Special Federal Aviation Regulation (SFAR) is false?",
        "options": {
            "A": "It is typically a temporary regulation.",
            "B": "It addresses a specific, unique situation.",
            "C": "It does not address safety issues."
        },
        "correct_answer": "C",
        "explanation": "This statement is false. SFARs are specifically created by the FAA to address urgent safety concerns or other special conditions not covered by existing regulations."
    },
    {
        "question_number": 25,
        "question": "How can the flammable air-fuel mixture in a fuel tank's vapor space be made non-flammable?",
        "options": {
            "A": "By heating the fuel tank",
            "B": "By using a nitrogen-generating inerting system",
            "C": "By adding more fuel to the tank"
        },
        "correct_answer": "B",
        "explanation": "A fuel tank inerting system reduces the risk of explosion by pumping nitrogen-enriched air into the tank, which displaces oxygen and lowers the oxygen concentration in the vapor space (ullage) below the level required for combustion."
    },
    {
        "question_number": 26,
        "question": "Which US agency is responsible for investigating transportation accidents and issuing safety recommendations?",
        "options": {
            "A": "The Federal Aviation Administration (FAA)",
            "B": "The National Transportation Safety Board (NTSB)",
            "C": "The Transportation Security Administration (TSA)"
        },
        "correct_answer": "B",
        "explanation": "The NTSB is an independent federal agency tasked with investigating every civil aviation accident in the U.S. and issuing safety recommendations to prevent future accidents."
    },
    {
        "question_number": 27,
        "question": "What component protects a fuel system from damage due to excessive pressure?",
        "options": {
            "A": "A check valve",
            "B": "A pressure relief valve",
            "C": "A shutoff valve"
        },
        "correct_answer": "B",
        "explanation": "A pressure relief valve is a safety device designed to automatically open and vent pressure if it exceeds a preset limit, thereby protecting lines, pumps, and tanks from damage."
    },
    {
        "question_number": 28,
        "question": "What is the primary purpose of a fuel tank venting system?",
        "options": {
            "A": "To filter the fuel as it enters the tank",
            "B": "To prevent structural damage from internal or external pressure",
            "C": "To mix fuel from different tanks"
        },
        "correct_answer": "B",
        "explanation": "Fuel tank venting allows air to enter the tank as fuel is consumed and allows air/vapor to escape during refueling. This equalizes pressure and prevents structural damage caused by vacuum or overpressure."
    },
    {
        "question_number": 29,
        "question": "What is the purpose of an overboard vent line in a pressure refueling system?",
        "options": {
            "A": "To add pressure to the tank during refueling",
            "B": "To safely discharge fuel if a shutoff valve fails to close",
            "C": "To transfer fuel to another tank"
        },
        "correct_answer": "B",
        "explanation": "The overboard vent is a crucial safety feature that prevents over-pressurization and structural damage to the wing by providing an escape path for fuel if the primary refueling shutoff system fails."
    },
    {
        "question_number": 30,
        "question": "What must be done to fuel that has been drained from an aircraft before it can be used again?",
        "options": {
            "A": "It can be used immediately in any aircraft.",
            "B": "It must be stored properly, checked for contamination, and filtered.",
            "C": "It must always be discarded."
        },
        "correct_answer": "B",
        "explanation": "Defueled fuel may be reused, but only after it has been stored in clean, approved containers and thoroughly tested for water and particulate contamination to ensure it meets specifications."
    }
]