[
    {
      "question_number": 1,
      "question": "The fuselage skin and flaps are usually made from which aluminum alloy?",
      "options": {
        "a": "7075",
        "b": "2024",
        "c": "7178"
      },
      "correct_answer": "b",
      [span_0](start_span)"explanation": "The fuselage skin and flaps are usually made from 2024 aluminum alloy[span_0](end_span)."
    },
    {
      "question_number": 2,
      "question": "Which aluminum alloy is typically used for wing spars and beams due to its high compressive strength?",
      "options": {
        "a": "7055",
        "b": "7178",
        "c": "2024"
      },
      "correct_answer": "b",
      [span_1](start_span)"explanation": "The aluminum alloy 7178 is typically used for wing spars and beams due to its high compressive strength[span_1](end_span)."
    },
    {
      "question_number": 3,
      "question": "For high strength requirements, aircraft parts are often assembled using:",
      "options": {
        "a": "RIVETS ONLY",
        "b": "NUTS AND BOLTS",
        "c": "ADHESIVE BONDING"
      },
      "correct_answer": "b",
      "explanation": "For high strength requirements, aircraft parts are often assembled using nuts and bolts."
    },
    {
      "question_number": 4,
      "question": "What is a critical principle to follow when assembling aircraft in a repair shop compared to a factory?",
      "options": {
        "a": "USE INFERIOR MATERIALS AS REQUIRED",
        "b": "ADOPT FACTORY-LIKE ASSEMBLY PLANNING",
        "c": "ACCEPT VARIATIONS IN ASSEMBLY PROCEDURES"
      },
      "correct_answer": "b",
      [span_2](start_span)"explanation": "A critical principle to follow when assembling aircraft in a repair shop is to adopt factory-like assembly planning[span_2](end_span)."
    },
    {
      "question_number": 5,
      "question": "For larger aircraft, which of the following items might be needed during assembly?",
      "options": {
        "a": "SMALL HAND TOOLS ONLY",
        "b": "LIFTING BRIDLE WITH SPREADER BARS",
        "c": "ONLY A SIMPLE MEASURING TAPE"
      },
      "correct_answer": "b",
      [span_3](start_span)"explanation": "For larger aircraft, a lifting bridle with spreader bars might be needed during assembly[span_3](end_span)."
    },
    {
      "question_number": 6,
      "question": "Why is it important to insert bolts in the correct direction?",
      "options": {
        "a": "IT AVOIDS DISTURBED FLOW OF AIR",
        "b": "IT PREVENTS INTERFERENCE WITH CONTROL SURFACES",
        "c": "IT MAKES THEM EASIER TO REMOVE"
      },
      "correct_answer": "b",
      [span_4](start_span)"explanation": "It is important to insert bolts in the correct direction to prevent interference with control surfaces[span_4](end_span)."
    },
    {
      "question_number": 7,
      "question": "What is the recommended safety mechanism for bolts used in control surface hinges?",
      "options": {
        "a": "FIBER LOCKNUTS",
        "b": "LOCK WASHERS",
        "c": "COTTER PINS"
      },
      "correct_answer": "c",
      [span_5](start_span)"explanation": "The recommended safety mechanism for bolts used in control surface hinges is cotter pins[span_5](end_span)."
    },
    {
      "question_number": 8,
      "question": "In the absence of specific instructions, how should bolts be oriented?",
      "options": {
        "a": "THREADED END UP",
        "b": "BOLT HEAD UP OR FORWARD",
        "c": "RANDOMLY"
      },
      "correct_answer": "b",
      [span_6](start_span)"explanation": "In the absence of specific instructions, bolts should be oriented with the bolt head up or forward[span_6](end_span)."
    },
    {
      "question_number": 9,
      "question": "What should be done first before assembling components?",
      "options": {
        "a": "LEVEL THE AIRCRAFT",
        "b": "SUPPORTING THE STRUCTURE TO BE MOUNTED",
        "c": "INSPECT MOUNTING AREA"
      },
      "correct_answer": "c",
      [span_7](start_span)"explanation": "Before assembling components, the mounting area should be inspected first[span_7](end_span)."
    },
    {
      "question_number": 10,
      "question": "According to safety guidelines, what should technicians ensure when using jacks or hoists?",
      "options": {
        "a": "ALWAYS NOSE OF AIRCRAFT TO WIND DIRECTION",
        "b": "THEY SHOULD LET OTHERS WATCH FROM CLOSE BY",
        "c": "NOBODY SHOULD BE POSITIONED UNDER THE SUPPORT"
      },
      "correct_answer": "c",
      [span_8](start_span)"explanation": "According to safety guidelines, technicians should ensure nobody is positioned under the support when using jacks or hoists[span_8](end_span)."
    },
    {
      "question_number": 11,
      "question": "Which of the following components is NOT used for aircraft hoisting?",
      "options": {
        "a": "SPREADER BAR",
        "b": "SLING",
        "c": "WOODEN CRADLE"
      },
      "correct_answer": "c",
      [span_9](start_span)"explanation": "A wooden cradle is not typically used for aircraft hoisting, which uses components like spreader bars and slings[span_9](end_span)."
    },
    {
      "question_number": 12,
      "question": "After the fuselage is assembled, what structure is typically used to support it during further assembly?",
      "options": {
        "a": "JUST THE FLOOR OF THE FACTORY",
        "b": "ANY NEARBY EQUIPMENT",
        "c": "A JIG OR FIXTURE"
      },
      "correct_answer": "c",
      [span_10](start_span)"explanation": "After the fuselage is assembled, a jig or fixture is typically used to support it during further assembly[span_10](end_span)."
    },
    {
      "question_number": 13,
      "question": "When removing wings, what is the very first step that should be taken?",
      "options": {
        "a": "REMOVE CONTROL CABLE CONNECTIONS",
        "b": "OBSERVE SAFETY PROCEDURES",
        "c": "LABEL AND RETAIN HARDWARE"
      },
      "correct_answer": "b",
      [span_11](start_span)"explanation": "The very first step that should be taken when removing wings is to observe safety procedures[span_11](end_span)."
    },
    {
      "question_number": 14,
      "question": "What should be done after disconnecting brake lines when removing landing gear?",
      "options": {
        "a": "DEPRESSURIZE THE HYDRAULIC SYSTEM",
        "b": "REMOVE MOUNT HARDWARE",
        "c": "INSPECT BRAKE LINES"
      },
      "correct_answer": "a",
      [span_12](start_span)"explanation": "After disconnecting brake lines when removing landing gear, the hydraulic system should be depressurized[span_12](end_span)."
    },
    {
      "question_number": 15,
      "question": "What is one of the last steps in the assembly/installation process for wings?",
      "options": {
        "a": "INSPECT MOUNTING AREA",
        "b": "ADJUST THE INCIDENCE",
        "c": "DISCONNECT CONTROL CABLES"
      },
      "correct_answer": "b",
      [span_13](start_span)"explanation": "One of the last steps in the assembly/installation process for wings is to adjust the incidence[span_13](end_span)."
    },
    {
      "question_number": 16,
      "question": "During the installation of stabilizers, what should be done after supporting the stabilizer?",
      "options": {
        "a": "DISCONNECT CONTROL CABLES",
        "b": "OPEN ACCESS PANELS",
        "c": "INSTALL MOUNT FITTINGS"
      },
      "correct_answer": "c",
      [span_14](start_span)"explanation": "During the installation of stabilizers, mount fittings should be installed after supporting the stabilizer[span_14](end_span)."
    },
    {
      "question_number": 17,
      "question": "In the landing gear assembly for low-wing airplanes, what component must be installed first?",
      "options": {
        "a": "WINGS",
        "b": "EMPENNAGE",
        "c": "LANDING GEAR"
      },
      "correct_answer": "a",
      [span_15](start_span)"explanation": "In the landing gear assembly for low-wing airplanes, the wings must be installed first[span_15](end_span)."
    },
    {
      "question_number": 18,
      "question": "What is the purpose of using a spreader bar during aircraft hoisting?",
      "options": {
        "a": "TO INCREASE THE LOAD WEIGHT CAPACITY",
        "b": "PROVIDE CLEARANCE BETWEEN THE FUSELAGE AND CABLE",
        "c": "TO STABILIZE THE AIRCRAFT ON GROUND"
      },
      "correct_answer": "b",
      [span_16](start_span)"explanation": "The purpose of using a spreader bar during aircraft hoisting is to provide clearance between the fuselage and the cable[span_16](end_span)."
    },
    {
      "question_number": 19,
      "question": "After inspecting the mounting area of the landing gear, what is the next step in the assembly process?",
      "options": {
        "a": "INSTALL THE BRAKE LINES",
        "b": "SUPPORT THE LANDING GEAR",
        "c": "TORQUE AND SAFETY MOUNTS"
      },
      "correct_answer": "b",
      [span_17](start_span)"explanation": "After inspecting the mounting area of the landing gear, the next step is to support the landing gear[span_17](end_span)."
    },
    {
      "question_number": 20,
      "question": "What type of supports are recommended for stabilizers to prevent damage?",
      "options": {
        "a": "WOODEN CRADLE SUPPORTS WITH PADDING",
        "b": "METAL SUPPORTS WITHOUT PADDING",
        "c": "NO SUPPORTS REQUIRED"
      },
      "correct_answer": "a",
      [span_18](start_span)"explanation": "Wooden cradle supports with padding are recommended for stabilizers to prevent damage[span_18](end_span)."
    },
    {
      "question_number": 21,
      "question": "Which document is issued by the FAA to formally describe an aircraft and its limitations?",
      "options": {
        "a": "MAINTENANCE MANUAL",
        "b": "TYPE CERTIFICATE DATA SHEETS (TCDS)",
        "c": "SERVICE BULLETIN"
      },
      "correct_answer": "b",
      [span_19](start_span)"explanation": "The Type Certificate Data Sheets (TCDS) are issued by the FAA to formally describe an aircraft and its limitations[span_19](end_span)."
    },
    {
      "question_number": 22,
      "question": "What aids in ensuring that control surfaces remain in their neutral position during rigging?",
      "options": {
        "a": "PROPER TORQUE SPECIFICATIONS",
        "b": "RIG PINS OR BLOCKS",
        "c": "SAFETY PIN"
      },
      "correct_answer": "b",
      [span_20](start_span)"explanation": "Rig pins or blocks aid in ensuring that control surfaces remain in their neutral position during rigging[span_20](end_span)."
    },
    {
      "question_number": 23,
      "question": "Which type of hardware can be used for safetying in addition to safety wire?",
      "options": {
        "a": "DOWEL PINS",
        "b": "LOCKNUTS",
        "c": "RUBBER BANDS"
      },
      "correct_answer": "b",
      [span_21](start_span)"explanation": "Locknuts can be used for safetying purposes in addition to safety wire[span_21](end_span)."
    },
    {
      "question_number": 24,
      "question": "Which type of safety wire is indicated in the guidelines as being the proper type?",
      "options": {
        "a": "SINGLE TWIST ONLY",
        "b": "DOUBLE OR SINGLE TWIST",
        "c": "LOCK WIRE"
      },
      "correct_answer": "b",
      [span_22](start_span)"explanation": "Both double or single twist safety wire are indicated in the guidelines as being proper types[span_22](end_span)."
    },
    {
      "question_number": 25,
      "question": "What type of document provides guidelines and procedures for maintaining or repairing an aircraft?",
      "options": {
        "a": "SAFETY MANUAL",
        "b": "TYPE CERTIFICATE DATA SHEET",
        "c": "MAINTENANCE MANUAL"
      },
      "correct_answer": "c",
      [span_23](start_span)"explanation": "A Maintenance Manual provides guidelines and procedures for maintaining or repairing an aircraft[span_23](end_span)."
    },
    {
      "question_number": 26,
      "question": "What is the first step in the control surface rigging process?",
      "options": {
        "a": "MEASURE CABLE TENSION",
        "b": "LOCK CONTROL SURFACE",
        "c": "MAKE OPERATIONAL CHECK"
      },
      "correct_answer": "b",
      [span_24](start_span)"explanation": "The first step in the control surface rigging process is to lock the control surface[span_24](end_span)."
    },
    {
      "question_number": 27,
      "question": "When lifting an aircraft fuselage with a sling, what precaution should be taken?",
      "options": {
        "a": "USE A CHAIN INSTEAD OF WEBBING",
        "b": "ATTACH DIRECTLY TO THE UNREINFORCED SKIN AREAS",
        "c": "USE WELL PADDED WEBBING TO AVOID DAMAGE"
      },
      "correct_answer": "c",
      [span_25](start_span)"explanation": "When lifting an aircraft fuselage with a sling, well-padded webbing should be used to avoid damage[span_25](end_span)."
    },
    {
      "question_number": 28,
      "question": "What is the purpose of tapered drifts during assembly?",
      "options": {
        "a": "TO CUT BOLT THREADS",
        "b": "TO HELP LINE UP BOLT HOLES ACCURATELY",
        "c": "TO MEASURE THE LENGTH OF BOLTS"
      },
      "correct_answer": "b",
      [span_26](start_span)"explanation": "The purpose of tapered drifts during assembly is to help line up bolt holes accurately[span_26](end_span)."
    },
    {
      "question_number": 29,
      "question": "How accurate is a properly maintained tensiometer?",
      "options": {
        "a": "90%",
        "b": "95%",
        "c": "98%"
      },
      "correct_answer": "c",
      [span_27](start_span)"explanation": "A properly maintained tensiometer is 98% accurate[span_27](end_span)."
    },
    {
      "question_number": 30,
      "question": "When rigging flight control systems, which tool is NOT commonly used?",
      "options": {
        "a": "TENSIOMETER",
        "b": "SPIRIT LEVEL",
        "c": "PROTRACTOR"
      },
      "correct_answer": "c",
      [span_28](start_span)"explanation": "A protractor is not commonly used when rigging flight control systems, unlike tools such as a tensiometer, spirit level, and clinometer[span_28](end_span)."
    },
    {
      "question_number": 31,
      "question": "What is the purpose of a rigging fixture or contour template?",
      "options": {
        "a": "TO MEASURE TORQUE TUBE ANGLE",
        "b": "TO ADJUST STOPS AS NECESSARY",
        "c": "TO MEASURE CONTROL SURFACE TRAVEL"
      },
      "correct_answer": "c",
      [span_29](start_span)"explanation": "The purpose of a rigging fixture or contour template is to measure control surface travel[span_29](end_span)."
    },
    {
      "question_number": 32,
      "question": "To level an aircraft longitudinally, which item might you use?",
      "options": {
        "a": "TAPE RULE",
        "b": "CLINOMETER",
        "c": "SPIRIT LEVEL"
      },
      "correct_answer": "b",
      [span_30](start_span)"explanation": "To level an aircraft longitudinally, a clinometer might be used[span_30](end_span)."
    },
    {
      "question_number": 33,
      "question": "Where should a spirit level be placed for lateral leveling?",
      "options": {
        "a": "ON A LONGITUDINAL MEMBER",
        "b": "ON A LATERAL MEMBER",
        "c": "ON THE WINGS"
      },
      "correct_answer": "b",
      [span_31](start_span)"explanation": "A spirit level should be placed on a lateral member for lateral leveling[span_31](end_span)."
    },
    {
      "question_number": 34,
      "question": "What method do some manufacturers use to level an aircraft?",
      "options": {
        "a": "USING A RULER",
        "b": "USING A PLUMB BOB AND TARGET",
        "c": "USING A TENSION GAUGE"
      },
      "correct_answer": "b",
      [span_32](start_span)"explanation": "Some manufacturers use a plumb bob and target to level an aircraft[span_32](end_span)."
    },
    {
      "question_number": 35,
      "question": "What indicates that an aircraft might need a symmetry check?",
      "options": {
        "a": "GOOD FLIGHT CHARACTERISTICS",
        "b": "UNUSUAL FLIGHT CHARACTERISTICS",
        "c": "NORMAL STRUCTURAL INTEGRITY"
      },
      "correct_answer": "b",
      [span_33](start_span)"explanation": "Unusual flight characteristics indicate that an aircraft might need a symmetry check[span_33](end_span)."
    },
    {
      "question_number": 36,
      "question": "For a successful symmetry check, measurements should be taken from the vertical fin to which components?",
      "options": {
        "a": "THE FUSELAGE",
        "b": "BOTH THE WINGS AND THE HORIZONTAL STABILIZER",
        "c": "THE WINGS"
      },
      "correct_answer": "b",
      [span_34](start_span)"explanation": "For a successful symmetry check, measurements should be taken from the vertical fin to both the wings and the horizontal stabilizer[span_34](end_span)."
    },
    {
      "question_number": 37,
      "question": "What is the first thing to check if there are reported strange flight characteristics?",
      "options": {
        "a": "PROPER MATERIALS",
        "b": "SAFETY DEVICES",
        "c": "STRUCTURAL ALIGNMENT"
      },
      "correct_answer": "c",
      [span_35](start_span)"explanation": "The first thing to check if there are reported strange flight characteristics is the structural alignment[span_35](end_span)."
    },
    {
      "question_number": 38,
      "question": "What should be checked after any major structural repairs?",
      "options": {
        "a": "SYMMETRY CHECK",
        "b": "OPERATIONAL CHECK",
        "c": "CABLE TENSION"
      },
      "correct_answer": "a",
      [span_36](start_span)"explanation": "A symmetry check should be performed after any major structural repairs[span_36](end_span)."
    },
    {
      "question_number": 39,
      "question": "What can be a reason for misalignment noticed during a symmetry check?",
      "options": {
        "a": "HIGH FUEL LEVELS",
        "b": "SEVERELY WORN TIRES",
        "c": "STRUCTURAL DEFORMATION"
      },
      "correct_answer": "c",
      [span_37](start_span)"explanation": "Structural deformation can be a reason for misalignment noticed during a symmetry check[span_37](end_span)."
    },
    {
      "question_number": 40,
      "question": "When using a plumb bob for leveling, where should it be suspended from?",
      "options": {
        "a": "ANY PART OF THE AIRCRAFT",
        "b": "A SPECIFIED STRUCTURAL MEMBER",
        "c": "THE WINGS HIGHEST POINT"
      },
      "correct_answer": "b",
      [span_38](start_span)"explanation": "When using a plumb bob for leveling, it should be suspended from a specified structural member[span_38](end_span)."
    },
    {
      "question_number": 41,
      "question": "What should be done if an aircraft is found to be out of alignment?",
      "options": {
        "a": "ADJUST THE FUEL LOAD DISTRIBUTION",
        "b": "INVESTIGATE AND CORRECT THE REMARK",
        "c": "IMMEDIATELY TAKE OFF FOR A TEST FLIGHT"
      },
      "correct_answer": "b",
      [span_39](start_span)"explanation": "If an aircraft is found to be out of alignment, the remark should be investigated and corrected[span_39](end_span)."
    },
    {
      "question_number": 42,
      "question": "Which angle is formed between the lateral axis of an airplane and a line passing through the center of the wing?",
      "options": {
        "a": "ANGLE OF INCIDENCE",
        "b": "DIHEDRAL ANGLE",
        "c": "WASH IN ANGLE"
      },
      "correct_answer": "b",
      [span_40](start_span)"explanation": "The dihedral angle is formed between the lateral axis of an airplane and a line passing through the center of the wing[span_40](end_span)."
    },
    {
      "question_number": 43,
      "question": "How is the dihedral angle measured?",
      "options": {
        "a": "USING PROTRACTOR AND SPIRIT LEVEL",
        "b": "USING DIHEDRAL BOARD AND SPIRIT LEVEL",
        "c": "USING TAPE RULE AND SPIRIT LEVEL"
      },
      "correct_answer": "b",
      [span_41](start_span)"explanation": "The dihedral angle is measured using a dihedral board and a spirit level[span_41](end_span)."
    },
    {
      "question_number": 44,
      "question": "Eccentric bushings are used for adjusting what parameter of cantilever wings?",
      "options": {
        "a": "DIHEDRAL ANGLE",
        "b": "ANGLE OF INCIDENCE",
        "c": "WING SPAN"
      },
      "correct_answer": "b",
      [span_42](start_span)"explanation": "Eccentric bushings are used for adjusting the angle of incidence of cantilever wings[span_42](end_span)."
    },
    {
      "question_number": 45,
      "question": "The angle of incidence increases when the:",
      "options": {
        "a": "FRONT STRUT OF A STRUT-BRACED AIRPLANE IS SHORTENED",
        "b": "REAR STRUT OF A STRUT-BRACED AIRPLANE IS SHORTENED",
        "c": "REAR STRUT OF A STRUT-BRACED AIRPLANE IS LENGTHENED"
      },
      "correct_answer": "b",
      "explanation": "The angle of incidence increases when the rear strut of a strut-braced airplane is shortened."
    },
    {
      "question_number": 46,
      "question": "What type of aircraft typically has adjustable dihedral angles?",
      "options": {
        "a": "CANTILEVER AIRPLANES",
        "b": "STRUT-BRACED AIRPLANES",
        "c": "GLIDERS"
      },
      "correct_answer": "b",
      [span_43](start_span)"explanation": "Strut-braced airplanes typically have adjustable dihedral angles[span_43](end_span)."
    },
    {
      "question_number": 47,
      "question": "What does a symmetry check involve for an aircraft?",
      "options": {
        "a": "ALIGNING DISTANCES TO THE REFERENCE POINTS",
        "b": "MEASURING DISTANCES FROM REFERENCE POINTS",
        "c": "ADJUSTING DISTANCES TO THE REFERENCE POINTS"
      },
      "correct_answer": "b",
      [span_44](start_span)"explanation": "A symmetry check for an aircraft involves measuring distances from reference points[span_44](end_span)."
    },
    {
      "question_number": 48,
      "question": "What is indicated if the forward rims of the landing gear wheels are closer together than the aft rims?",
      "options": {
        "a": "POSITIVE CAMBER",
        "b": "TOE IN",
        "c": "TOE OUT"
      },
      "correct_answer": "b",
      [span_45](start_span)"explanation": "If the forward rims of the landing gear wheels are closer together than the aft rims, this indicates a toe-in condition[span_45](end_span)."
    },
    {
      "question_number": 49,
      "question": "Which alignment is crucial for the empennage of an aircraft?",
      "options": {
        "a": "DIHEDRAL ANGLE ONLY",
        "b": "TAIL ALIGNMENT",
        "c": "ANGLE OF INCIDENCE ONLY"
      },
      "correct_answer": "b",
      [span_46](start_span)"explanation": "Tail alignment is crucial for the empennage of an aircraft[span_46](end_span)."
    },
    {
      "question_number": 50,
      "question": "The alignment checks may NOT be necessary after:",
      "options": {
        "a": "MAJOR STRUCTURAL REPAIRS",
        "b": "ROUTINE MAINTENANCE",
        "c": "UNUSUAL FLIGHT CHARACTERISTICS"
      },
      "correct_answer": "b",
      "explanation": "Alignment checks may not be necessary after routine maintenance, but are required after major repairs or reports of unusual flight characteristics."
    },
    {
      "question_number": 51,
      "question": "What tool is typically used for checking vertical symmetry?",
      "options": {
        "a": "SPIRIT LEVEL",
        "b": "MEASURING TAPE",
        "c": "PLUMB BOB"
      },
      "correct_answer": "c",
      [span_47](start_span)"explanation": "A plumb bob is the tool typically used for checking vertical symmetry[span_47](end_span)."
    },
    {
      "question_number": 52,
      "question": "What is 'washout' in terms of wing alignment?",
      "options": {
        "a": "INCREASING ANGLE OF INCIDENCE FROM ROOT TO TIP",
        "b": "DECREASING ANGLE OF INCIDENCE FROM ROOT TO TIP",
        "c": "CHANGING INCIDENCE ANGLES"
      },
      "correct_answer": "b",
      [span_48](start_span)"explanation": "'Washout' in terms of wing alignment is the decreasing angle of incidence from the wing root to the tip[span_48](end_span)."
    },
    {
      "question_number": 53,
      "question": "What must be checked to ensure the correct alignment of landing gear?",
      "options": {
        "a": "ONLY TOE-IN CONDITIONS",
        "b": "ONLY CAMBER",
        "c": "TOE-IN, TOE-OUT AND CAMBER"
      },
      "correct_answer": "c",
      [span_49](start_span)"explanation": "To ensure correct alignment of the landing gear, toe-in, toe-out, and camber must all be checked[span_49](end_span)."
    },
    {
      "question_number": 54,
      "question": "What is a cantilever wing?",
      "options": {
        "a": "A WING SUPPORTED BY STRUTS",
        "b": "A WING SUPPORTED INTERNALLY",
        "c": "A WING THAT HAS EXTERNAL SUPPORT"
      },
      "correct_answer": "b",
      [span_50](start_span)"explanation": "A cantilever wing is a wing that is supported internally, without external struts[span_50](end_span)."
    },
    {
      "question_number": 55,
      "question": "Tightening the landing wires of a bi-plane increases the",
      "options": {
        "a": "INCIDENT ANGLE",
        "b": "DIHEDRAL ANGLE",
        "c": "STAGGER"
      },
      "correct_answer": "b",
      "explanation": "Tightening the landing wires of a bi-plane increases the dihedral angle."
    },
    {
      "question_number": 56,
      "question": "What happens when an aircraft is out of rig?",
      "options": {
        "a": "THE AIRCRAFT BECOMES MORE STABLE",
        "b": "THE TOTAL DRAG INCREASES",
        "c": "PILOT CONTROL BECOMES UNNECESSARY"
      },
      "correct_answer": "b",
      [span_51](start_span)"explanation": "When an aircraft is out of rig, the total drag increases[span_51](end_span)."
    },
    {
      "question_number": 57,
      "question": "Stability around the longitudinal axis of an aircraft is primarily achieved by:",
      "options": {
        "a": "RIGGING THE WINGS AND AILERONS CORRECTLY",
        "b": "INCREASING THE AIRCRAFT'S WEIGHT",
        "c": "DECREASING WING SIZE"
      },
      "correct_answer": "a",
      "explanation": "Stability around the longitudinal axis of an aircraft is primarily achieved by rigging the wings and ailerons correctly."
    },
    {
      "question_number": 58,
      "question": "In a monoplane, what effect does a wing with dihedral have during flight?",
      "options": {
        "a": "BOTH WINGS GAIN LIFT EVENLY",
        "b": "THE LOW WING RISES WHILE THE HIGH WING LOWERS",
        "c": "THE AIRCRAFT LOSES ALTITUDE"
      },
      "correct_answer": "b",
      [span_52](start_span)"explanation": "In a monoplane, a wing with dihedral causes the low wing to rise while the high wing lowers during flight, contributing to stability[span_52](end_span)."
    },
    {
      "question_number": 59,
      "question": "What is the consequence of an incorrect angle of incidence?",
      "options": {
        "a": "REDUCED DRAG AND GREATER SPEED",
        "b": "INCREASED DRAG AND MISALIGNMENT OF THE FUSELAGE",
        "c": "ENHANCED FUEL EFFICIENCY"
      },
      "correct_answer": "b",
      [span_53](start_span)"explanation": "The consequence of an incorrect angle of incidence is increased drag and misalignment of the fuselage[span_53](end_span)."
    },
    {
      "question_number": 60,
      "question": "What term describes the process of changing the angle of incidence of a wing?",
      "options": {
        "a": "BALANCING",
        "b": "WASHING",
        "c": "RIGGING"
      },
      "correct_answer": "c",
      [span_54](start_span)"explanation": "Rigging is the term that describes the process of changing the angle of incidence of a wing[span_54](end_span)."
    },
    {
      "question_number": 61,
      "question": "Washout in a wing is characterized by:",
      "options": {
        "a": "AN INCREASE IN LIFT FROM ROOT TO TIP",
        "b": "A DECREASE IN ANGLE OF INCIDENCE FROM ROOT TO TIP",
        "c": "A HIGHER STALL SPEED"
      },
      "correct_answer": "b",
      "explanation": "Washout in a wing is characterized by a decrease in the angle of incidence from the wing root to the tip."
    },
    {
      "question_number": 62,
      "question": "What is the meaning of 'stagger' in a biplane context?",
      "options": {
        "a": "THE LONGITUDINAL DIFFERENCE IN POSITIONS OF THE WINGS",
        "b": "THE VERTICAL DISTANCE BETWEEN TWO WINGS",
        "c": "THE OVERALL WIDTH OF THE WINGSPAN"
      },
      "correct_answer": "a",
      [span_55](start_span)"explanation": "In a biplane context, 'stagger' refers to the longitudinal difference in the positions of the wings[span_55](end_span)."
    },
    {
      "question_number": 63,
      "question": "When rigging a biplane, what is the first step?",
      "options": {
        "a": "ADJUST THE HORIZONTAL STABILIZER",
        "b": "INSTALL THE UPPER WINGS",
        "c": "LEVEL THE FUSELAGE"
      },
      "correct_answer": "c",
      [span_56](start_span)"explanation": "The first step when rigging a biplane is to level the fuselage[span_56](end_span)."
    },
    {
      "question_number": 64,
      "question": "Decalage refers to:",
      "options": {
        "a": "THE OVERALL SIZE OF THE WINGS",
        "b": "THE DIFFERENCE IN ANGLES OF INCIDENCE",
        "c": "THE DISTANCE BETWEEN THE WINGS"
      },
      "correct_answer": "b",
      "explanation": "Decalage refers to the difference in the angles of incidence between the wings of a biplane."
    },
    {
      "question_number": 65,
      "question": "What should be the state of the tail brace wires during rigging?",
      "options": {
        "a": "COMPLETELY LOOSE",
        "b": "ATTACHED TO THE HORIZONTAL STABILIZER BUT WITHOUT ANY TENSION",
        "c": "CONNECTED AND TIGHTENED UNTIL SLACK IS REMOVED"
      },
      "correct_answer": "c",
      [span_57](start_span)"explanation": "During rigging, the tail brace wires should be connected and tightened until the slack is removed[span_57](end_span)."
    },
    {
      "question_number": 66,
      "question": "The main purpose of cross-brace wires in a biplane is to:",
      "options": {
        "a": "MAKE THE WINGS HEAVIER",
        "b": "SUPPORT THE CENTER SECTION LATERALLY",
        "c": "INCREASE DRAG DURING FLIGHT"
      },
      "correct_answer": "b",
      "explanation": "The main purpose of cross-brace wires in a biplane is to support the center section laterally."
    },
    {
      "question_number": 67,
      "question": "Which method is effective for ensuring the dihedral angle is correct?",
      "options": {
        "a": "CHECKING WITH A BUBBLE PROTRACTOR",
        "b": "CHECKING WITH A DIHEDRAL BOARD",
        "c": "A & B"
      },
      "correct_answer": "c",
      [span_58](start_span)"explanation": "Using both a bubble protractor and a dihedral board are effective methods for ensuring the dihedral angle is correct[span_58](end_span)."
    },
    {
      "question_number": 68,
      "question": "When leveling an aircraft during rigging checks, what device is typically used to ensure proper leveling?",
      "options": {
        "a": "SPIRIT LEVEL",
        "b": "PLUMB BOB WITH GRID PLATE",
        "c": "LASER ALIGNMENT TOOL"
      },
      "correct_answer": "b",
      [span_59](start_span)"explanation": "A plumb bob with a grid plate is a device typically used to ensure proper leveling of an aircraft during rigging checks[span_59](end_span)."
    },
    {
      "question_number": 69,
      "question": "What is the purpose of adjusting the length of the rear struts in wing-heavy flight conditions?",
      "options": {
        "a": "TO DECREASE LIFT AND INCREASE DRAG",
        "b": "TO WASH IN THE WING BY INCREASING THE ANGLE OF INCIDENCE",
        "c": "TO REDUCE THE AIRCRAFT'S WEIGHT"
      },
      "correct_answer": "b",
      [span_60](start_span)"explanation": "The purpose of adjusting the length of the rear struts in wing-heavy flight conditions is to 'wash in' the wing by increasing the angle of incidence[span_60](end_span)."
    },
    {
      "question_number": 70,
      "question": "How does washing out a wing affect its lift characteristics?",
      "options": {
        "a": "IT INCREASES LIFT AND IMPROVES STALL CHARACTERISTICS",
        "b": "IT DECREASES LIFT AND IMPROVES STALL CHARACTERISTICS",
        "c": "IT HAS NO EFFECT ON LIFT OR STALL CHARACTERISTICS"
      },
      "correct_answer": "b",
      [span_61](start_span)"explanation": "Washing out a wing decreases lift and improves its stall characteristics[span_61](end_span)."
    },
    {
      "question_number": 71,
      "question": "Why should rigging and alignment checks usually be performed in an enclosed hangar?",
      "options": {
        "a": "TO AVOID WEATHER-RELATED DAMAGE DURING CHECKS",
        "b": "TO IMPROVE VISIBILITY FOR THE MECHANIC",
        "c": "TO ALLOW FASTER ACCESS TO TOOLS"
      },
      "correct_answer": "a",
      [span_62](start_span)"explanation": "Rigging and alignment checks should be performed in an enclosed hangar to avoid weather-related issues, such as wind, that can affect the accuracy of the checks[span_62](end_span)."
    },
    {
      "question_number": 72,
      "question": "What is the primary purpose of deploying flaps during flight?",
      "options": {
        "a": "TO INCREASE THE AIRCRAFT'S SPEED",
        "b": "TO DECREASE LIFT AND DRAG",
        "c": "TO INCREASE WING CAMBER FOR GREATER LIFT AT SLOW SPEEDS"
      },
      "correct_answer": "c",
      [span_63](start_span)"explanation": "The primary purpose of deploying flaps is to increase the wing's camber, which generates greater lift at slow speeds[span_63](end_span)."
    },
    {
      "question_number": 73,
      "question": "Which leading-edge device extends forward and downward from the wing's leading edge?",
      "options": {
        "a": "FLAPS",
        "b": "SLATS",
        "c": "SPOILERS"
      },
      "correct_answer": "b",
      [span_64](start_span)"explanation": "Slats are leading-edge devices that extend forward and downward from the wing's leading edge[span_64](end_span)."
    },
    {
      "question_number": 74,
      "question": "What is the main function of spoilers on an aircraft?",
      "options": {
        "a": "TO INCREASE LIFT DURING TAKEOFF",
        "b": "TO REDUCE LIFT BY DISRUPTING AIRFLOW",
        "c": "TO IMPROVE FUEL EFFICIENCY"
      },
      "correct_answer": "b",
      [span_65](start_span)"explanation": "The main function of spoilers on an aircraft is to reduce lift by disrupting the airflow over the wing[span_65](end_span)."
    },
    {
      "question_number": 75,
      "question": "How do anti-servo tabs help with control surfaces?",
      "options": {
        "a": "THEY MOVE OPPOSITE TO THE PRIMARY CONTROL SURFACE TO REDUCE SENSITIVITY",
        "b": "THEY HELP INCREASE THE CONTROL SURFACE'S MOVEMENT SENSITIVITY",
        "c": "THEY LOCK THE CONTROL SURFACE IN PLACE"
      },
      "correct_answer": "a",
      [span_66](start_span)"explanation": "Anti-servo tabs move opposite to the primary control surface to reduce its sensitivity and provide feedback to the pilot[span_66](end_span)."
    },
    {
      "question_number": 76,
      "question": "In a mechanical control system, what component guides the movement of control cables?",
      "options": {
        "a": "HYDRAULIC ACTUATORS",
        "b": "TURNBUCKLES",
        "c": "PULLEYS"
      },
      "correct_answer": "c",
      [span_67](start_span)"explanation": "In a mechanical control system, pulleys are the components that guide the movement of control cables[span_67](end_span)."
    },
    {
      "question_number": 77,
      "question": "Pattern of wear only one side of the pulley:",
      "options": {
        "a": "MISALIGNMENT OF CABLE",
        "b": "MISALIGNMENT OF PULLY",
        "c": "HIGH CABLE TENSION"
      },
      "correct_answer": "b",
      "explanation": "A wear pattern on only one side of a pulley indicates a misalignment of the pulley itself."
    },
    {
      "question_number": 78,
      "question": "What is a key advantage of fly-by-light control systems over traditional fly-by-wire systems?",
      "options": {
        "a": "THEY ARE MORE SUSCEPTIBLE TO ELECTROMAGNETIC INTERFERENCE (EMI)",
        "b": "THEY USE FIBER OPTIC CABLES, REDUCING WEIGHT AND EMI SUSCEPTIBILITY",
        "c": "THEY REQUIRE NO ELECTRICAL POWER"
      },
      "correct_answer": "b",
      [span_68](start_span)"explanation": "A key advantage of fly-by-light systems is their use of fiber optic cables, which reduces weight and susceptibility to electromagnetic interference (EMI)[span_68](end_span)."
    },
    {
      "question_number": 79,
      "question": "Passing cable through pressurized aircraft bulk head :",
      "options": {
        "a": "FAIRLEAD",
        "b": "PRESSURE SEALS",
        "c": "ORIFICE"
      },
      "correct_answer": "b",
      [span_69](start_span)"explanation": "Pressure seals are used when passing a cable through a pressurized aircraft bulkhead to maintain cabin pressure[span_69](end_span)."
    },
    {
      "question_number": 80,
      "question": "What is the main purpose of turnbuckles in aircraft control cable systems?",
      "options": {
        "a": "TO GUIDE CABLES THROUGH STRUCTURES",
        "b": "TO ADJUST CABLE TENSION AND LENGTH",
        "c": "TO CONNECT CABLES TO CONTROL SURFACES"
      },
      "correct_answer": "b",
      [span_70](start_span)"explanation": "The main purpose of turnbuckles in aircraft control cable systems is to adjust cable tension and length[span_70](end_span)."
    },
    {
      "question_number": 81,
      "question": "What component is used in a control system to provide minor adjustments in cable length?",
      "options": {
        "a": "FAIRLEADS",
        "b": "TURNBUCKLES",
        "c": "PULLEYS"
      },
      "correct_answer": "b",
      [span_71](start_span)"explanation": "Turnbuckles are used in a control system to provide minor adjustments in cable length[span_71](end_span)."
    },
    {
      "question_number": 82,
      "question": "Which statement about pressure seals in control cable systems is correct?",
      "options": {
        "a": "THEY ARE USED TO LUBRICATE PULLEYS",
        "b": "THEY PREVENT AIR PRESSURE LOSS WHILE ALLOWING CABLE MOVEMENT",
        "c": "THEY PERMANENTLY LOCK THE CABLES IN PLACE"
      },
      "correct_answer": "b",
      [span_72](start_span)"explanation": "Pressure seals in control cable systems prevent air pressure loss while allowing for cable movement through bulkheads[span_72](end_span)."
    },
    {
      "question_number": 83,
      "question": "What is the primary purpose of a torque tube in an aircraft control system?",
      "options": {
        "a": "TO TRANSMIT HYDRAULIC FLUID",
        "b": "TO TRANSMIT ANGULAR OR TWISTING MOTION",
        "c": "TO SUPPORT STRUCTURAL LOADS"
      },
      "correct_answer": "b",
      [span_73](start_span)"explanation": "The primary purpose of a torque tube in an aircraft control system is to transmit angular or twisting motion[span_73](end_span)."
    },
    {
      "question_number": 84,
      "question": "Which component is mainly used in trim tab systems to actuate the trim tab cables?",
      "options": {
        "a": "TORQUE TUBE",
        "b": "CABLE DRUM",
        "c": "HYDRAULIC ACTUATOR"
      },
      "correct_answer": "b",
      [span_74](start_span)"explanation": "A cable drum is the component mainly used in trim tab systems to actuate the trim tab cables[span_74](end_span)."
    },
    {
      "question_number": 85,
      "question": "Which material is not commonly used for aircraft control cables?",
      "options": {
        "a": "STAINLESS STEEL",
        "b": "ALUMINUM ALLOY",
        "c": "CARBON STEEL"
      },
      "correct_answer": "b",
      [span_75](start_span)"explanation": "Aluminum alloy is not commonly used for aircraft control cables, which are typically made from stainless or carbon steel[span_75](end_span)."
    },
    {
      "question_number": 86,
      "question": "How does adding a nylon coating to a steel control cable benefit its service life?",
      "options": {
        "a": "IT MAKES THE CABLE STRONGER",
        "b": "IT PROTECTS AGAINST FRICTION, DIRT, GRIT, AND VIBRATION",
        "c": "IT INCREASES ELECTRICAL CONDUCTIVITY"
      },
      "correct_answer": "b",
      [span_76](start_span)"explanation": "Adding a nylon coating to a steel control cable protects it against friction, dirt, grit, and vibration, which benefits its service life[span_76](end_span)."
    },
    {
      "question_number": 87,
      "question": "Which cable configuration is most flexible and used in primary control systems?",
      "options": {
        "a": "7 X 7",
        "b": "7 X 19",
        "c": "3 X 7"
      },
      "correct_answer": "b",
      [span_77](start_span)"explanation": "The 7 x 19 cable configuration is the most flexible and is used in primary control systems[span_77](end_span)."
    },
    {
      "question_number": 88,
      "question": "What is a typical diameter range for aircraft control cables?",
      "options": {
        "a": "1/8 INCH TO 1/2 INCH",
        "b": "1/32 INCH TO 1/4 INCH",
        "c": "1/16 INCH TO 3/8 INCH"
      },
      "correct_answer": "c",
      [span_78](start_span)"explanation": "A typical diameter range for aircraft control cables is 1/16 inch to 3/8 inch[span_78](end_span)."
    },
    {
      "question_number": 89,
      "question": "Which type of control cable should be used in straight runs without pulleys?",
      "options": {
        "a": "FLEXIBLE CABLE",
        "b": "NONFLEXIBLE CABLE",
        "c": "EXTRA-FLEXIBLE CABLE"
      },
      "correct_answer": "b",
      [span_79](start_span)"explanation": "Nonflexible control cable should be used in straight runs that do not require pulleys[span_79](end_span)."
    },
    {
      "question_number": 90,
      "question": "What hardware is typically used to connect and adjust control cables?",
      "options": {
        "a": "RIVETS AND CLAMPS",
        "b": "TURNBUCKLES, ROD ENDS, NUTS, AND BOLTS",
        "c": "HYDRAULIC FITTINGS"
      },
      "correct_answer": "b",
      [span_80](start_span)"explanation": "Turnbuckles, rod ends, nuts, and bolts are the hardware typically used to connect and adjust control cables[span_80](end_span)."
    },
    {
      "question_number": 91,
      "question": "Why is it important to correctly safety all hardware during aircraft control system rigging?",
      "options": {
        "a": "TO PREVENT ELECTRICAL SHORT CIRCUITS",
        "b": "TO ENSURE SMOOTH SURFACE MOVEMENT AND PREVENT DAMAGE",
        "c": "TO IMPROVE AERODYNAMIC PERFORMANCE"
      },
      "correct_answer": "b",
      [span_81](start_span)"explanation": "It is important to correctly safety all hardware during rigging to ensure smooth control surface movement and prevent damage from loose parts[span_81](end_span)."
    },
    {
      "question_number": 92,
      "question": "What can happen if control cable tension is set too light at high temperatures?",
      "options": {
        "a": "THE CABLES MAY SNAP",
        "b": "THE CABLES WILL BECOME TOO STIFF",
        "c": "THE CABLES MIGHT SLIP OUT OF PULLEY GROOVES WHEN COOLED"
      },
      "correct_answer": "c",
      [span_82](start_span)"explanation": "If control cable tension is set too light at high temperatures, the cables might become too slack and slip out of pulley grooves when they cool and contract[span_82](end_span)."
    },
    {
      "question_number": 93,
      "question": "What component in large aircraft helps maintain constant cable tension despite temperature changes?",
      "options": {
        "a": "HYDRAULIC TENSIONER",
        "b": "AUTOMATIC CABLE TENSION REGULATOR",
        "c": "MECHANICAL LINKAGE"
      },
      "correct_answer": "b",
      [span_83](start_span)"explanation": "An automatic cable tension regulator is a component in large aircraft that helps maintain constant cable tension despite temperature changes[span_83](end_span)."
    },
    {
      "question_number": 94,
      "question": "What is a major disadvantage of the woven splice in aircraft cable?",
      "options": {
        "a": "IT PRODUCES ONLY ABOUT 75% STRENGTH",
        "b": "IT IS VERY QUICK TO APPLY",
        "c": "IT IS STRONGER THAN SWAGE-TYPE TERMINALS"
      },
      "correct_answer": "a",
      [span_84](start_span)"explanation": "A major disadvantage of the woven splice is that it only produces about 75% of the original cable strength[span_84](end_span)."
    },
    {
      "question_number": 95,
      "question": "Nicopress® process can be used on cables up to what diameter?",
      "options": {
        "a": "1/4 INCH",
        "b": "3/8 INCH",
        "c": "1/2 INCH"
      },
      "correct_answer": "c",
      [span_85](start_span)"explanation": "The Nicopress® process can be used on cables up to 1/2 inch in diameter[span_85](end_span)."
    },
    {
      "question_number": 96,
      "question": "When swaging terminals onto cable ends, what should never be done to the cable ends?",
      "options": {
        "a": "APPLY A PRESERVATIVE",
        "b": "MEASURE THE LENGTH WITH MASKING TAPE",
        "c": "SOLDER THE CABLE ENDS"
      },
      "correct_answer": "c",
      [span_86](start_span)"explanation": "When swaging terminals onto cable ends, the cable ends should never be soldered[span_86](end_span)."
    },
    {
      "question_number": 97,
      "question": "Why is it important to follow the 'go' and 'no-go' dimensions during swaging?",
      "options": {
        "a": "TO ENSURE THE TERMINAL IS VISUALLY SYMMETRICAL",
        "b": "TO AVOID DEFECTIVE AND INFERIOR SWAGING",
        "c": "TO PREVENT CORROSION"
      },
      "correct_answer": "b",
      [span_87](start_span)"explanation": "It is important to follow the 'go' and 'no-go' dimensions during swaging to avoid a defective and inferior result[span_87](end_span)."
    },
    {
      "question_number": 98,
      "question": "Which tool is used to check the proper dimension of the swaged terminal shank?",
      "options": {
        "a": "CALIPER",
        "b": "MICROMETER AND SWAGING CHART",
        "c": "RULER"
      },
      "correct_answer": "b",
      [span_88](start_span)"explanation": "A micrometer and a swaging chart are used to check the proper dimension of the swaged terminal shank[span_88](end_span)."
    },
    {
      "question_number": 99,
      "question": "What is the primary purpose of inspecting aircraft control cables regularly?",
      "options": {
        "a": "TO CHECK FOR WEAR, CORROSION",
        "b": "TO VERIFY COLOR CODING",
        "c": "TO MEASURE CABLE LENGTH ONLY"
      },
      "correct_answer": "a",
      [span_89](start_span)"explanation": "The primary purpose of inspecting aircraft control cables regularly is to check for issues like wear and corrosion[span_89](end_span)."
    },
    {
      "question_number": 100,
      "question": "Which area is NOT a prime spot for corrosion in aircraft cable systems?",
      "options": {
        "a": "BATTERY COMPARTMENTS",
        "b": "LAVATORIES",
        "c": "CABIN OVERHEAD BINS"
      },
      "correct_answer": "c",
      [span_90](start_span)"explanation": "Cabin overhead bins are not a prime spot for corrosion, unlike areas such as battery compartments, lavatories, and wheel wells[span_90](end_span)."
    },
    {
      "question_number": 101,
      "question": "What is a critical fatigue area in control cable routing?",
      "options": {
        "a": "OVER A PULLEY OR FAIRLEAD",
        "b": "INSIDE THE CABIN",
        "c": "IN THE CARGO HOLD"
      },
      "correct_answer": "a",
      [span_91](start_span)"explanation": "A critical fatigue area in control cable routing is any point where the cable passes over a pulley or through a fairlead[span_91](end_span)."
    },
    {
      "question_number": 102,
      "question": "How can you perform a basic inspection for cable chafing or broken strands?",
      "options": {
        "a": "VISUALLY CHECK FROM OUTSIDE ONLY",
        "b": "RUB A RAG ALONG THE CABLE",
        "c": "MEASURE CABLE LENGTH"
      },
      "correct_answer": "b",
      [span_92](start_span)"explanation": "A basic inspection for cable chafing or broken strands can be performed by rubbing a rag along the cable, as broken strands will snag the material[span_92](end_span)."
    },
    {
      "question_number": 103,
      "question": "What tool is commonly used to measure control surface travel?",
      "options": {
        "a": "PROTRACTOR",
        "b": "TENSIOMETER",
        "c": "PLUMB BOB"
      },
      "correct_answer": "a",
      [span_93](start_span)"explanation": "A protractor is a tool commonly used to measure control surface travel[span_93](end_span)."
    },
    {
      "question_number": 104,
      "question": "When checking control travel with a protractor, what must be done before taking readings?",
      "options": {
        "a": "APPLY LUBRICANT TO THE CONTROL SURFACE",
        "b": "ZERO THE PROTRACTOR ON THE AIRCRAFT SURFACE",
        "c": "ATTACH THE PROTRACTOR WITH ITS SUCTION CUP AND ALIGN ZEROES ON THE SCALES"
      },
      "correct_answer": "c",
      [span_94](start_span)"explanation": "Before taking readings, the protractor must be attached and its zeroes must be aligned on the scales[span_94](end_span)."
    },
    {
      "question_number": 105,
      "question": "What is the purpose of safety wiring control system bolts and turnbuckles?",
      "options": {
        "a": "TO PREVENT LOOSENING DUE TO VIBRATION",
        "b": "TO MAKE ADJUSTMENTS EASIER",
        "c": "TO PREVENT CORROSION"
      },
      "correct_answer": "a",
      [span_95](start_span)"explanation": "The purpose of safety wiring control system bolts and turnbuckles is to prevent them from loosening due to vibration[span_95](end_span)."
    },
    {
      "question_number": 106,
      "question": "In the rigging of ailerons, what device is used to lock the control yoke?",
      "options": {
        "a": "A SPECIAL RIGGING PIN",
        "b": "A COTTER PIN",
        "c": "A LOCKNUT"
      },
      "correct_answer": "a",
      [span_96](start_span)"explanation": "A special rigging pin is used to lock the control yoke during aileron rigging[span_96](end_span)."
    },
    {
      "question_number": 107,
      "question": "When rigging the elevator, what component should be used to ensure proper alignment?",
      "options": {
        "a": "CONTROL SURFACE LOCK",
        "b": "A SPIRIT LEVEL",
        "c": "A TAPE MEASURE"
      },
      "correct_answer": "b",
      [span_97](start_span)"explanation": "A spirit level should be used to ensure proper alignment when rigging the elevator[span_97](end_span)."
    },
    {
      "question_number": 108,
      "question": "What is a common method to hold the rudder pedals in place during rigging?",
      "options": {
        "a": "CLAMP THE PEDALS",
        "b": "TIE THEM WITH STRING",
        "c": "USE DUCT TAPE"
      },
      "correct_answer": "a",
      [span_98](start_span)"explanation": "Clamping the pedals is a common method to hold them in place during rudder rigging[span_98](end_span)."
    },
    {
      "question_number": 109,
      "question": "What is the first step in rigging the flaps?",
      "options": {
        "a": "ADJUSTING THE HEIM JOINTS",
        "b": "INSPECTING THE TOTAL TRAVEL OF THE FLAPS",
        "c": "CHECKING THE AILERON TORQUE TUBE"
      },
      "correct_answer": "b",
      [span_99](start_span)"explanation": "The first step in rigging the flaps is inspecting their total travel[span_99](end_span)."
    },
    {
      "question_number": 110,
      "question": "When adjusting the Heim joints on the flap drive mechanism, what effect does moving the joints closer together have?",
      "options": {
        "a": "EXTENDS THE FLAPS",
        "b": "RAISES THE FLAPS",
        "c": "LOWERS THE FLAPS"
      },
      "correct_answer": "c",
      [span_100](start_span)"explanation": "Moving the Heim joints on the flap drive mechanism closer together lowers the flaps[span_100](end_span)."
    },
    {
      "question_number": 111,
      "question": "Which component is typically inspected to verify that the aileron torque tube is accurately centered within the flap torque tube?",
      "options": {
        "a": "THE HEIM JOINTS",
        "b": "THE FLAP DRIVE BOLTS' PINS",
        "c": "THE FLAP CONTROL CABLE"
      },
      "correct_answer": "b",
      [span_101](start_span)"explanation": "The flap drive bolts' pins are typically inspected to verify that the aileron torque tube is centered within the flap torque tube[span_101](end_span)."
    },
    {
      "question_number": 112,
      "question": "What is the primary purpose of stabilizer rigging?",
      "options": {
        "a": "TO ADJUST THE DIHEDRAL AND ANGLE OF INCIDENCE OF THE STABILIZERS",
        "b": "TO BALANCE THE CONTROL SURFACES",
        "c": "TO CHECK FOR FLUTTER IN THE STABILIZERS"
      },
      "correct_answer": "a",
      [span_102](start_span)"explanation": "The primary purpose of stabilizer rigging is to adjust the dihedral and angle of incidence of the stabilizers[span_102](end_span)."
    },
    {
      "question_number": 113,
      "question": "When adjusting the trim tab, what position should the control stick be secured in?",
      "options": {
        "a": "FULL UP",
        "b": "FULL DOWN",
        "c": "NEUTRAL"
      },
      "correct_answer": "c",
      [span_103](start_span)"explanation": "When adjusting the trim tab, the control stick should be secured in the neutral position[span_103](end_span)."
    },
    {
      "question_number": 114,
      "question": "During trim tab adjustment, what should the travel of the trim tab measure?",
      "options": {
        "a": "±5°",
        "b": "±10°",
        "c": "±15°"
      },
      "correct_answer": "b",
      [span_104](start_span)"explanation": "During trim tab adjustment, the travel of the trim tab should measure ±10°[span_104](end_span)."
    },
    {
      "question_number": 115,
      "question": "What is the primary concern if a control surface is not properly balanced?",
      "options": {
        "a": "INCREASED FUEL CONSUMPTION",
        "b": "FLUTTER DURING HIGH-SPEED FLIGHT",
        "c": "REDUCED LIFT"
      },
      "correct_answer": "b",
      [span_105](start_span)"explanation": "The primary concern if a control surface is not properly balanced is the potential for flutter during high-speed flight[span_105](end_span)."
    },
    {
      "question_number": 116,
      "question": "Which type of balance involves the object's tendency to remain stationary when supported from its own center of gravity?",
      "options": {
        "a": "STATIC BALANCE",
        "b": "DYNAMIC BALANCE",
        "c": "AERODYNAMIC BALANCE"
      },
      "correct_answer": "a",
      [span_106](start_span)"explanation": "Static balance involves an object's tendency to remain stationary when supported from its own center of gravity[span_106](end_span)."
    },
    {
      "question_number": 117,
      "question": "An upward movement of the trailing edge above the horizontal position during static balance indicates:",
      "options": {
        "a": "UNDERBALANCE",
        "b": "OVERBALANCE",
        "c": "CORRECT BALANCE"
      },
      "correct_answer": "b",
      "explanation": "An upward movement of the trailing edge above the horizontal position during a static balance test indicates an overbalance condition."
    },
    {
      "question_number": 118,
      "question": "Which method of control surface balancing does NOT require removal of the surface from the aircraft?",
      "options": {
        "a": "CALCULATION METHOD",
        "b": "SCALE METHOD",
        "c": "BALANCE BEAM METHOD"
      },
      "correct_answer": "a",
      [span_107](start_span)"explanation": "The calculation method of control surface balancing does not require the removal of the surface from the aircraft[span_107](end_span)."
    },
    {
      "question_number": 119,
      "question": "What kind of material is commonly used for counterweights in larger aircraft control surfaces?",
      "options": {
        "a": "ALUMINUM",
        "b": "LEAD",
        "c": "DEPLETED URANIUM"
      },
      "correct_answer": "c",
      [span_108](start_span)"explanation": "Depleted uranium is commonly used for counterweights in larger aircraft control surfaces due to its high density[span_108](end_span)."
    },
    {
      "question_number": 120,
      "question": "When rebalancing a control surface, where is the weight typically placed to achieve dynamic balance?",
      "options": {
        "a": "NEAR THE HINGE LINE",
        "b": "FORWARD OF THE HINGE CENTER LINE",
        "c": "AFT OF THE HINGE CENTER LINE"
      },
      "correct_answer": "b",
      [span_109](start_span)"explanation": "When rebalancing a control surface, weight is typically placed forward of the hinge center line to achieve dynamic balance[span_109](end_span)."
    },
    {
      "question_number": 121,
      "question": "In the scale method of balancing, what is essential to use for accurate measurement?",
      "options": {
        "a": "A RULER",
        "b": "A GRADUATED SCALE IN HUNDREDTHS OF A POUND",
        "c": "A PROTRACTOR"
      },
      "correct_answer": "b",
      [span_110](start_span)"explanation": "In the scale method of balancing, it is essential to use a graduated scale in hundredths of a pound for accurate measurement[span_110](end_span)."
    },
    {
      "question_number": 122,
      "question": "What safety precautions should be observed when handling depleted uranium weights?",
      "options": {
        "a": "NO SPECIAL PRECAUTIONS NEEDED",
        "b": "USE GLOVES ONLY",
        "c": "FOLLOW SAFETY INSTRUCTIONS DUE TO RADIOACTIVITY"
      },
      "correct_answer": "c",
      [span_111](start_span)"explanation": "When handling depleted uranium weights, safety instructions must be followed due to their low-level radioactivity[span_111](end_span)."
    },
    {
      "question_number": 123,
      "question": "During an aileron static balance test, what supports are used to hang it for balancing?",
      "options": {
        "a": "HORIZONTAL SUPPORTS ON A JIG",
        "b": "KNIFE EDGES OF TWO BALANCING MANDRELS",
        "c": "CLAMPS AND A WORKBENCH"
      },
      "correct_answer": "b",
      [span_112](start_span)"explanation": "During an aileron static balance test, the knife edges of two balancing mandrels are used as supports[span_112](end_span)."
    },
    {
      "question_number": 124,
      "question": "If a control surface is found to be out of balance, what is the recommended action?",
      "options": {
        "a": "REPLACE THE ENTIRE SURFACE",
        "b": "REBALANCE BY ADDING OR REMOVING WEIGHT AS INDICATED IN THE MANUAL",
        "c": "ADJUST THE HINGE TENSION"
      },
      "correct_answer": "b",
      [span_113](start_span)"explanation": "If a control surface is found to be out of balance, the recommended action is to rebalance it by adding or removing weight as indicated in the aircraft's maintenance manual[span_113](end_span)."
    }
]
