[
    {
        "question_number": 1,
        "question": "What type of master cylinder is typically used with a multiple disc brake system to reduce pilot pedal effort?",
        "options": {
            "A": "Power boost master cylinder",
            "B": "Single-piston master cylinder",
            "C": "Gravity-fed master cylinder"
        },
        "correct_answer": "A",
        "explanation": "Multiple disc brakes require high hydraulic pressure to operate effectively. A power boost master cylinder uses the aircraft's main hydraulic system pressure to assist the pilot, reducing the physical effort needed on the brake pedals."
    },
    {
        "question_number": 2,
        "question": "Which of the following is not a standard type of aircraft brake mechanism?",
        "options": {
            "A": "Multiple-disc brake",
            "B": "Expander tube brake",
            "C": "Lining brake"
        },
        "correct_answer": "C",
        "explanation": "'Lining brake' is not a standard term for a type of brake mechanism. Brakes have 'linings' as a component, but the common types are multiple-disc, single-disc, or expander tube brakes."
    },
    {
        "question_number": 3,
        "question": "According to the provided text, what is a common bleeding method used for power brakes?",
        "options": {
            "A": "Bottom-up pressure bleeding",
            "B": "Top-to-bottom gravity bleeding",
            "C": "Side-to-side bleeding"
        },
        "correct_answer": "B",
        "explanation": "The source material indicates that a top-to-bottom method is used, where fluid is added at the master cylinder and drained at the brake caliper, allowing gravity to help push air out of the system."
    },
    {
        "question_number": 4,
        "question": "What type of landing gear configuration features the main wheels positioned forward of the aircraft's center of gravity?",
        "options": {
            "A": "Tricycle landing gear",
            "B": "Conventional landing gear",
            "C": "Tandem landing gear"
        },
        "correct_answer": "B",
        "explanation": "Conventional landing gear, also known as a 'taildragger,' has two main wheels forward of the center of gravity and a smaller wheel or skid at the tail."
    },
    {
        "question_number": 5,
        "question": "What is a critical step that must be performed when removing an aircraft wheel and brake assembly?",
        "options": {
            "A": "Completely deflate the tire",
            "B": "Disconnect the brake hose assembly",
            "C": "Remove the axle nut first"
        },
        "correct_answer": "B",
        "explanation": "The brake hose assembly connects the brake caliper to the aircraft's hydraulic system. It must be disconnected to allow the removal of the wheel and brake from the axle."
    },
    {
        "question_number": 6,
        "question": "What is considered an advantage of conventional (taildragger) aircraft landing gear?",
        "options": {
            "A": "Improved forward visibility while taxiing",
            "B": "Enhanced stability in crosswinds",
            "C": "Better suitability for rough surface operations"
        },
        "correct_answer": "C",
        "explanation": "Conventional gear generally provides greater propeller clearance and is often more robust, making it better suited for operations on unpaved or rough airfields."
    },
    {
        "question_number": 7,
        "question": "What component attaches the landing gear to the aircraft structure and serves as the pivot point for retraction and extension?",
        "options": {
            "A": "Trunnion",
            "B": "Torque link",
            "C": "Drag brace"
        },
        "correct_answer": "A",
        "explanation": "The trunnion is a heavy-duty pivot fitting that connects the landing gear strut to the airframe, allowing it to swing into and out of the wheel well."
    },
    {
        "question_number": 8,
        "question": "What component is used to attach the wheel to the lower cylinder of a shock strut?",
        "options": {
            "A": "Axle",
            "B": "Piston",
            "C": "Trunnion"
        },
        "correct_answer": "A",
        "explanation": "The axle is the shaft that passes through the center of the wheel bearings, mounting the wheel assembly to the bottom of the shock strut."
    },
    {
        "question_number": 9,
        "question": "In a spring-oleo shock strut, what component is primarily responsible for cushioning taxiing vibrations?",
        "options": {
            "A": "The oleo piston",
            "B": "The hydraulic fluid",
            "C": "The spring"
        },
        "correct_answer": "C",
        "explanation": "While the oleo (hydraulic) part of the strut dampens large impacts like landing, the heavy-duty coil spring is primarily responsible for absorbing the smaller bumps and vibrations during taxiing."
    },
    {
        "question_number": 10,
        "question": "Which component is considered the 'brain' of an anti-skid system?",
        "options": {
            "A": "The wheel speed sensor",
            "B": "The control unit",
            "C": "The anti-skid control valve"
        },
        "correct_answer": "B",
        "explanation": "The anti-skid control unit is a computer that receives signals from the wheel speed sensors, processes this data to detect an impending skid, and sends commands to the control valve to release brake pressure."
    },
    {
        "question_number": 11,
        "question": "What is the function of a metering device (such as a metering pin or orifice) within an oleo shock strut?",
        "options": {
            "A": "Controlling the flow of fluid within the shock strut",
            "B": "Measuring the pressure of the compressed air",
            "C": "Locking the strut in the extended position"
        },
        "correct_answer": "A",
        "explanation": "A metering device controls the rate at which hydraulic fluid can flow between the upper and lower chambers of an oleo strut, which absorbs and dissipates the energy from landing and taxiing shocks."
    },
    {
        "question_number": 12,
        "question": "What is a primary means of reducing parasite drag on an aircraft?",
        "options": {
            "A": "Retractable landing gear",
            "B": "Winglets",
            "C": "Flaps"
        },
        "correct_answer": "A",
        "explanation": "Retracting the landing gear into the fuselage or wings after takeoff removes it from the airflow, significantly reducing the form drag (a type of parasite drag) it creates."
    },
    {
        "question_number": 13,
        "question": "On an aircraft with differential braking, what is the result of pushing the left brake pedal harder than the right?",
        "options": {
            "A": "The aircraft will steer to the left",
            "B": "The aircraft will steer to the right",
            "C": "Both brakes will apply equally"
        },
        "correct_answer": "A",
        "explanation": "Differential braking allows the pilot to apply more brake pressure to one main wheel than the other, causing the aircraft to turn or steer in the direction of the applied brake."
    },
    {
        "question_number": 14,
        "question": "What feature in a master cylinder allows for fluid thermal expansion and keeps the system full of fluid?",
        "options": {
            "A": "The bleeder valve",
            "B": "The return spring",
            "C": "The compensating port"
        },
        "correct_answer": "C",
        "explanation": "The compensating port connects the reservoir with the master cylinder chamber when the brake is released. This allows fluid to enter or leave the system to compensate for temperature changes and wear, ensuring the system remains full and ready."
    },
    {
        "question_number": 15,
        "question": "What is the standard visual indication in the cockpit that the landing gear is down and locked?",
        "options": {
            "A": "A red light",
            "B": "An amber light",
            "C": "A green light"
        },
        "correct_answer": "C",
        "explanation": "A green light for each gear indicates that the respective landing gear is in the fully down and locked position, safe for landing. Red indicates in-transit or an unsafe condition."
    },
    {
        "question_number": 16,
        "question": "From where is the nosewheel steering tiller used to steer the aircraft on the ground?",
        "options": {
            "A": "The flight deck",
            "B": "The external service panel",
            "C": "The landing gear bay"
        },
        "correct_answer": "A",
        "explanation": "The tiller is a small hand-operated wheel or lever located on the flight deck, typically on the captain's side, used for steering the aircraft during taxi operations."
    },
    {
        "question_number": 17,
        "question": "What device is used to ensure the wheels are straight and aligned before they enter the wheel well during retraction?",
        "options": {
            "A": "A centering device",
            "B": "A shimmy damper",
            "C": "A torque link"
        },
        "correct_answer": "A",
        "explanation": "A centering device, often a cam mechanism on the shock strut, automatically aligns the nosewheel to the straight-ahead position as the gear retracts to ensure it fits properly into the wheel well."
    },
    {
        "question_number": 18,
        "question": "What device prevents the landing gear from being retracted while the aircraft is on the ground?",
        "options": {
            "A": "A sequence valve",
            "B": "A safety switch (or squat switch)",
            "C": "A gear downlock"
        },
        "correct_answer": "B",
        "explanation": "A safety switch, also known as a squat switch or weight-on-wheels switch, is compressed when the aircraft's weight is on its gear. This opens the electrical circuit for gear retraction, preventing an accidental retraction on the ground."
    },
    {
        "question_number": 19,
        "question": "Which type of brake system uses an inflatable tube inside a brake drum?",
        "options": {
            "A": "Multiple-disc brake",
            "B": "Expander tube brake",
            "C": "Single-disc brake"
        },
        "correct_answer": "B",
        "explanation": "In an expander tube brake, hydraulic fluid inflates a rubber tube that pushes brake blocks outward against a stationary brake drum, creating friction to stop the wheel."
    },
    {
        "question_number": 20,
        "question": "What type of aircraft tire uses an inner liner for air retention instead of a separate tube?",
        "options": {
            "A": "Tubeless tires",
            "B": "Tube-type tires",
            "C": "Bias-ply tires"
        },
        "correct_answer": "A",
        "explanation": "Tubeless tires have a thin layer of soft rubber, called the inner liner, bonded to the inside of the casing. This liner makes the tire impermeable to air, eliminating the need for a separate inner tube."
    },
    {
        "question_number": 21,
        "question": "On a split-flange wheel, the brake assembly is typically installed on which wheel half?",
        "options": {
            "A": "The outboard wheel half",
            "B": "The inboard wheel half",
            "C": "Both wheel halves"
        },
        "correct_answer": "B",
        "explanation": "The brake assembly is mounted to the axle and landing gear structure. The inboard wheel half is installed first, over the brake, followed by the outboard half which completes the wheel assembly."
    },
    {
        "question_number": 22,
        "question": "What is the typical wear pattern for an overinflated aircraft tire?",
        "options": {
            "A": "The shoulders wear more than the center tread",
            "B": "The center tread wears more than the shoulders",
            "C": "Wear is evenly distributed"
        },
        "correct_answer": "B",
        "explanation": "Overinflation causes the tire to bulge in the center, concentrating the aircraft's weight on the middle portion of the tread, leading to accelerated wear in that area."
    },
    {
        "question_number": 23,
        "question": "Which part of an aircraft tire is designed to anchor the tire to the wheel rim?",
        "options": {
            "A": "The tread",
            "B": "The sidewall",
            "C": "The bead"
        },
        "correct_answer": "C",
        "explanation": "The bead is a bundle of high-strength steel wires embedded in rubber that provides a firm, non-stretchable fit on the wheel rim, anchoring the tire in place."
    },
    {
        "question_number": 24,
        "question": "What is the purpose of a deboost valve in a high-pressure hydraulic brake system?",
        "options": {
            "A": "To increase fluid pressure and decrease volume",
            "B": "To reduce fluid pressure and increase volume",
            "C": "To bypass fluid back to the reservoir"
        },
        "correct_answer": "B",
        "explanation": "A deboost valve reduces the high pressure from the main aircraft hydraulic system to a lower, more usable pressure for the brake system, while increasing the volume of fluid available to the brakes."
    },
    {
        "question_number": 25,
        "question": "What type of valve is mechanically operated to control the proper timing of landing gear and gear door operation?",
        "options": {
            "A": "A sequence valve",
            "B": "A check valve",
            "C": "A relief valve"
        },
        "correct_answer": "A",
        "explanation": "Sequence valves are installed in the hydraulic system to ensure that one operation (like opening the gear doors) is completed before the next operation (like extending the gear) can begin."
    },
    {
        "question_number": 26,
        "question": "Which part of an aircraft tire is designed to be the primary wear surface that contacts the ground?",
        "options": {
            "A": "The sidewall",
            "B": "The tread",
            "C": "The bead"
        },
        "correct_answer": "B",
        "explanation": "The tread is the thick, patterned outer layer of the tire that makes contact with the runway and is designed to resist wear, abrasion, and heat."
    },
    {
        "question_number": 27,
        "question": "In a disc brake system, what component forces the pressure plate and pistons to retract when brake pressure is released?",
        "options": {
            "A": "A return spring",
            "B": "Reverse hydraulic pressure",
            "C": "An adjuster mechanism"
        },
        "correct_answer": "A",
        "explanation": "Return springs are used to pull the pistons and pressure plate away from the brake discs when hydraulic pressure is released, ensuring a minimal-drag clearance."
    },
    {
        "question_number": 28,
        "question": "On a typical large aircraft, the brake systems are mounted on the main wheels, and the steering system is mounted on the:",
        "options": {
            "A": "Outboard main wheels",
            "B": "Nose or tail wheel",
            "C": "Wingtip wheels"
        },
        "correct_answer": "B",
        "explanation": "Braking is performed by the main landing gear wheels, while directional control on the ground (steering) is provided by the nose wheel (in tricycle gear aircraft) or tail wheel (in conventional gear aircraft)."
    },
    {
        "question_number": 29,
        "question": "What component, which controls rapid oscillations, often needs to be disconnected when removing a nose wheel?",
        "options": {
            "A": "The centering cam",
            "B": "The squat switch",
            "C": "The shimmy damper"
        },
        "correct_answer": "C",
        "explanation": "The shimmy damper is a hydraulic shock absorber connected between the nose gear strut and the wheel assembly to prevent rapid side-to-side shaking. It must be disconnected to service the nose wheel."
    },
    {
        "question_number": 30,
        "question": "What is the most likely cause of a spongy feeling when applying the aircraft brakes?",
        "options": {
            "A": "Worn brake linings",
            "B": "Air in the brake lines",
            "C": "Overheated brake fluid"
        },
        "correct_answer": "B",
        "explanation": "Air trapped in the hydraulic fluid is compressible, unlike the fluid itself. When the brakes are applied, this air compresses first, resulting in a soft, spongy feel at the pedals and reduced braking effectiveness."
    },
    {
        "question_number": 31,
        "question": "What is a brake system that has its own hydraulic reservoir and master cylinders separate from the main aircraft hydraulic system called?",
        "options": {
            "A": "A power brake system",
            "B": "An integrated brake system",
            "C": "An independent brake system"
        },
        "correct_answer": "C",
        "explanation": "An independent brake system is self-contained and does not rely on the aircraft's main hydraulic system, which is common on smaller aircraft."
    },
    {
        "question_number": 32,
        "question": "What is the primary purpose of a chine on an aircraft nose wheel tire?",
        "options": {
            "A": "To increase traction in crosswinds",
            "B": "To deflect water and slush away from the engine inlets",
            "C": "To reduce tire wear during sharp turns"
        },
        "correct_answer": "B",
        "explanation": "A chine is a ridge of rubber on the sidewall of a nose tire designed to redirect water and slush spray to the side, preventing it from being ingested by aft-mounted engines."
    },
    {
        "question_number": 33,
        "question": "In a multiple-disc brake, which of the following represents a mismatched pair of components in terms of direct function?",
        "options": {
            "A": "Piston - Pressure Plate",
            "B": "Lining - Spring",
            "C": "Rotor - Stator"
        },
        "correct_answer": "B",
        "explanation": "Brake linings provide friction, while return springs are used to retract the pistons. They do not have a direct cooperative function, unlike pistons pushing the pressure plate or rotors and stators creating friction together."
    },
    {
        "question_number": 34,
        "question": "What is a common corrective action for incorrect aileron travel?",
        "options": {
            "A": "Adjusting the control rods",
            "B": "Increasing cable tension",
            "C": "Replacing the actuator"
        },
        "correct_answer": "A",
        "explanation": "Incorrect aileron travel (the range of up/down movement) is typically corrected by adjusting the length of the control rods or pushrods that connect the actuator or cables to the aileron horn."
    },
    {
        "question_number": 35,
        "question": "What is the primary method for correcting incorrect rudder travel?",
        "options": {
            "A": "Adjusting the bell crank stops or cable tension",
            "B": "Re-balancing the rudder surface",
            "C": "Changing the hydraulic fluid"
        },
        "correct_answer": "A",
        "explanation": "The total range of rudder movement is limited by adjustable stops on the rudder quadrant or bell crank. Fine-tuning travel and ensuring proper tension are achieved by adjusting these stops and the control cables."
    },
    {
        "question_number": 36,
        "question": "Which primary flight control surface controls the aircraft's movement about its vertical axis (yaw)?",
        "options": {
            "A": "Ailerons",
            "B": "Elevator",
            "C": "Rudder"
        },
        "correct_answer": "C",
        "explanation": "The rudder, located on the vertical stabilizer, deflects left or right to create an aerodynamic force that yaws the nose of the aircraft in the corresponding direction."
    },
    {
        "question_number": 37,
        "question": "What is a key characteristic of a simple spring-based artificial feel system?",
        "options": {
            "A": "The resistance feel is constant throughout the airspeed range",
            "B": "The resistance feel increases with airspeed",
            "C": "The resistance feel decreases with airspeed"
        },
        "correct_answer": "A",
        "explanation": "A simple spring cartridge provides a constant resistance force that depends only on the amount of control deflection, not on the airspeed or aerodynamic loads on the control surface."
    },
    {
        "question_number": 38,
        "question": "In a fly-by-wire system, which unit converts analog pilot inputs into a digital format for the flight computers?",
        "options": {
            "A": "Primary Flight Computer (PFC)",
            "B": "Actuator Control Electronics (ACE)",
            "C": "Rotary Variable Differential Transformer (RVDT)"
        },
        "correct_answer": "B",
        "explanation": "The Actuator Control Electronics (ACE) reads the analog electrical signals from the pilot's control transducers (like RVDTs), converts them to a digital format, and sends this data to the Primary Flight Computers for processing."
    },
    {
        "question_number": 39,
        "question": "What type of signal is sent from the Actuator Control Electronics (ACE) to the Primary Flight Computer (PFC)?",
        "options": {
            "A": "Analog signal",
            "B": "Digital signal",
            "C": "Hydraulic signal"
        },
        "correct_answer": "B",
        "explanation": "The ACE processes the raw analog inputs and sends the refined position information to the PFCs as a digital signal over a data bus."
    },
    {
        "question_number": 40,
        "question": "Which fly-by-wire unit calculates control laws and converts the pilot's control position into actuation commands?",
        "options": {
            "A": "Actuator Control Electronics (ACE)",
            "B": "Primary Flight Computer (PFC)",
            "C": "Control Surface Actuator"
        },
        "correct_answer": "B",
        "explanation": "The Primary Flight Computer (PFC) is the central brain that receives pilot inputs and sensor data, applies complex control laws to ensure stable and safe flight, and calculates the precise commands for the flight control actuators."
    },
    {
        "question_number": 41,
        "question": "What is the purpose of an artificial feel system in a fully powered hydraulic flight control system?",
        "options": {
            "A": "To provide natural feel and resistance to the pilot's controls",
            "B": "To assist the pilot in moving the controls",
            "C": "To automatically trim the aircraft"
        },
        "correct_answer": "A",
        "explanation": "In a system with irreversible hydraulic actuators, the pilot would feel no aerodynamic forces. An artificial feel system simulates these forces, providing resistance that increases with control deflection and airspeed, preventing over-controlling the aircraft."
    },
    {
        "question_number": 42,
        "question": "What type of stall warning system is commonly used on light aircraft?",
        "options": {
            "A": "Stick shaker system",
            "B": "Angle of Attack (AOA) indicator",
            "C": "Pneumatic stall warning system"
        },
        "correct_answer": "C",
        "explanation": "A pneumatic stall warning system uses a reed that vibrates to make a sound when low pressure, created by the approaching stall's airflow separation, is present over an inlet on the wing's leading edge. It is a simple and common system for light aircraft."
    },
    {
        "question_number": 43,
        "question": "What device is an electrically driven, out-of-balance rotor that shakes the control column to warn of an impending stall?",
        "options": {
            "A": "A stick shaker",
            "B": "A stick pusher",
            "C": "An aural warning horn"
        },
        "correct_answer": "A",
        "explanation": "A stick shaker is a tactile warning device that vigorously shakes the control column to simulate the natural aerodynamic buffeting that occurs before a stall, providing an unmistakable warning to the pilot."
    },
    {
        "question_number": 44,
        "question": "A stall protection system provides several warnings and actions as a stall is approached. Which of the following is NOT typically one of them?",
        "options": {
            "A": "Activating a stick shaker",
            "B": "Issuing an aural warning",
            "C": "Deploying spoilers"
        },
        "correct_answer": "C",
        "explanation": "Deploying spoilers decreases lift, which would worsen the situation when approaching a stall. Stall protection systems provide warnings (stick shaker, sounds) and may even automatically push the nose down (stick pusher) to prevent the stall."
    },
    {
        "question_number": 45,
        "question": "What is a common cause of lost motion between the control wheel and the ailerons in a cable-operated system?",
        "options": {
            "A": "Cable tension is too high",
            "B": "Cable tension is too low",
            "C": "Pulleys are oversized"
        },
        "correct_answer": "B",
        "explanation": "If the control cables are too slack (tension is too low), the control wheel will have to be moved a certain amount just to take up the slack before any movement occurs at the control surface, resulting in lost motion."
    },
    {
        "question_number": 46,
        "question": "A stall protection system may take several actions when approaching a stall. Which of the following is NOT a typical action?",
        "options": {
            "A": "Stick shaker activation",
            "B": "Modal suppression",
            "C": "Stick pusher activation"
        },
        "correct_answer": "B",
        "explanation": "Modal suppression is a function related to damping structural flexing, not stall protection. Stall protection actions include warnings like stick shakers and automated recovery inputs like a stick pusher to lower the angle of attack."
    },
    {
        "question_number": 47,
        "question": "What happens to the flight spoilers when the speed brake lever is moved to a deployed position?",
        "options": {
            "A": "The flight spoilers move up",
            "B": "The flight spoilers move down",
            "C": "The flight spoilers do not move"
        },
        "correct_answer": "A",
        "explanation": "Moving the speed brake lever commands the flight spoilers on both wings to move upward into the airflow. This 'spoils' the lift and increases drag, allowing the aircraft to descend or decelerate without increasing speed."
    },
    {
        "question_number": 48,
        "question": "Which statement about spoilers is correct?",
        "options": {
            "A": "Flight spoilers are used only during landing roll",
            "B": "Ground spoilers are used in flight for roll control",
            "C": "Flight spoilers are used in flight for speed control"
        },
        "correct_answer": "C",
        "explanation": "Flight spoilers can be used during flight as speed brakes. Ground spoilers deploy only on the ground to dump lift and improve braking. While some flight spoilers also assist in roll control (spoilerons), their primary function as a group is speed control."
    },
    {
        "question_number": 49,
        "question": "Leading Edge (LE) devices are typically in what positions during cruise and takeoff, respectively?",
        "options": {
            "A": "Extended during cruise, retracted during takeoff",
            "B": "Retracted during cruise, extended during takeoff",
            "C": "Partially extended during cruise, fully extended during takeoff"
        },
        "correct_answer": "B",
        "explanation": "Leading edge devices (like slats or Krueger flaps) are retracted during cruise to minimize drag. They are extended for takeoff and landing to increase lift and allow the aircraft to fly at lower speeds."
    },
    {
        "question_number": 50,
        "question": "What is the primary aerodynamic effect of deploying spoilers on a wing?",
        "options": {
            "A": "Increase lift and decrease drag",
            "B": "Decrease lift and increase drag",
            "C": "Increase lift and increase drag"
        },
        "correct_answer": "B",
        "explanation": "Spoilers are named for their function: they disrupt, or 'spoil,' the smooth airflow over the top of the wing. This action significantly reduces lift and simultaneously increases parasite drag."
    },
    {
        "question_number": 51,
        "question": "When an aircraft is rolling to the right, what is the position of the spoiler on the down-going (left) wing?",
        "options": {
            "A": "It remains flush with the wing",
            "B": "It deflects upward",
            "C": "It deflects downward"
        },
        "correct_answer": "A",
        "explanation": "During a roll, the spoiler on the up-going wing deflects upward to reduce its lift. The spoiler on the down-going wing remains retracted or flush to maintain its lift, thus creating the differential lift that causes the roll."
    },
    {
        "question_number": 52,
        "question": "What is the primary function of the ailerons?",
        "options": {
            "A": "Pitch control (longitudinal)",
            "B": "Yaw control (directional)",
            "C": "Roll control (lateral)"
        },
        "correct_answer": "C",
        "explanation": "Ailerons are located on the outboard trailing edge of the wings and move in opposite directions to create a differential in lift between the wings, causing the aircraft to roll about its longitudinal axis."
    },
    {
        "question_number": 53,
        "question": "In a fly-by-wire system, what type of electrical signal is sent from the pilot's control position and force transducers to the ACE?",
        "options": {
            "A": "Analog electrical signal",
            "B": "Digital electrical signal",
            "C": "Pneumatic signal"
        },
        "correct_answer": "A",
        "explanation": "The transducers, such as RVDTs and LVDTs, that measure the physical movement of the pilot's controls generate a variable voltage or current, which is an analog electrical signal."
    },
    {
        "question_number": 54,
        "question": "In an automated stall protection system, which unit initiates a warning or corrective movement upon detecting an impending stall?",
        "options": {
            "A": "The stick shaker motor",
            "B": "The Angle of Attack vane",
            "C": "The stall warning computer"
        },
        "correct_answer": "C",
        "explanation": "The stall warning computer receives data from various sensors (like Angle of Attack vanes), determines if a stall condition is imminent, and then sends commands to initiate warnings like the stick shaker or aural alerts."
    },
    {
        "question_number": 55,
        "question": "What type of sensor converts the rotary motion of the control wheel or column into an electrical signal in a fly-by-wire system?",
        "options": {
            "A": "LVDT (Linear Variable Differential Transformer)",
            "B": "RVDT (Rotary Variable Differential Transformer)",
            "C": "A squat switch"
        },
        "correct_answer": "B",
        "explanation": "An RVDT is an electromechanical transducer that produces a variable electrical output proportional to the angular displacement of its shaft, making it ideal for measuring the rotation of a control wheel or yoke."
    },
    {
        "question_number": 56,
        "question": "Which fly-by-wire unit interfaces with the pilot's control transducers to command the Primary Flight Control System actuators?",
        "options": {
            "A": "PFC (Primary Flight Computer)",
            "B": "ACE (Actuator Control Electronics)",
            "C": "FMS (Flight Management System)"
        },
        "correct_answer": "B",
        "explanation": "The Actuator Control Electronics (ACE) serves as the interface. It receives commands from the PFCs and translates them into the precise electrical signals needed to operate the hydraulic actuators for the control surfaces."
    },
    {
        "question_number": 57,
        "question": "Which unit is responsible for processing pilot and sensor inputs and calculating the final flight control commands based on control laws?",
        "options": {
            "A": "PFC (Primary Flight Computer)",
            "B": "ACE (Actuator Control Electronics)",
            "C": "ADC (Air Data Computer)"
        },
        "correct_answer": "A",
        "explanation": "The Primary Flight Computer (PFC) is the core processing unit that computes the flight control laws, which dictate how the aircraft should respond to pilot inputs and external disturbances, and then generates the commands for the control surfaces."
    },
    {
        "question_number": 58,
        "question": "What is a likely cause if a jumpy or binding sensation is felt in the elevator controls?",
        "options": {
            "A": "Incorrect cable tension",
            "B": "Damaged or failing hinge bearings",
            "C": "Low hydraulic fluid"
        },
        "correct_answer": "B",
        "explanation": "A jumpy or binding feel often indicates a mechanical issue. Damaged or corroded hinge bearings on the elevator can cause increased friction and prevent smooth movement, which is felt by the pilot through the control linkage."
    }
]