[
  {
    "question_number": 1,
    "question": "Aircraft need to be moved on the ground, between flights for a variety of reasons except:",
    "options": {
      "a": "Emergency removal of aircraft from a taxi-way.",
      "b": "Moving aircraft into or within hangars for maintenance.",
      "c": "To test the structural integrity of the wings during high-speed taxi."
    },
    "correct_answer": "c",
    "explanation": "Typical reasons for aircraft ground movement include maintenance positioning and emergency relocation. Testing structural integrity is not a standard reason for ground movement between flights."
  },
  {
    "question_number": 2,
    "question": "Inspection by use of a borescope is essentially what type of inspection?",
    "options": {
      "a": "Visual inspection",
      "b": "Radiographic inspection",
      "c": "Ultrasonic inspection"
    },
    "correct_answer": "a",
    "explanation": "A borescope is a tool used to perform visual inspections of inaccessible internal components, making it a specialized form of visual inspection."
  },
  {
    "question_number": 3,
    "question": "To prevent Foreign Object Debris (FOD) ingestion, what area must be kept clear?",
    "options": {
      "a": "The area in front of the jet inlet",
      "b": "The main landing gear assembly area",
      "c": "The luggage loading bay"
    },
    "correct_answer": "a",
    "explanation": "The high suction generated by jet inlets mandates that the area directly in front of them must be clear of debris to prevent Foreign Object Debris (FOD) ingestion."
  },
  {
    "question_number": 4,
    "question": "What is the process of securing an aircraft to the ground called?",
    "options": {
      "a": "Mooring",
      "b": "Jacking",
      "c": "Towing"
    },
    "correct_answer": "a",
    "explanation": "Mooring refers to the process of tying or securing an aircraft to fixed points on the ground, often used to prevent movement in high winds."
  },
  {
    "question_number": 5,
    "question": "What phenomenon creates its own magnetic field that opposes the original field, affecting the flow of original current, often used in NDT?",
    "options": {
      "a": "Eddy currents",
      "b": "Static charges",
      "c": "Capacitance coupling"
    },
    "correct_answer": "a",
    "explanation": "Eddy currents are circulating currents induced within conductors by a changing magnetic field. They generate their own field that opposes the original field, a principle utilized in Eddy Current Testing (ECT)."
  },
  {
    "question_number": 6,
    "question": "Which non-destructive testing (NDT) method is generally considered the most significant health hazard due to radiation exposure?",
    "options": {
      "a": "X-ray (Radiography)",
      "b": "Magnetic Particle Inspection (MPI)",
      "c": "Dye Penetrant Inspection (DPI)"
    },
    "correct_answer": "a",
    "explanation": "X-ray testing involves ionizing radiation, requiring stringent safety measures due to its potential health hazards."
  },
  {
    "question_number": 7,
    "question": "Most aircraft have specialized structures located at the designated jack points for proper aircraft load distribution. What are these structures called?",
    "options": {
      "a": "Hard points",
      "b": "Jack pads",
      "c": "Chock anchors"
    },
    "correct_answer": "b",
    "explanation": "Jack pads are reinforced areas located at the jacking points to ensure that the load is distributed correctly across the airframe during lifting."
  },
  {
    "question_number": 8,
    "question": "Why are some aircraft chocks designed to be chained together?",
    "options": {
      "a": "To allow for quicker retrieval by ground crew.",
      "b": "To give a more secure hold on the wheels.",
      "c": "To simplify storage near the ramp."
    },
    "correct_answer": "b",
    "explanation": "Chaining chocks together often increases their effectiveness by ensuring they remain tightly against the tires, preventing unintended movement and providing a more secure hold."
  },
  {
    "question_number": 9,
    "question": "What instruction is provided by a flashing Green light signal from the control tower to an aircraft on the ground?",
    "options": {
      "a": "stop",
      "b": "cleared to taxi",
      "c": "return to starting point"
    },
    "correct_answer": "b",
    "explanation": "According to standard airport light gun signals, a flashing green light means the aircraft is cleared to taxi."
  },
  {
    "question_number": 10,
    "question": "How many minimum places or points are typically provided on aircraft for safe jacking purposes?",
    "options": {
      "a": "At least two places",
      "b": "At least three places or points",
      "c": "Exactly four points"
    },
    "correct_answer": "b",
    "explanation": "Aircraft are typically designed with at least three jacking points to allow for stable and balanced lifting of the aircraft."
  },
  {
    "question_number": 11,
    "question": "The appropriate selection of a hoist for maintenance lifting depends heavily on which combination of factors?",
    "options": {
      "a": "Lifting load, locational constraints, speed of operation, and power (AC/DC) availability",
      "b": "The ambient air temperature and the size of the hangar doors",
      "c": "Only the hoist's color and the operator's seniority"
    },
    "correct_answer": "a",
    "explanation": "Hoist selection is determined by practical requirements such as the weight to be lifted (lifting load), physical space limits (locational constraints), required speed, and the type of power source available."
  },
  {
    "question_number": 12,
    "question": "The ground support equipment used to supply compressed air for starting gas turbine engines is the:",
    "options": {
      "a": "Ground power unit",
      "b": "Air conditioning unit",
      "c": "Air start unit"
    },
    "correct_answer": "c",
    "explanation": "The Air Start Unit (ASU) is specialized ground support equipment used to deliver the high volume of compressed air required to initiate the rotation (spool up) of a gas turbine engine."
  },
  {
    "question_number": 13,
    "question": "Which of the following is NOT a required precaution or rule when preparing to jack an aircraft?",
    "options": {
      "a": "Jacks should be inspected for proper operation before use.",
      "b": "Ensuring proper placement at the certified aircraft jacked points.",
      "c": "Using undocumented or recently added jack points without prior engineering verification."
    },
    "correct_answer": "c",
    "explanation": "Precautions include inspecting equipment and strictly using documented, certified jack points. Using undocumented points is unsafe and not a required precaution."
  },
  {
    "question_number": 14,
    "question": "The principles for extinguishing fires include all the following EXCEPT:",
    "options": {
      "a": "heating",
      "b": "displacing the oxygen",
      "c": "Separating the fuel from the oxygen."
    },
    "correct_answer": "a",
    "explanation": "Extinguishing a fire involves removing one element of the fire tetrahedron (heat, oxygen, fuel, or chemical reaction). Heating the fire would promote combustion, not extinguish it."
  },
  {
    "question_number": 15,
    "question": "When possible, in which direction should large airplanes be positioned relative to the wind when parked?",
    "options": {
      "a": "Into the wind",
      "b": "90 degrees to the wind",
      "c": "45 degrees off the wind"
    },
    "correct_answer": "a",
    "explanation": "Parking into the wind is preferred to facilitate engine cooling, minimize wind loading on the aircraft structure, and prevent weathercocking."
  },
  {
    "question_number": 16,
    "question": "Aircraft movement routes must be clear of obstructions. Which of the following is considered a fixed obstruction that defines the boundary, rather than a movable obstruction that must be cleared?",
    "options": {
      "a": "Servicing platforms and passenger steps",
      "b": "Vehicles and any other servicing equipment",
      "c": "Terminal building"
    },
    "correct_answer": "c",
    "explanation": "The terminal building is a fixed structure defining the limits of movement. Servicing platforms, steps, and vehicles are mobile items that must be moved away from the aircraft route."
  },
  {
    "question_number": 17,
    "question": "Which statement regarding taxiing aircraft is NOT true?",
    "options": {
      "a": "Routine taxiing is performed by rated pilots and technicians Only.",
      "b": "The radio must be tuned to the ground control frequency.",
      "c": "Taxi lights can be used if radio contact is available."
    },
    "correct_answer": "a",
    "explanation": "Routine taxiing is primarily the responsibility of rated pilots. While maintenance personnel may be rated for specific movements, stating 'pilots AND technicians Only' for general taxiing procedures is inaccurate and overly restrictive."
  },
  {
    "question_number": 18,
    "question": "What inspection method is used for detecting invisible cracks and defects exclusively in ferromagnetic materials?",
    "options": {
      "a": "Magnetic Flux inspection",
      "b": "Dye Penetrant Inspection",
      "c": "Ultrasonic Inspection"
    },
    "correct_answer": "a",
    "explanation": "Magnetic Flux Inspection (or Magnetic Particle Inspection) requires the material to be ferromagnetic (capable of being magnetized) to detect surface and near-surface flaws."
  },
  {
    "question_number": 19,
    "question": "Dye Penetrant Inspection (DPI) uses which two main materials to reveal defects?",
    "options": {
      "a": "Dye penetrant and developer",
      "b": "Fluorescent dye and magnetic particles",
      "c": "Solvent cleaner and x-ray film"
    },
    "correct_answer": "a",
    "explanation": "The core materials for DPI are the penetrant (dye) which enters the flaw, and the developer which draws the penetrant back out to create a visible indication."
  },
  {
    "question_number": 20,
    "question": "Aircraft taxiing procedures include safety checks and clearances, EXCEPT for which action?",
    "options": {
      "a": "Ensuring Emergency doors should be open",
      "b": "Confirming all passenger doors are secured",
      "c": "Obtaining taxi clearance from ATC"
    },
    "correct_answer": "a",
    "explanation": "Emergency doors must remain closed and secured during all aircraft movements, including taxiing, for safety and security reasons."
  }
]