[
    {
        "question_number": 1,
        "question": "Which braking bleeding method is used in power braking systems?",
        "options": {
            "A": "Top to down",
            "B": "Bottom to up",
            "C": "Side to side"
        },
        "correct_answer": "A",
        "explanation": "In power braking systems, bleeding is typically performed from the top (master cylinder or reservoir) down to the brake calipers to effectively purge air from the hydraulic lines."
    },
    {
        "question_number": 2,
        "question": "What might over-inflated aircraft tires cause?",
        "options": {
            "A": "Premature tread wear on the shoulders",
            "B": "Premature tread wear in the center",
            "C": "Flat spots on the tire"
        },
        "correct_answer": "B",
        "explanation": "Over-inflating a tire causes the center of the tread to bulge and carry a disproportionate amount of the load, leading to accelerated or premature wear in the center."
    },
    {
        "question_number": 3,
        "question": "In which type of landing gear configuration are the two main wheels located forward of the aircraft's center of gravity?",
        "options": {
            "A": "Tricycle",
            "B": "Tandem",
            "C": "Conventional"
        },
        "correct_answer": "C",
        "explanation": "Conventional landing gear, also known as a taildragger, has two main wheels forward of the center of gravity and a smaller wheel or skid at the tail."
    },
    {
        "question_number": 4,
        "question": "Proper function of a shimmy damper relies on correct...",
        "options": {
            "A": "Tire inflation",
            "B": "Hydraulic pressure",
            "C": "Alignment and safetying"
        },
        "correct_answer": "C",
        "explanation": "For a shimmy damper to work effectively, the steering system components must be correctly aligned and all connections properly safetied to prevent unwanted movement and ensure proper damping action."
    },
    {
        "question_number": 5,
        "question": "If the front of the main landing wheels are closer together than the rear of the wheels, it is referred to as...",
        "options": {
            "A": "Toe-in",
            "B": "Toe-out",
            "C": "Camber"
        },
        "correct_answer": "A",
        "explanation": "Toe-in is the alignment setting where the front of the wheels point slightly inward, or toward each other, along the longitudinal axis."
    },
    {
        "question_number": 6,
        "question": "Which gear is used for differential braking?",
        "options": {
            "A": "Nose landing gear",
            "B": "Main landing gear",
            "C": "Tail landing gear"
        },
        "correct_answer": "B",
        "explanation": "Differential braking involves applying different amounts of brake pressure to the left and right main landing gear wheels to help steer the aircraft on the ground."
    },
    {
        "question_number": 7,
        "question": "Which type of brake uses an expander tube to press brake blocks against a drum?",
        "options": {
            "A": "Expander tube brake",
            "B": "Single-disc brake",
            "C": "Multi-disc brake"
        },
        "correct_answer": "A",
        "explanation": "Expander tube brakes use a rubber tube that, when inflated with hydraulic fluid, presses brake blocks outwardly against a rotating brake drum to create friction."
    },
    {
        "question_number": 8,
        "question": "What is a common cause of a spongy brake feel?",
        "options": {
            "A": "Air in the hydraulic system",
            "B": "Worn brake pads",
            "C": "Over-inflated tires"
        },
        "correct_answer": "A",
        "explanation": "Air trapped in the hydraulic brake lines is compressible, unlike hydraulic fluid. This compressibility results in a spongy or soft feel at the brake pedal when brakes are applied."
    },
    {
        "question_number": 9,
        "question": "What is an advantage of conventional landing gear?",
        "options": {
            "A": "Better rough field operation",
            "B": "Easier ground handling",
            "C": "Improved visibility during taxi"
        },
        "correct_answer": "A",
        "explanation": "Conventional (taildragger) landing gear often provides better propeller clearance and is generally more robust, making it more suitable for operations on unprepared or rough fields."
    },
    {
        "question_number": 10,
        "question": "What type of landing gear shock absorber uses compressed air and hydraulic fluid?",
        "options": {
            "A": "Oleo-pneumatic strut",
            "B": "Solid spring steel",
            "C": "Bungee cords"
        },
        "correct_answer": "A",
        "explanation": "Oleo-pneumatic struts, often referred to as 'air-oil' struts, use compressed air (or nitrogen) as a spring and hydraulic fluid to dampen and absorb landing shocks."
    },
    {
        "question_number": 11,
        "question": "In a disc brake assembly, what component returns the pressure plate to the off position?",
        "options": {
            "A": "Springs",
            "B": "Hydraulic pressure",
            "C": "Pneumatic pressure"
        },
        "correct_answer": "A",
        "explanation": "Return springs or adjuster springs are used to retract the pistons and pressure plate, releasing the braking force when hydraulic pressure is removed."
    },
    {
        "question_number": 12,
        "question": "What device is used to align the landing gear wheels before retraction?",
        "options": {
            "A": "Centering device",
            "B": "Shimmy damper",
            "C": "Trunnion"
        },
        "correct_answer": "A",
        "explanation": "A centering device, often a cam mechanism, ensures the nose or main wheels are aligned straight ahead before being retracted into the wheel well to prevent jamming or damage."
    },
    {
        "question_number": 13,
        "question": "What specific component is often used to align the nose landing gear before retraction?",
        "options": {
            "A": "Centering Cam",
            "B": "Steering tiller",
            "C": "Torque link"
        },
        "correct_answer": "A",
        "explanation": "A centering cam is a mechanical device that engages as the oleo strut extends during takeoff, forcing the nose wheel into the straight-ahead position for proper retraction."
    },
    {
        "question_number": 14,
        "question": "Which type of tire has an integral inner liner to hold air?",
        "options": {
            "A": "Tubeless type",
            "B": "Tube type",
            "C": "Bias-ply type"
        },
        "correct_answer": "A",
        "explanation": "Tubeless tires have a non-porous inner liner bonded to the inside of the tire casing, which serves the function of an inner tube by retaining the inflation air."
    },
    {
        "question_number": 15,
        "question": "Why is lubrication of wheel bearings performed after cleaning and inspection?",
        "options": {
            "A": "To prevent corrosion",
            "B": "To cool the bearings",
            "C": "To check for cracks"
        },
        "correct_answer": "A",
        "explanation": "Lubricating wheel bearings with grease after cleaning not only reduces friction but also provides a protective barrier against moisture, preventing rust and corrosion."
    },
    {
        "question_number": 16,
        "question": "What is a critical step to perform on a nose gear assembly before removing it from the aircraft?",
        "options": {
            "A": "Disconnect the shimmy damper",
            "B": "Inflate the tire",
            "C": "Retract the gear"
        },
        "correct_answer": "A",
        "explanation": "The shimmy damper is connected to both the stationary and steerable parts of the gear; it must be disconnected to allow for the removal of the gear assembly."
    },
    {
        "question_number": 17,
        "question": "What type of brake system is isolated from the main aircraft hydraulic system?",
        "options": {
            "A": "Independent",
            "B": "Integrated",
            "C": "Boosted"
        },
        "correct_answer": "A",
        "explanation": "An independent brake system has its own reservoir, master cylinders, and fluid lines, making it completely separate from the main aircraft hydraulic system."
    },
    {
        "question_number": 18,
        "question": "Over-inflating a tire can specifically cause what type of wear?",
        "options": {
            "A": "Wear in the center of the tread",
            "B": "Wear on the shoulders of the tread",
            "C": "Wear on the sidewall"
        },
        "correct_answer": "A",
        "explanation": "Over-inflation causes the tire's crown or center to bulge, making it carry a disproportionate amount of the load, which leads to accelerated wear in the center of the tread."
    },
    {
        "question_number": 19,
        "question": "What is the purpose of a chine on an aircraft tire?",
        "options": {
            "A": "To deflect water sideways",
            "B": "To increase tread life",
            "C": "To provide extra grip"
        },
        "correct_answer": "A",
        "explanation": "A chine is a ridge built into the sidewall of a nose gear tire to deflect water and slush away from the fuselage and engine inlets during operations on wet runways."
    },
    {
        "question_number": 20,
        "question": "Where is the steering tiller located?",
        "options": {
            "A": "In the cockpit",
            "B": "In the wheel well",
            "C": "On the landing gear strut"
        },
        "correct_answer": "A",
        "explanation": "The steering tiller is a hand-operated control, typically located on the captain's and/or first officer's side console in the cockpit, used for steering the aircraft on the ground."
    },
    {
        "question_number": 21,
        "question": "On which landing gear are differential brakes applied?",
        "options": {
            "A": "Nose landing gear",
            "B": "Main landing gear",
            "C": "All landing gear"
        },
        "correct_answer": "B",
        "explanation": "Differential braking involves applying brake pressure independently to the left and right main wheels to assist in steering the aircraft during ground operations."
    },
    {
        "question_number": 22,
        "question": "What is a primary advantage of conventional landing gear?",
        "options": {
            "A": "Suitability for rough ground operation",
            "B": "Prevents ground loops",
            "C": "Better forward visibility while taxiing"
        },
        "correct_answer": "A",
        "explanation": "Conventional, or taildragger, gear is generally more robust and provides better propeller clearance, making it well-suited for operations on unimproved or rough fields."
    },
    {
        "question_number": 23,
        "question": "What type of landing gear enables an aircraft to land on water?",
        "options": {
            "A": "Floats",
            "B": "Skis",
            "C": "Tandem gear"
        },
        "correct_answer": "A",
        "explanation": "Floats, also known as pontoons, are buoyant structures that replace the wheels, allowing an aircraft (a seaplane or floatplane) to operate from water."
    },
    {
        "question_number": 24,
        "question": "Which type of landing gear is used to reduce parasite drag during flight?",
        "options": {
            "A": "Retractable landing gear",
            "B": "Fixed landing gear",
            "C": "Conventional landing gear"
        },
        "correct_answer": "A",
        "explanation": "Retractable landing gear is drawn into the aircraft's fuselage or wings during flight, creating a more streamlined profile and significantly reducing parasite drag."
    },
    {
        "question_number": 25,
        "question": "What is the role of a sequence valve in a landing gear system?",
        "options": {
            "A": "To control the order of operations, like opening doors before extending gear.",
            "B": "To relieve excess pressure",
            "C": "To dampen shock"
        },
        "correct_answer": "A",
        "explanation": "Sequence valves ensure that hydraulic operations happen in the correct order, for example, making sure the landing gear doors are fully open before the gear begins to extend."
    },
    {
        "question_number": 26,
        "question": "What indication in the cockpit shows that the landing gear is down and locked?",
        "options": {
            "A": "Green light",
            "B": "Red light",
            "C": "Amber light"
        },
        "correct_answer": "A",
        "explanation": "Standard aviation convention uses green lights to indicate that each of the landing gears is in the down and locked position, safe for landing."
    },
    {
        "question_number": 27,
        "question": "Which component senses the position of the landing gear (up or down)?",
        "options": {
            "A": "Proximity switch",
            "B": "Pressure switch",
            "C": "Hydraulic actuator"
        },
        "correct_answer": "A",
        "explanation": "Proximity switches (or microswitches) are used to detect whether the landing gear is in the fully up and locked, or fully down and locked position, sending this information to the cockpit indicators."
    },
    {
        "question_number": 28,
        "question": "Which component attaches the landing gear to the aircraft structure and allows it to pivot?",
        "options": {
            "A": "Trunnion",
            "B": "Torque link",
            "C": "Shock strut"
        },
        "correct_answer": "A",
        "explanation": "The trunnion is a structural pivot point that connects the landing gear assembly to the airframe, allowing it to swing during retraction and extension."
    },
    {
        "question_number": 29,
        "question": "During taxiing, which component of the landing gear absorbs vibration and shock?",
        "options": {
            "A": "Shock strut",
            "B": "Tire",
            "C": "Brake assembly"
        },
        "correct_answer": "A",
        "explanation": "The shock strut (often an oleo-pneumatic strut) is the primary component designed to absorb and dampen the shocks and vibrations from ground operations."
    },
    {
        "question_number": 30,
        "question": "If the rudder pedals are not neutral when the rudder is streamlined, what adjustment is needed?",
        "options": {
            "A": "Re-rig the rudder cables",
            "B": "Adjust the rudder trim",
            "C": "Replace the rudder"
        },
        "correct_answer": "A",
        "explanation": "A discrepancy between the pedal position and the control surface position indicates an issue with the control rigging. The cable tension and length must be adjusted to align them."
    },
    {
        "question_number": 31,
        "question": "What is the purpose of a Rotary Variable Differential Transformer (RVDT) in a spoiler system?",
        "options": {
            "A": "To convert control movement into electrical signals",
            "B": "To move the spoiler surface directly",
            "C": "To provide hydraulic pressure"
        },
        "correct_answer": "A",
        "explanation": "An RVDT is a sensor that converts the angular position of a pilot's control (like a yoke or speedbrake lever) into a proportional electrical signal for the flight control computer."
    },
    {
        "question_number": 32,
        "question": "How can incorrect rudder travel (total range of motion) be corrected?",
        "options": {
            "A": "Adjusting the bellcrank stops",
            "B": "Changing cable tension",
            "C": "Lubricating the hinges"
        },
        "correct_answer": "A",
        "explanation": "The total travel of a control surface is limited by mechanical stops. Adjusting these stops on the bellcrank or in the control linkage will correct the overall range of motion."
    },
    {
        "question_number": 33,
        "question": "What device uses an electrically driven, out-of-balance rotor to shake the control column during a stall warning?",
        "options": {
            "A": "Stick shaker",
            "B": "Stick pusher",
            "C": "Yaw damper"
        },
        "correct_answer": "A",
        "explanation": "The stick shaker is a tactile stall warning device that vibrates the control column to physically and audibly alert the pilot of an impending stall."
    },
    {
        "question_number": 34,
        "question": "What system is used to provide a natural feel to the pilot in a powered flight control system?",
        "options": {
            "A": "Artificial feel system",
            "B": "Trim system",
            "C": "Autopilot system"
        },
        "correct_answer": "A",
        "explanation": "In fully powered or fly-by-wire systems where pilots do not directly feel aerodynamic forces, an artificial feel system simulates these forces to prevent over-controlling the aircraft."
    },
    {
        "question_number": 35,
        "question": "A mechanical Q-feel system, which provides artificial feel proportional to dynamic pressure, often uses a...",
        "options": {
            "A": "Pivoting fulcrum mechanism",
            "B": "Hydraulic actuator",
            "C": "Digital computer"
        },
        "correct_answer": "A",
        "explanation": "Mechanical Q-feel systems often use a combination of pitot pressure acting on a bellows and a system of levers with a movable fulcrum to create a resistance force at the controls."
    },
    {
        "question_number": 36,
        "question": "What type of stall warning system is commonly used on light aircraft?",
        "options": {
            "A": "Pneumatic reed horn",
            "B": "Stick shaker",
            "C": "Angle of Attack indicator"
        },
        "correct_answer": "A",
        "explanation": "Many light aircraft use a simple pneumatic stall warning system where, at a high angle of attack, a vent on the leading edge is uncovered, drawing air through a reed to create an audible horn sound."
    },
    {
        "question_number": 37,
        "question": "In an advanced aircraft, what unit initiates a warning like a stick shaker upon detecting an impending stall?",
        "options": {
            "A": "Stall warning computer",
            "B": "Air data computer",
            "C": "Flight management computer"
        },
        "correct_answer": "A",
        "explanation": "The stall warning computer receives inputs from sensors like Angle of Attack vanes and, based on its logic, triggers the appropriate warnings like stick shakers or audio alerts."
    },
    {
        "question_number": 38,
        "question": "Jumpy or binding sensations in the elevator control are NOT typically caused by which of the following?",
        "options": {
            "A": "Cable tension being too high",
            "B": "Worn pulleys or fairleads",
            "C": "Dry or corroded hinges"
        },
        "correct_answer": "A",
        "explanation": "Excessively high cable tension usually causes stiffness or heavy control feel, not a jumpy or binding sensation. Binding is more often caused by friction from worn pulleys, dry hinges, or foreign object debris."
    },
    {
        "question_number": 39,
        "question": "How is 'lost motion' or excessive play in a cable-operated aileron system typically corrected?",
        "options": {
            "A": "Adjusting cable tension",
            "B": "Lubricating the control wheel",
            "C": "Replacing the aileron"
        },
        "correct_answer": "A",
        "explanation": "Lost motion in a control system means the pilot's control moves before the surface does. This is usually due to slack cables, which can be corrected by adjusting the turnbuckles to the proper tension."
    },
    {
        "question_number": 40,
        "question": "What is the effect of improperly adjusted aileron bellcrank stops?",
        "options": {
            "A": "Incorrect aileron travel",
            "B": "Aileron flutter",
            "C": "Increased control forces"
        },
        "correct_answer": "A",
        "explanation": "The stops define the maximum up and down deflection of the aileron. If they are not set correctly, the aileron will either not travel far enough (reducing roll authority) or travel too far."
    },
    {
        "question_number": 41,
        "question": "Leading edge devices (like slats) are typically retracted during ___ and extended during ___.",
        "options": {
            "A": "Cruise; takeoff and landing",
            "B": "Takeoff; cruise",
            "C": "Landing; taxiing"
        },
        "correct_answer": "A",
        "explanation": "Leading edge high-lift devices are extended for low-speed flight phases like takeoff and landing to increase lift and delay stalls. They are retracted during cruise to reduce drag."
    },
    {
        "question_number": 42,
        "question": "In a fly-by-wire system, what unit typically converts analog pilot inputs into a digital format for the Primary Flight Computer (PFC)?",
        "options": {
            "A": "Actuator Control Electronics (ACE)",
            "B": "Air Data Computer (ADC)",
            "C": "Inertial Reference Unit (IRU)"
        },
        "correct_answer": "A",
        "explanation": "The Actuator Control Electronics (ACE) serves as an interface, converting analog signals from pilot controls and sensors into digital signals for the flight computers."
    },
    {
        "question_number": 43,
        "question": "Which unit is responsible for calculating control laws, converting pilot control position into appropriate control surface and trim commands?",
        "options": {
            "A": "Primary Flight Computer (PFC)",
            "B": "Actuator Control Electronics (ACE)",
            "C": "Autopilot Flight Director System (AFDS)"
        },
        "correct_answer": "A",
        "explanation": "The Primary Flight Computer (PFC) is the 'brain' of a fly-by-wire system. It interprets pilot inputs and applies complex control laws to command the flight control surfaces for optimal performance and stability."
    },
    {
        "question_number": 44,
        "question": "A stall protection system may take all of the following actions when approaching a stall, EXCEPT:",
        "options": {
            "A": "Deploying spoilers",
            "B": "Activating the stick shaker",
            "C": "Pushing the control column forward"
        },
        "correct_answer": "A",
        "explanation": "Deploying spoilers decreases lift and would worsen a stall. Stall protection systems warn the pilot (stick shaker) and automatically reduce the angle of attack (stick pusher) to prevent a stall."
    },
    {
        "question_number": 45,
        "question": "When the speed brake lever is moved to deploy, what is the corresponding action of the flight spoilers?",
        "options": {
            "A": "They raise/extend upwards",
            "B": "They retract into the wing",
            "C": "They deflect downwards"
        },
        "correct_answer": "A",
        "explanation": "Moving the speed brake lever commands the flight spoilers to extend upwards into the airflow, disrupting lift and increasing drag to slow the aircraft down."
    },
    {
        "question_number": 46,
        "question": "What is a primary aerodynamic effect of deploying spoilers?",
        "options": {
            "A": "They decrease lift",
            "B": "They increase lift",
            "C": "They decrease drag"
        },
        "correct_answer": "A",
        "explanation": "Spoilers are named for their function: they 'spoil' or disrupt the smooth airflow over the top of the wing, which significantly reduces lift and increases drag."
    },
    {
        "question_number": 47,
        "question": "Leading Edge (LE) high-lift devices include all of the following EXCEPT:",
        "options": {
            "A": "Flaperon",
            "B": "Slats",
            "C": "Krueger flaps"
        },
        "correct_answer": "A",
        "explanation": "Slats and Krueger flaps are devices on the leading edge of the wing. A flaperon is a control surface on the trailing edge that functions as both a flap and an aileron."
    },
    {
        "question_number": 48,
        "question": "What is the function of an artificial feel system?",
        "options": {
            "A": "To provide the pilot with a resistance force proportional to flight loads",
            "B": "To automatically trim the aircraft",
            "C": "To dampen control surface flutter"
        },
        "correct_answer": "A",
        "explanation": "In powered flight control systems, artificial feel simulates the aerodynamic forces a pilot would feel in a direct linkage system, helping to prevent over-controlling the aircraft, especially at high speeds."
    },
    {
        "question_number": 49,
        "question": "When used as speedbrakes in flight, how are spoilers typically deployed?",
        "options": {
            "A": "Symmetrically on both wings",
            "B": "Only on the left wing",
            "C": "Asymmetrically (one up, one down)"
        },
        "correct_answer": "A",
        "explanation": "To slow the aircraft without inducing a roll, flight spoilers are deployed symmetrically (in equal amounts) on both wings. They are deployed asymmetrically to assist with roll control."
    }
]