[
  {
    "question_number": 1,
    "question": "The fuselage skin and flaps are usually made from which aluminum alloy?",
    "options": {
      "a": "7075",
      "b": "2024",
      "c": "7178",
      "d": "7055"
    },
    "correct_answer": "b"
  },
  {
    "question_number": 2,
    "question": "Which aluminum alloy is typically used for wing spars and beams due to its high compressive strength?",
    "options": {
      "a": "7055",
      "b": "7178",
      "c": "7175",
      "d": "2024"
    },
    "correct_answer": "b"
  },
  {
    "question_number": 3,
    "question": "For high strength requirements, aircraft parts are often assembled using:",
    "options": {
      "a": "RIVETS ONLY",
      "b": "NUTS AND BOLTS",
      "c": "ADHESIVE BONDING",
      "d": "BOTH B AND C"
    },
    "correct_answer": "b"
  },
  {
    "question_number": 4,
    "question": "What is a critical principle to follow when assembling aircraft in a repair shop compared to a factory?",
    "options": {
      "a": "USE INFERIOR MATERIALS AS REQUIRED",
      "b": "ADOPT FACTORY-LIKE ASSEMBLY PLANNING",
      "c": "ACCEPT VARIATIONS IN ASSEMBLY PROCEDURES",
      "d": "ALWAYS USE ALL TYPE OF HARDWARE"
    },
    "correct_answer": "b"
  },
  {
    "question_number": 5,
    "question": "For larger aircraft, which of the following items might be needed during assembly?",
    "options": {
      "a": "SMALL HAND TOOLS ONLY",
      "b": "LIFTING BRIDLE WITH SPREADER BARS",
      "c": "ONLY A SIMPLE MEASURING TAPE",
      "d": "NONE, ALL EQUIPMENT IS BUILT-IN"
    },
    "correct_answer": "b"
  },
  {
    "question_number": 6,
    "question": "Why is it important to insert bolts in the correct direction?",
    "options": {
      "a": "IT AVOIDS DISTURBED FLOW OF AIR",
      "b": "IT PREVENTS INTERFERENCE WITH CONTROL SURFACES",
      "c": "IT MAKES THEM EASIER TO REMOVE",
      "d": "IT SAVES TIME DURING ASSEMBLY"
    },
    "correct_answer": "b"
  },
  {
    "question_number": 7,
    "question": "What is the recommended safety mechanism for bolts used in control surface hinges?",
    "options": {
      "a": "FIBER LOCKNUTS",
      "b": "LOCK WASHERS",
      "c": "COTTER PINS",
      "d": "RUBBER GROMMETS"
    },
    "correct_answer": "c"
  },
  {
    "question_number": 8,
    "question": "In the absence of specific instructions, how should bolts be oriented?",
    "options": {
      "a": "THREADED END UP",
      "b": "BOLT HEAD UP OR FORWARD",
      "c": "RANDOMLY",
      "d": "THREADED END DOWN"
    },
    "correct_answer": "b"
  },
  {
    "question_number": 9,
    "question": "What should be done first before assembling components?",
    "options": {
      "a": "LEVEL THE AIRCRAFT",
      "b": "SUPPORTING THE STRUCTURE TO BE MOUNTED",
      "c": "LOCATION ROUTING OF CABLES AND HOSES",
      "d": "INSPECT MOUNTING AREA"
    },
    "correct_answer": "d"
  },
  {
    "question_number": 10,
    "question": "According to safety guidelines, what should technicians ensure when using jacks or hoists?",
    "options": {
      "a": "ALWAYS NOSE OF AIRCRAFT TO WIND DIRECTION",
      "b": "THEY SHOULD LET OTHERS WATCH FROM CLOSE BY",
      "c": "NOBODY SHOULD BE POSITIONED UNDER THE SUPPORT",
      "d": "THEY CAN IMPROVISE SUPPORTS AS THEY SEE FIT"
    },
    "correct_answer": "c"
  },
  {
    "question_number": 11,
    "question": "Which of the following components is NOT used for aircraft hoisting?",
    "options": {
      "a": "SPREADER BAR",
      "b": "SLING",
      "c": "HOOK",
      "d": "WOODEN CRADLE"
    },
    "correct_answer": "d"
  },
  {
    "question_number": 12,
    "question": "After the fuselage is assembled, what structure is typically used to support it during further assembly?",
    "options": {
      "a": "JUST THE FLOOR OF THE FACTORY",
      "b": "ANY NEARBY EQUIPMENT",
      "c": "A JIG OR FIXTURE",
      "d": "HEAVY-DUTY FLOORING ONLY"
    },
    "correct_answer": "c"
  },
  {
    "question_number": 13,
    "question": "When removing wings, what is the very first step that should be taken?",
    "options": {
      "a": "REMOVE CONTROL CABLE CONNECTIONS",
      "b": "OBSERVE SAFETY PROCEDURES",
      "c": "LABEL AND RETAIN HARDWARE",
      "d": "DISCONNECT STRUT FITTING"
    },
    "correct_answer": "b"
  },
  {
    "question_number": 14,
    "question": "What should be done after disconnecting brake lines when removing landing gear?",
    "options": {
      "a": "REMOVE MOUNT HARDWARE",
      "b": "INSPECT BRAKE LINES",
      "c": "RETURN AIRCRAFT TO NORMAL",
      "d": "DEPRESSURIZE THE HYDRAULIC SYSTEM"
    },
    "correct_answer": "a"
  },
  {
    "question_number": 15,
    "question": "What is one of the last steps in the assembly/installation process for wings?",
    "options": {
      "a": "INSPECT MOUNTING AREA",
      "b": "ADJUST THE INCIDENCE",
      "c": "DISCONNECT CONTROL CABLES",
      "d": "REMOVE APPLICABLE FAIRINGS"
    },
    "correct_answer": "b"
  },
  {
    "question_number": 16,
    "question": "During the installation of stabilizers, what should be done after supporting the stabilizer?",
    "options": {
      "a": "DISCONNECT CONTROL CABLES",
      "b": "OPEN ACCESS PANELS",
      "c": "INSTALL MOUNT FITTINGS",
      "d": "REMOVE STABILIZER"
    },
    "correct_answer": "c"
  },
  {
    "question_number": 17,
    "question": "In the landing gear assembly for low-wing airplanes, what component must be installed first?",
    "options": {
      "a": "WINGS",
      "b": "EMPENNAGE",
      "c": "CONTROL SURFACES",
      "d": "LANDING GEAR"
    },
    "correct_answer": "d"
  },
  {
    "question_number": 18,
    "question": "What is the purpose of using a spreader bar during aircraft hoisting?",
    "options": {
      "a": "TO INCREASE THE LOAD WEIGHT CAPACITY",
      "b": "PROVIDE CLEARANCE BETWEEN THE FUSELAGE AND CABLE",
      "c": "TO STABILIZE THE AIRCRAFT ON GROUND",
      "d": "TO ACT AS A VISUAL GUIDE FOR ALIGNMENT"
    },
    "correct_answer": "b"
  },
  {
    "question_number": 19,
    "question": "After inspecting the mounting area of the landing gear, what is the next step in the assembly process?",
    "options": {
      "a": "INSTALL THE BRAKE LINES",
      "b": "TORQUE AND SAFETY MOUNTS",
      "c": "SUPPORT THE LANDING GEAR",
      "d": "REMOVE ACCESS PANELS"
    },
    "correct_answer": "c"
  },
  {
    "question_number": 20,
    "question": "What type of supports are recommended for stabilizers to prevent damage?",
    "options": {
      "a": "WOODEN CRADLE SUPPORTS WITH PADDING",
      "b": "METAL SUPPORTS WITHOUT PADDING",
      "c": "NO SUPPORTS REQUIRED",
      "d": "PLASTIC SUPPORTS"
    },
    "correct_answer": "a"
  },
  {
    "question_number": 21,
    "question": "Which document is issued by the FAA to formally describe an aircraft and its limitations?",
    "options": {
      "a": "MAINTENANCE MANUAL",
      "b": "TYPE CERTIFICATE DATA SHEETS (TCDS)",
      "c": "STRUCTURAL REPAIR MANUAL (SRM)",
      "d": "SERVICE BULLETIN"
    },
    "correct_answer": "b"
  },
  {
    "question_number": 22,
    "question": "What aids in ensuring that control surfaces remain in their neutral position during rigging?",
    "options": {
      "a": "PROPER TORQUE SPECIFICATIONS",
      "b": "RIG PINS OR BLOCKS",
      "c": "SAFETY PIN",
      "d": "LOCKING BAR"
    },
    "correct_answer": "b"
  },
  {
    "question_number": 23,
    "question": "Which type of hardware can be used for safetying in addition to safety wire?",
    "options": {
      "a": "DOWEL PINS",
      "b": "LOCKNUTS",
      "c": "RUBBER BANDS",
      "d": "THREADED BARREL"
    },
    "correct_answer": "b"
  },
  {
    "question_number": 24,
    "question": "Which type of safety wire is indicated in the guidelines as being the proper type?",
    "options": {
      "a": "SINGLE TWIST ONLY",
      "b": "DOUBLE TWIST ONLY",
      "c": "DOUBLE OR SINGLE TWIST",
      "d": "LOCK WIRE"
    },
    "correct_answer": "c"
  },
  {
    "question_number": 25,
    "question": "What type of document provides guidelines and procedures for maintaining or repairing an aircraft?",
    "options": {
      "a": "SAFETY MANUAL",
      "b": "TYPE CERTIFICATE DATA SHEET",
      "c": "MAINTENANCE MANUAL",
      "d": "PILOT OPERATING HANDBOOK"
    },
    "correct_answer": "c"
  },
  {
    "question_number": 26,
    "question": "What is the first step in the control surface rigging process?",
    "options": {
      "a": "MEASURE CABLE TENSION",
      "b": "LOCK CONTROL SURFACE",
      "c": "MAKE OPERATIONAL CHECK",
      "d": "ADJUST STOPS AS NECESSARY"
    },
    "correct_answer": "b"
  },
  {
    "question_number": 27,
    "question": "When lifting an aircraft fuselage with a sling, what precaution should be taken?",
    "options": {
      "a": "USE A CHAIN INSTEAD OF WEBBING",
      "b": "ATTACH DIRECTLY TO THE UNREINFORCED SKIN AREAS",
      "c": "USE WELL PADDED WEBBING TO AVOID DAMAGE",
      "d": "LIFT ONLY FROM THE TAIL SECTION"
    },
    "correct_answer": "c"
  },
  {
    "question_number": 28,
    "question": "What is the purpose of tapered drifts during assembly?",
    "options": {
      "a": "TO CUT BOLT THREADS",
      "b": "TO HELP LINE UP BOLT HOLES ACCURATELY",
      "c": "TO MEASURE THE LENGTH OF BOLTS",
      "d": "TO TIGHTEN NUTS MORE EASILY"
    },
    "correct_answer": "b"
  },
  {
    "question_number": 29,
    "question": "How accurate is a properly maintained tensiometer?",
    "options": {
      "a": "80%",
      "b": "90%",
      "c": "95%",
      "d": "98%"
    },
    "correct_answer": "d"
  },
  {
    "question_number": 30,
    "question": "When rigging flight control systems, which tool is NOT commonly used?",
    "options": {
      "a": "TENSIOMETER",
      "b": "SPIRIT LEVEL",
      "c": "CLINOMETER",
      "d": "PROTRACTOR"
    },
    "correct_answer": "c"
  },
  {
    "question_number": 31,
    "question": "What is the purpose of a rigging fixture or contour template?",
    "options": {
      "a": "TO MEASURE TORQUE TUBE ANGLE",
      "b": "TO ADJUST STOPS AS NECESSARY",
      "c": "TO MEASURE CONTROL SURFACE TRAVEL",
      "d": "TO LEVEL THE AIRCRAFT"
    },
    "correct_answer": "c"
  },
  {
    "question_number": 32,
    "question": "To level an aircraft longitudinally, which item might you use?",
    "options": {
      "a": "TAPE RULE",
      "b": "SPIRIT LEVEL",
      "c": "CLINOMETER",
      "d": "PROTRACTOR"
    },
    "correct_answer": "b"
  },
  {
    "question_number": 33,
    "question": "Where should a spirit level be placed for lateral leveling?",
    "options": {
      "a": "ON A LONGITUDINAL MEMBER",
      "b": "ON A LATERAL MEMBER",
      "c": "ON THE WINGS",
      "d": "NEAR THE TAIL"
    },
    "correct_answer": "b"
  },
  {
    "question_number": 34,
    "question": "What method do some manufacturers use to level an aircraft?",
    "options": {
      "a": "USING A RULER",
      "b": "USING A PLUMB BOB AND TARGET",
      "c": "USING A TENSION GAUGE",
      "d": "USING A PROTRACTOR"
    },
    "correct_answer": "b"
  },
  {
    "question_number": 35,
    "question": "What indicates that an aircraft might need a symmetry check?",
    "options": {
      "a": "GOOD FLIGHT CHARACTERISTICS",
      "b": "UNUSUAL FLIGHT CHARACTERISTICS",
      "c": "NORMAL STRUCTURAL INTEGRITY",
      "d": "WELL-FITTED PANELS"
    },
    "correct_answer": "b"
  },
  {
    "question_number": 36,
    "question": "For a successful symmetry check, measurements should be taken from the vertical fin to which components?",
    "options": {
      "a": "THE WINGS",
      "b": "THE HORIZONTAL STABILIZER",
      "c": "THE FUSELAGE",
      "d": "BOTH A&B"
    },
    "correct_answer": "d"
  },
  {
    "question_number": 37,
    "question": "What is the first thing to check if there are reported strange flight characteristics?",
    "options": {
      "a": "PROPER MATERIALS",
      "b": "SAFETY DEVICES",
      "c": "STRUCTURAL ALIGNMENT",
      "d": "CONTROL SURFACE TRAVEL"
    },
    "correct_answer": "c"
  },
  {
    "question_number": 38,
    "question": "What should be checked after any major structural repairs?",
    "options": {
      "a": "SYMMETRY CHECK",
      "b": "OPERATIONAL CHECK",
      "c": "CABLE TENSION",
      "d": "LEVELING PROCEDURE"
    },
    "correct_answer": "a"
  },
  {
    "question_number": 39,
    "question": "What can be a reason for misalignment noticed during a symmetry check?",
    "options": {
      "a": "HIGH FUEL LEVELS",
      "b": "SEVERELY WORN TIRES",
      "c": "STRUCTURAL DEFORMATION",
      "d": "IMPROPER RIGGING TOOLS"
    },
    "correct_answer": "c"
  },
  {
    "question_number": 40,
    "question": "When using a plumb bob for leveling, where should it be suspended from?",
    "options": {
      "a": "ANY PART OF THE AIRCRAFT",
      "b": "A SPECIFIED STRUCTURAL MEMBER",
      "c": "THE WINGS HIGHEST POINT",
      "d": "THE TAIL HIGHEST POINT"
    },
    "correct_answer": "b"
  },
  {
    "question_number": 41,
    "question": "What should be done if an aircraft is found to be out of alignment?",
    "options": {
      "a": "ADJUST THE FUEL LOAD DISTRIBUTION",
      "b": "INVESTIGATE AND CORRECT THE REMARK",
      "c": "IMMEDIATELY TAKE OFF FOR A TEST FLIGHT",
      "d": "IGNORE IT IF IT FLIES CORRECTLY"
    },
    "correct_answer": "b"
  },
  {
    "question_number": 42,
    "question": "Which angle is formed between the lateral axis of an airplane and a line passing through the center of the wing?",
    "options": {
      "a": "ANGLE OF INCIDENCE",
      "b": "DIHEDRAL ANGLE",
      "c": "WASH IN ANGLE",
      "d": "STABILIZER ANGLE"
    },
    "correct_answer": "b"
  },
  {
    "question_number": 43,
    "question": "How is the dihedral angle measured?",
    "options": {
      "a": "USING PROTRACTOR AND SPIRIT LEVEL",
      "b": "USING DIHEDRAL BOARD AND SPIRIT LEVEL",
      "c": "USING INCIDENCE AND DIHEDRAL BOARD",
      "d": "USING TAPE RULE AND SPIRIT LEVEL"
    },
    "correct_answer": "b"
  },
  {
    "question_number": 44,
    "question": "Eccentric bushings are used for adjusting what parameter of cantilever wings?",
    "options": {
      "a": "DIHEDRAL ANGLE",
      "b": "WING SPAN",
      "c": "ANGLE OF INCIDENCE",
      "d": "WING AREA"
    },
    "correct_answer": "c"
  },
  {
    "question_number": 45,
    "question": "The angle of incidence increases when the :",
    "options": {
      "a": "FRONT STRUT OF A STRUT-BRACED AIRPLANE IS SHORTENED",
      "b": "REAR STRUT OF A STRUT-BRACED AIRPLANE IS LENGTHENED",
      "c": "REAR STRUT OF A STRUT-BRACED AIRPLANE IS SHORTENED",
      "d": "FRONT STRUT OF A STRUT-BRACED AIRPLANE IS LENGTHENED"
    },
    "correct_answer": "c"
  },
  {
    "question_number": 46,
    "question": "What type of aircraft typically has adjustable dihedral angles?",
    "options": {
      "a": "CANTILEVER AIRPLANES",
      "b": "STRUT-BRACED AIRPLANES",
      "c": "GLIDERS",
      "d": "BIPLANES"
    },
    "correct_answer": "b"
  },
  {
    "question_number": 47,
    "question": "What does a symmetry check involve for an aircraft?",
    "options": {
      "a": "ALIGNING DISTANCES TO THE REFERENCE POINTS",
      "b": "MEASURING DISTANCES FROM REFERENCE POINTS",
      "c": "ADJUSTING DISTANCES TO THE REFERENCE POINTS",
      "d": "ALIGNING DISTANCES OF FRONT AND AFT FROM REFERENCE"
    },
    "correct_answer": "b"
  },
  {
    "question_number": 48,
    "question": "What is indicated if the forward rims of the landing gear wheels are closer together than the aft rims?",
    "options": {
      "a": "POSITIVE CAMBER",
      "b": "ZERO CAMBER",
      "c": "TOE IN",
      "d": "TOE OUT"
    },
    "correct_answer": "c"
  },
  {
    "question_number": 49,
    "question": "Which alignment is crucial for the empennage of an aircraft?",
    "options": {
      "a": "DIHEDRAL ANGLE ONLY",
      "b": "ANGLE OF INCIDENCE ONLY",
      "c": "BOTH WINGS AND TAIL SYMMETRY",
      "d": "TAIL ALIGNMENT"
    },
    "correct_answer": "c"
  },
  {
    "question_number": 50,
    "question": "The alignment checks may NOT be necessary after:",
    "options": {
      "a": "MAJOR STRUCTURAL REPAIRS",
      "b": "ROUTINE MAINTENANCE",
      "c": "UNUSUAL FLIGHT CHARACTERISTICS",
      "d": "ALTERATION OF PARTS"
    },
    "correct_answer": "b"
  },
  {
    "question_number": 51,
    "question": "What tool is typically used for checking vertical symmetry?",
    "options": {
      "a": "SPIRIT LEVEL",
      "b": "MEASURING TAPE",
      "c": "PLUMB BOB",
      "d": "DIHEDRAL BOARD"
    },
    "correct_answer": "c"
  },
  {
    "question_number": 52,
    "question": "What is 'washout' in terms of wing alignment?",
    "options": {
      "a": "INCREASING ANGLE OF INCIDENCE FROM ROOT TO TIP",
      "b": "DECREASING ANGLE OF INCIDENCE FROM ROOT TO TIP",
      "c": "CHANGING INCIDENCE ANGLES",
      "d": "MAINTAINING ANGLE OF INCIDENCE FROM ROOT TO TIP"
    },
    "correct_answer": "b"
  },
  {
    "question_number": 53,
    "question": "What must be checked to ensure the correct alignment of landing gear?",
    "options": {
      "a": "ONLY TOE-IN CONDITIONS",
      "b": "ONLY CAMBER",
      "c": "TOE-IN, TOE-OUT AND CAMBER",
      "d": "WHEEL ALIGNEMENT"
    },
    "correct_answer": "c"
  },
  {
    "question_number": 54,
    "question": "What is a cantilever wing?",
    "options": {
      "a": "A WING SUPPORTED BY STRUTS",
      "b": "A WING SUPPORTED INTERNALLY",
      "c": "A WING THAT HAS EXTERNAL SUPPORT",
      "d": "A WING DESIGNED TO ROTATE"
    },
    "correct_answer": "b"
  },
  {
    "question_number": 55,
    "question": "Tightening the landing wires of a bi-plane increases the",
    "options": {
      "a": "INCIDENT ANGLE",
      "b": "DIHEDRAL ANGLE",
      "c": "STAGGER",
      "d": "DECALAGE"
    },
    "correct_answer": "b"
  },
  {
    "question_number": 56,
    "question": "What happens when an aircraft is out of rig?",
    "options": {
      "a": "THE AIRCRAFT BECOMES MORE STABLE",
      "b": "THE TOTAL DRAG INCREASES",
      "c": "PILOT CONTROL BECOMES UNNECESSARY",
      "d": "THE AIRCRAFT CAN BETTER HANDLE TURBULENCE"
    },
    "correct_answer": "b"
  },
  {
    "question_number": 57,
    "question": "Stability around the longitudinal axis of an aircraft is primarily achieved by:",
    "options": {
      "a": "RIGGING THE WINGS AND AILERONS CORRECTLY",
      "b": "INCREASING THE AIRCRAFT'S WEIGHT",
      "c": "DECREASING WING SIZE",
      "d": "CHANGING THE PILOT'S POSITION"
    },
    "correct_answer": "a"
  },
  {
    "question_number": 58,
    "question": "In a monoplane, what effect does a wing with dihedral have during flight?",
    "options": {
      "a": "BOTH WINGS GAIN LIFT EVENLY",
      "b": "THE LOW WING RISES WHILE THE HIGH WING LOWERS",
      "c": "THE AIRCRAFT LOSES ALTITUDE",
      "d": "THE AILERONS BECOME INEFFECTIVE"
    },
    "correct_answer": "b"
  },
  {
    "question_number": 59,
    "question": "What is the consequence of an incorrect angle of incidence?",
    "options": {
      "a": "REDUCED DRAG AND GREATER SPEED",
      "b": "INCREASED DRAG AND MISALIGNMENT OF THE FUSELAGE",
      "c": "ENHANCED FUEL EFFICIENCY",
      "d": "IMPROVED STABILITY"
    },
    "correct_answer": "b"
  },
  {
    "question_number": 60,
    "question": "What term describes the process of changing the angle of incidence of a wing?",
    "options": {
      "a": "RIGGING",
      "b": "BALANCING",
      "c": "WASHING",
      "d": "ALIGNING"
    },
    "correct_answer": "c"
  },
  {
    "question_number": 61,
    "question": "Washout in a wing is characterized by:",
    "options": {
      "a": "AN INCREASE IN LIFT FROM ROOT TO TIP",
      "b": "A DECREASE IN ANGLE OF INCIDENCE FROM ROOT TO TIP",
      "c": "BOTH AN INCREASE AND DECREASE IN LIFT",
      "d": "A HIGHER STALL SPEED"
    },
    "correct_answer": "b"
  },
  {
    "question_number": 62,
    "question": "What is the meaning of 'stagger' in a biplane context?",
    "options": {
      "a": "THE LONGITUDINAL DIFFERENCE IN POSITIONS OF THE WINGS",
      "b": "THE VERTICAL DISTANCE BETWEEN TWO WINGS",
      "c": "THE OVERALL WIDTH OF THE WINGSPAN",
      "d": "THE HEIGHT OF THE TAIL SECTION"
    },
    "correct_answer": "a"
  },
  {
    "question_number": 63,
    "question": "When rigging a biplane, what is the first step?",
    "options": {
      "a": "ADJUST THE HORIZONTAL STABILIZER",
      "b": "INSTALL THE UPPER WINGS",
      "c": "LEVEL THE FUSELAGE",
      "d": "ATTACH THE CONTROL SURFACES"
    },
    "correct_answer": "c"
  },
  {
    "question_number": 64,
    "question": "Decalage refers to:",
    "options": {
      "a": "THE OVERALL SIZE OF THE WINGS",
      "b": "THE DIFFERENCE IN ANGLES OF INCIDENCE",
      "c": "THE DISTANCE BETWEEN THE WINGS",
      "d": "A TYPE OF CONTROL SURFACE ADJUSTMENT"
    },
    "correct_answer": "b"
  },
  {
    "question_number": 65,
    "question": "What should be the state of the tail brace wires during rigging?",
    "options": {
      "a": "COMPLETELY LOOSE",
      "b": "ATTACHED TO THE HORIZONTAL STABILIZER BUT WITHOUT ANY TENSION",
      "c": "CONNECTED AND TIGHTENED UNTIL SLACK IS REMOVED",
      "d": "REMOVED FOR SAFETY PURPOSES"
    },
    "correct_answer": "c"
  },
  {
    "question_number": 66,
    "question": "The main purpose of cross-brace wires in a biplane is to:",
    "options": {
      "a": "MAKE THE WINGS HEAVIER",
      "b": "SUPPORT THE CENTER SECTION LATERALLY",
      "c": "INCREASE DRAG DURING FLIGHT",
      "d": "CONNECT THE WINGS DIRECTLY"
    },
    "correct_answer": "b"
  },
  {
    "question_number": 67,
    "question": "Which method is effective for ensuring the dihedral angle is correct?",
    "options": {
      "a": "CHECKING WITH A BUBBLE PROTRACTOR",
      "b": "CHECKING WITH A DIHEDRAL BOARD",
      "c": "A & B",
      "d": "CHECKING WITH A PLUMB BOB"
    },
    "correct_answer": "c"
  },
  {
    "question_number": 68,
    "question": "When leveling an aircraft during rigging checks, what device is typically used to ensure proper leveling?",
    "options": {
      "a": "SPIRIT LEVEL",
      "b": "SPIRIT BUBBLE",
      "c": "PLUMB BOB WITH GRID PLATE",
      "d": "LASER ALIGNMENT TOOL"
    },
    "correct_answer": "c"
  },
  {
    "question_number": 69,
    "question": "What is the purpose of adjusting the length of the rear struts in wing-heavy flight conditions?",
    "options": {
      "a": "TO DECREASE LIFT AND INCREASE DRAG",
      "b": "TO WASH IN THE WING BY INCREASING THE ANGLE OF INCIDENCE",
      "c": "TO REDUCE THE AIRCRAFT'S WEIGHT",
      "d": "TO IMPROVE ENGINE PERFORMANCE"
    },
    "correct_answer": "b"
  },
  {
    "question_number": 70,
    "question": "How does washing out a wing affect its lift characteristics?",
    "options": {
      "a": "IT INCREASES LIFT AND IMPROVES STALL CHARACTERISTICS",
      "b": "IT DECREASES LIFT AND IMPROVES STALL CHARACTERISTICS",
      "c": "IT INCREASES LIFT BUT WORSENS STALL CHARACTERISTICS",
      "d": "IT HAS NO EFFECT ON LIFT OR STALL CHARACTERISTICS"
    },
    "correct_answer": "b"
  },
  {
    "question_number": 71,
    "question": "Why should rigging and alignment checks usually be performed in an enclosed hangar?",
    "options": {
      "a": "TO AVOID WEATHER-RELATED DAMAGE DURING CHECKS",
      "b": "TO IMPROVE VISIBILITY FOR THE MECHANIC",
      "c": "TO ALLOW FASTER ACCESS TO TOOLS",
      "d": "BECAUSE IT'S MANDATED BY LAW"
    },
    "correct_answer": "a"
  },
  {
    "question_number": 72,
    "question": "What is the primary purpose of deploying flaps during flight?",
    "options": {
      "a": "TO INCREASE THE AIRCRAFT'S SPEED",
      "b": "TO DECREASE LIFT AND DRAG",
      "c": "TO INCREASE WING CAMBER FOR GREATER LIFT AT SLOW SPEEDS",
      "d": "TO REDUCE AIRCRAFT WEIGHT"
    },
    "correct_answer": "c"
  },
  {
    "question_number": 73,
    "question": "Which leading-edge device extends forward and downward from the wing's leading edge?",
    "options": {
      "a": "FLAPS",
      "b": "SLATS",
      "c": "SPOILERS",
      "d": "TABS"
    },
    "correct_answer": "b"
  },
  {
    "question_number": 74,
    "question": "What is the main function of spoilers on an aircraft?",
    "options": {
      "a": "TO INCREASE LIFT DURING TAKEOFF",
      "b": "TO REDUCE LIFT BY DISRUPTING AIRFLOW",
      "c": "TO IMPROVE FUEL EFFICIENCY",
      "d": "TO CONTROL YAW"
    },
    "correct_answer": "b"
  },
  {
    "question_number": 75,
    "question": "How do anti-servo tabs help with control surfaces?",
    "options": {
      "a": "THEY MOVE OPPOSITE TO THE PRIMARY CONTROL SURFACE TO REDUCE SENSITIVITY",
      "b": "THEY HELP INCREASE THE CONTROL SURFACE'S MOVEMENT SENSITIVITY",
      "c": "THEY LOCK THE CONTROL SURFACE IN PLACE",
      "d": "THEY ELIMINATE THE NEED FOR HYDRAULIC POWER"
    },
    "correct_answer": "c"
  },
  {
    "question_number": 76,
    "question": "In a mechanical control system, what component guides the movement of control cables?",
    "options": {
      "a": "HYDRAULIC ACTUATORS",
      "b": "TURNBUCKLES",
      "c": "PULLEYS",
      "d": "FIBER OPTIC CABLES"
    },
    "correct_answer": "c"
  },
  {
    "question_number": 77,
    "question": "Pattern of wear only one side of the pulley:",
    "options": {
      "a": "MISALIGNMENT OF CABLE",
      "b": "MISALIGNMENT OF PULLY",
      "c": "HIGH CABLE TENSION",
      "d": "TOO LARGE PULLEY FOR THE CABLE"
    },
    "correct_answer": "a"
  },
  {
    "question_number": 78,
    "question": "What is a key advantage of fly-by-light control systems over traditional fly-by-wire systems?",
    "options": {
      "a": "THEY ARE MORE SUSCEPTIBLE TO ELECTROMAGNETIC INTERFERENCE (EMI)",
      "b": "THEY USE FIBER OPTIC CABLES, REDUCING WEIGHT AND EMI SUSCEPTIBILITY",
      "c": "THEY REQUIRE NO ELECTRICAL POWER",
      "d": "THEY ARE EXCLUSIVELY USED IN SMALL, LIGHT AIRCRAFT"
    },
    "correct_answer": "b"
  },
  {
    "question_number": 79,
    "question": "Passing cable through pressurized aircraft bulk head :",
    "options": {
      "a": "FAIRLEAD",
      "b": "PRESSURE SEALS",
      "c": "ORIFICE",
      "d": "DOWL PIN"
    },
    "correct_answer": "b"
  },
  {
    "question_number": 80,
    "question": "What is the main purpose of turnbuckles in aircraft control cable systems?",
    "options": {
      "a": "TO GUIDE CABLES THROUGH STRUCTURES",
      "b": "TO ADJUST CABLE TENSION AND LENGTH",
      "c": "TO CONNECT CABLES TO CONTROL SURFACES",
      "d": "TO PREVENT CABLE WEAR"
    },
    "correct_answer": "b"
  },
  {
    "question_number": 81,
    "question": "Which component is used in a control system to provide minor adjustments in cable length?",
    "options": {
      "a": "FAIRLEADS",
      "b": "TURNBUCKLES",
      "c": "PULLEYS",
      "d": "PRESSURE SEALS"
    },
    "correct_answer": "b"
  },
  {
    "question_number": 82,
    "question": "Which statement about pressure seals in control cable systems is correct?",
    "options": {
      "a": "THEY ARE USED TO LUBRICATE PULLEYS",
      "b": "THEY PREVENT AIR PRESSURE LOSS WHILE ALLOWING CABLE MOVEMENT",
      "c": "THEY PERMANENTLY LOCK THE CABLES IN PLACE",
      "d": "THEY ARE ONLY USED IN HYDRAULIC SYSTEMS"
    },
    "correct_answer": "b"
  },
  {
    "question_number": 83,
    "question": "What is the primary purpose of a torque tube in an aircraft control system?",
    "options": {
      "a": "TO TRANSMIT HYDRAULIC FLUID",
      "b": "TO TRANSMIT ANGULAR OR TWISTING MOTION",
      "c": "TO SUPPORT STRUCTURAL LOADS",
      "d": "TO PROVIDE ELECTRICAL GROUNDING"
    },
    "correct_answer": "b"
  },
  {
    "question_number": 84,
    "question": "Which component is mainly used in trim tab systems to actuate the trim tab cables?",
    "options": {
      "a": "TORQUE TUBE",
      "b": "CABLE DRUM",
      "c": "HYDRAULIC ACTUATOR",
      "d": "CONTROL LEVER"
    },
    "correct_answer": "b"
  },
  {
    "question_number": 85,
    "question": "Which material is not commonly used for aircraft control cables?",
    "options": {
      "a": "STAINLESS STEEL",
      "b": "ALUMINUM ALLOY",
      "c": "CARBON STEEL"
    },
    "correct_answer": "b"
  },
  {
    "question_number": 86,
    "question": "How does adding a nylon coating to a steel control cable benefit its service life?",
    "options": {
      "a": "IT MAKES THE CABLE STRONGER",
      "b": "IT PROTECTS AGAINST FRICTION, DIRT, GRIT, AND VIBRATION",
      "c": "IT INCREASES ELECTRICAL CONDUCTIVITY",
      "d": "IT REDUCES THE CABLE'S WEIGHT SIGNIFICANTLY"
    },
    "correct_answer": "b"
  },
  {
    "question_number": 87,
    "question": "Which cable configuration is most flexible and used in primary control systems?",
    "options": {
      "a": "7 X 7",
      "b": "7 X 19",
      "c": "3 X 7",
      "d": "19 X 7"
    },
    "correct_answer": "b"
  },
  {
    "question_number": 88,
    "question": "What is a typical diameter range for aircraft control cables?",
    "options": {
      "a": "1/8 INCH TO 1/2 INCH",
      "b": "1/32 INCH TO 1/4 INCH",
      "c": "1/16 INCH TO 3/8 INCH",
      "d": "1/64 INCH TO 1/8 INCH"
    },
    "correct_answer": "b"
  },
  {
    "question_number": 89,
    "question": "Which type of control cable should be used in straight runs without pulleys?",
    "options": {
      "a": "FLEXIBLE CABLE",
      "b": "NONFLEXIBLE CABLE",
      "c": "EXTRA-FLEXIBLE CABLE",
      "d": "NYLON-COATED CABLE"
    },
    "correct_answer": "b"
  },
  {
    "question_number": 90,
    "question": "What hardware is typically used to connect and adjust control cables?",
    "options": {
      "a": "RIVETS AND CLAMPS",
      "b": "TURNBUCKLES, ROD ENDS, NUTS, AND BOLTS",
      "c": "HYDRAULIC FITTINGS",
      "d": "ELECTRICAL CONNECTORS"
    },
    "correct_answer": "b"
  },
  {
    "question_number": 91,
    "question": "Why is it important to correctly safety all hardware during aircraft control system rigging?",
    "options": {
      "a": "TO PREVENT ELECTRICAL SHORT CIRCUITS",
      "b": "TO ENSURE SMOOTH SURFACE MOVEMENT AND PREVENT DAMAGE",
      "c": "TO IMPROVE AERODYNAMIC PERFORMANCE",
      "d": "TO REDUCE WEIGHT"
    },
    "correct_answer": "b"
  },
  {
    "question_number": 92,
    "question": "What can happen if control cable tension is set too light at high temperatures?",
    "options": {
      "a": "THE CABLES MAY SNAP",
      "b": "THE CABLES WILL BECOME TOO STIFF",
      "c": "THE CABLES MIGHT SLIP OUT OF PULLEY GROOVES WHEN COOLED",
      "d": "THE CONTROL SURFACES WILL BECOME IMMOVABLE"
    },
    "correct_answer": "c"
  },
  {
    "question_number": 93,
    "question": "What component in large aircraft helps maintain constant cable tension despite temperature changes?",
    "options": {
      "a": "HYDRAULIC TENSIONER",
      "b": "AUTOMATIC CABLE TENSION REGULATOR",
      "c": "ELECTRICAL ACTUATOR",
      "d": "MECHANICAL LINKAGE"
    },
    "correct_answer": "b"
  },
  {
    "question_number": 94,
    "question": "What is a major disadvantage of the woven splice in aircraft cable?",
    "options": {
      "a": "IT PRODUCES ONLY ABOUT 75% STRENGTH",
      "b": "IT IS VERY QUICK TO APPLY",
      "c": "IT IS SUITABLE FOR MODERN AIRCRAFT ONLY",
      "d": "IT IS STRONGER THAN SWAGE-TYPE TERMINALS"
    },
    "correct_answer": "a"
  },
  {
    "question_number": 95,
    "question": "Nicopress® process can be used on cables up to what diameter?",
    "options": {
      "a": "1/4 INCH",
      "b": "3/8 INCH",
      "c": "1/2 INCH",
      "d": "5/8 INCH"
    },
    "correct_answer": "b"
  },
  {
    "question_number": 96,
    "question": "When swaging terminals onto cable ends, what should never be done to the cable ends?",
    "options": {
      "a": "APPLY A PRESERVATIVE",
      "b": "MEASURE THE LENGTH WITH MASKING TAPE",
      "c": "SOLDER THE CABLE ENDS",
      "d": "INSERT THE CABLE INTO THE TERMINAL PROPERLY"
    },
    "correct_answer": "c"
  },
  {
    "question_number": 97,
    "question": "Why is it important to follow the 'go' and 'no-go' dimensions during swaging?",
    "options": {
      "a": "TO ENSURE THE TERMINAL IS VISUALLY SYMMETRICAL",
      "b": "TO AVOID DEFECTIVE AND INFERIOR SWAGING",
      "c": "TO PREVENT CORROSION",
      "d": "TO MAKE THE PROCESS FASTER"
    },
    "correct_answer": "b"
  },
  {
    "question_number": 98,
    "question": "Which tool is used to check the proper dimension of the swaged terminal shank?",
    "options": {
      "a": "CALIPER",
      "b": "MICROMETER AND SWAGING CHART",
      "c": "RULER",
      "d": "VERNIER GAUGE"
    },
    "correct_answer": "b"
  },
  {
    "question_number": 99,
    "question": "What is the primary purpose of inspecting aircraft control cables regularly?",
    "options": {
      "a": "TO CHECK FOR WEAR, CORROSION",
      "b": "TO VERIFY COLOR CODING",
      "c": "TO MEASURE CABLE LENGTH ONLY",
      "d": "TO CLEAN THE CABLES"
    },
    "correct_answer": "a"
  },
  {
    "question_number": 100,
    "question": "Which area is NOT a prime spot for corrosion in aircraft cable systems?",
    "options": {
      "a": "BATTERY COMPARTMENTS",
      "b": "LAVATORIES",
      "c": "WHEEL WELLS",
      "d": "CABIN OVERHEAD BINS"
    },
    "correct_answer": "d"
  },
  {
    "question_number": 101,
    "question": "What is a critical fatigue area in control cable routing?",
    "options": {
      "a": "OVER A PULLEY OR FAIRLEAD",
      "b": "INSIDE THE CABIN",
      "c": "IN THE CARGO HOLD",
      "d": "NEAR THE COCKPIT INSTRUMENTS"
    },
    "correct_answer": "a"
  },
  {
    "question_number": 102,
    "question": "How can you perform a basic inspection for cable chafing or broken strands?",
    "options": {
      "a": "VISUALLY CHECK FROM OUTSIDE ONLY",
      "b": "RUB A RAG ALONG THE CABLE",
      "c": "USE A MAGNET ON THE CABLE",
      "d": "MEASURE CABLE LENGTH"
    },
    "correct_answer": "b"
  },
  {
    "question_number": 103,
    "question": "What tool is commonly used to measure control surface travel?",
    "options": {
      "a": "PROTRACTOR",
      "b": "TENSIOMETER",
      "c": "PLUMB BOB",
      "d": "STRAIGHT EDGE"
    },
    "correct_answer": "a"
  },
  {
    "question_number": 104,
    "question": "When checking control travel with a protractor, what must be done before taking readings?",
    "options": {
      "a": "APPLY LUBRICANT TO THE CONTROL SURFACE",
      "b": "ZERO THE PROTRACTOR ON THE AIRCRAFT SURFACE",
      "c": "ATTACH THE PROTRACTOR WITH ITS SUCTION CUP AND ALIGN ZEROES ON THE SCALES",
      "d": "REMOVE THE CONTROL SURFACE TEMPORARILY"
    },
    "correct_answer": "c"
  },
  {
    "question_number": 105,
    "question": "What is the purpose of safety wiring control system bolts and turnbuckles?",
    "options": {
      "a": "TO PREVENT LOOSENING DUE TO VIBRATION",
      "b": "TO MAKE ADJUSTMENTS EASIER",
      "c": "TO MAKE THE SYSTEM LOOK NEAT",
      "d": "TO PREVENT CORROSION"
    },
    "correct_answer": "a"
  },
  {
    "question_number": 106,
    "question": "In the rigging of ailerons, what device is used to lock the control yoke?",
    "options": {
      "a": "A SPECIAL RIGGING PIN",
      "b": "A COTTER PIN",
      "c": "A LOCKNUT",
      "d": "A RUBBER BAND"
    },
    "correct_answer": "a"
  },
  {
    "question_number": 107,
    "question": "When rigging the elevator, what component should be used to ensure proper alignment?",
    "options": {
      "a": "CONTROL SURFACE LOCK",
      "b": "A SPIRIT LEVEL",
      "c": "A TAPE MEASURE",
      "d": "A PLUMB BOB"
    },
    "correct_answer": "a"
  },
  {
    "question_number": 108,
    "question": "What is a common method to hold the rudder pedals in place during rigging?",
    "options": {
      "a": "CLAMP THE PEDALS",
      "b": "TIE THEM WITH STRING",
      "c": "USE DUCT TAPE",
      "d": "LEAVE THEM FREE, NO LOCKING NEEDED"
    },
    "correct_answer": "a"
  },
  {
    "question_number": 109,
    "question": "What is the first step in rigging the flaps?",
    "options": {
      "a": "ADJUSTING THE HEIM JOINTS",
      "b": "INSPECTING THE TOTAL TRAVEL OF THE FLAPS",
      "c": "CHECKING THE AILERON TORQUE TUBE",
      "d": "BALANCING THE CONTROL SURFACES"
    },
    "correct_answer": "b"
  },
  {
    "question_number": 110,
    "question": "When adjusting the Heim joints on the flap drive mechanism, what effect does moving the joints closer together have?",
    "options": {
      "a": "EXTENDS THE FLAPS",
      "b": "RAISES THE FLAPS",
      "c": "LOWERS THE FLAPS",
      "d": "NO EFFECT ON FLAP POSITION"
    },
    "correct_answer": "b"
  },
  {
    "question_number": 111,
    "question": "Which component is typically inspected to verify that the aileron torque tube is accurately centered within the flap torque tube?",
    "options": {
      "a": "THE HEIM JOINTS",
      "b": "THE FLAP DRIVE BOLTS' PINS",
      "c": "THE FLAP CONTROL CABLE",
      "d": "THE FLAP MOTOR"
    },
    "correct_answer": "b"
  },
  {
    "question_number": 112,
    "question": "What is the primary purpose of stabilizer rigging?",
    "options": {
      "a": "TO ADJUST THE DIHEDRAL AND ANGLE OF INCIDENCE OF THE STABILIZERS",
      "b": "TO BALANCE THE CONTROL SURFACES",
      "c": "TO CHECK FOR FLUTTER IN THE STABILIZERS",
      "d": "TO ADJUST THE FLAP TRAVEL"
    },
    "correct_answer": "a"
  },
  {
    "question_number": 113,
    "question": "When adjusting the trim tab, what position should the control stick be secured in?",
    "options": {
      "a": "FULL UP",
      "b": "FULL DOWN",
      "c": "NEUTRAL",
      "d": "EXTREME POSITION"
    },
    "correct_answer": "c"
  },
  {
    "question_number": 114,
    "question": "During trim tab adjustment, what should the travel of the trim tab measure?",
    "options": {
      "a": "±5°",
      "b": "±10°",
      "c": "±15°",
      "d": "EXACTLY 20°"
    },
    "correct_answer": "c"
  },
  {
    "question_number": 115,
    "question": "What is the primary concern if a control surface is not properly balanced?",
    "options": {
      "a": "INCREASED FUEL CONSUMPTION",
      "b": "FLUTTER DURING HIGH-SPEED FLIGHT",
      "c": "REDUCED LIFT",
      "d": "INCREASED DRAG"
    },
    "correct_answer": "b"
  },
  {
    "question_number": 116,
    "question": "Which type of balance involves the object's tendency to remain stationary when supported from its own center of gravity?",
    "options": {
      "a": "STATIC BALANCE",
      "b": "DYNAMIC BALANCE",
      "c": "AERODYNAMIC BALANCE",
      "d": "MECHANICAL BALANCE"
    },
    "correct_answer": "a"
  },
  {
    "question_number": 117,
    "question": "An upward movement of the trailing edge above the horizontal position during static balance indicates:",
    "options": {
      "a": "UNDERBALANCE",
      "b": "OVERBALANCE",
      "c": "CORRECT BALANCE",
      "d": "NO IMBALANCE"
    },
    "correct_answer": "b"
  },
  {
    "question_number": 118,
    "question": "Which method of control surface balancing does NOT require removal of the surface from the aircraft?",
    "options": {
      "a": "CALCULATION METHOD",
      "b": "SCALE METHOD",
      "c": "BALANCE BEAM METHOD",
      "d": "STATIC TEST METHOD"
    },
    "correct_answer": "a"
  },
  {
    "question_number": 119,
    "question": "What kind of material is commonly used for counterweights in larger aircraft control surfaces?",
    "options": {
      "a": "ALUMINUM",
      "b": "STEEL",
      "c": "LEAD",
      "d": "DEPLETED URANIUM"
    },
    "correct_answer": "d"
  },
  {
    "question_number": 120,
    "question": "When rebalancing a control surface, where is the weight typically placed to achieve dynamic balance?",
    "options": {
      "a": "NEAR THE HINGE LINE",
      "b": "FORWARD OF THE HINGE CENTER LINE",
      "c": "AFT OF THE HINGE CENTER LINE",
      "d": "AT THE TRAILING EDGE"
    },
    "correct_answer": "b"
  },
  {
    "question_number": 121,
    "question": "In the scale method of balancing, what is essential to use for accurate measurement?",
    "options": {
      "a": "A RULER",
      "b": "A GRADUATED SCALE IN HUNDREDTHS OF A POUND",
      "c": "A PROTRACTOR",
      "d": "A BALANCE BEAM"
    },
    "correct_answer": "b"
  },
  {
    "question_number": 122,
    "question": "What safety precautions should be observed when handling depleted uranium weights?",
    "options": {
      "a": "NO SPECIAL PRECAUTIONS NEEDED",
      "b": "USE GLOVES ONLY",
      "c": "FOLLOW SAFETY INSTRUCTIONS DUE TO RADIOACTIVITY",
      "d": "ONLY HANDLE IN A SEALED CONTAINER"
    },
    "correct_answer": "c"
  },
  {
    "question_number": 123,
    "question": "During an aileron static balance test, what supports are used to hang it for balancing?",
    "options": {
      "a": "HORIZONTAL SUPPORTS ON A JIG",
      "b": "KNIFE EDGES OF TWO BALANCING MANDRELS",
      "c": "CLAMPS AND A WORKBENCH",
      "d": "MAGNETIC STANDS"
    },
    "correct_answer": "b"
  },
  {
    "question_number": 124,
    "question": "If a control surface is found to be out of balance, what is the recommended action?",
    "options": {
      "a": "REPLACE THE ENTIRE SURFACE",
      "b": "REBALANCE BY ADDING OR REMOVING WEIGHT AS INDICATED IN THE MANUAL",
      "c": "ADJUST THE HINGE TENSION",
      "d": "IGNORE IT IF IT APPEARS TO FLY NORMALLY"
    },
    "correct_answer": "b"
  }
]
