[
    {
        "question_number": 1,
        "question": "Fuel-air mixture, in case of aviation system, is",
        "options": {
            "A": "The chemical reaction of fuel-air in combustion chamber",
            "B": "Mixing fuel air in equal amount",
            "C": "The right proportion of fuel and air mix"
        },
        "correct_answer": "C",
        "explanation": "The fuel-air mixture refers to the precise ratio of fuel and air that is delivered to the engine cylinders for optimal combustion."
    },
    {
        "question_number": 2,
        "question": "Gaseous fuel is,",
        "options": {
            "A": "Easy to store",
            "B": "Comparatively high heat value compared to the other type",
            "C": "Used in the internal combustion engine"
        },
        "correct_answer": "C",
        "explanation": "Gaseous fuels, such as natural gas or propane, are used in various types of internal combustion engines, although they are less common in aviation compared to liquid fuels."
    },
    {
        "question_number": 3,
        "question": "One of the following is used to produce straight run gasoline,",
        "options": {
            "A": "Kerosene",
            "B": "Cracking",
            "C": "Fractional distillation"
        },
        "correct_answer": "C",
        "explanation": "Straight-run gasoline is a primary product obtained directly from the fractional distillation of crude oil without further chemical processing."
    },
    {
        "question_number": 4,
        "question": "One of the following is prone to gum?",
        "options": {
            "A": "Cracking",
            "B": "Fractional distillation",
            "C": "Polymerization"
        },
        "correct_answer": "A",
        "explanation": "Gasoline produced through the cracking process contains unstable hydrocarbons that are prone to oxidation and polymerization, leading to the formation of gum deposits."
    },
    {
        "question_number": 5,
        "question": "Lockout of fuel line and improper fuel air mixture is caused by,",
        "options": {
            "A": "Density",
            "B": "Vapor lock",
            "C": "Viscosity"
        },
        "correct_answer": "B",
        "explanation": "Vapor lock occurs when fuel vaporizes in the fuel lines, creating bubbles that obstruct the flow of liquid fuel to the engine, causing an improper fuel-air mixture and potential engine failure."
    },
    {
        "question_number": 6,
        "question": "One of the following is not the need in aviation fuel system",
        "options": {
            "A": "Fuel which does not vaporize & not cause vapor lock",
            "B": "Fuel with high energy content per weight",
            "C": "Fuel with low sulfur content"
        },
        "correct_answer": "A",
        "explanation": "While preventing vapor lock is crucial, a fuel must be able to vaporize to form a combustible mixture. A fuel that 'does not vaporize' at all would be unusable. The actual need is for controlled volatility."
    },
    {
        "question_number": 7,
        "question": "One of the following is a cause for surface ignition",
        "options": {
            "A": "Vapor lock",
            "B": "Fuel burns intermittently",
            "C": "Gum forming fuels"
        },
        "correct_answer": "C",
        "explanation": "Gum deposits from the fuel can form on hot surfaces within the combustion chamber. These deposits can become incandescent and ignite the fuel-air mixture prematurely, causing surface ignition."
    },
    {
        "question_number": 8,
        "question": "As remedies for fuel system problems we should use gasoline with,",
        "options": {
            "A": "Low octane number",
            "B": "Low performance number",
            "C": "High performance number"
        },
        "correct_answer": "C",
        "explanation": "A high performance number (or octane rating) indicates a fuel's ability to resist detonation or knocking, which is a common and damaging fuel system problem in high-compression engines."
    },
    {
        "question_number": 9,
        "question": "One of the following is advantage of gas turbine fuel in having sufficient viscosity",
        "options": {
            "A": "Lubricating the engine",
            "B": "Lubricating the fuel pump",
            "C": "Less resistance of fuel flow than gasoline"
        },
        "correct_answer": "B",
        "explanation": "Turbine engine fuel pumps and fuel control units have moving parts that rely on the fuel itself for lubrication. Sufficient viscosity is necessary to prevent excessive wear."
    },
    {
        "question_number": 10,
        "question": "When we say anti-knock quality of fuel we are referring to:",
        "options": {
            "A": "Detonation",
            "B": "Surface ignition",
            "C": "Octane number"
        },
        "correct_answer": "C",
        "explanation": "The octane number is the standard measure of a fuel's ability to resist auto-ignition or knocking (detonation) in an engine's combustion chamber."
    },
    {
        "question_number": 11,
        "question": "Bladder type fuel tanks are,",
        "options": {
            "A": "Non self-sealing",
            "B": "Is made of steel or aluminum",
            "C": "Cell which are slightly less than the cavity"
        },
        "correct_answer": "C",
        "explanation": "A bladder-type fuel tank is a flexible cell made to fit inside a specific aircraft cavity. It is manufactured to be slightly smaller than the cavity to ensure a smooth, wrinkle-free fit when installed."
    },
    {
        "question_number": 12,
        "question": "The following prevents overflowing fuel from entering the wing or fuselage",
        "options": {
            "A": "Filler neck",
            "B": "Scupper",
            "C": "Filler caps"
        },
        "correct_answer": "B",
        "explanation": "The scupper is a drain located around the fuel filler neck that safely channels away spilled or overflowing fuel, preventing it from entering the aircraft structure."
    },
    {
        "question_number": 13,
        "question": "Contamination of fuel which constitutes a serious treat at high altitude:",
        "options": {
            "A": "Sediments",
            "B": "Dusts in the thin air",
            "C": "Water"
        },
        "correct_answer": "C",
        "explanation": "At high altitudes, the temperature drops significantly, causing any undissolved water in the fuel to freeze into ice crystals that can block fuel lines and filters, leading to engine failure."
    },
    {
        "question_number": 14,
        "question": "This can minimize water presence inside the fuel tracks ,and prevent formation of moisture",
        "options": {
            "A": "Prist",
            "B": "Filter",
            "C": "Topping off"
        },
        "correct_answer": "C",
        "explanation": "Keeping fuel tanks full ('topping off') minimizes the air space above the fuel, which reduces the amount of moisture-laden air that can condense into water as temperatures fluctuate."
    },
    {
        "question_number": 15,
        "question": "For transport category aircrafts each fuel system must provide fuel:",
        "options": {
            "A": "At 100% of the intended condition requirement",
            "B": "At least 100% of the intended condition requirement",
            "C": "Less than or equal to 100% of the intended condition requirement"
        },
        "correct_answer": "B",
        "explanation": "Aviation regulations require that the fuel system has the capacity to deliver fuel at a rate of at least 100% of what the engine requires under the most demanding conditions, ensuring a margin of safety."
    },
    {
        "question_number": 16,
        "question": "What makes the fuel not to spill out while we remove the booster pump of the aircraft",
        "options": {
            "A": "Check valve",
            "B": "Selector valve",
            "C": "Flapper valve"
        },
        "correct_answer": "A",
        "explanation": "A check valve in the fuel line or pump assembly allows fuel to flow in only one direction. When a booster pump is removed, this valve closes and prevents fuel from the tank or lines from spilling out."
    },
    {
        "question_number": 17,
        "question": "Mostly the main fuel strainers are located at:",
        "options": {
            "A": "Higher point along the fuel system line",
            "B": "Same level of the fuel system line",
            "C": "Lowest level of the fuel system line"
        },
        "correct_answer": "C",
        "explanation": "The main fuel strainer is typically located at the lowest point in the fuel system to effectively collect sediment and water, which are denser than fuel and settle at the bottom."
    },
    {
        "question_number": 18,
        "question": "used to transfer fuel from the auxiliary tanks to main tanks.",
        "options": {
            "A": "Main fuel pump",
            "B": "Boost pump",
            "C": "Strainer"
        },
        "correct_answer": "B",
        "explanation": "Boost pumps provide the necessary pressure to move fuel between different tanks within the aircraft's fuel system, such as transferring it from auxiliary tanks to the main tanks."
    },
    {
        "question_number": 19,
        "question": "Fueling tanks should be before repair.",
        "options": {
            "A": "Serviced with some fuel",
            "B": "Purged",
            "C": "Tank should be full"
        },
        "correct_answer": "B",
        "explanation": "To ensure safety, a fuel tank must be purged before any repairs are made. This process involves removing all residual fuel and flammable vapors to eliminate the risk of fire or explosion."
    },
    {
        "question_number": 20,
        "question": "Sight glass is the simplest,",
        "options": {
            "A": "Fuel flow indicator",
            "B": "Fuel quantity indicator",
            "C": "Fuel temperature indicator"
        },
        "correct_answer": "B",
        "explanation": "A sight glass is a transparent tube that provides a direct visual reading of the fuel level in a tank, functioning as a simple and direct fuel quantity indicator."
    },
    {
        "question_number": 21,
        "question": "Preflight check for fuel system normal operation does not include",
        "options": {
            "A": "Retracting the landing gear",
            "B": "Drain",
            "C": "Fuel pressure & operation of the booster pump"
        },
        "correct_answer": "A",
        "explanation": "Retracting the landing gear is an action performed after the aircraft is airborne and is not part of the preflight inspection, which is conducted on the ground."
    },
    {
        "question_number": 22,
        "question": "A simple gravity feed system aircraft engine starts on the primer charge but doesn't continue unless boost pump is turned on, what could be the possible cause of the problem.",
        "options": {
            "A": "Vent system is clogged",
            "B": "Engine fuel pump fails",
            "C": "Fuel filter is clogged"
        },
        "correct_answer": "C",
        "explanation": "A clogged filter would impede the normal gravity-fed flow, but the added pressure from an electric boost pump could force enough fuel through the clog for the engine to run."
    },
    {
        "question_number": 23,
        "question": "What is the requirement of transport category a\\c fuel jettisoning system?",
        "options": {
            "A": "15 min at the rate of 1% of max take-off weight",
            "B": "10 min at the of 1% of max take \u2013off weight(genegal aviation)",
            "C": "Divided into separate independent systems for lateral stability"
        },
        "correct_answer": "C",
        "explanation": "To prevent a dangerous roll or yaw, fuel jettisoning systems are designed to be independent for the left and right sides of the aircraft, ensuring fuel is dumped symmetrically to maintain lateral stability."
    },
    {
        "question_number": 24,
        "question": "Which of the following unit is used to warn the pilot that the selected tank becomes exhausted (empty)",
        "options": {
            "A": "Electronic quantity indicator",
            "B": "Pressure sensitive mechanism",
            "C": "Fueling level control pilot valve"
        },
        "correct_answer": "B",
        "explanation": "A pressure-sensitive switch is placed downstream of the boost pump. When the tank runs low and the pump starts to draw air, the fuel pressure drops, which triggers the switch and activates a low-pressure warning light."
    },
    {
        "question_number": 25,
        "question": "Which of the following unit is used to automatically shut off the fuel dumping system?",
        "options": {
            "A": "Dump limit switch",
            "B": "Fuel dumping shut off valve",
            "C": "Fuel jettisoning mechanism"
        },
        "correct_answer": "A",
        "explanation": "A dump limit switch, connected to the fuel quantity gauging system, is set to a predetermined fuel level. When the fuel quantity drops to this level during jettisoning, the switch automatically closes the dump valves."
    },
    {
        "question_number": 26,
        "question": "Which one of the following is true about aircraft jettisoning system?",
        "options": {
            "A": "Used when take-off weight exceeds the maximum landing weight",
            "B": "Used when the aircraft has equal take-off and landing weight",
            "C": "Used when the landing weight exceeds the maximum take-off weight"
        },
        "correct_answer": "A",
        "explanation": "A fuel jettisoning system is used when an aircraft's maximum takeoff weight is higher than its maximum landing weight, allowing fuel to be dumped to reduce weight for a safe landing after an early turn-back."
    },
    {
        "question_number": 27,
        "question": "Where is the complete examination of the fuel system done?",
        "options": {
            "A": "In preflight inspection",
            "B": "In 25hr inspection",
            "C": "In 100hr inspection"
        },
        "correct_answer": "C",
        "explanation": "The 100-hour inspection (or an annual inspection) is a thorough, in-depth examination where mechanics perform a complete check of the aircraft's systems, including the fuel system, as mandated by regulations."
    },
    {
        "question_number": 28,
        "question": "What is the amount of pressure used to check the built up tanks after repair?",
        "options": {
            "A": "6 psi",
            "B": "2.5 psi",
            "C": "3.5 psi"
        },
        "correct_answer": "C",
        "explanation": "After repairs, fuel tanks are leak-tested using low-pressure air, typically around 3.5 psi, to check for leaks without over-stressing the tank structure."
    },
    {
        "question_number": 29,
        "question": "The correct sequence of fuel system is",
        "options": {
            "A": "Fuel tank-booster pump- main fuel pump-metering unit",
            "B": "Fuel tank-main fuel pump-booster pump-metering unit",
            "C": "Fuel pump-selector valve-main pump-booster pump-metering unit"
        },
        "correct_answer": "A",
        "explanation": "The typical fuel flow path is from the fuel tank, through a submerged booster pump, then to the engine-driven main fuel pump, and finally to the fuel metering unit which controls flow to the engine."
    },
    {
        "question_number": 30,
        "question": "Air fuel mixture in case of Aviation fuel system is",
        "options": {
            "A": "Fuel air form a chemical reaction in a combustion chamber",
            "B": "Fuel and air mix in equal proportion",
            "C": "The right proportion of fuel and air mix"
        },
        "correct_answer": "C",
        "explanation": "The air-fuel mixture refers to the precise ratio of air and fuel by mass that is delivered to the engine for optimal combustion under different operating conditions."
    },
    {
        "question_number": 31,
        "question": "Which one of the following is not needed in aviation fuel system?",
        "options": {
            "A": "A fuel which does not vaporize and not cause vapor lock",
            "B": "Fuel with high energy content per weight",
            "C": "Fuel with low Sulphur content"
        },
        "correct_answer": "A",
        "explanation": "While preventing vapor lock is critical, a fuel must be able to vaporize to form a combustible mixture. A fuel that 'does not vaporize' at all would be unusable. The actual requirement is for controlled volatility."
    },
    {
        "question_number": 32,
        "question": "One of the following is the cause of surface ignition",
        "options": {
            "A": "Vapor lock",
            "B": "Fuel burns intermittently",
            "C": "Gum forming fuels"
        },
        "correct_answer": "C",
        "explanation": "Gum deposits from fuel can build up in the combustion chamber. These deposits can become incandescent and ignite the fuel-air mixture before the spark plug fires, a condition known as surface ignition."
    },
    {
        "question_number": 33,
        "question": "Aviation fuel should have a viscosity",
        "options": {
            "A": "Sufficient to lubricate all fuel components.",
            "B": "Sufficient to lubricate its pump",
            "C": "Sufficient to lubricate hydraulic and fuel pump only"
        },
        "correct_answer": "B",
        "explanation": "A key property of aviation fuel is having sufficient viscosity to provide lubrication for the high-precision moving parts within the fuel pumps and fuel control units."
    },
    {
        "question_number": 34,
        "question": "High volatility eliminates vapor lock.",
        "options": {
            "A": "True",
            "B": "False"
        },
        "correct_answer": "B",
        "explanation": "High volatility increases the tendency of a fuel to vaporize, which is the direct cause of vapor lock. Low volatility is desired to prevent vapor lock."
    },
    {
        "question_number": 35,
        "question": "Turbine engine fuels are more prone to water vapor than gasoline engine fuel because",
        "options": {
            "A": "It is less viscous than gasoline",
            "B": "It is more viscous than gasoline",
            "C": "It is thinner than gasoline"
        },
        "correct_answer": "B",
        "explanation": "Turbine fuels are more viscous and have a different chemical composition than gasoline, which allows them to absorb and hold more water, making them more susceptible to ice formation at altitude."
    },
    {
        "question_number": 36,
        "question": "Which of the following is a major threat for fuel system at high altitude?",
        "options": {
            "A": "Microbes",
            "B": "Dust in the air",
            "C": "Water"
        },
        "correct_answer": "C",
        "explanation": "The extremely low temperatures at high altitude can cause any free water in the fuel to freeze into ice crystals, which pose a serious threat of blocking fuel filters and lines."
    },
    {
        "question_number": 37,
        "question": "This can minimize water presence inside the fuel tank and prevent formation of moisture.",
        "options": {
            "A": "Prist",
            "B": "Filter",
            "C": "Topping off"
        },
        "correct_answer": "C",
        "explanation": "Keeping fuel tanks full ('topping off') reduces the volume of air inside the tank. This minimizes the amount of water vapor available to condense into liquid water as temperatures change."
    },
    {
        "question_number": 38,
        "question": "In designing fuel lines fuel components are located in such a way that",
        "options": {
            "A": "All useable and unusable fuels are available to meet engine demands during only takeoff.",
            "B": "All useable but not unusable fuels are available to meet engine demands throughout the flight.",
            "C": "All useable and unusable fuels are available to meet engine demands through all over the flight."
        },
        "correct_answer": "B",
        "explanation": "A fuel system is designed so that all of the 'usable' fuel can be fed to the engine under all normal flight conditions. Unusable fuel is the amount that remains in the tanks and cannot be reliably delivered."
    },
    {
        "question_number": 39,
        "question": "Which one of the following is wrong about shut off valve",
        "options": {
            "A": "Positive and quick acting",
            "B": "Have means to guard from the inadvertent operation",
            "C": "Should be located on the engine side of the firewall"
        },
        "correct_answer": "C",
        "explanation": "The firewall shutoff valve must be located on the airframe side of the firewall, not the engine side. This ensures the fuel supply to the engine compartment can be cut off in case of fire."
    },
    {
        "question_number": 40,
        "question": "Mostly main fuel strainer is located at",
        "options": {
            "A": "High along the fuel system line",
            "B": "Same level as the system fuel line",
            "C": "Lowest point of the system fuel line"
        },
        "correct_answer": "C",
        "explanation": "The main fuel strainer (gascolator) is positioned at the lowest point in the fuel system so that gravity will cause water and heavy sediment to collect in its bowl, where they can be drained."
    },
    {
        "question_number": 41,
        "question": "For transport category aircrafts each fuel system must provide fuel of",
        "options": {
            "A": "At most 100% of the intended condition requirement",
            "B": "At least 100% of the intended condition requirement",
            "C": "Less than or equal to 100% of the intended condition requirement"
        },
        "correct_answer": "B",
        "explanation": "To ensure a margin of safety, regulations mandate that the fuel system must be capable of delivering fuel at a rate of at least 100% of the engine's maximum requirement under any condition."
    },
    {
        "question_number": 42,
        "question": "Location,size,type and construction of fuel tank vary with",
        "options": {
            "A": "Size of the pump",
            "B": "Size but not type of the aircraft",
            "C": "Intended use of the aircraft"
        },
        "correct_answer": "C",
        "explanation": "The design of fuel tanks is highly dependent on the aircraft's overall design and mission, including its size, range, performance requirements, and structural configuration."
    },
    {
        "question_number": 43,
        "question": "Which one of the following is not true about fuel tanks",
        "options": {
            "A": "Material must not react with fuel",
            "B": "Provision for maintenance",
            "C": "Must withstand pressure but not inertial force"
        },
        "correct_answer": "C",
        "explanation": "Fuel tanks must be designed to withstand all forces they are subjected to, including internal fuel pressure, and especially the significant inertial forces (g-loads) experienced during flight."
    },
    {
        "question_number": 44,
        "question": "The capacity of sump and expansion space of fuel tank respectively is",
        "options": {
            "A": "2% and 0.1% of tank capacity",
            "B": "0.1% and 2% of tank capacity",
            "C": "10% and 30% of tank capacity"
        },
        "correct_answer": "B",
        "explanation": "A fuel tank sump is typically required to hold 0.1% of the tank's capacity to collect contaminants, while an expansion space of 2% is required to allow for fuel volume changes due to temperature."
    },
    {
        "question_number": 45,
        "question": "Moves the fuel in the tanks to prevent water stratification and growth of microorganisms.",
        "options": {
            "A": "Main fuel pump",
            "B": "Fuel scavenge pump",
            "C": "Fuel suction pump"
        },
        "correct_answer": "B",
        "explanation": "Scavenge pumps continuously move fuel from the lower, outer portions of a large wing tank towards the main boost pump sump, ensuring circulation that prevents water from settling and stagnating."
    },
    {
        "question_number": 46,
        "question": "Maintaining atmospheric pressure",
        "options": {
            "A": "Draining system",
            "B": "Venting system",
            "C": "Fuel pressurizing system"
        },
        "correct_answer": "B",
        "explanation": "The fuel tank venting system allows air to enter the tank as fuel is used up, preventing a vacuum from forming which would stop fuel flow."
    },
    {
        "question_number": 47,
        "question": "Bypass valves are used in case of fuel system strainer failure and main fuel pump failure",
        "options": {
            "A": "True",
            "B": "False"
        },
        "correct_answer": "A",
        "explanation": "Bypass valves are safety devices. A clogged filter bypass ensures fuel flow is not cut off, and a failed engine-driven pump bypass allows the boost pump to supply fuel directly to the engine."
    },
    {
        "question_number": 48,
        "question": "Which is wrong?",
        "options": {
            "A": "One tank port can supply more than one engine",
            "B": "An engine can be supplied from more than one tank",
            "C": "Interruption of fuel flow to an engine without extra attention by the flight crew is normal operation."
        },
        "correct_answer": "C",
        "explanation": "Any interruption of fuel flow to an engine is a serious in-flight emergency that requires immediate action by the flight crew. It is never considered a normal operation."
    },
    {
        "question_number": 49,
        "question": "It is free acting and installed at the bottom of the ribs",
        "options": {
            "A": "Flapper valve",
            "B": "Shutoff valve",
            "C": "Fuel filters"
        },
        "correct_answer": "A",
        "explanation": "Flapper valves are simple, hinged check valves installed in the ribs of a fuel tank. They allow fuel to flow freely towards the pump sump but prevent it from flowing back out during maneuvers."
    },
    {
        "question_number": 50,
        "question": "Which type of fuel is employed as aircraft fuel?",
        "options": {
            "A": "Solid",
            "B": "Gas",
            "C": "Liquid"
        },
        "correct_answer": "C",
        "explanation": "The vast majority of aircraft today use liquid fuels, such as avgas for piston engines and kerosene-based jet fuel for turbine engines, due to their high energy density and ease of handling."
    },
    {
        "question_number": 51,
        "question": "A method used to maximize the yield of fuel by use of catalyst or application of heat is called",
        "options": {
            "A": "distillation",
            "B": "alkylation",
            "C": "cracking"
        },
        "correct_answer": "C",
        "explanation": "Cracking is a refinery process that uses heat, pressure, and catalysts to break down large hydrocarbon molecules into smaller, more useful molecules like those found in gasoline."
    },
    {
        "question_number": 52,
        "question": "Vapor lock and carburetor icing are associated with",
        "options": {
            "A": "High volatility",
            "B": "Low volatility",
            "C": "High grade fuel"
        },
        "correct_answer": "A",
        "explanation": "High volatility means a fuel vaporizes easily. This can cause vapor lock in fuel lines. The rapid vaporization in a carburetor also causes a sharp temperature drop, which can lead to carburetor icing."
    },
    {
        "question_number": 53,
        "question": "A sudden explosion due to excess burning rate and /or low grade fuel for a given pressure is",
        "options": {
            "A": "Pre-ignition",
            "B": "Surface ignition",
            "C": "Detonation"
        },
        "correct_answer": "C",
        "explanation": "Detonation is an uncontrolled explosion of the remaining fuel-air mixture in the cylinder after the spark plug has fired. It results in a violent pressure rise and is highly damaging to engine components."
    },
    {
        "question_number": 54,
        "question": "A fuel whose vapor pressure is in excess of 7 psi is not recommended for use on aircraft",
        "options": {
            "A": "True",
            "B": "false"
        },
        "correct_answer": "A",
        "explanation": "Aviation gasoline has a strictly controlled, low vapor pressure (typically 5.5 to 7.0 psi) to prevent it from boiling in the fuel lines at high altitudes, which would cause vapor lock."
    },
    {
        "question_number": 55,
        "question": "the purpose of diaphragm in a vane type pump is",
        "options": {
            "A": "equalize fuel pressure at all speed",
            "B": "vary fuel pressure according to throttle setting",
            "C": "compensate fuel pressure according to altitude change"
        },
        "correct_answer": "C",
        "explanation": "An aneroid diaphragm in a vane-type fuel pump senses changes in ambient air pressure due to altitude changes and automatically adjusts the fuel pressure to maintain the correct fuel-air mixture."
    },
    {
        "question_number": 56,
        "question": "What type of fuel boost pump require pressure relief valve?",
        "options": {
            "A": "Concentric",
            "B": "Sliding vane",
            "C": "Centrifugal"
        },
        "correct_answer": "B",
        "explanation": "Sliding vane pumps are a type of positive displacement pump. They require a pressure relief valve because they would otherwise continue to build pressure against a restriction until the pump or a line fails."
    },
    {
        "question_number": 57,
        "question": "Which gas is used for purging an aircraft fuel tank?",
        "options": {
            "A": "He",
            "B": "CO",
            "C": "CO2"
        },
        "correct_answer": "C",
        "explanation": "Carbon Dioxide (CO2) is an inert (non-flammable) gas that is used to displace flammable fuel vapors and oxygen from a fuel tank before maintenance, making the tank safe."
    },
    {
        "question_number": 58,
        "question": "The purpose of baffle plate in a fuel tank is to",
        "options": {
            "A": "Provide an expansion space",
            "B": "Resist fuel surging within the fuel tank",
            "C": "Act as check valve of boost pump"
        },
        "correct_answer": "B",
        "explanation": "Baffles are plates installed inside a fuel tank that restrict the rapid movement of fuel (sloshing or surging) during maneuvers, which helps maintain aircraft stability."
    },
    {
        "question_number": 59,
        "question": "Where is the engine driven pump located?",
        "options": {
            "A": "In series and up stream of boost pump",
            "B": "In series and downstream of boost pump",
            "C": "In parallel and upstream of boost pump"
        },
        "correct_answer": "B",
        "explanation": "The engine-driven pump is located downstream from the boost pump, taking the low-pressure fuel from the boost pump and increasing it to the high pressure needed for fuel metering."
    },
    {
        "question_number": 60,
        "question": "Which of the following instruments is used to measure the quantity of fuel only on the ground?",
        "options": {
            "A": "Sight gage",
            "B": "The bayonet type",
            "C": "The float type"
        },
        "correct_answer": "B",
        "explanation": "A bayonet-type gauge, which is essentially a calibrated dipstick, must be physically removed from the tank to be read and can only be used accurately when the aircraft is stationary on the ground."
    },
    {
        "question_number": 61,
        "question": "The advantage of electronics and electrical types fuel quantity indicator is that",
        "options": {
            "A": "The transmitter cam be placed any distance",
            "B": "It is possible to know the total amount of fuel",
            "C": "Better precision"
        },
        "correct_answer": "C",
        "explanation": "Compared to older mechanical float systems, modern electronic fuel quantity indicators offer significantly better precision and can provide accurate readings regardless of aircraft attitude."
    },
    {
        "question_number": 62,
        "question": "On which type of fuel flow rate indicator is there a bypass mechanism?",
        "options": {
            "A": "Vane type",
            "B": "Simpler type",
            "C": "None"
        },
        "correct_answer": "A",
        "explanation": "A vane-type fuel flow indicator has a moving vane in the fuel path. A bypass route is included as a safety feature to ensure that fuel can still reach the engine even if the vane becomes jammed."
    },
    {
        "question_number": 63,
        "question": "Where is the location of flow rate transmitter?",
        "options": {
            "A": "In the cockpit",
            "B": "In the tank",
            "C": "in the line"
        },
        "correct_answer": "C",
        "explanation": "The fuel flow transmitter, which is the sensor that measures the rate of fuel consumption, is installed directly in the fuel line leading to the engine. It sends an electrical signal to the indicator in the cockpit."
    }
]