[
    {
        "question_number": 1,
        "question": "Which statement is not correct about a wet-type engine-driven air pump?",
        "options": {
            "A": "It requires an oil separator.",
            "B": "It uses engine oil for lubrication.",
            "C": "A wet-type pump is a common component in modern aircraft pneumatic systems."
        },
        "correct_answer": "C",
        "explanation": "Modern aircraft pneumatic systems use dry-type air pumps which do not require lubrication and therefore do not need an oil separator. Wet-type pumps are not used, making any statement about their commonality incorrect."
    },
    {
        "question_number": 2,
        "question": "Which of the following is NOT a possible remedy for a de-ice boot that is only partially inflating?",
        "options": {
            "A": "Inspect for leaks in the boot.",
            "B": "Check for restrictions in the air lines.",
            "C": "Check for electrical cross-wiring."
        },
        "correct_answer": "C",
        "explanation": "De-ice boots are operated by pneumatic pressure, not electricity. Therefore, checking for electrical cross-wiring is not a valid troubleshooting step for a partial inflation issue."
    },
    {
        "question_number": 3,
        "question": "Why do many smaller aircraft use pneumatic de-ice systems instead of thermal (bleed air) systems?",
        "options": {
            "A": "Their engines do not produce enough bleed air for a thermal system.",
            "B": "Pneumatic systems are heavier than thermal systems.",
            "C": "Electrical systems are more efficient on small aircraft."
        },
        "correct_answer": "A",
        "explanation": "Small aircraft, particularly those with piston engines, do not generate the large volume of hot bleed air required for thermal anti-icing systems, making pneumatic de-icing boots a more practical and effective solution."
    },
    {
        "question_number": 4,
        "question": "What is a common indication that a vacuum toilet's flush valve is stuck open?",
        "options": {
            "A": "The toilet bowl will not flush.",
            "B": "A continuous water leak or suction noise from the toilet.",
            "C": "An electrical circuit breaker for the galley will trip."
        },
        "correct_answer": "B",
        "explanation": "If the flush valve is stuck open, it will continuously allow fluid to be drawn into the vacuum system, which can be heard as a constant suction noise and may cause the vacuum generator to run continuously."
    },
    {
        "question_number": 5,
        "question": "What atmospheric conditions are required for structural ice to form on an aircraft?",
        "options": {
            "A": "High altitude and low air pressure.",
            "B": "High levels of oxygen and nitrogen.",
            "C": "Visible moisture and temperatures at or below freezing."
        },
        "correct_answer": "C",
        "explanation": "Aircraft icing occurs when supercooled water droplets (visible moisture) in the air freeze on contact with a surface that is at or below 0\u00b0 Celsius. Both conditions must be present."
    },
    {
        "question_number": 6,
        "question": "What system is used in cargo holds to enable the manual positioning of pallets and containers?",
        "options": {
            "A": "A hydraulic lift system.",
            "B": "A conveyor belt system.",
            "C": "A rolling system with ball mats and roller tracks."
        },
        "correct_answer": "C",
        "explanation": "Cargo hold floors are equipped with roller balls, tracks, and guides that form a rolling system, allowing ground crew to manually push and position heavy Unit Load Devices (ULDs) like pallets and containers."
    },
    {
        "question_number": 7,
        "question": "How is a standard aviation life vest primarily inflated in an emergency?",
        "options": {
            "A": "It inflates automatically upon contact with water.",
            "B": "By pulling a handle, which activates a CO2 cartridge.",
            "C": "It must be inflated orally using the inflation tube."
        },
        "correct_answer": "B",
        "explanation": "The primary method for inflating an aviation life vest is by pulling a red handle, which pierces a small CO2 cartridge, rapidly and automatically inflating the vest. Oral inflation is a secondary method."
    },
    {
        "question_number": 8,
        "question": "What does an inertial reel assembly in a pilot's seat harness allow?",
        "options": {
            "A": "The seat to automatically recline.",
            "B": "The pilot to lean forward slowly without operating a lever.",
            "C": "The harness to lock only during takeoff and landing."
        },
        "correct_answer": "B",
        "explanation": "An inertial reel permits slow, deliberate movements of the upper torso, but it will lock automatically to restrain the occupant during sudden deceleration, similar to a car seatbelt."
    },
    {
        "question_number": 9,
        "question": "What material are aircraft insulation blankets primarily made from?",
        "options": {
            "A": "Asbestos.",
            "B": "Fiberglass.",
            "C": "Wool."
        },
        "correct_answer": "B",
        "explanation": "Aircraft insulation blankets are made from lightweight, fire-resistant fiberglass batting, which is encased in a protective film to provide thermal and acoustic insulation and prevent moisture absorption."
    },
    {
        "question_number": 10,
        "question": "What type of system is used to remove ice after it has formed on the critical surfaces of an aircraft?",
        "options": {
            "A": "A de-ice system.",
            "B": "A pressurization system.",
            "C": "A hydraulic system."
        },
        "correct_answer": "A",
        "explanation": "De-ice systems are designed to remove ice after it has begun to accumulate on aircraft surfaces, using methods like pneumatic boots or heating elements. In contrast, anti-ice systems prevent ice from forming."
    },
    {
        "question_number": 11,
        "question": "Besides engine bleed air, how can an aircraft's potable water system be pressurized?",
        "options": {
            "A": "A hydraulic pump.",
            "B": "Nitrogen bottles.",
            "C": "An electric air compressor."
        },
        "correct_answer": "C",
        "explanation": "When engines are not running and bleed air is unavailable (e.g., on the ground), an onboard electric air compressor is used to pressurize the potable water system."
    },
    {
        "question_number": 12,
        "question": "What type of aircraft toilet system uses a central collection tank for multiple lavatories?",
        "options": {
            "A": "Recirculating toilet system.",
            "B": "Vacuum toilet system.",
            "C": "Chemical toilet system."
        },
        "correct_answer": "B",
        "explanation": "Vacuum toilet systems use differential pressure to pull waste from multiple toilets into a single, central holding tank. This is more weight and space efficient than other types of systems."
    },
    {
        "question_number": 13,
        "question": "What is installed in aircraft entryways, galleys, and lavatories to provide a non-skid, waterproof surface?",
        "options": {
            "A": "Carpet.",
            "B": "Floor mats or linoleum.",
            "C": "Metal plating."
        },
        "correct_answer": "B",
        "explanation": "Floor mats or linoleum-type surfaces are used in high-traffic, potentially wet areas like galleys and lavatories because they are durable, waterproof, and provide a non-skid surface for safety."
    },
    {
        "question_number": 14,
        "question": "Where are aircraft insulation blankets installed?",
        "options": {
            "A": "On the exterior of the fuselage.",
            "B": "Underneath the cabin floorboards.",
            "C": "Between the interior lining and the fuselage skin."
        },
        "correct_answer": "C",
        "explanation": "Insulation blankets are fitted between the structural frames of the fuselage and are covered by the decorative interior cabin wall panels to provide thermal and acoustic insulation."
    },
    {
        "question_number": 15,
        "question": "How many bogie/roller units typically attach a flight crew seat to its floor tracks?",
        "options": {
            "A": "Two",
            "B": "Four",
            "C": "Six"
        },
        "correct_answer": "B",
        "explanation": "Flight crew seats are mounted on floor tracks using four roller or bogie units, which allow for secure forward and aft adjustment."
    },
    {
        "question_number": 16,
        "question": "How is electrical heating for anti-icing and defogging achieved in high-performance aircraft windshields?",
        "options": {
            "A": "By blowing hot bleed air over the surface.",
            "B": "Using a transparent conductive material or resistance wires embedded in the glass.",
            "C": "Through chemical reaction packs attached to the exterior."
        },
        "correct_answer": "B",
        "explanation": "Aircraft windshields are heated by passing an electrical current through a transparent conductive film or fine resistance wires that are laminated between the layers of the windshield assembly."
    },
    {
        "question_number": 17,
        "question": "Which statement is NOT true regarding aviation life vests?",
        "options": {
            "A": "They must be readily accessible from each seat.",
            "B": "They are designed for single-person use.",
            "C": "They are shared between two passengers."
        },
        "correct_answer": "C",
        "explanation": "Safety regulations require that there be a life vest for each individual passenger and crew member. They are never shared."
    },
    {
        "question_number": 18,
        "question": "Which statement is NOT true about an aircraft escape slide?",
        "options": {
            "A": "It can often be used as a raft in a water landing.",
            "B": "It is stored under each passenger's seat.",
            "C": "It inflates automatically when the exit door is opened in armed mode."
        },
        "correct_answer": "B",
        "explanation": "Escape slides are large inflatable devices stored packed inside the aircraft door structure or in a fuselage compartment next to the exit, not under passenger seats."
    },
    {
        "question_number": 19,
        "question": "What is the typical storage location for an escape slide on a large aircraft?",
        "options": {
            "A": "In the overhead bins above the exit.",
            "B": "Under the seats in the exit row.",
            "C": "Packed inside the lower portion of the associated exit door."
        },
        "correct_answer": "C",
        "explanation": "Escape slides are stored in a compartment (bustle) built into the aircraft door itself or sometimes in the fuselage next to the door. This allows for automatic deployment when the door is opened in an emergency."
    },
    {
        "question_number": 20,
        "question": "Which of the following is typically NOT an adjustable feature on a standard economy class passenger seat?",
        "options": {
            "A": "Recline.",
            "B": "Height adjustment.",
            "C": "Armrest position (up/down)."
        },
        "correct_answer": "B",
        "explanation": "Standard passenger seats offer features like recline and movable armrests, but they are fixed in height and do not offer a seat height adjustment feature for the occupant."
    },
    {
        "question_number": 21,
        "question": "Which feature is generally not found on standard economy passenger seats, but may be on premium or crew seats?",
        "options": {
            "A": "Seatback recline.",
            "B": "Lumbar adjustment.",
            "C": "A folding tray table."
        },
        "correct_answer": "B",
        "explanation": "While some premium cabin seats or pilot seats have adjustable lumbar support for comfort on long flights, this is not a standard feature on most economy class passenger seats."
    },
    {
        "question_number": 22,
        "question": "Which of the following is a material property to consider, rather than a direct functional design requirement for an anti-icing and rain removal system?",
        "options": {
            "A": "System reliability.",
            "B": "Power consumption.",
            "C": "Corrosion resistance of components."
        },
        "correct_answer": "C",
        "explanation": "While system components must be made of corrosion-resistant materials for durability, corrosion resistance is a material property, not a direct operational function the system is designed to perform, unlike removing ice or rain."
    },
    {
        "question_number": 23,
        "question": "Which statement is logically incorrect regarding a hypothetical engine-driven 'wet' air pump?",
        "options": {
            "A": "It would use engine oil for lubrication.",
            "B": "It does not require an oil separator.",
            "C": "It would discharge oily air."
        },
        "correct_answer": "B",
        "explanation": "A 'wet' pump, by definition, uses oil for lubrication and sealing. This oil would contaminate the discharge air, making an oil separator essential to clean the air before it enters the pneumatic system. The statement that it would not require one is therefore incorrect."
    },
    {
        "question_number": 24,
        "question": "When performing maintenance on aircraft water and waste tank systems, which of the following is NOT a primary safety protection requirement for personnel?",
        "options": {
            "A": "Wearing appropriate Personal Protective Equipment (PPE).",
            "B": "Ensuring proper ventilation of the work area.",
            "C": "Psychological screening."
        },
        "correct_answer": "C",
        "explanation": "Maintenance on waste systems requires physical protection (like gloves, masks, goggles) and environmental controls (like ventilation) to protect against biological and chemical hazards. Psychological screening is not a standard requirement for this task."
    },
    {
        "question_number": 25,
        "question": "Which statement is NOT true regarding a composite aircraft waste tank?",
        "options": {
            "A": "It is lighter than a comparable metal tank.",
            "B": "It is resistant to corrosion from waste chemicals.",
            "C": "Impact damage is always easily seen on the surface."
        },
        "correct_answer": "C",
        "explanation": "A significant characteristic of composite materials is that they can suffer serious internal damage, such as delamination, from an impact that leaves little to no visible mark on the surface. Therefore, damage is not always easily seen."
    }
]