[
    {
        "question_number": 1,
        "question": "What is the relationship between atmospheric pressure and altitude?",
        "options": {
            "A": "Pressure increases as altitude increases.",
            "B": "Pressure decreases as altitude increases.",
            "C": "Pressure is not affected by altitude."
        },
        "correct_answer": "B",
        "explanation": "As altitude increases, the column of air above decreases, resulting in lower atmospheric pressure."
    },
    {
        "question_number": 2,
        "question": "What does the adiabatic lapse rate describe regarding a parcel of air?",
        "options": {
            "A": "Its temperature increases as it rises and expands.",
            "B": "Its temperature decreases as it rises and expands.",
            "C": "Its pressure remains constant as its temperature changes."
        },
        "correct_answer": "B",
        "explanation": "The adiabatic lapse rate is the rate at which the temperature of a parcel of air decreases as it rises and expands in the atmosphere without any external heat exchange."
    },
    {
        "question_number": 3,
        "question": "In an air cycle air conditioning system, what is the purpose of a reheater?",
        "options": {
            "A": "To cool the air before it enters the compressor.",
            "B": "To add heat to the air before it enters the turbine.",
            "C": "To heat the air after it leaves the turbine."
        },
        "correct_answer": "B",
        "explanation": "A reheater adds heat to the air before it enters the turbine section to increase the temperature and energy of the air, allowing the turbine to do more work and become more efficient at cooling."
    },
    {
        "question_number": 4,
        "question": "A fuel-burning heater used for cabin heating is also known as what type of heater?",
        "options": {
            "A": "An electric resistance heater.",
            "B": "A combustion heater.",
            "C": "A bleed air intercooler."
        },
        "correct_answer": "B",
        "explanation": "Fuel-burning heaters are a type of combustion heater that burns aircraft fuel in a sealed chamber to provide heat for the cabin or for anti-icing."
    },
    {
        "question_number": 5,
        "question": "What is the primary function of a desiccant in an environmental control system?",
        "options": {
            "A": "To add humidity to the air.",
            "B": "To capture and remove moisture from the air.",
            "C": "To filter dust and pollen."
        },
        "correct_answer": "B",
        "explanation": "A desiccant is a hygroscopic substance used as a drying agent that absorbs moisture from the air."
    },
    {
        "question_number": 6,
        "question": "What is a water separator in an air conditioning pack designed to remove from the air stream?",
        "options": {
            "A": "Oil and fuel vapors.",
            "B": "Condensed water droplets.",
            "C": "Ozone and other gases."
        },
        "correct_answer": "B",
        "explanation": "The water separator removes condensed water from the air after it has been rapidly cooled in the turbine to prevent icing in the downstream ducting."
    },
    {
        "question_number": 7,
        "question": "Which component in a vapor cycle system causes a significant drop in refrigerant pressure and temperature just before the evaporator?",
        "options": {
            "A": "Compressor",
            "B": "Condenser",
            "C": "Expansion valve"
        },
        "correct_answer": "C",
        "explanation": "The expansion valve meters the flow of liquid refrigerant into the evaporator, causing a large pressure drop that makes the refrigerant rapidly cool and vaporize."
    },
    {
        "question_number": 8,
        "question": "What is a common source of hot air for thermal anti-icing systems on an aircraft?",
        "options": {
            "A": "Ram air",
            "B": "Exhaust gas",
            "C": "Bleed air"
        },
        "correct_answer": "C",
        "explanation": "Hot bleed air is taken from the compressor stages of the engines and ducted to the leading edges of wings and engine inlets to prevent ice formation."
    },
    {
        "question_number": 9,
        "question": "Which aircraft system is primarily responsible for controlling cabin temperature, ventilation, and pressurization?",
        "options": {
            "A": "The hydraulic system.",
            "B": "The air conditioning system.",
            "C": "The electrical system."
        },
        "correct_answer": "B",
        "explanation": "The air conditioning and pressurization system controls the cabin environment, including temperature, air circulation, and cabin altitude."
    },
    {
        "question_number": 10,
        "question": "What is a typical overheat temperature limit for an air conditioning pack that would cause it to shut down?",
        "options": {
            "A": "100\u00b0F (38\u00b0C)",
            "B": "250\u00b0F (121\u00b0C)",
            "C": "500\u00b0F (260\u00b0C)"
        },
        "correct_answer": "B",
        "explanation": "Air conditioning packs have overheat sensors that will shut down the pack if temperatures exceed a set limit, such as 250\u00b0F, to prevent damage."
    },
    {
        "question_number": 11,
        "question": "What does the acronym BITE stand for in an avionics context?",
        "options": {
            "A": "Binary Integrated Test Engine.",
            "B": "Built-In Test Equipment.",
            "C": "Basic Input Terminal Emulator."
        },
        "correct_answer": "B",
        "explanation": "BITE (Built-In Test Equipment) is an automated system within an aircraft's electronic components that monitors their function and identifies faults."
    },
    {
        "question_number": 12,
        "question": "How is a BITE (Built-In Test Equipment) check typically initiated by maintenance personnel?",
        "options": {
            "A": "By cycling the main power.",
            "B": "Using a dedicated test switch on a control panel.",
            "C": "By connecting external ground power."
        },
        "correct_answer": "B",
        "explanation": "BITE checks are often initiated by pressing a dedicated test switch on a maintenance panel or through a command on a multipurpose control and display unit (MCDU)."
    },
    {
        "question_number": 13,
        "question": "What is often used for ventilating the passenger compartment when the aircraft is on the ground and the air conditioning packs are off?",
        "options": {
            "A": "Bleed air from the APU.",
            "B": "Ram air.",
            "C": "Stored compressed air."
        },
        "correct_answer": "B",
        "explanation": "A ram air inlet can be opened on the ground to allow ambient air to ventilate the cabin, often assisted by the recirculation fans."
    },
    {
        "question_number": 14,
        "question": "What percentage of cabin air is typically recycled by recirculation fans in a modern airliner?",
        "options": {
            "A": "10%",
            "B": "50%",
            "C": "90%"
        },
        "correct_answer": "B",
        "explanation": "Recirculation systems typically mix about 50% filtered cabin air with 50% fresh conditioned air from the packs for ventilation."
    },
    {
        "question_number": 15,
        "question": "What is the primary purpose of using a cabin air recirculation system?",
        "options": {
            "A": "To increase cabin pressure.",
            "B": "To minimize the amount of bleed air taken from the engines.",
            "C": "To remove odors from the cabin."
        },
        "correct_answer": "B",
        "explanation": "Recirculating cabin air reduces the demand for fresh conditioned air, which in turn minimizes the amount of bleed air taken from the engines, improving fuel efficiency."
    },
    {
        "question_number": 16,
        "question": "How is a substance like refrigerant R-12, which is a gas at room temperature, stored as a liquid in a bottle?",
        "options": {
            "A": "By keeping it at a very low temperature.",
            "B": "By storing it under high pressure.",
            "C": "By mixing it with oil."
        },
        "correct_answer": "B",
        "explanation": "Refrigerants are stored in cylinders under high pressure, which raises their boiling point and keeps them in a liquid state at ambient temperatures."
    },
    {
        "question_number": 17,
        "question": "Which of the following parameters, measured in RPM, is a primary indicator used for setting thrust on many jet engines?",
        "options": {
            "A": "EGT (Exhaust Gas Temperature)",
            "B": "N1 (Fan Speed)",
            "C": "Oil Pressure"
        },
        "correct_answer": "B",
        "explanation": "For many turbofan engines, the speed of the low-pressure compressor and fan (N1), expressed as a percentage of maximum RPM, is the primary parameter for setting and monitoring engine thrust."
    },
    {
        "question_number": 18,
        "question": "What is the main function of the water separator within an air conditioning pack?",
        "options": {
            "A": "To add moisture to dry cabin air.",
            "B": "To remove water vapor from the air before cooling.",
            "C": "To remove condensed water from the air after cooling."
        },
        "correct_answer": "C",
        "explanation": "After the air is cooled in the turbine, excess moisture condenses. The water separator removes this liquid water to prevent it from entering the cabin as fog or freezing in the ducts."
    },
    {
        "question_number": 19,
        "question": "What is the primary purpose of the equipment cooling system on an aircraft?",
        "options": {
            "A": "To cool the passenger cabin.",
            "B": "To cool hydraulic fluid.",
            "C": "To cool electrical and electronic components."
        },
        "correct_answer": "C",
        "explanation": "The equipment cooling system circulates air over avionics and electrical components in the E&E bay to prevent them from overheating."
    },
    {
        "question_number": 20,
        "question": "What component regulates the amount of bleed air entering an air conditioning pack?",
        "options": {
            "A": "The outflow valve.",
            "B": "The pack flow control valve.",
            "C": "The temperature control valve."
        },
        "correct_answer": "B",
        "explanation": "The pack flow control valve (FCV), also known as the pack valve, modulates to control the mass airflow of bleed air into the air conditioning pack."
    },
    {
        "question_number": 21,
        "question": "What medium is typically used in the primary heat exchanger of an air conditioning pack to cool the hot bleed air?",
        "options": {
            "A": "Engine fuel",
            "B": "Hydraulic fluid",
            "C": "Ram air"
        },
        "correct_answer": "C",
        "explanation": "Heat exchangers in an air conditioning pack use external ram air, forced through the exchanger, to cool the hot bleed air from the engine."
    },
    {
        "question_number": 22,
        "question": "What is the function of the temperature control valve (or trim air valve) in an air conditioning system?",
        "options": {
            "A": "It regulates the flow of ram air.",
            "B": "It mixes hot bleed air with cold air from the pack.",
            "C": "It controls the speed of the air cycle machine."
        },
        "correct_answer": "B",
        "explanation": "The temperature control valve mixes a controlled amount of hot trim air with the cold air from the pack outlet to achieve the desired temperature for a specific cabin zone."
    },
    {
        "question_number": 23,
        "question": "In a vapor cycle air conditioning system, what is used to cool the hot, high-pressure refrigerant gas in the condenser?",
        "options": {
            "A": "Cabin recirculation air.",
            "B": "Ambient air.",
            "C": "Engine bleed air."
        },
        "correct_answer": "B",
        "explanation": "The condenser transfers heat from the refrigerant to the surrounding ambient air, often aided by a fan, causing the refrigerant to condense into a liquid."
    },
    {
        "question_number": 24,
        "question": "What critical factor determines the duration of a pilot's 'Time of Useful Consciousness' during a rapid decompression?",
        "options": {
            "A": "The outside air temperature.",
            "B": "The altitude at which the decompression occurs.",
            "C": "The speed of the aircraft."
        },
        "correct_answer": "B",
        "explanation": "The Time of Useful Consciousness (TUC) is the period a person has to take corrective action after an oxygen deficiency begins. This time decreases significantly as altitude increases."
    },
    {
        "question_number": 25,
        "question": "What is a key characteristic of the engine bleed air used by the environmental control system?",
        "options": {
            "A": "It is very cold and at low pressure.",
            "B": "It is very hot and at high pressure.",
            "C": "It is at ambient temperature and pressure."
        },
        "correct_answer": "B",
        "explanation": "Bleed air is extracted from the compressor section of a jet engine, making it very hot and highly pressurized before it is cooled and regulated for use in the aircraft."
    },
    {
        "question_number": 26,
        "question": "In a vapor cycle system, what is the function of the receiver-drier?",
        "options": {
            "A": "To compress the refrigerant vapor.",
            "B": "To store and dry the liquid refrigerant.",
            "C": "To evaporate the liquid refrigerant."
        },
        "correct_answer": "B",
        "explanation": "The receiver-drier is located after the condenser and acts as a reservoir for liquid refrigerant while also containing a desiccant to remove any moisture from the system."
    },
    {
        "question_number": 27,
        "question": "What is the fundamental purpose of Built-In Test Equipment (BITE)?",
        "options": {
            "A": "To provide in-flight entertainment.",
            "B": "To improve aerodynamic efficiency.",
            "C": "To monitor system health and report faults."
        },
        "correct_answer": "C",
        "explanation": "BITE is designed to continuously or on-demand monitor the status of a system or component and report any detected faults, which aids in troubleshooting and maintenance."
    },
    {
        "question_number": 28,
        "question": "Why do commercial aircraft typically fly at high altitudes?",
        "options": {
            "A": "To provide passengers with better views.",
            "B": "To achieve lower fuel consumption.",
            "C": "To avoid communication interference."
        },
        "correct_answer": "B",
        "explanation": "At higher altitudes, the air is less dense, resulting in lower aerodynamic drag. This allows the aircraft to fly more efficiently and consume less fuel."
    },
    {
        "question_number": 29,
        "question": "What type of oxygen system is commonly used to supply emergency oxygen in aircraft lavatories?",
        "options": {
            "A": "A diluter-demand system.",
            "B": "A chemical oxygen generator system.",
            "C": "A liquid oxygen (LOX) system."
        },
        "correct_answer": "B",
        "explanation": "Passenger areas and lavatories typically use self-contained chemical oxygen generators, which are lightweight and provide a continuous flow of oxygen for a limited time once activated."
    },
    {
        "question_number": 30,
        "question": "What does the term 'cabin altitude' refer to?",
        "options": {
            "A": "The aircraft's actual height above sea level.",
            "B": "The cabin pressure expressed as an equivalent altitude above sea level.",
            "C": "The physical height of the cabin ceiling from the floor."
        },
        "correct_answer": "B",
        "explanation": "Cabin altitude is a way to express the air pressure inside the cabin. For example, a cabin altitude of 8,000 feet means the pressure inside is the same as the atmospheric pressure at 8,000 feet."
    },
    {
        "question_number": 31,
        "question": "What term is used to describe the measurement of real-time atmospheric pressure?",
        "options": {
            "A": "Differential pressure",
            "B": "Barometric pressure",
            "C": "Absolute pressure"
        },
        "correct_answer": "B",
        "explanation": "Barometric pressure is the measurement of air pressure in the atmosphere at a specific location and time, often referenced to sea level."
    },
    {
        "question_number": 32,
        "question": "What is 'differential pressure' in the context of an aircraft cabin?",
        "options": {
            "A": "The pressure difference between the engines.",
            "B": "The pressure difference between the cabin and the outside ambient air.",
            "C": "The pressure difference between the cockpit and the passenger cabin."
        },
        "correct_answer": "B",
        "explanation": "Differential pressure is the stress on the fuselage caused by the difference between the higher internal cabin pressure and the lower external ambient pressure."
    },
    {
        "question_number": 33,
        "question": "How might a technician navigate through fault messages when using a BITE system display?",
        "options": {
            "A": "By using voice commands.",
            "B": "By using dedicated UP and DOWN buttons.",
            "C": "By restarting the system."
        },
        "correct_answer": "B",
        "explanation": "Many BITE interfaces on control panels use simple UP, DOWN, or SCROLL buttons to allow maintenance personnel to navigate through menus and view fault history."
    },
    {
        "question_number": 34,
        "question": "What is the state of the outflow valve in unpressurized flight mode?",
        "options": {
            "A": "It is fully closed to maintain pressure.",
            "B": "It is fully open, making cabin pressure equal to ambient pressure.",
            "C": "It modulates rapidly to control temperature."
        },
        "correct_answer": "B",
        "explanation": "In the unpressurized mode, such as on the ground or in manual mode, the outflow valve is driven fully open to ensure the cabin pressure is the same as the outside atmospheric pressure."
    },
    {
        "question_number": 35,
        "question": "In a continuous-flow oxygen mask, what component is used to limit the rate of oxygen flow?",
        "options": {
            "A": "A calibrated orifice.",
            "B": "An adjustable knob.",
            "C": "An electronic sensor."
        },
        "correct_answer": "A",
        "explanation": "A small, precisely sized hole known as a calibrated orifice is used in the connector or tubing to restrict the oxygen flow to a predetermined rate suitable for a specific altitude range."
    },
    {
        "question_number": 36,
        "question": "In some oxygen regulators, what barometric device allows the oxygen flow to increase as aircraft altitude increases?",
        "options": {
            "A": "A diaphragm.",
            "B": "A venturi.",
            "C": "An aneroid."
        },
        "correct_answer": "C",
        "explanation": "An aneroid is a sealed, flexible metal capsule that expands as outside air pressure drops (altitude increases), which in turn operates a valve to increase oxygen flow."
    },
    {
        "question_number": 37,
        "question": "At what approximate altitude will a diluter-demand oxygen system typically start to provide 100% oxygen?",
        "options": {
            "A": "14,000 feet",
            "B": "25,000 feet",
            "C": "34,000 feet"
        },
        "correct_answer": "C",
        "explanation": "A diluter-demand system mixes cabin air with oxygen at lower altitudes. As altitude increases, the dilution is reduced, and at approximately 34,000 feet, it supplies 100% oxygen."
    },
    {
        "question_number": 38,
        "question": "Which area of a commercial aircraft is typically equipped with a demand-type oxygen system?",
        "options": {
            "A": "The passenger cabin.",
            "B": "The cargo hold.",
            "C": "The cockpit."
        },
        "correct_answer": "C",
        "explanation": "Demand-type oxygen systems, which supply oxygen only when the user inhales, are used in the cockpit for the flight crew, as they are more efficient for extended use."
    },
    {
        "question_number": 39,
        "question": "In the event of smoke in the cabin, what is the function of the smoke evacuation or dump valve?",
        "options": {
            "A": "To release fire extinguishing agent.",
            "B": "To rapidly depressurize the aircraft and clear the smoke.",
            "C": "To seal the cabin from outside air."
        },
        "correct_answer": "B",
        "explanation": "A smoke evacuation system or function will often command the outflow valve to open, causing a controlled depressurization that helps to vent smoke from the cabin."
    },
    {
        "question_number": 40,
        "question": "Which computer typically processes inputs from cabin pressure sensors to control the outflow valve?",
        "options": {
            "A": "The Flight Management Computer (FMC).",
            "B": "The Cabin Pressure Controller (CPC).",
            "C": "The Engine Control Unit (ECU)."
        },
        "correct_answer": "B",
        "explanation": "The Cabin Pressure Controller (CPC) is the dedicated computer that takes inputs from various sensors (cabin pressure, ambient pressure, etc.) to automatically control the position of the outflow valve."
    },
    {
        "question_number": 41,
        "question": "What device protects the aircraft fuselage from excessive cabin overpressure?",
        "options": {
            "A": "A positive pressure relief valve.",
            "B": "The cabin air filter.",
            "C": "The recirculation fan."
        },
        "correct_answer": "A",
        "explanation": "Positive pressure relief valves are safety devices that automatically open to vent cabin pressure if the primary control system fails and differential pressure exceeds the structural limit."
    },
    {
        "question_number": 42,
        "question": "According to the ideal gas law, what happens to the pressure inside a sealed oxygen cylinder if its temperature increases?",
        "options": {
            "A": "The pressure decreases.",
            "B": "The pressure remains the same.",
            "C": "The pressure increases."
        },
        "correct_answer": "C",
        "explanation": "Based on the gas law (PV=nRT), if the volume of gas is constant (in a sealed cylinder), its pressure is directly proportional to its absolute temperature. As temperature increases, pressure increases."
    },
    {
        "question_number": 43,
        "question": "What two primary pressures are sensed by the cabin pressure control system to manage pressurization?",
        "options": {
            "A": "Hydraulic and pneumatic pressure.",
            "B": "Cabin pressure and atmospheric pressure.",
            "C": "Fuel and oil pressure."
        },
        "correct_answer": "B",
        "explanation": "The system constantly compares the internal cabin pressure with the outside atmospheric (ambient) pressure to calculate and control the differential pressure via the outflow valve."
    },
    {
        "question_number": 44,
        "question": "The outflow valve, which is the primary means of controlling cabin pressure, typically has which modes of control?",
        "options": {
            "A": "Hydraulic and electric.",
            "B": "Automatic and manual/mechanical.",
            "C": "Pneumatic and magnetic."
        },
        "correct_answer": "B",
        "explanation": "The outflow valve is normally controlled automatically by electric motors commanded by the CPCs, but it also has a manual or mechanical override for non-normal situations."
    },
    {
        "question_number": 45,
        "question": "What does a green overboard discharge indicator disc signify on the side of the fuselage?",
        "options": {
            "A": "The oxygen system is fully charged and ready.",
            "B": "The oxygen system has been discharged due to overpressure.",
            "C": "The fire extinguisher system has been discharged."
        },
        "correct_answer": "B",
        "explanation": "The green disc is a thermal safety plug that will rupture or blow out if the pressure in the oxygen cylinder becomes too high (e.g., due to overheating), indicating that the system's contents have been vented overboard."
    },
    {
        "question_number": 46,
        "question": "What is the most fundamental requirement of an aircraft's fuselage to allow for pressurization?",
        "options": {
            "A": "Aerodynamic streamlining.",
            "B": "Sufficient window size.",
            "C": "Structural integrity to withstand pressure differences."
        },
        "correct_answer": "C",
        "explanation": "The aircraft fuselage must be designed as a pressure vessel with the structural strength to safely withstand the repeated stress cycles from the pressure differential between the cabin and the outside air."
    },
    {
        "question_number": 47,
        "question": "What is the purpose of a negative pressure relief valve on an aircraft fuselage?",
        "options": {
            "A": "To prevent the cabin pressure from becoming too high.",
            "B": "To prevent the cabin pressure from becoming lower than the outside pressure.",
            "C": "To relieve pressure from the hydraulic system."
        },
        "correct_answer": "B",
        "explanation": "A negative pressure relief valve prevents the ambient (outside) pressure from exceeding the cabin pressure, which could happen during a rapid descent and could damage the aircraft structure."
    },
    {
        "question_number": 48,
        "question": "Which type of test is performed to check the cabin's pressurization leakage rate?",
        "options": {
            "A": "A static test.",
            "B": "A dynamic test.",
            "C": "A hydrostatic test."
        },
        "correct_answer": "B",
        "explanation": "A dynamic test, or leakage test, involves pressurizing the cabin to a specific differential pressure and measuring the rate at which the pressure drops over time to ensure it is within acceptable limits."
    },
    {
        "question_number": 49,
        "question": "What is the purpose of a static pressure test on an aircraft fuselage?",
        "options": {
            "A": "To check for air leaks around doors and windows.",
            "B": "To verify the structural integrity of the pressure vessel.",
            "C": "To test the function of the outflow valve."
        },
        "correct_answer": "B",
        "explanation": "A static test involves pressurizing the fuselage to a value well above its normal operating pressure to ensure its structural integrity and ability to withstand the stresses of pressurization without failure."
    }
]