[
    {
        "question_number": 1,
        "question": "What is an advantage of conventional landing gear?",
        "options": {
            "A": "Better visibility during taxiing",
            "B": "Rough field operation",
            "C": "Easier to land in crosswinds"
        },
        "correct_answer": "B",
        "explanation": "Conventional landing gear (taildragger) is generally more robust and better suited for operations on unprepared or rough surfaces compared to tricycle gear."
    },
    {
        "question_number": 2,
        "question": "What component, other than the tiller, is used for steering an aircraft on the ground?",
        "options": {
            "A": "Ailerons",
            "B": "Rudder Pedal",
            "C": "Yoke/Control Stick"
        },
        "correct_answer": "B",
        "explanation": "The rudder pedals are used for nose wheel steering during taxiing, takeoff, and landing, often in conjunction with differential braking."
    },
    {
        "question_number": 3,
        "question": "In a typical landing gear position indication system, what does a green light indicate?",
        "options": {
            "A": "Gear is in transit",
            "B": "Gear is up and locked",
            "C": "Gear is down and locked"
        },
        "correct_answer": "C",
        "explanation": "A green light in the cockpit's landing gear indicator panel signifies that the corresponding gear is fully extended and securely locked in the down position, safe for landing."
    },
    {
        "question_number": 4,
        "question": "In a split flange wheel assembly, where is the brake unit typically assembled?",
        "options": {
            "A": "Outboard section",
            "B": "Inboard section",
            "C": "The tire itself"
        },
        "correct_answer": "B",
        "explanation": "In a split-wheel design, the brake assembly is mounted on the axle and fits within the inboard half (or section) of the wheel."
    },
    {
        "question_number": 5,
        "question": "What is the name of the mechanically operated valve that controls door opening before landing gear extension?",
        "options": {
            "A": "Sequence valve",
            "B": "Shuttle valve",
            "C": "Priority valve"
        },
        "correct_answer": "A",
        "explanation": "A sequence valve is a mechanically operated valve that ensures hydraulic operations occur in a specific order, such as ensuring the landing gear doors are fully open before the gear begins to extend."
    },
    {
        "question_number": 6,
        "question": "What is the name of the hydraulically operated valve that controls door opening before landing gear extension?",
        "options": {
            "A": "Sequence valve",
            "B": "Check valve",
            "C": "Priority valve"
        },
        "correct_answer": "C",
        "explanation": "A priority valve ensures that a critical system, such as landing gear door operation, receives hydraulic pressure before other, less critical systems when demand is high."
    },
    {
        "question_number": 7,
        "question": "What is the correct sequence of events during landing gear extension on an aircraft with gear doors?",
        "options": {
            "A": "Doors are activated first before landing gear",
            "B": "Landing gear is activated first before doors",
            "C": "Both are activated simultaneously"
        },
        "correct_answer": "A",
        "explanation": "To prevent physical interference and damage, the landing gear doors must be fully opened before the landing gear itself begins to extend from the wheel well."
    },
    {
        "question_number": 8,
        "question": "What happens if the piston return spring malfunctions in a brake master cylinder?",
        "options": {
            "A": "Brake fluid will leak",
            "B": "The brakes will apply with excessive force",
            "C": "The piston will not retract, potentially causing brake drag"
        },
        "correct_answer": "C",
        "explanation": "The return spring's function is to push the piston back to its initial position when brake pressure is released. If it fails, the piston may not retract, causing the brakes to remain partially applied (brake drag)."
    },
    {
        "question_number": 9,
        "question": "What type of braking system is commonly used on medium-sized aircraft?",
        "options": {
            "A": "Power boost brake system",
            "B": "Independent master cylinder system",
            "C": "Full power brake system"
        },
        "correct_answer": "A",
        "explanation": "A power boost brake system uses the aircraft's main hydraulic system to augment the pilot's braking effort, making it suitable for medium-sized aircraft that need more braking force than a simple independent system can provide."
    },
    {
        "question_number": 10,
        "question": "What device continuously pressurizes the fluid in a steering system?",
        "options": {
            "A": "Actuator",
            "B": "Accumulator",
            "C": "Compensator"
        },
        "correct_answer": "C",
        "explanation": "A compensator, which can be a type of accumulator, maintains a constant pressure in the steering system to ensure immediate response and to account for thermal expansion of the hydraulic fluid."
    },
    {
        "question_number": 11,
        "question": "What is the effect of pushing the left rudder pedal harder than the right while taxiing?",
        "options": {
            "A": "Steer to the right",
            "B": "Steer to the left",
            "C": "No change in direction"
        },
        "correct_answer": "B",
        "explanation": "On the ground, the rudder pedals control the nose wheel steering. Pushing the left pedal turns the nose wheel to the left, causing the aircraft to steer left."
    },
    {
        "question_number": 12,
        "question": "What component is used to attach the wheel to the lower shock strut cylinder?",
        "options": {
            "A": "Torque link",
            "B": "Drag strut",
            "C": "Axle"
        },
        "correct_answer": "C",
        "explanation": "The axle is the shaft on which the wheel and its bearings are mounted, and it is an integral part of the lower landing gear strut assembly."
    },
    {
        "question_number": 13,
        "question": "What is the angle of the fabric plies relative to the centerline of the tread in radial tires?",
        "options": {
            "A": "30-60\u00b0",
            "B": "90\u00b0",
            "C": "0\u00b0"
        },
        "correct_answer": "B",
        "explanation": "In a radial tire, the carcass plies are laid at a 90-degree angle (radially) to the direction of travel, which provides strength and flexibility to the tire."
    },
    {
        "question_number": 14,
        "question": "During a brake inspection and repair, which of the following represents a mismatched finding and corrective action?",
        "options": {
            "A": "Leaking O-ring - replace O-ring",
            "B": "Warped disc - replace disc",
            "C": "Lining wear - replace spring"
        },
        "correct_answer": "C",
        "explanation": "If the brake lining is worn, the correct action is to replace the lining itself. Replacing a spring would not address the worn friction material, making this a mismatched action."
    },
    {
        "question_number": 15,
        "question": "What is the most common type of tread pattern for aircraft tires?",
        "options": {
            "A": "Ribbed",
            "B": "All-weather",
            "C": "Smooth"
        },
        "correct_answer": "A",
        "explanation": "A ribbed tread pattern is most common for aircraft tires used on paved surfaces, as the ribs provide good lateral stability and channel water away to prevent hydroplaning."
    },
    {
        "question_number": 16,
        "question": "What is the purpose of the tapered shape of a metering pin in a shock strut?",
        "options": {
            "A": "To allow for maximum fluid flow on compression",
            "B": "To increase the resistance of fluid flow gradually as the strut compresses",
            "C": "To lock the strut in the extended position"
        },
        "correct_answer": "B",
        "explanation": "As the shock strut compresses, the tapered metering pin increasingly restricts the orifice through which hydraulic fluid flows. This gradual increase in resistance smoothly absorbs and dissipates the energy of landing."
    },
    {
        "question_number": 17,
        "question": "What is the name of the safety plug in a wheel that melts to release tire pressure when brake temperatures become excessive?",
        "options": {
            "A": "Over-pressure relief valve",
            "B": "Thermal relief plug",
            "C": "Schrader valve"
        },
        "correct_answer": "B",
        "explanation": "A thermal relief plug (or fusible plug) contains a core with a specific melting point. If the wheel and brake assembly overheats, the core melts, safely deflating the tire and preventing an explosive blowout."
    },
    {
        "question_number": 18,
        "question": "What is the function of the torque links on a landing gear strut?",
        "options": {
            "A": "To absorb landing shock",
            "B": "To keep the wheel aligned with the outer cylinder",
            "C": "To retract the landing gear"
        },
        "correct_answer": "B",
        "explanation": "Torque links (or scissors) connect the upper and lower shock strut cylinders, preventing the lower cylinder and wheel assembly from rotating freely and keeping the wheel aligned fore and aft."
    },
    {
        "question_number": 19,
        "question": "What component stabilizes the landing gear against longitudinal (fore and aft) loads?",
        "options": {
            "A": "Side brace",
            "B": "Drag strut",
            "C": "Torque link"
        },
        "correct_answer": "B",
        "explanation": "The drag strut, or drag brace, is a structural member that braces the landing gear against fore-and-aft loads encountered during landing, takeoff, and ground operations."
    },
    {
        "question_number": 20,
        "question": "What is a primary advantage of using carbon brakes over steel brakes?",
        "options": {
            "A": "Lower cost",
            "B": "Light weight",
            "C": "Easier to manufacture"
        },
        "correct_answer": "B",
        "explanation": "Carbon brakes offer significant weight savings compared to steel brakes of similar performance. They also perform better at high temperatures and have a longer service life."
    },
    {
        "question_number": 21,
        "question": "What component is used to change high system pressure to a lower working pressure for the brakes?",
        "options": {
            "A": "Pressure relief valve",
            "B": "Brake debooster",
            "C": "Master cylinder"
        },
        "correct_answer": "B",
        "explanation": "A brake debooster is a valve that reduces the high pressure from the aircraft's main hydraulic system to a lower, more controllable pressure suitable for brake application, improving pilot feel and preventing brake lockup."
    },
    {
        "question_number": 22,
        "question": "What part of the tire mounts onto the wheel rim?",
        "options": {
            "A": "Tread",
            "B": "Sidewall",
            "C": "Bead"
        },
        "correct_answer": "C",
        "explanation": "The bead is the inner edge of the tire, reinforced with steel wires, that seats against the wheel rim flange to create an airtight seal and secure the tire to the wheel."
    },
    {
        "question_number": 23,
        "question": "What is the part of the tire that contacts the ground and is designed to wear down over time?",
        "options": {
            "A": "Bead",
            "B": "Tread",
            "C": "Carcass"
        },
        "correct_answer": "B",
        "explanation": "The tread is the outer surface of the tire that makes contact with the runway. It is designed to provide traction and is the primary wear surface of the tire."
    },
    {
        "question_number": 24,
        "question": "Dutch roll is an out-of-phase combination of which two movements?",
        "options": {
            "A": "Pitch and yaw",
            "B": "Yaw and roll",
            "C": "Pitch and roll"
        },
        "correct_answer": "B",
        "explanation": "Dutch roll is an aerodynamic tendency of an aircraft to exhibit a coupled oscillation in yaw and roll, where the aircraft yaws and rolls in an out-of-phase manner."
    },
    {
        "question_number": 25,
        "question": "What are ailerons used for?",
        "options": {
            "A": "Pitch control (longitudinal)",
            "B": "Yaw control (directional)",
            "C": "Roll control (lateral)"
        },
        "correct_answer": "C",
        "explanation": "Ailerons are primary flight controls located on the trailing edge of the wings. They work differentially to control the aircraft's roll about its longitudinal axis."
    },
    {
        "question_number": 26,
        "question": "Which control surface is used to control an aircraft's movement along its vertical axis (yaw)?",
        "options": {
            "A": "Ailerons",
            "B": "Elevator",
            "C": "Rudder"
        },
        "correct_answer": "C",
        "explanation": "The rudder is the primary control surface for controlling yaw, which is the rotation of the aircraft around its vertical axis."
    },
    {
        "question_number": 27,
        "question": "A stall protection system provides all of the following warnings or actions EXCEPT:",
        "options": {
            "A": "Stick shaker activation",
            "B": "Stick pusher activation",
            "C": "Raising the spoilers"
        },
        "correct_answer": "C",
        "explanation": "Stall protection systems provide warnings (like a stick shaker) and recovery actions (like a stick pusher). Raising spoilers decreases lift and would worsen the stall, so it is never a function of stall protection."
    },
    {
        "question_number": 28,
        "question": "What is the likely corrective action if a rudder pedal does not return to the neutral position when the rudder is streamlined?",
        "options": {
            "A": "Lubricate the pedal hinges",
            "B": "Re-rig the rudder control cables",
            "C": "Replace the rudder"
        },
        "correct_answer": "B",
        "explanation": "If the pedals and the control surface are not aligned in their neutral positions, it indicates a problem with the control cable tension or length, which requires a re-rigging procedure."
    },
    {
        "question_number": 29,
        "question": "Which of the following is used to remove or reduce control surface flutter and balance the surface?",
        "options": {
            "A": "Trim tab",
            "B": "Forward counterweight",
            "C": "Servo tab"
        },
        "correct_answer": "B",
        "explanation": "Counterweights are added forward of the control surface hinge line to balance it. This mass balancing moves the center of gravity of the surface to the hinge line, which helps prevent control surface flutter at high speeds."
    },
    {
        "question_number": 30,
        "question": "Which of the following is not a leading-edge high-lift device?",
        "options": {
            "A": "Slat",
            "B": "Flaperon",
            "C": "Krueger flap"
        },
        "correct_answer": "B",
        "explanation": "Slats and Krueger flaps are devices located on the leading edge of the wing. A flaperon is a control surface on the trailing edge that combines the functions of a flap and an aileron."
    },
    {
        "question_number": 31,
        "question": "In a mechanical feel system, what primarily determines the amount of artificial feel provided to the pilot?",
        "options": {
            "A": "Hydraulic pressure",
            "B": "The relative position of the fulcrum",
            "C": "Spring tension"
        },
        "correct_answer": "B",
        "explanation": "Mechanical feel systems often use levers and fulcrums. Changing the position of the fulcrum alters the mechanical advantage, thereby changing the amount of force (feel) the pilot experiences."
    },
    {
        "question_number": 32,
        "question": "Which of the following is true about a simple spring-based artificial feel system?",
        "options": {
            "A": "The feel increases with airspeed",
            "B": "The feel is constant regardless of airspeed",
            "C": "The feel decreases with airspeed"
        },
        "correct_answer": "B",
        "explanation": "A simple spring provides a force proportional only to its displacement, not to airspeed. Therefore, the artificial feel it creates does not change with airspeed, which is a limitation of this type of system."
    },
    {
        "question_number": 33,
        "question": "In a fly-by-wire system, what component changes the pilot's manual input into electrical signals and sends them to the control computer?",
        "options": {
            "A": "Servos",
            "B": "Force and Position transducers",
            "C": "Autopilot computer"
        },
        "correct_answer": "B",
        "explanation": "In fly-by-wire controls, position and force transducers convert the mechanical movement and force applied by the pilot on the controls into electrical signals for the flight control computers."
    },
    {
        "question_number": 34,
        "question": "What is a common cause of lost motion between the control wheel and the control surface in a cable-operated system?",
        "options": {
            "A": "Excessive cable tension",
            "B": "Low cable tension",
            "C": "Worn pulleys"
        },
        "correct_answer": "B",
        "explanation": "Lost motion, or slack, in a control system means the cockpit control can be moved a small amount without the control surface moving. This is often caused by improperly tensioned (too low) control cables."
    },
    {
        "question_number": 35,
        "question": "What is the typical adjustment made to correct for incorrect travel of an aileron?",
        "options": {
            "A": "Re-rig the entire cable system",
            "B": "Adjust the control rod",
            "C": "Replace the aileron"
        },
        "correct_answer": "B",
        "explanation": "The travel limits of control surfaces are often fine-tuned by adjusting the length of the control rods (push-pull rods) that connect the bellcranks or actuators to the control surface horns."
    },
    {
        "question_number": 36,
        "question": "What is the result if the bellcrank in the rudder control system is not properly adjusted?",
        "options": {
            "A": "Stiff rudder pedals",
            "B": "Rudder flutter",
            "C": "Incorrect travel of the rudder"
        },
        "correct_answer": "C",
        "explanation": "A bellcrank changes the direction of motion in a control run. If its stops or neutral position are improperly adjusted, it will result in the control surface having either too much or too little travel."
    },
    {
        "question_number": 37,
        "question": "Which of the following components receives signals and initiates a warning or control movement to prevent a stall?",
        "options": {
            "A": "Air Data Computer (ADC)",
            "B": "Stall warning computer",
            "C": "Flight Management Computer (FMC)"
        },
        "correct_answer": "B",
        "explanation": "The stall warning computer processes inputs from Angle of Attack (AOA) sensors and other systems to determine if a stall is imminent and then activates warnings like the stick shaker or recovery systems like the stick pusher."
    },
    {
        "question_number": 38,
        "question": "In a modern fly-by-wire architecture, what type of signal is typically transmitted between major computers like the Actuator Control Electronics (ACE) and the Primary Flight Computer (PFC)?",
        "options": {
            "A": "Analog",
            "B": "Digital",
            "C": "Hydraulic"
        },
        "correct_answer": "B",
        "explanation": "Modern flight control systems use digital data buses (like ARINC 429) for communication between major components to ensure high fidelity, speed, and noise immunity."
    },
    {
        "question_number": 39,
        "question": "During a roll commanded by the pilot, what is the position of the spoiler on the down-going wing?",
        "options": {
            "A": "Downward",
            "B": "Upward",
            "C": "It remains neutral"
        },
        "correct_answer": "B",
        "explanation": "To initiate a roll, the aileron on the down-going wing moves up. To assist this roll (acting as a spoileron), the spoiler on the same (down-going) wing also extends upward to dump lift, causing that wing to drop more quickly."
    }
]