[
    {
        "question_number": 1,
        "question": "What type of waste is NOT drained overboard through drain masts?",
        "options": {
            "A": "Human waste from the toilet",
            "B": "Galley sink water",
            "C": "Lavatory sink water"
        },
        "correct_answer": "A",
        "explanation": "Aircraft toilets use a closed waste system where human waste is collected in a holding tank for disposal on the ground. Grey water from sinks is often drained overboard."
    },
    {
        "question_number": 2,
        "question": "In a liquid flush toilet type, how is waste handled?",
        "options": {
            "A": "It is sent to a central vacuum tank",
            "B": "It is collected in a tank under each bowl",
            "C": "It is drained directly overboard"
        },
        "correct_answer": "B",
        "explanation": "Liquid flush toilets, an older design, collect waste in an individual tank located directly under each toilet bowl."
    },
    {
        "question_number": 3,
        "question": "Which icing condition detecting system is considered a differential type?",
        "options": {
            "A": "Visual ice indicators on the wing",
            "B": "Temperature/moisture probe",
            "C": "An ice detector light"
        },
        "correct_answer": "B",
        "explanation": "A differential icing detection system often uses a combination of temperature and moisture sensors or two probes (one heated, one not) to compare states and detect icing conditions."
    },
    {
        "question_number": 4,
        "question": "What is the primary cause for icing in the atmosphere?",
        "options": {
            "A": "High altitude alone",
            "B": "Low air pressure",
            "C": "Coldness acting on moisture in the air"
        },
        "correct_answer": "C",
        "explanation": "Icing occurs when an aircraft flies through visible moisture, such as clouds or rain, at temperatures at or below freezing."
    },
    {
        "question_number": 5,
        "question": "Supercooled water in the atmosphere is in which form?",
        "options": {
            "A": "Liquid",
            "B": "Solid (ice crystals)",
            "C": "Gas (water vapor)"
        },
        "correct_answer": "A",
        "explanation": "Supercooled water consists of water droplets that remain in a liquid state even though their temperature is below the freezing point, making them a primary cause of aircraft icing."
    },
    {
        "question_number": 6,
        "question": "What is installed at the entryways, galleys, and lavatories to provide nonskid, waterproof surfaces?",
        "options": {
            "A": "Carpeting",
            "B": "Mats",
            "C": "Metal plates"
        },
        "correct_answer": "B",
        "explanation": "Specialized mats or floor coverings are used in high-traffic and potentially wet areas like galleys, lavatories, and entryways to ensure a safe, nonskid, and waterproof surface."
    },
    {
        "question_number": 7,
        "question": "Where are insulation blankets installed in an aircraft?",
        "options": {
            "A": "Between the interior linings and the fuselage skin",
            "B": "On the exterior of the fuselage",
            "C": "Under the cabin floor panels"
        },
        "correct_answer": "A",
        "explanation": "Insulation blankets are placed between the aircraft's outer fuselage skin and the interior cabin wall panels to provide thermal and acoustic insulation."
    },
    {
        "question_number": 8,
        "question": "Which of the following is NOT considered a primary adverse effect of ice and rain conditions on an aircraft?",
        "options": {
            "A": "Loss of lift and increased drag",
            "B": "Loss of electrical power",
            "C": "Increased weight"
        },
        "correct_answer": "B",
        "explanation": "Ice and rain primarily affect aerodynamics by increasing drag and weight while decreasing lift. They do not typically cause a direct loss of the aircraft's main electrical power generation systems."
    },
    {
        "question_number": 9,
        "question": "How many bogie units typically attach crew seats to the aircraft seat tracks?",
        "options": {
            "A": "2",
            "B": "4",
            "C": "6"
        },
        "correct_answer": "B",
        "explanation": "Crew seats are securely attached to the floor tracks at four points using bogie fittings to ensure they can withstand high G-forces."
    },
    {
        "question_number": 10,
        "question": "Which of the following is a key strength requirement for an aircraft seat belt?",
        "options": {
            "A": "Capable of holding a 170lb (77kg) person during a 9G forward acceleration",
            "B": "Must be made of fireproof material",
            "C": "Must have a five-point harness for all passengers"
        },
        "correct_answer": "A",
        "explanation": "Aviation regulations specify that seat belts must be strong enough to restrain a person of a standard weight (170 lbs) during significant deceleration forces, such as a 9G forward acceleration."
    },
    {
        "question_number": 11,
        "question": "What type of deicing system is often used on General Aviation (GA) and turboprop commuter-type aircraft?",
        "options": {
            "A": "A thermal anti-icing system using bleed air",
            "B": "A pneumatic deicing system",
            "C": "An electrical heating system for the entire wing"
        },
        "correct_answer": "B",
        "explanation": "Pneumatic deicing systems, which use inflatable rubber boots on leading edges, are common on GA and turboprop aircraft due to their relative simplicity and lower power requirements."
    },
    {
        "question_number": 12,
        "question": "What is a typical de-ice system used on a propeller?",
        "options": {
            "A": "Pneumatic boot",
            "B": "Chemical spray",
            "C": "Electrically heated boot"
        },
        "correct_answer": "C",
        "explanation": "Propellers commonly use electrically heated boots or elements on the blade's leading edge to prevent or remove ice, ensuring the propeller maintains its aerodynamic efficiency."
    },
    {
        "question_number": 13,
        "question": "What is used in the cargo hold floor to enable pallets and containers to be manually positioned?",
        "options": {
            "A": "A roller system",
            "B": "A conveyor belt",
            "C": "Smooth metal flooring"
        },
        "correct_answer": "A",
        "explanation": "Cargo holds are equipped with roller systems, including roller trays and ball mats, that allow ground crews to easily move and position heavy containers and pallets."
    },
    {
        "question_number": 14,
        "question": "What type of system is used to PREVENT ice formation on critical surfaces of an aircraft?",
        "options": {
            "A": "De-ice system",
            "B": "Anti-ice system",
            "C": "Pneumatic system"
        },
        "correct_answer": "B",
        "explanation": "An anti-ice system is a proactive system that is activated to prevent ice from forming in the first place, typically by heating the surfaces."
    },
    {
        "question_number": 15,
        "question": "What type of system is used to REMOVE ice that has already formed on critical surfaces of an aircraft?",
        "options": {
            "A": "De-ice system",
            "B": "Anti-ice system",
            "C": "Heating system"
        },
        "correct_answer": "A",
        "explanation": "A de-ice system is a reactive system used to remove ice after it has accumulated on a surface, for example, by using pneumatic boots to break the ice off."
    },
    {
        "question_number": 16,
        "question": "What does the inertial reel assembly in a pilot's seatbelt allow?",
        "options": {
            "A": "The pilot to move forward for normal tasks without operating a lever",
            "B": "The belt to automatically tighten during takeoff",
            "C": "The belt to be released with a single button press"
        },
        "correct_answer": "A",
        "explanation": "The inertial reel allows for slow, deliberate movements but locks firmly during sudden deceleration, providing freedom of movement during normal operation and safety during an incident."
    },
    {
        "question_number": 17,
        "question": "What heating elements are typically used in an aircraft windshield?",
        "options": {
            "A": "Hot air blown onto the surface",
            "B": "Resistance wires or a laminated conductive film",
            "C": "A chemical heating pack"
        },
        "correct_answer": "B",
        "explanation": "Aircraft windshields are heated electrically using either fine resistance wires or a transparent conductive film laminated between the layers of the windshield."
    },
    {
        "question_number": 18,
        "question": "What component is required for a 'wet' type engine-driven air pump used in pneumatic systems?",
        "options": {
            "A": "An oil separator",
            "B": "A dedicated fuel line",
            "C": "A cooling fan"
        },
        "correct_answer": "A",
        "explanation": "'Wet' type air pumps are lubricated by engine oil, so an oil separator is needed to remove oil from the compressed air before it is used by instruments or de-icing boots."
    },
    {
        "question_number": 19,
        "question": "What type of toilet system uses a central collection tank for waste from several toilets?",
        "options": {
            "A": "Liquid flush toilet type",
            "B": "Vacuum toilet type",
            "C": "Incinerator toilet type"
        },
        "correct_answer": "B",
        "explanation": "Vacuum toilet systems use differential pressure to transport waste from multiple toilet bowls to a single, central holding tank."
    },
    {
        "question_number": 20,
        "question": "Which statement is NOT correct about an aircraft's potable water system?",
        "options": {
            "A": "It supplies water to galleys.",
            "B": "It supplies water to lavatories.",
            "C": "It supplies water to the cockpit windshield wiper."
        },
        "correct_answer": "C",
        "explanation": "The potable water system is for galleys and lavatories. Windshield washing systems use a separate, dedicated fluid reservoir, not the drinking water supply."
    },
    {
        "question_number": 21,
        "question": "How is water typically delivered to different access points in an aircraft's potable water system?",
        "options": {
            "A": "Gravity feed",
            "B": "Multiple electric pumps",
            "C": "Compressed air"
        },
        "correct_answer": "C",
        "explanation": "Aircraft potable water systems are pressurized using compressed air to ensure consistent water flow to all faucets, regardless of the aircraft's attitude."
    },
    {
        "question_number": 22,
        "question": "What is optionally used to pressurize the aircraft water system, especially when engines are not running?",
        "options": {
            "A": "A manual hand pump",
            "B": "An electric compressor",
            "C": "A hydraulic pump"
        },
        "correct_answer": "B",
        "explanation": "An electric air compressor can be used as an alternate or primary source to pressurize the water system, which is particularly useful for ground operations."
    },
    {
        "question_number": 23,
        "question": "What does hearing a continuous suction noise from a vacuum toilet after flushing likely indicate?",
        "options": {
            "A": "The water tank is empty",
            "B": "The flush valve failed to close correctly",
            "C": "The holding tank is full"
        },
        "correct_answer": "B",
        "explanation": "A continuous suction sound after the flush cycle indicates that the flush valve is stuck partially open, causing a constant vacuum leak from the system."
    },
    {
        "question_number": 24,
        "question": "Besides thermal insulation, what is a primary function of insulation blankets in an aircraft fuselage?",
        "options": {
            "A": "Fire suppression",
            "B": "Structural reinforcement",
            "C": "Sound proofing for the cabin"
        },
        "correct_answer": "C",
        "explanation": "The fibrous material in insulation blankets is very effective at absorbing and dampening sound, significantly reducing exterior engine and airflow noise inside the cabin."
    }
]