[
    {
        "question_number": 1,
        "question": "While disassembling the landing gear, which procedure comes first?",
        "options": {
            "A": "Depressurize the hydraulic system",
            "B": "Remove the wheels",
            "C": "Jack the aircraft"
        },
        "correct_answer": "A",
        "explanation": "Safety is paramount. Before working on hydraulic components like landing gear, the system must be depressurized to prevent accidental movement or high-pressure fluid injuries."
    },
    {
        "question_number": 2,
        "question": "Where can you find location descriptions for placards?",
        "options": {
            "A": "Aircraft Maintenance Manual",
            "B": "Type Certificate Data Sheet",
            "C": "Pilot's Operating Handbook"
        },
        "correct_answer": "B",
        "explanation": "The Type Certificate Data Sheet (TCDS) contains the official specifications of the aircraft, including the required location and content of placards."
    },
    {
        "question_number": 3,
        "question": "What is the condition called when the trailing edge of a control surface tends to go down after being supported on a balance stand?",
        "options": {
            "A": "Over balance",
            "B": "Static balance",
            "C": "Under balance"
        },
        "correct_answer": "C",
        "explanation": "An under-balanced condition, or tail-heavy condition, occurs when the center of gravity is behind the hinge line, causing the trailing edge to drop."
    },
    {
        "question_number": 4,
        "question": "What is the condition called when the trailing edge of a control surface tends to go upward from a horizontal line after being supported on a balance stand?",
        "options": {
            "A": "Over balance",
            "B": "Under balance",
            "C": "Neutral balance"
        },
        "correct_answer": "A",
        "explanation": "An over-balanced condition, or nose-heavy condition, occurs when the center of gravity is forward of the hinge line, causing the trailing edge to rise."
    },
    {
        "question_number": 5,
        "question": "Which part of a tensiometer is directly connected to the indicating reading?",
        "options": {
            "A": "Anvil",
            "B": "Riser",
            "C": "Frame"
        },
        "correct_answer": "B",
        "explanation": "The riser is the moving plunger that deflects the cable; its movement is mechanically translated into the tension reading on the instrument's dial."
    },
    {
        "question_number": 6,
        "question": "Which primary control surface moves the aircraft about its lateral axis?",
        "options": {
            "A": "Aileron",
            "B": "Elevator",
            "C": "Rudder"
        },
        "correct_answer": "B",
        "explanation": "The elevator controls the aircraft's pitch by moving it about the lateral (wingtip to wingtip) axis."
    },
    {
        "question_number": 7,
        "question": "Which of the following is a primary control surface?",
        "options": {
            "A": "Flap",
            "B": "Spoiler",
            "C": "Elevator"
        },
        "correct_answer": "C",
        "explanation": "The elevator is a primary control surface, essential for controlling the aircraft's pitch. Flaps and spoilers are typically considered secondary control surfaces."
    },
    {
        "question_number": 8,
        "question": "What is the first procedure in stabilizer disassembly?",
        "options": {
            "A": "Remove mounting bolts",
            "B": "Disconnect control cables",
            "C": "Observe safety precautions"
        },
        "correct_answer": "C",
        "explanation": "Before beginning any maintenance task, the first and most critical step is to observe all relevant safety precautions outlined in the maintenance manual."
    },
    {
        "question_number": 9,
        "question": "Which control surface increases wing camber, increases lift, and improves control at low speeds?",
        "options": {
            "A": "Aileron",
            "B": "Flap",
            "C": "Elevator"
        },
        "correct_answer": "B",
        "explanation": "Flaps are hinged surfaces on the trailing edge of the wings that are extended to increase wing camber, which in turn increases lift and drag, allowing for slower flight speeds."
    },
    {
        "question_number": 10,
        "question": "Which safety device is used with a castellated nut on a drilled shank bolt?",
        "options": {
            "A": "Lock washer",
            "B": "Safety wire",
            "C": "Cotter pin"
        },
        "correct_answer": "C",
        "explanation": "A cotter pin is inserted through the slots of a castellated nut and a hole in the bolt's shank to prevent the nut from loosening due to vibration."
    },
    {
        "question_number": 11,
        "question": "What precision measuring equipment is used for measuring control surface travel?",
        "options": {
            "A": "Tensiometer",
            "B": "Universal Propeller protractor",
            "C": "Micrometer"
        },
        "correct_answer": "B",
        "explanation": "A universal propeller protractor, or a similar rigging protractor, is used to accurately measure the deflection angle of control surfaces relative to a fixed point on the aircraft."
    },
    {
        "question_number": 12,
        "question": "What class of fit is considered a close fit for bolts?",
        "options": {
            "A": "Class 3",
            "B": "Class 4",
            "C": "Class 5"
        },
        "correct_answer": "B",
        "explanation": "In aircraft hardware, a Class 4 fit is a close tolerance fit, used where a tight connection is necessary with minimal play."
    },
    {
        "question_number": 13,
        "question": "What class of fit is considered a medium fit for bolts?",
        "options": {
            "A": "Class 3",
            "B": "Class 2",
            "C": "Class 4"
        },
        "correct_answer": "A",
        "explanation": "A Class 3 fit is a medium tolerance fit, common for general-purpose aircraft bolts, providing a balance between a snug fit and ease of assembly."
    },
    {
        "question_number": 14,
        "question": "What is it called when the angle of incidence of a wing decreases from the root to the tip?",
        "options": {
            "A": "Dihedral",
            "B": "Wash in",
            "C": "Wash out"
        },
        "correct_answer": "C",
        "explanation": "Washout is a design feature where the wing is twisted so that the angle of incidence is less at the wingtip than at the root. This helps the wing root stall before the wingtip, maintaining aileron control."
    },
    {
        "question_number": 15,
        "question": "What aerodynamic design feature can be used to counteract engine and propeller reaction torque?",
        "options": {
            "A": "Dihedral",
            "B": "Wash in and Wash out",
            "C": "Spoilers"
        },
        "correct_answer": "B",
        "explanation": "By rigging one wing with more lift (wash-in) and the other with less lift (wash-out), a rolling moment can be created to counteract the torque effect from the engine and propeller."
    },
    {
        "question_number": 16,
        "question": "Which component is used in a cable system to adjust cable tension?",
        "options": {
            "A": "Pulley",
            "B": "Fairlead",
            "C": "Turnbuckle"
        },
        "correct_answer": "C",
        "explanation": "A turnbuckle is a device consisting of two threaded barrels and a central body, used to adjust the tension in control cables by turning the body."
    },
    {
        "question_number": 17,
        "question": "What tool is used to measure cable tension?",
        "options": {
            "A": "Micrometer",
            "B": "Tensiometer",
            "C": "Protractor"
        },
        "correct_answer": "B",
        "explanation": "A tensiometer is a specialized tool designed to accurately measure the tension of aircraft control cables to ensure they are within specifications."
    },
    {
        "question_number": 18,
        "question": "In which type of flight control system is Electromagnetic Interference (EMI) a significant concern?",
        "options": {
            "A": "Mechanical cable-and-pulley",
            "B": "Hydro-mechanical",
            "C": "Fly-by-wire"
        },
        "correct_answer": "C",
        "explanation": "Fly-by-wire systems rely on electrical signals to actuate control surfaces, making them susceptible to EMI, which can disrupt these signals. Shielding is crucial in these systems."
    },
    {
        "question_number": 19,
        "question": "Which of the following is NOT a likely cause of aircraft asymmetry?",
        "options": {
            "A": "Hard landing",
            "B": "Improper jacking",
            "C": "Routine component servicing"
        },
        "correct_answer": "C",
        "explanation": "Properly performed routine component servicing should not cause asymmetry. Hard landings or improper jacking can twist the airframe, leading to asymmetry."
    },
    {
        "question_number": 20,
        "question": "Which kind of information is found in an aircraft maintenance manual?",
        "options": {
            "A": "Flight performance charts",
            "B": "Assembly and Disassembly procedures",
            "C": "Pre-flight checklists"
        },
        "correct_answer": "B",
        "explanation": "The Aircraft Maintenance Manual (AMM) contains detailed instructions for mechanics, including procedures for assembling, disassembling, inspecting, and repairing aircraft components."
    },
    {
        "question_number": 21,
        "question": "What must be done to the aircraft before checking the position or angle of its main components for rigging purposes?",
        "options": {
            "A": "Defueling the tanks",
            "B": "Jacking and levelling",
            "C": "Removing flight controls"
        },
        "correct_answer": "B",
        "explanation": "The aircraft must be properly jacked and leveled according to the maintenance manual to establish a known reference plane, ensuring all alignment and angle measurements are accurate."
    },
    {
        "question_number": 22,
        "question": "What should be done before checking an aircraft for leveling and symmetry?",
        "options": {
            "A": "Inflate tires to maximum pressure",
            "B": "Place the aircraft indoors",
            "C": "Remove all inspection panels"
        },
        "correct_answer": "B",
        "explanation": "To get accurate measurements, the aircraft should be in an enclosed hangar to protect it from wind, which can affect leveling, and direct sunlight, which can cause thermal expansion."
    },
    {
        "question_number": 23,
        "question": "Which component in a control cable system is used to guide the cable and change its direction?",
        "options": {
            "A": "Turnbuckle",
            "B": "Pulley",
            "C": "Fairlead"
        },
        "correct_answer": "B",
        "explanation": "Pulleys are grooved wheels used to change the direction of control cable runs with minimal friction."
    },
    {
        "question_number": 24,
        "question": "What is the term for the longitudinal difference in the positioning of the leading edges of the wings on a biplane?",
        "options": {
            "A": "Decalage",
            "B": "Dihedral",
            "C": "Stagger"
        },
        "correct_answer": "C",
        "explanation": "Stagger refers to the fore-and-aft placement of one wing relative to the other on a biplane. Positive stagger is when the upper wing is forward of the lower wing."
    },
    {
        "question_number": 25,
        "question": "What is the first step when rigging a control surface?",
        "options": {
            "A": "Adjust cable tension",
            "B": "Check surface travel",
            "C": "Lock both the control surface and control column in the neutral position"
        },
        "correct_answer": "C",
        "explanation": "The first step in any rigging procedure is to establish a neutral reference point by locking the cockpit controls and the corresponding control surface in their neutral positions."
    },
    {
        "question_number": 26,
        "question": "What is a primary consideration when lifting an aircraft or component with a hoist?",
        "options": {
            "A": "The speed of the lift",
            "B": "Do not exceed the maximum load limit",
            "C": "The time of day"
        },
        "correct_answer": "B",
        "explanation": "The weight of the object being lifted must never exceed the specified maximum load capacity of the hoist and lifting equipment to prevent catastrophic failure."
    },
    {
        "question_number": 27,
        "question": "What are the two main considerations when jacking an aircraft?",
        "options": {
            "A": "Jacking points and load limit",
            "B": "Tire pressure and fuel load",
            "C": "Wind speed and direction"
        },
        "correct_answer": "A",
        "explanation": "The aircraft must only be lifted at the structurally reinforced jacking points specified by the manufacturer, and the jacks used must be rated for the aircraft's weight."
    },
    {
        "question_number": 28,
        "question": "What method of balancing a control surface does not require its removal from the aircraft?",
        "options": {
            "A": "Static balancing method",
            "B": "Calculation balancing method",
            "C": "Dynamic balancing method"
        },
        "correct_answer": "B",
        "explanation": "The calculation method determines the balance condition by calculating the weight and moment of materials added or removed, avoiding the need to remove the surface for a physical balance check."
    },
    {
        "question_number": 29,
        "question": "Which of the following is NOT a correct aircraft assembly practice?",
        "options": {
            "A": "Using the correct hardware and torque values",
            "B": "Forcing components that do not align easily",
            "C": "Ensuring all parts are clean and inspected before assembly"
        },
        "correct_answer": "B",
        "explanation": "Components should never be forced during assembly. Misalignment indicates a problem that must be resolved before proceeding to prevent stress and potential failure."
    },
    {
        "question_number": 30,
        "question": "If the maintenance manual does not specify an orientation, what is the standard practice for installing bolts?",
        "options": {
            "A": "Install with the bolt head down or in a rearward direction",
            "B": "Install with the bolt head up or in a forward direction",
            "C": "Orientation does not matter if not specified"
        },
        "correct_answer": "B",
        "explanation": "As a standard safety practice, bolts should be installed so the head is oriented upwards or facing forward. This helps prevent the bolt from falling out if the nut is ever lost."
    },
    {
        "question_number": 31,
        "question": "What is a key aspect of a complete aircraft rigging operation?",
        "options": {
            "A": "Only adjusting cable tension",
            "B": "Adjusting the fixed surfaces and control surfaces",
            "C": "Only adjusting control surface travel"
        },
        "correct_answer": "B",
        "explanation": "A comprehensive rigging operation involves checking and adjusting the alignment of the entire aircraft, including the fixed surfaces (wings, stabilizers) and the movable control surfaces."
    },
    {
        "question_number": 32,
        "question": "What device is used in some control cable systems to automatically maintain cable tension during temperature changes?",
        "options": {
            "A": "Turnbuckles",
            "B": "Tension regulators",
            "C": "Pulleys"
        },
        "correct_answer": "B",
        "explanation": "Tension regulators automatically compensate for the expansion and contraction of the airframe and cables due to temperature variations, maintaining constant tension."
    }
]