[
    {
        "question_number": 1,
        "question": "What type of waste is not drained overboard through drain masts during flight?",
        "options": {
            "A": "Galley sink water",
            "B": "Human waste from toilets",
            "C": "Potable water system overflow"
        },
        "correct_answer": "B",
        "explanation": "Human waste is collected in a sealed holding tank for disposal after landing. Only 'gray water' from sinks or condensation is typically drained overboard through heated drain masts."
    },
    {
        "question_number": 2,
        "question": "In a liquid flush toilet type, how is waste handled?",
        "options": {
            "A": "It is stored in a tank under each individual bowl.",
            "B": "It is sent to a central vacuum collection tank.",
            "C": "It is immediately discharged overboard."
        },
        "correct_answer": "A",
        "explanation": "Self-contained liquid flush toilets, often called recirculating toilets, store and treat waste in an integrated tank located directly underneath the toilet bowl."
    },
    {
        "question_number": 3,
        "question": "Which icing condition detecting system is considered an inferential type?",
        "options": {
            "A": "Visual ice detector light",
            "B": "Vibrating probe ice detector",
            "C": "Temperature/moisture probe"
        },
        "correct_answer": "C",
        "explanation": "Inferential systems do not detect ice directly. Instead, they measure atmospheric conditions like temperature and moisture to infer when icing conditions are present."
    },
    {
        "question_number": 4,
        "question": "What is the primary cause for icing in the atmosphere?",
        "options": {
            "A": "High atmospheric pressure",
            "B": "Low humidity levels",
            "C": "Coldness acting on moisture in the air"
        },
        "correct_answer": "C",
        "explanation": "Aircraft structural icing occurs when supercooled water droplets in the air freeze upon contact with a surface that is at or below 0\u00b0 Celsius."
    },
    {
        "question_number": 5,
        "question": "Supercooled water in the atmosphere exists in which form?",
        "options": {
            "A": "Liquid",
            "B": "Solid (ice crystals)",
            "C": "Gas (water vapor)"
        },
        "correct_answer": "A",
        "explanation": "Supercooled water is water that remains in its liquid state despite being at a temperature below its normal freezing point."
    },
    {
        "question_number": 6,
        "question": "What is installed at entryways, galleys, and lavatories to provide nonskid, waterproof surfaces?",
        "options": {
            "A": "Standard carpeting",
            "B": "Mats or specialized floor coverings",
            "C": "Polished metal plates"
        },
        "correct_answer": "B",
        "explanation": "Specialized mats or floor coverings are used in these high-traffic, wet-prone areas to ensure safety with nonskid properties and to protect the underlying structure with waterproofing."
    },
    {
        "question_number": 7,
        "question": "Where are insulation blankets typically installed in an aircraft?",
        "options": {
            "A": "On the exterior of the fuselage",
            "B": "Between the interior linings and the fuselage skin",
            "C": "Under the cabin floor panels only"
        },
        "correct_answer": "B",
        "explanation": "Insulation blankets are placed between the outer aircraft skin and the interior cabin panels to provide both thermal and acoustic insulation for the cabin."
    },
    {
        "question_number": 8,
        "question": "Which of the following is NOT considered an adverse effect of ice and rain conditions on an aircraft?",
        "options": {
            "A": "Increased drag and weight",
            "B": "Loss of electrical power",
            "C": "Reduced lift"
        },
        "correct_answer": "B",
        "explanation": "Ice and rain severely degrade aerodynamic performance by increasing weight, increasing drag, and reducing lift, but they do not directly cause a failure of the electrical generation systems."
    },
    {
        "question_number": 9,
        "question": "How many bogie units typically attach crew seats to the aircraft seat tracks?",
        "options": {
            "A": "2",
            "B": "4",
            "C": "6"
        },
        "correct_answer": "B",
        "explanation": "Aircraft crew seats are typically secured to the floor tracks at four points using bogie fittings to ensure they can withstand high G-loads in all directions."
    },
    {
        "question_number": 10,
        "question": "Which of the following is a key strength requirement for an aircraft seat belt?",
        "options": {
            "A": "Must stretch by at least 50% under load",
            "B": "Must be made of fire-resistant cotton",
            "C": "Capable of holding a 170lb (77kg) person safely"
        },
        "correct_answer": "C",
        "explanation": "Aviation regulations specify that seat belts and harnesses must be strong enough to safely restrain an occupant of a standard weight (170 lbs) under emergency load conditions."
    },
    {
        "question_number": 11,
        "question": "What type of deicing system is often used on General Aviation (GA) and turboprop commuter aircraft?",
        "options": {
            "A": "A pneumatic deicing system",
            "B": "A chemical weeping wing system",
            "C": "A hot air bleed system"
        },
        "correct_answer": "A",
        "explanation": "Pneumatic deicing systems, which use inflatable rubber 'boots' on the leading edges of wings and tail surfaces, are a common and effective solution for these classes of aircraft."
    },
    {
        "question_number": 12,
        "question": "What is a typical de-ice system used on aircraft propellers?",
        "options": {
            "A": "Pneumatic boot",
            "B": "Electrically heated boot",
            "C": "Hot oil circulation"
        },
        "correct_answer": "B",
        "explanation": "Propeller blades are commonly deiced using electrical heating elements embedded in a rubber boot that is bonded to the leading edge of each blade."
    },
    {
        "question_number": 13,
        "question": "What is used in the cargo hold floor to enable pallets and containers to be manually positioned?",
        "options": {
            "A": "A conveyor belt system",
            "B": "A heavy-duty carpet",
            "C": "A roller system"
        },
        "correct_answer": "C",
        "explanation": "Cargo hold floors are equipped with roller tracks and ball transfer mats to allow ground crew to easily slide and position heavy Unit Load Devices (ULDs) like pallets and containers."
    },
    {
        "question_number": 14,
        "question": "What type of system is used to PREVENT ice formation on critical surfaces of an aircraft?",
        "options": {
            "A": "De-ice system",
            "B": "Anti-ice system",
            "C": "Ice-shedding system"
        },
        "correct_answer": "B",
        "explanation": "Anti-ice systems are operated before entering icing conditions to prevent ice from forming. This is different from de-ice systems, which remove ice after it has already formed."
    },
    {
        "question_number": 15,
        "question": "What type of system is used to REMOVE ice that has already formed on critical surfaces of an aircraft?",
        "options": {
            "A": "Anti-ice system",
            "B": "Ice prevention system",
            "C": "De-ice system"
        },
        "correct_answer": "C",
        "explanation": "De-ice systems are designed to remove ice after it has accumulated. Examples include pneumatic deicing boots that crack the ice off."
    },
    {
        "question_number": 16,
        "question": "What does an inertial reel assembly on a pilot's seatbelt allow?",
        "options": {
            "A": "The seat to automatically recline during cruise.",
            "B": "The pilot to move forward slowly without operating a lever.",
            "C": "The seatbelt to be released instantly with a button."
        },
        "correct_answer": "B",
        "explanation": "An inertial reel allows a flight crew member to lean forward and move freely during normal operations but locks securely to provide restraint during sudden deceleration."
    },
    {
        "question_number": 17,
        "question": "What heating elements are typically used in an aircraft's heated windshield?",
        "options": {
            "A": "Hot air ducts routed from the engine",
            "B": "Microwave emitters",
            "C": "Resistance wires or a laminated conductive film"
        },
        "correct_answer": "C",
        "explanation": "Aircraft windshields are heated electrically using either very fine resistance wires embedded in the glass or a transparent, conductive film laminated between layers of the windshield."
    },
    {
        "question_number": 18,
        "question": "Which statement is NOT correct regarding a 'dry' type engine-driven air pump used in pneumatic systems?",
        "options": {
            "A": "It uses carbon vanes that self-lubricate.",
            "B": "It requires an oil separator in the system.",
            "C": "It is a source for gyroscopic instruments."
        },
        "correct_answer": "B",
        "explanation": "Dry air pumps use self-lubricating carbon vanes and do not introduce oil into the air, so they do not require an oil separator. 'Wet' pumps, which are lubricated with engine oil, do require an oil separator."
    },
    {
        "question_number": 19,
        "question": "Which toilet type uses a central collection tank for waste from multiple toilets?",
        "options": {
            "A": "Vacuum toilet type",
            "B": "Liquid flush recirculating type",
            "C": "Solid chemical type"
        },
        "correct_answer": "A",
        "explanation": "Vacuum toilet systems use differential pressure to transport waste from several lavatories to a single, large, centrally located holding tank."
    },
    {
        "question_number": 20,
        "question": "Which statement is generally NOT correct about an aircraft's potable water system?",
        "options": {
            "A": "It supplies water to the galleys.",
            "B": "It supplies water to the cockpit windshield wiper system.",
            "C": "It supplies water to the lavatory sinks."
        },
        "correct_answer": "B",
        "explanation": "The potable (drinking) water system is kept separate from other fluid systems. The windshield wiper/washer system uses its own dedicated reservoir filled with a specific washer fluid."
    },
    {
        "question_number": 21,
        "question": "How is water typically delivered from the storage tank to different access points in an aircraft's potable water system?",
        "options": {
            "A": "By gravity feed only",
            "B": "By individual electric pumps at each tap",
            "C": "By compressed air pressure"
        },
        "correct_answer": "C",
        "explanation": "The potable water tank is pressurized, typically with engine bleed air or an electric air compressor. This air pressure forces the water through the plumbing to the galleys and lavatories."
    },
    {
        "question_number": 22,
        "question": "An aircraft's water system can be pressurized with bleed air or, optionally, with what other device?",
        "options": {
            "A": "A hydraulic pump",
            "B": "An electric air compressor",
            "C": "A manual hand pump"
        },
        "correct_answer": "B",
        "explanation": "When bleed air from the engines is not available (e.g., on the ground with engines off) or as an alternative system, an electric air compressor is used to pressurize the water tank."
    },
    {
        "question_number": 23,
        "question": "A continuous hissing or rushing noise heard from a vacuum toilet after flushing likely indicates what?",
        "options": {
            "A": "The waste tank is full.",
            "B": "The flush valve has failed to close correctly.",
            "C": "The water tank is empty."
        },
        "correct_answer": "B",
        "explanation": "The continuous noise is the sound of cabin air being constantly drawn into the vacuum system because the flush valve is stuck partially open, failing to create a seal after the flush cycle."
    }
]