[
    {
        "question_number": 1,
        "question": "Which of the following is not a source of air for an air-conditioning system?",
        "options": {
            "A": "Engine bleed air",
            "B": "APU bleed air",
            "C": "Stored air in a bottle"
        },
        "correct_answer": "C",
        "explanation": "Aircraft air conditioning systems typically use engine bleed air, APU bleed air, or a ground power unit, not stored air from a bottle for primary operation."
    },
    {
        "question_number": 2,
        "question": "Which of the following systems commonly uses engine bleed air for operation?",
        "options": {
            "A": "Thermal Anti-Ice (TAI)",
            "B": "Hydraulic System",
            "C": "Electrical Generation System"
        },
        "correct_answer": "A",
        "explanation": "Thermal Anti-Ice (TAI) systems use hot bleed air from the engine compressor section to prevent ice formation on critical surfaces like wing leading edges and engine inlets."
    },
    {
        "question_number": 3,
        "question": "What component is primarily responsible for modulating the release of cabin air to keep the pressurization at the desired rate?",
        "options": {
            "A": "Outflow valve",
            "B": "Safety relief valve",
            "C": "Inflow valve"
        },
        "correct_answer": "A",
        "explanation": "The outflow valve, controlled by the cabin pressure controller, modulates the release of cabin air to maintain the desired cabin altitude and rate of change."
    },
    {
        "question_number": 4,
        "question": "What device, driven by the engine, compresses air to deliver it at a higher pressure to the engine?",
        "options": {
            "A": "Turbocharger",
            "B": "Supercharger",
            "C": "Carburetor"
        },
        "correct_answer": "B",
        "explanation": "A supercharger is an air compressor, mechanically driven by the engine, that increases the pressure or density of air supplied to an internal combustion engine."
    },
    {
        "question_number": 5,
        "question": "What does an illuminated 'GO' light typically indicate after a system test?",
        "options": {
            "A": "A system fault is detected",
            "B": "The system is inoperative",
            "C": "The components are serviceable and ready for operation"
        },
        "correct_answer": "C",
        "explanation": "A 'GO' light is a status indicator signifying that a system has passed its self-tests and is serviceable or ready for operation."
    },
    {
        "question_number": 6,
        "question": "On a B737, which of these components can be tested using its Built-In Test Equipment (BITE)?",
        "options": {
            "A": "Landing gear strut",
            "B": "Cabin Temperature Controller (CTC)",
            "C": "Pilot's seat"
        },
        "correct_answer": "B",
        "explanation": "The Cabin Temperature Controller (CTC) on aircraft like the B737 includes Built-In Test Equipment (BITE) to help technicians diagnose system faults."
    },
    {
        "question_number": 7,
        "question": "What is the function of a compartment temperature sensor?",
        "options": {
            "A": "To directly heat the compartment",
            "B": "To provide temperature feedback to the climate control system",
            "C": "To control cabin pressure"
        },
        "correct_answer": "B",
        "explanation": "Compartment temperature sensors measure the air temperature in a specific zone and send this information to the temperature controller, which then adjusts the air conditioning system."
    },
    {
        "question_number": 8,
        "question": "Which major component is modulated to regulate the discharge of cabin air and thereby maintain pressurization?",
        "options": {
            "A": "Outflow valve",
            "B": "Ram air door",
            "C": "Safety relief valve"
        },
        "correct_answer": "A",
        "explanation": "The outflow valve is the primary component used to regulate the discharge of cabin air overboard, thereby controlling and maintaining the desired cabin pressure."
    },
    {
        "question_number": 9,
        "question": "What process occurs in the evaporator section of a vapor cycle cooling system?",
        "options": {
            "A": "The refrigerant condenses, releasing heat.",
            "B": "The refrigerant evaporates, absorbing heat.",
            "C": "The refrigerant is compressed."
        },
        "correct_answer": "B",
        "explanation": "In the evaporator, the low-pressure liquid refrigerant absorbs heat from the cabin air, causing it to boil (evaporate) and change into a vapor. This process cools the air."
    },
    {
        "question_number": 10,
        "question": "What is the function of a Turbine Bypass Valve (TBV) in an air cycle machine?",
        "options": {
            "A": "To bypass the entire air cycle machine",
            "B": "To control turbine speed and cooling output",
            "C": "To increase compressor pressure"
        },
        "correct_answer": "B",
        "explanation": "The Turbine Bypass Valve (TBV) regulates the amount of air that bypasses the turbine section of an Air Cycle Machine (ACM), thereby controlling the turbine's speed and the amount of cooling produced."
    },
    {
        "question_number": 11,
        "question": "What is the primary purpose of the ram air system in relation to the air conditioning packs?",
        "options": {
            "A": "To provide fresh air for the cabin",
            "B": "To provide cooling airflow for the pack heat exchangers",
            "C": "To pressurize the hydraulic reservoir"
        },
        "correct_answer": "B",
        "explanation": "Ram air is ducted from outside the aircraft and passed through the primary and secondary heat exchangers of the air conditioning packs to cool the hot bleed air."
    },
    {
        "question_number": 12,
        "question": "How is a refrigerant like R12 kept in a liquid state at room temperature when stored in a bottle?",
        "options": {
            "A": "By keeping it at a very low temperature",
            "B": "By storing it under high pressure",
            "C": "By mixing it with oil"
        },
        "correct_answer": "B",
        "explanation": "Refrigerants have low boiling points at atmospheric pressure. Storing them in a cylinder under high pressure raises their boiling point, allowing them to remain in a liquid state at room temperature."
    },
    {
        "question_number": 13,
        "question": "Where is the outlet for the cabin ventilation system, where cabin air is exhausted overboard, typically located?",
        "options": {
            "A": "In the cockpit ceiling",
            "B": "In the forward cargo bay",
            "C": "Near the outflow valve(s)"
        },
        "correct_answer": "C",
        "explanation": "Cabin air is typically collected and exhausted overboard through the outflow valve(s), which are usually located on the lower part of the aft fuselage."
    },
    {
        "question_number": 14,
        "question": "What is a primary safety concern associated with combustion heaters on aircraft?",
        "options": {
            "A": "Excessive fuel consumption",
            "B": "Risk of carbon monoxide (CO) contamination",
            "C": "High electrical load"
        },
        "correct_answer": "B",
        "explanation": "Combustion heaters burn fuel to produce heat. A crack or leak in the combustion chamber can allow dangerous carbon monoxide (CO) gas to enter the cabin's air supply."
    },
    {
        "question_number": 15,
        "question": "What is the purpose of expansion bellows in a hot bleed air duct system?",
        "options": {
            "A": "To increase duct pressure",
            "B": "To filter the air",
            "C": "To absorb thermal expansion and contraction"
        },
        "correct_answer": "C",
        "explanation": "Expansion bellows are flexible joints installed in ducting to accommodate changes in length caused by extreme temperature changes, preventing stress and damage to the ducts."
    },
    {
        "question_number": 16,
        "question": "What is a common function of an air valve in a pneumatic system?",
        "options": {
            "A": "To generate electricity",
            "B": "To control the flow and pressure of air",
            "C": "To filter hydraulic fluid"
        },
        "correct_answer": "B",
        "explanation": "Air valves are fundamental components in pneumatic systems used to start, stop, or change the direction and pressure of air flow."
    },
    {
        "question_number": 17,
        "question": "Symptoms like chest pain, coughing, and headache during flight can be indicative of what condition?",
        "options": {
            "A": "Hypoxia or air contamination",
            "B": "Normal flight fatigue",
            "C": "Dehydration"
        },
        "correct_answer": "A",
        "explanation": "These symptoms are classic signs of hypoxia (lack of sufficient oxygen) or contamination of the breathing air with substances like carbon monoxide (CO)."
    },
    {
        "question_number": 18,
        "question": "In a vapor cycle air conditioning system, what happens to the refrigerant's pressure and temperature as it passes through the compressor?",
        "options": {
            "A": "Its pressure and temperature are increased",
            "B": "Its pressure and temperature are decreased",
            "C": "It changes from a gas to a liquid"
        },
        "correct_answer": "A",
        "explanation": "The compressor takes in low-pressure refrigerant vapor and compresses it, significantly increasing both its pressure and temperature."
    },
    {
        "question_number": 19,
        "question": "What might a time value such as '12,000 hrs' represent in an aircraft maintenance program?",
        "options": {
            "A": "The total lifespan of the aircraft",
            "B": "A flight duration limit",
            "C": "A major inspection or overhaul interval"
        },
        "correct_answer": "C",
        "explanation": "Aircraft components and systems have scheduled maintenance intervals based on flight hours. 12,000 hours would typically be a major check or overhaul interval for a significant component."
    },
    {
        "question_number": 20,
        "question": "In a vapor cycle system, what component creates a pressure drop that separates the high-pressure side from the low-pressure side?",
        "options": {
            "A": "The compressor",
            "B": "The condenser",
            "C": "The thermal expansion valve"
        },
        "correct_answer": "C",
        "explanation": "The thermal expansion valve is a metering device that creates a pressure drop, separating the high-pressure liquid refrigerant from the low-pressure side as it enters the evaporator."
    },
    {
        "question_number": 21,
        "question": "What is 'latent heat' in the context of a refrigeration cycle?",
        "options": {
            "A": "The heat that changes a substance's temperature",
            "B": "The heat absorbed or released during a change of state",
            "C": "The heat generated by friction in the compressor"
        },
        "correct_answer": "B",
        "explanation": "Latent heat is the energy absorbed (during evaporation) or released (during condensation) by a substance during a phase change without a change in its temperature. This is the core principle of vapor cycle cooling."
    },
    {
        "question_number": 22,
        "question": "Why is a water separator a necessary component in an air cycle air conditioning system?",
        "options": {
            "A": "To add humidity to the dry cabin air",
            "B": "To remove condensed water from the cooled air before it enters the cabin",
            "C": "To cool the bleed air using water injection"
        },
        "correct_answer": "B",
        "explanation": "As the air is rapidly cooled in the air cycle machine, moisture condenses out. The water separator removes this liquid water to prevent fog or ice from entering the cabin ducting."
    },
    {
        "question_number": 23,
        "question": "How can the refrigerant charge of an operating vapor cycle system often be checked visually?",
        "options": {
            "A": "By measuring the system's electrical draw",
            "B": "By checking the oil level in the compressor",
            "C": "By observing the refrigerant flow through a sight glass"
        },
        "correct_answer": "C",
        "explanation": "A sight glass in the liquid line of the system allows a technician to visually inspect the refrigerant. A steady stream of clear liquid indicates a proper charge, while bubbles can indicate a low charge."
    },
    {
        "question_number": 24,
        "question": "What are the primary functions of a receiver-drier in a vapor cycle system?",
        "options": {
            "A": "To compress the refrigerant",
            "B": "To store liquid refrigerant and remove moisture",
            "C": "To cool the refrigerant gas"
        },
        "correct_answer": "B",
        "explanation": "The receiver-drier acts as a storage reservoir for liquid refrigerant and contains a desiccant material to absorb any moisture that may have contaminated the system."
    },
    {
        "question_number": 25,
        "question": "A pack discharge overheat switch is a safety device that typically activates at what approximate temperature?",
        "options": {
            "A": "100 \u00b0F (38 \u00b0C)",
            "B": "250 \u00b0F (121 \u00b0C)",
            "C": "500 \u00b0F (260 \u00b0C)"
        },
        "correct_answer": "B",
        "explanation": "A pack discharge overheat switch triggers a warning and may shut down the air conditioning pack if the discharge air temperature becomes excessively high, with a typical set point around 250\u00b0F (121\u00b0C)."
    },
    {
        "question_number": 26,
        "question": "What does a 'PACK IS ON' or similar indication generally mean?",
        "options": {
            "A": "The pack has an overheat fault",
            "B": "The pack is in standby mode",
            "C": "The air conditioning pack is operating"
        },
        "correct_answer": "C",
        "explanation": "This indicates that the corresponding air conditioning pack (Pressurization and Air Conditioning Kit) is active and supplying conditioned air to the cabin."
    },
    {
        "question_number": 27,
        "question": "What is the chemical symbol for Carbon Monoxide, a dangerous gas that can result from a faulty combustion heater?",
        "options": {
            "A": "CO2",
            "B": "O2",
            "C": "CO"
        },
        "correct_answer": "C",
        "explanation": "CO is the chemical symbol for Carbon Monoxide, a colorless, odorless, and highly toxic gas. CO2 is Carbon Dioxide."
    },
    {
        "question_number": 28,
        "question": "What unit is commonly used to measure the mass flow rate of bleed air from an engine?",
        "options": {
            "A": "Gallons Per Minute (GPM)",
            "B": "Pounds Per Hour (PPH)",
            "C": "Cubic Feet Per Minute (CFM)"
        },
        "correct_answer": "B",
        "explanation": "Mass flow rate for gases like engine bleed air is often measured in pounds per hour (PPH) or sometimes pounds per minute (PPM)."
    },
    {
        "question_number": 29,
        "question": "Aircraft cabin pressurization systems provide a cabin altitude warning if the cabin altitude exceeds what level?",
        "options": {
            "A": "5,000 feet",
            "B": "10,000 feet",
            "C": "14,000 feet"
        },
        "correct_answer": "B",
        "explanation": "A cabin altitude aural warning and visual alert are typically activated if the cabin pressure altitude climbs through 10,000 feet."
    },
    {
        "question_number": 30,
        "question": "What is the name for the boundary in the Earth's atmosphere between the troposphere and the stratosphere?",
        "options": {
            "A": "Ionosphere",
            "B": "Mesopause",
            "C": "Tropopause"
        },
        "correct_answer": "C",
        "explanation": "The tropopause is the atmospheric boundary where the trend of decreasing temperature with altitude reverses and temperatures begin to remain constant or increase."
    },
    {
        "question_number": 31,
        "question": "A contaminated aviation oxygen system should be purged with what substance?",
        "options": {
            "A": "Nitrogen",
            "B": "Filtered dry air",
            "C": "Aviator's breathing oxygen"
        },
        "correct_answer": "C",
        "explanation": "To ensure all contaminants are removed and the system is filled with the correct gas, aviation oxygen systems are purged using pure, dry aviator's breathing oxygen."
    },
    {
        "question_number": 32,
        "question": "What is the term for cabin pressure when it is expressed in terms of an equivalent altitude above sea level?",
        "options": {
            "A": "Pressure altitude",
            "B": "Cabin altitude",
            "C": "Density altitude"
        },
        "correct_answer": "B",
        "explanation": "Cabin altitude is a standard way to express the pressure inside the cabin, making it easily comparable to the physiological effects of altitude on the human body."
    },
    {
        "question_number": 33,
        "question": "What is the term for the difference between the pressure inside the cabin and the ambient pressure outside the aircraft?",
        "options": {
            "A": "Absolute pressure",
            "B": "Gauge pressure",
            "C": "Differential pressure"
        },
        "correct_answer": "C",
        "explanation": "Differential pressure is the pressure difference between the cabin and the outside atmosphere and is a critical structural limitation for the fuselage."
    },
    {
        "question_number": 34,
        "question": "What component prevents the aircraft cabin pressure from becoming dangerously lower than the outside ambient pressure?",
        "options": {
            "A": "Positive pressure relief valve",
            "B": "Outflow valve",
            "C": "Negative pressure relief valve"
        },
        "correct_answer": "C",
        "explanation": "The negative pressure relief valve opens to allow outside air to enter the cabin if the external pressure exceeds the internal pressure, protecting the aircraft structure from reverse differential pressure loads."
    },
    {
        "question_number": 35,
        "question": "What is the required purity for aviation breathing oxygen?",
        "options": {
            "A": "95.0% and must contain added moisture",
            "B": "99.5% and must be almost completely dry",
            "C": "100% pure with no other gases"
        },
        "correct_answer": "B",
        "explanation": "Aviator's breathing oxygen must be at least 99.5% pure oxygen and be almost completely free of water vapor to prevent freezing in the system at high altitudes."
    },
    {
        "question_number": 36,
        "question": "In a diluter-demand oxygen regulator, when does the demand valve operate to supply oxygen?",
        "options": {
            "A": "Continuously",
            "B": "Only above 30,000 feet",
            "C": "When the user inhales"
        },
        "correct_answer": "C",
        "explanation": "The demand valve opens in response to the slight negative pressure created when the user inhales, delivering oxygen only when it is needed, which conserves the supply."
    },
    {
        "question_number": 37,
        "question": "In which mode of operation does the pressurization system maintain a fixed maximum pressure difference between the cabin and the outside?",
        "options": {
            "A": "Constant altitude mode",
            "B": "Constant differential mode",
            "C": "Unpressurized mode"
        },
        "correct_answer": "B",
        "explanation": "In the constant differential mode (or differential control mode), the system maintains the maximum allowable pressure difference between the cabin and the ambient atmosphere as the aircraft continues to climb."
    },
    {
        "question_number": 38,
        "question": "What is the pressurization mode called when the cabin pressure altitude is the same as the aircraft's flight altitude?",
        "options": {
            "A": "Isobaric mode",
            "B": "Unpressurized mode",
            "C": "Differential mode"
        },
        "correct_answer": "B",
        "explanation": "In the unpressurized mode, the outflow valve is fully open, and the pressure inside the cabin equalizes with the outside ambient pressure."
    },
    {
        "question_number": 39,
        "question": "What system signal tells the pressurization controller to keep the outflow valve fully open when the aircraft is on the ground?",
        "options": {
            "A": "The pilot's manual control",
            "B": "The landing gear handle position",
            "C": "The Weight-On-Wheels (WOW) switch"
        },
        "correct_answer": "C",
        "explanation": "The Weight-On-Wheels (WOW) system signals to the pressurization controller that the aircraft is on the ground, which in turn drives the outflow valve fully open to ensure the cabin is unpressurized."
    },
    {
        "question_number": 40,
        "question": "What is the color of the thermally activated discharge indicator disc on an aircraft oxygen cylinder?",
        "options": {
            "A": "Red",
            "B": "Green",
            "C": "Yellow"
        },
        "correct_answer": "B",
        "explanation": "A green blow-out disc is a thermal safety device. If the oxygen cylinder overheats, the disc ruptures, venting the oxygen overboard and providing a visual indication that the bottle is empty."
    },
    {
        "question_number": 41,
        "question": "Which valve protects the aircraft's structural integrity from overpressurization if the primary pressurization control system fails?",
        "options": {
            "A": "Negative pressure relief valve",
            "B": "Positive pressure relief valve",
            "C": "Main outflow valve"
        },
        "correct_answer": "B",
        "explanation": "The positive pressure relief valve is a safety valve that automatically opens if the cabin differential pressure exceeds a predetermined structural limit, preventing an overpressure situation."
    },
    {
        "question_number": 42,
        "question": "What is the typical maximum cabin altitude that can be manually selected on a cabin pressure controller?",
        "options": {
            "A": "8,000 ft",
            "B": "10,000 ft",
            "C": "14,000 ft"
        },
        "correct_answer": "B",
        "explanation": "While normal operation targets a lower altitude (like 8,000 ft), the selector often allows for manual selection up to around 10,000 ft for non-normal situations."
    },
    {
        "question_number": 43,
        "question": "What type of oxygen regulator automatically delivers a mixture of cabin air and oxygen at lower altitudes and 100% oxygen above a certain altitude (e.g., 34,000 feet)?",
        "options": {
            "A": "Continuous flow regulator",
            "B": "Pressure-demand regulator",
            "C": "Diluter-demand regulator"
        },
        "correct_answer": "C",
        "explanation": "A diluter-demand regulator has an aneroid bellows that senses altitude. It mixes cabin air with oxygen at lower altitudes but automatically supplies 100% oxygen above a specific altitude (typically 32,000-34,000 feet)."
    },
    {
        "question_number": 44,
        "question": "Why is a continuous flow oxygen system considered less efficient than a demand system?",
        "options": {
            "A": "It requires high pressure to operate",
            "B": "Oxygen flows constantly, even when the user is exhaling",
            "C": "It is heavier than other systems"
        },
        "correct_answer": "B",
        "explanation": "A continuous flow system provides a constant stream of oxygen, regardless of the user's breathing cycle. This means oxygen continues to flow and is wasted while the user is exhaling."
    },
    {
        "question_number": 45,
        "question": "In a basic continuous flow oxygen system, what simple component is used to limit the flow of oxygen to the mask to a specific rate?",
        "options": {
            "A": "A pressure regulator",
            "B": "A calibrated orifice",
            "C": "The mask's exhalation valve"
        },
        "correct_answer": "B",
        "explanation": "A calibrated orifice is a small, precisely sized hole that restricts the flow of oxygen to a specific, predetermined rate for a given system pressure."
    },
    {
        "question_number": 46,
        "question": "Which of the following is NOT a primary in-flight control mode for a typical automatic pressurization system?",
        "options": {
            "A": "Isobaric (Constant Altitude) Mode",
            "B": "Differential Control Mode",
            "C": "Ground/Taxi Mode"
        },
        "correct_answer": "C",
        "explanation": "While Ground/Taxi mode is a critical part of the system's logic, it governs operation on the ground. The primary in-flight control modes are typically isobaric (maintaining a set cabin altitude) and differential (maintaining a maximum pressure difference)."
    },
    {
        "question_number": 47,
        "question": "On a typical BITE (Built-In Test Equipment) interface, which button would you use to scroll up through a menu of options?",
        "options": {
            "A": "The 'Enter' button",
            "B": "The 'Up' button",
            "C": "The 'Test' button"
        },
        "correct_answer": "B",
        "explanation": "User interfaces, including BITE systems, commonly use 'Up' and 'Down' arrow buttons for navigating or scrolling through menus and options."
    },
    {
        "question_number": 48,
        "question": "Which of the following units is most likely to be an Electrostatic Discharge Sensitive (ESDS) device requiring special handling?",
        "options": {
            "A": "A pneumatic duct",
            "B": "A mechanical valve handle",
            "C": "A Cabin Pressure Controller"
        },
        "correct_answer": "C",
        "explanation": "A Cabin Pressure Controller is an electronic Line Replaceable Unit (LRU) containing microprocessors and sensitive electronic components, making it highly susceptible to damage from electrostatic discharge (ESD)."
    }
]