[
  {
    "question_number": 1,
    "question": "What is the critical first step before removing a control surface?",
    "options": {
      "a": "Loosen the attachment bolts",
      "b": "Disconnect the control cables",
      "c": "Observe safety procedures"
    },
    "correct_answer": "c",
    "explanation": "The correct answer is to observe safety procedures, as this is the specified first step[cite: 1]. Loosening bolts or disconnecting cables are subsequent steps that should only be performed after all safety protocols have been followed to prevent injury or damage."
  },
  {
    "question_number": 2,
    "question": "A spring tab is a type of what?",
    "options": {
      "a": "Low-speed trim tab",
      "b": "High-speed device tab",
      "c": "Ground-adjustable tab"
    },
    "correct_answer": "b",
    "explanation": "The source identifies a spring tab as a 'High speed device tab'[cite: 2]. Its purpose is to assist the pilot with control forces at high speeds. It is not designed for low-speed trim, and it is an active flight control device, not a ground-adjustable tab."
  },
  {
    "question_number": 3,
    "question": "Which reference is used to locate structures to the right or left of an aircraft's fuselage centerline?",
    "options": {
      "a": "Body station",
      "b": "Water line",
      "c": "Buttock line"
    },
    "correct_answer": "c",
    "explanation": "The buttock line is used to locate structures to the right or left of the fuselage centerline[cite: 3]. A body station refers to a longitudinal position along the fuselage[cite: 4], and a water line refers to a vertical position."
  },
  {
    "question_number": 4,
    "question": "A datum on the fuselage along the longitudinal axis is known as what?",
    "options": {
      "a": "Body station",
      "b": "Buttock line",
      "c": "Chord line"
    },
    "correct_answer": "a",
    "explanation": "A body station is defined as a datum on the fuselage along the longitudinal axis[cite: 4]. A buttock line is for lateral (left/right) measurements [cite: 3], and a chord line is a measurement of a wing's width[cite: 20]."
  },
  {
    "question_number": 5,
    "question": "How is a passenger seat typically removed?",
    "options": {
      "a": "By cutting the floor attachments",
      "b": "By removing the entire floor panel",
      "c": "By releasing a few quick-release fasteners"
    },
    "correct_answer": "c",
    "explanation": "The source states the mechanism for removing a passenger seat is by 'releasing a few quick-release fasteners'[cite: 5]. The other options describe destructive or unnecessarily complex procedures not used for standard seat removal."
  },
  {
    "question_number": 6,
    "question": "What typically serves as the entrance door for both crew and passengers?",
    "options": {
      "a": "The cargo door",
      "b": "The passenger door",
      "c": "The cockpit emergency hatch"
    },
    "correct_answer": "b",
    "explanation": "The document specifies that the entrance door for crew and passengers is the 'passenger door'[cite: 6]. Cargo doors are for freight, and emergency hatches are for emergency use only."
  },
  {
    "question_number": 7,
    "question": "How much g-force must a windshield withstand at 250 to 350 knots?",
    "options": {
      "a": "10g",
      "b": "25g",
      "c": "The source document does not provide an answer."
    },
    "correct_answer": "c",
    "explanation": "The source document poses this as a question but does not provide an answer, so the correct choice is that the information is unavailable from the source[cite: 7]."
  },
  {
    "question_number": 8,
    "question": "Which tab moves in the same direction as the control surface to increase control feel?",
    "options": {
      "a": "Servo tab",
      "b": "Balance tab",
      "c": "Anti-servo tab"
    },
    "correct_answer": "c",
    "explanation": "An anti-servo tab is defined as a tab that moves in the same direction as the control surface[cite: 8]. This increases the control feel and resistance for the pilot. A balance tab moves in the opposite direction to reduce control forces[cite: 15]."
  },
  {
    "question_number": 9,
    "question": "What features on a freight floor facilitate the easy loading of cargo?",
    "options": {
      "a": "Tie-down rings and nets",
      "b": "Tracks, guides, and rollers",
      "c": "Reinforced stringers and formers"
    },
    "correct_answer": "b",
    "explanation": "The source states that 'tracks, guide and roller' facilitate the easy loading of freight[cite: 9]. Tie-down rings and nets are for securing cargo, not loading it. Reinforced stringers are structural components of the fuselage."
  },
  {
    "question_number": 10,
    "question": "Which control surface causes an aircraft to move about its vertical axis?",
    "options": {
      "a": "Elevator",
      "b": "Ailerons",
      "c": "Rudder"
    },
    "correct_answer": "c",
    "explanation": "The rudder is the control surface that operates about the vertical axis (yaw)[cite: 10]. The elevator controls movement about the lateral axis (pitch), and the ailerons control movement about the longitudinal axis (roll)."
  },
  {
    "question_number": 11,
    "question": "How is the angle of incidence measured?",
    "options": {
      "a": "Between the wing chord and the relative airflow",
      "b": "Between the wing chord and the longitudinal axis of the aircraft",
      "c": "Between the longitudinal axis and the horizontal plane"
    },
    "correct_answer": "b",
    "explanation": "The incidence angle is defined as the angle between the wing chord and the longitudinal axis of the aircraft[cite: 11]. The angle between the wing chord and relative airflow is the angle of attack, which is a variable of flight, not a fixed design angle."
  },
  {
    "question_number": 12,
    "question": "In a Warren truss fuselage, what is the main load-carrying member?",
    "options": {
      "a": "Skin",
      "b": "Former",
      "c": "Longeron"
    },
    "correct_answer": "c",
    "explanation": "The source identifies the 'longeron' as the main carrying member of a Warren truss fuselage[cite: 12]. The skin and formers are primary components of monocoque or semi-monocoque structures[cite: 30]."
  },
  {
    "question_number": 13,
    "question": "What is the cambered, cross-sectional shape of a wing called?",
    "options": {
      "a": "Dihedral",
      "b": "Airfoil",
      "c": "Spar"
    },
    "correct_answer": "b",
    "explanation": "The cambered shape of a wing is its airfoil[cite: 13]. Dihedral is the upward angle of the wings, and a spar is a main structural beam inside the wing."
  },
  {
    "question_number": 14,
    "question": "How are rotary wing and propeller aircraft classified?",
    "options": {
      "a": "Lighter than air, using buoyant lift",
      "b": "Heavier than air, using aerodynamic action",
      "c": "Heavier than air, using only propulsive lift"
    },
    "correct_answer": "b",
    "explanation": "These aircraft are classified as 'heavy than air, aerodynamic action'[cite: 14]. Lighter-than-air craft like balloons use buoyancy[cite: 29]."
  },
  {
    "question_number": 15,
    "question": "Which type of tab typically does not have a control in the cockpit?",
    "options": {
      "a": "Trim tabs",
      "b": "Balance tabs",
      "c": "Servo tabs"
    },
    "correct_answer": "b",
    "explanation": "Balance tabs are specified as tabs that do not have a control in the cockpit; they operate automatically based on aerodynamic forces[cite: 15]. Trim tabs and servo tabs are actively controlled by the pilot."
  },
  {
    "question_number": 16,
    "question": "What is a primary requirement for a cockpit compartment?",
    "options": {
      "a": "It must be pressurized",
      "b": "It must be a closed compartment",
      "c": "It must have ejection seats"
    },
    "correct_answer": "b",
    "explanation": "The source states a cockpit requirement is that it be a 'closed compartment'[cite: 16]. Not all aircraft have pressurized cockpits or ejection seats, so these are not universal requirements."
  },
  {
    "question_number": 17,
    "question": "What is the primary purpose of an aircraft inspection?",
    "options": {
      "a": "To determine its cosmetic condition",
      "b": "To appraise its resale value",
      "c": "For airworthiness purposes"
    },
    "correct_answer": "c",
    "explanation": "The purpose of an inspection is for 'Airworthiness purpose'[cite: 17]. Cosmetic condition and resale value are secondary concerns and not the official reason for the inspection."
  },
  {
    "question_number": 18,
    "question": "For which category of aircraft might a standard airworthiness certificate NOT be mandatory?",
    "options": {
      "a": "Commercial transport",
      "b": "General aviation",
      "c": "Military aircraft"
    },
    "correct_answer": "b",
    "explanation": "The source indicates that airworthiness is not mandatory for all aircraft and gives 'general aviation' as an example[cite: 18]. Commercial and military aircraft have strict airworthiness requirements."
  },
  {
    "question_number": 19,
    "question": "An airworthiness certificate is also known as a what?",
    "options": {
      "a": "Registration certificate",
      "b": "Type certificate",
      "c": "Maintenance release"
    },
    "correct_answer": "b",
    "explanation": "The source equates an 'Airworthiness certificate' with a 'type certificate'[cite: 19, 33]. A registration certificate proves ownership, and a maintenance release certifies that work has been completed correctly."
  },
  {
    "question_number": 20,
    "question": "What is the width of a wing from the leading edge to the trailing edge called?",
    "options": {
      "a": "Span",
      "b": "Winglet",
      "c": "Chord"
    },
    "correct_answer": "c",
    "explanation": "The source identifies the 'chord' as the width of the wing[cite: 20]. The span is the length from wingtip to wingtip, and a winglet is a device at the wingtip used to reduce drag[cite: 24]."
  },
  {
    "question_number": 21,
    "question": "Which structure doesn't carry flight and ground load?",
    "options": {
      "a": "Ribs",
      "b": "Spars",
      "c": "The source document does not provide an answer."
    },
    "correct_answer": "c",
    "explanation": "The source document asks which structure doesn't carry flight and ground load but does not provide a specific answer, making this the correct choice[cite: 21]. Ribs and spars are both critical load-bearing wing structures."
  },
  {
    "question_number": 22,
    "question": "Which structure located between the wing and landing gear is not designed to carry flight loads?",
    "options": {
      "a": "Strut",
      "b": "Fairing",
      "c": "Trunnion"
    },
    "correct_answer": "b",
    "explanation": "The source specifies that the 'fairing' between the wing and landing gear does not carry flight loads[cite: 22]. Fairings are for aerodynamic smoothing. Struts and trunnions are critical load-bearing components."
  },
  {
    "question_number": 23,
    "question": "What is the purpose of a vortex generator?",
    "options": {
      "a": "To generate wingtip vortices for stability",
      "b": "To reduce drag caused by wingtip vortices",
      "c": "To assist in maintaining the boundary layer of air flowing over the wing"
    },
    "correct_answer": "c",
    "explanation": "The purpose of a vortex generator is to create a downward swirl of air to assist in 'maintenance of the boundary layer of air flowing over the wing'[cite: 23]. Reducing wingtip vortex drag is the function of a winglet[cite: 24]."
  },
  {
    "question_number": 24,
    "question": "What device is used to reduce drag from wingtip vortices during flight?",
    "options": {
      "a": "Vortex generator",
      "b": "Flap",
      "c": "Winglet"
    },
    "correct_answer": "c",
    "explanation": "A 'winglet' is used to reduce drag caused by wingtip vortices in flight[cite: 24]. A vortex generator manages the boundary layer over the main wing surface[cite: 23], and flaps are high-lift devices."
  },
  {
    "question_number": 25,
    "question": "Which type of wing requires external support, such as struts?",
    "options": {
      "a": "Cantilever",
      "b": "Semi-cantilever",
      "c": "Monocoque"
    },
    "correct_answer": "b",
    "explanation": "A 'semi-cantilever' wing is the type that needs external support[cite: 25]. A full cantilever wing is entirely self-supporting from its internal structure. Monocoque is a type of fuselage, not wing, construction[cite: 30]."
  },
  {
    "question_number": 26,
    "question": "A structural design that incorporates redundancy is known as what?",
    "options": {
      "a": "Monocoque",
      "b": "Fail-safe",
      "c": "Damage tolerant"
    },
    "correct_answer": "b",
    "explanation": "The source equates 'Redundancy of structure design' with 'fail safe'[cite: 26]. This means having backup structural paths so that the failure of one component does not cause a total collapse. Monocoque is a construction type, and damage tolerance is a related but different design philosophy."
  },
  {
    "question_number": 27,
    "question": "What type of stress is typically found on the upper surface of a wing in flight?",
    "options": {
      "a": "Tension",
      "b": "Torsion",
      "c": "Compression"
    },
    "correct_answer": "c",
    "explanation": "The stress type on the upper surface of a wing in flight is 'compression'[cite: 27]. Due to the wing bending upwards, the lower surface experiences tension."
  },
  {
    "question_number": 28,
    "question": "Which of the following is considered a combination of stresses?",
    "options": {
      "a": "Tension",
      "b": "Bending",
      "c": "Shear"
    },
    "correct_answer": "b",
    "explanation": "Bending is identified as a combination stress[cite: 28]. Specifically, it is a combination of compression on one side of a neutral axis and tension on the other, as seen in a wing in flight[cite: 27]."
  },
  {
    "question_number": 29,
    "question": "Which type of aircraft is NOT supported by the dynamic reaction between its structure and the air?",
    "options": {
      "a": "Heavier-than-air (airplane)",
      "b": "Glider",
      "c": "Lighter-than-air (balloon, airship)"
    },
    "correct_answer": "c",
    "explanation": "A 'lighter than air(ballon, airship)' aircraft is the type not supported by dynamic reaction; it uses buoyancy instead[cite: 29]. Heavier-than-air craft and gliders both rely entirely on aerodynamic reaction for lift."
  },
  {
    "question_number": 30,
    "question": "In which type of fuselage construction does the skin carry all the load?",
    "options": {
      "a": "Semi-monocoque",
      "b": "Monocoque",
      "c": "Warren truss"
    },
    "correct_answer": "b",
    "explanation": "A 'monocoque' fuselage is a construction type where the skin carries all the load[cite: 30]. In a semi-monocoque design, the skin is supported by a substructure. In a Warren truss, the longerons and diagonal members carry the loads[cite: 31]."
  },
  {
    "question_number": 31,
    "question": "A Warren truss structure is primarily composed of what?",
    "options": {
      "a": "Skin and formers",
      "b": "Ribs and spars",
      "c": "Longerons and diagonal members"
    },
    "correct_answer": "c",
    "explanation": "The members of a Warren truss are 'longeron and diagonal members'[cite: 31]. Skin and formers are components of monocoque fuselages, while ribs and spars are primary components of wings."
  },
  {
    "question_number": 32,
    "question": "What type of load are the wires in a wire truss designed to carry?",
    "options": {
      "a": "Only compression",
      "b": "Only tension",
      "c": "Tension and compression"
    },
    "correct_answer": "b",
    "explanation": "A wire truss is designed to 'carry only tension'[cite: 32]. Wires are flexible and cannot resist compressive loads without buckling."
  },
  {
    "question_number": 33,
    "question": "To be considered airworthy, an aircraft must conform to its what?",
    "options": {
      "a": "Production schedule",
      "b": "Type certificate",
      "c": "Bill of sale"
    },
    "correct_answer": "b",
    "explanation": "Airworthiness requires that an aircraft conform to its 'type certificate'[cite: 33]. The production schedule and bill of sale are manufacturing and legal documents, respectively, not the standard for airworthiness."
  },
  {
    "question_number": 34,
    "question": "Structural tubing, unlike wires, can carry what type of loads?",
    "options": {
      "a": "Only tension",
      "b": "Only shear",
      "c": "Tension or compression"
    },
    "correct_answer": "c",
    "explanation": "Tubing is specified as being able to carry 'tension or compression' loads due to its rigid structure[cite: 34]. Wires, in contrast, can only carry tension[cite: 32]."
  },
  {
    "question_number": 35,
    "question": "A passenger seat must be able to withstand a force of at least what?",
    "options": {
      "a": "5g",
      "b": "10g",
      "c": "20g"
    },
    "correct_answer": "c",
    "explanation": "The source explicitly states that a passenger seat can withstand '$=20g$'[cite: 35]. The other values are incorrect according to the document."
  }
]