[
    {
        "question_number": 1,
        "question": "What is a primary purpose of baffling in an aircraft fuel tank design?",
        "options": {
            "A": "To prevent unusable fuel amounts by minimizing sloshing",
            "B": "To increase the tank's total capacity",
            "C": "To filter contaminants from the fuel"
        },
        "correct_answer": "A",
        "explanation": "Baffles are installed in fuel tanks to prevent the fuel from sloshing violently during maneuvers, which can cause shifts in the center of gravity and uncover fuel outlets, leading to an unusable fuel situation."
    },
    {
        "question_number": 2,
        "question": "In the context of aircraft fuel systems, what is the process of draining fuel from the tanks called?",
        "options": {
            "A": "Overwing fueling",
            "B": "Defueling",
            "C": "Sumping"
        },
        "correct_answer": "B",
        "explanation": "Defueling is the formal term for the process of removing or draining fuel from an aircraft's tanks."
    },
    {
        "question_number": 3,
        "question": "What component is used to remedy or prevent vapor lock in an aircraft fuel system?",
        "options": {
            "A": "Fuel strainer",
            "B": "Boost pump",
            "C": "Venting system"
        },
        "correct_answer": "B",
        "explanation": "A boost pump, typically located in the fuel tank, provides positive pressure to the fuel line, which raises the boiling point of the fuel and prevents it from vaporizing, thus preventing vapor lock."
    },
    {
        "question_number": 4,
        "question": "What instrument indicates the pressure of the fuel flowing to the engine?",
        "options": {
            "A": "Fuel flow indicator",
            "B": "Fuel quantity gauge",
            "C": "Fuel pressure gauge"
        },
        "correct_answer": "C",
        "explanation": "A fuel pressure gauge is specifically designed to measure and display the pressure at which fuel is being supplied to the engine's carburetor or fuel control unit."
    },
    {
        "question_number": 5,
        "question": "What component is used in a fuel system to prevent damage from excessive pressure?",
        "options": {
            "A": "Check valve",
            "B": "Pressure relief valve",
            "C": "Selector valve"
        },
        "correct_answer": "B",
        "explanation": "A pressure relief valve is a safety device designed to open automatically and relieve excess pressure within the fuel system, protecting lines and components from damage."
    },
    {
        "question_number": 6,
        "question": "A standard fuel shutoff valve typically has which of the following positions?",
        "options": {
            "A": "Open and Closed",
            "B": "High Flow and Low Flow",
            "C": "Left Tank, Right Tank, and Both"
        },
        "correct_answer": "A",
        "explanation": "The primary function of a shutoff valve is to either allow fuel to flow (open position) or stop it completely (closed position)."
    },
    {
        "question_number": 7,
        "question": "What is the primary function of a gascolator, typically found on light aircraft?",
        "options": {
            "A": "To measure fuel flow",
            "B": "To act as a main fuel strainer and water trap",
            "C": "To pressurize the fuel system"
        },
        "correct_answer": "B",
        "explanation": "A gascolator is a fuel filter that strains sediment and separates water from the fuel. It is usually located at the lowest point in the fuel system to effectively collect contaminants and water."
    },
    {
        "question_number": 8,
        "question": "Why are simple mechanical float-type fuel quantity indicators generally not used on large, modern aircraft?",
        "options": {
            "A": "They are too expensive to manufacture.",
            "B": "They are not considered reliable enough for complex tank shapes and various flight attitudes.",
            "C": "They require too much electrical power to operate."
        },
        "correct_answer": "B",
        "explanation": "Simple mechanical indicators are not accurate enough for the complex, multi-tank systems of large aircraft and can give false readings during maneuvers. Modern aircraft use more sophisticated electronic capacitance-type systems."
    },
    {
        "question_number": 10,
        "question": "What system allows an engine to draw fuel from a tank on the opposite side of the aircraft?",
        "options": {
            "A": "Fuel transfer system",
            "B": "Cross-feed system",
            "C": "Fuel jettison system"
        },
        "correct_answer": "B",
        "explanation": "The cross-feed system allows any engine to be fed from any tank, which is essential for balancing fuel loads or continuing operation in case of an engine or tank pump failure."
    },
    {
        "question_number": 11,
        "question": "According to some design regulations, a fuel tank must be able to feed its engine with usable fuel for how long at Maximum Continuous Power (MCP)?",
        "options": {
            "A": "15 minutes",
            "B": "30 minutes",
            "C": "60 minutes"
        },
        "correct_answer": "B",
        "explanation": "This is a safety design requirement ensuring that even if other tanks are unavailable, a single tank can supply the engine for a reasonable duration at a high power setting."
    },
    {
        "question_number": 12,
        "question": "What is a primary cause of vapor lock in an aircraft fuel system?",
        "options": {
            "A": "Excessive fuel pressure",
            "B": "Low fuel pressure combined with high temperature",
            "C": "Fuel contamination with water"
        },
        "correct_answer": "B",
        "explanation": "Vapor lock occurs when volatile fuel turns into vapor in the fuel lines. This is typically caused by a combination of low pressure (e.g., at high altitude) and high fuel temperature, which blocks the flow of liquid fuel."
    },
    {
        "question_number": 13,
        "question": "What type of filter is commonly used in the fuel systems of turbine-powered aircraft?",
        "options": {
            "A": "Wafer screen filter",
            "B": "Micronic filter",
            "C": "Gascolator"
        },
        "correct_answer": "B",
        "explanation": "Micronic filters are capable of removing extremely fine particles from the fuel, which is critical to protect the sensitive and high-precision components of a turbine engine's fuel control unit."
    },
    {
        "question_number": 14,
        "question": "What is the typical minimum expansion space required in an aircraft fuel tank?",
        "options": {
            "A": "0.5% of the tank volume",
            "B": "2% of the tank volume",
            "C": "5% of the tank volume"
        },
        "correct_answer": "B",
        "explanation": "Fuel tanks are not filled completely to allow for the thermal expansion of fuel. A space of about 2% of the tank volume is a standard requirement to prevent structural damage or fuel venting due to expansion."
    },
    {
        "question_number": 15,
        "question": "Which of the following is NOT a requirement of an aircraft fuel system?",
        "options": {
            "A": "To deliver a continuous supply of clean fuel",
            "B": "To be free from the tendency to vapor lock",
            "C": "To keep the tanks completely full at all times"
        },
        "correct_answer": "C",
        "explanation": "An aircraft fuel system is not required to keep tanks full; it must function correctly at all fuel levels and allow for normal fuel consumption during flight."
    },
    {
        "question_number": 16,
        "question": "Which of the following lists common types of fuel selector valves?",
        "options": {
            "A": "Poppet, cone, and disk",
            "B": "Gate, globe, and ball",
            "C": "Check, relief, and shuttle"
        },
        "correct_answer": "A",
        "explanation": "Poppet-type, cone-type, and disk-type (or rotor-type) valves are common designs used for fuel selectors in aircraft to direct fuel flow from different tanks."
    },
    {
        "question_number": 17,
        "question": "What type of engine-driven fuel pump is most commonly used on reciprocating engines?",
        "options": {
            "A": "Gear-type pump",
            "B": "Piston-type pump",
            "C": "Vane-type pump"
        },
        "correct_answer": "C",
        "explanation": "The sliding vane-type pump is a positive displacement pump widely used as the main engine-driven pump for reciprocating aircraft engines due to its reliability and consistent output pressure."
    },
    {
        "question_number": 18,
        "question": "What type of electric fuel pump uses a plunger moving in and out of a solenoid to move fuel?",
        "options": {
            "A": "Centrifugal boost pump",
            "B": "Vane-type pump",
            "C": "Pulsating electric pump"
        },
        "correct_answer": "C",
        "explanation": "Pulsating electric pumps use a solenoid to create a reciprocating motion of a plunger or diaphragm, creating pulses of pressure to move fuel. They are often used as primer or auxiliary pumps in light aircraft."
    },
    {
        "question_number": 19,
        "question": "An integral fuel tank, where the fuel is stored directly inside the aircraft's structure, is also known as what?",
        "options": {
            "A": "A bladder tank",
            "B": "A wet wing",
            "C": "A collector tank"
        },
        "correct_answer": "B",
        "explanation": "A 'wet wing' is the common term for an integral fuel tank because the wing structure itself is sealed to form the tank, with the internal surfaces being 'wet' with fuel."
    },
    {
        "question_number": 20,
        "question": "According to standard aircraft plumbing identification, what color is used for fuel lines?",
        "options": {
            "A": "Blue",
            "B": "Green",
            "C": "Red"
        },
        "correct_answer": "C",
        "explanation": "Aircraft fluid lines are identified by color codes and symbols. Red is the standard color designated for fuel lines."
    },
    {
        "question_number": 21,
        "question": "What is the name for a valve that is opened or closed by an energized electrical solenoid?",
        "options": {
            "A": "Manual selector valve",
            "B": "Solenoid-operated valve",
            "C": "Pressure relief valve"
        },
        "correct_answer": "B",
        "explanation": "A solenoid-operated valve uses an electromagnet (solenoid) to actuate the valve mechanism, allowing for remote electrical control of fluid flow."
    },
    {
        "question_number": 22,
        "question": "What is a common cause of aging and degradation for wiring within an aircraft system?",
        "options": {
            "A": "Low temperatures",
            "B": "Vibration",
            "C": "High pressure"
        },
        "correct_answer": "B",
        "explanation": "Constant vibration from engines and airflow can cause wire insulation to chafe, wires to fatigue and break, and electrical connections to loosen over time."
    },
    {
        "question_number": 23,
        "question": "What is a key installation requirement for aircraft fuel lines?",
        "options": {
            "A": "They should be routed in the shortest path possible, regardless of structure.",
            "B": "They must be adequately supported to prevent damage from vibration and loads.",
            "C": "They must be made of flexible material throughout the entire system."
        },
        "correct_answer": "B",
        "explanation": "Fuel lines must be secured with clamps at regular intervals to prevent damage from vibration and to support the weight and pressure of the fuel."
    },
    {
        "question_number": 24,
        "question": "Which of the following statements about fuel line installation is false?",
        "options": {
            "A": "Lines should be bonded to prevent static discharge.",
            "B": "Flexible hoses are never used in fuel systems.",
            "C": "A slack or bend must be provided in rigid lines between two rigidly mounted fittings."
        },
        "correct_answer": "B",
        "explanation": "This statement is false. Flexible hoses are commonly used in areas where there is vibration or movement between components, such as connecting the engine to the airframe-mounted fuel lines."
    },
    {
        "question_number": 25,
        "question": "What is the term for a logical sequence of steps used to narrow down a problem to a specific faulty component?",
        "options": {
            "A": "Inspection",
            "B": "Troubleshooting",
            "C": "Calibration"
        },
        "correct_answer": "B",
        "explanation": "Troubleshooting is a systematic approach to problem-solving that involves observing symptoms, isolating potential causes, and testing to identify the root of a malfunction."
    },
    {
        "question_number": 26,
        "question": "What is a negative consequence of a fuel being too volatile?",
        "options": {
            "A": "It will not burn efficiently.",
            "B": "It can cause vapor lock.",
            "C": "It will have a low heat energy value."
        },
        "correct_answer": "B",
        "explanation": "While fuel needs to vaporize to burn, if it is too volatile (vaporizes too easily), it can turn to vapor within the fuel lines, creating a blockage known as vapor lock."
    },
    {
        "question_number": 27,
        "question": "What term is used to describe how readily a liquid transforms into a vapor?",
        "options": {
            "A": "Viscosity",
            "B": "Volatility",
            "C": "Density"
        },
        "correct_answer": "B",
        "explanation": "Volatility is a measure of a substance's tendency to vaporize. In fuels, it must be carefully controlled to ensure proper engine operation without causing issues like vapor lock."
    },
    {
        "question_number": 28,
        "question": "For a gravity-feed fuel system with interconnected tanks, which of the following is generally NOT a requirement?",
        "options": {
            "A": "Each tank must have an independent outlet to the selector valve.",
            "B": "A vent must be provided for each tank.",
            "C": "Fuel must be able to flow freely between the tanks."
        },
        "correct_answer": "C",
        "explanation": "While the tanks are interconnected to a common outlet via a selector valve, direct flow between the tanks themselves is often prevented by check valves to ensure proper fuel management and isolation."
    },
    {
        "question_number": 29,
        "question": "What system prevents damage to a fuel tank from over-pressure or collapse due to under-pressure?",
        "options": {
            "A": "The boost pump system",
            "B": "The venting system",
            "C": "The pressure relief valve"
        },
        "correct_answer": "B",
        "explanation": "The fuel tank venting system allows air to enter the tank as fuel is consumed (preventing a vacuum/collapse) and allows air/vapor to exit as the tank is filled or fuel expands (preventing over-pressure)."
    },
    {
        "question_number": 30,
        "question": "Which of the following is true about a fuel boost pump?",
        "options": {
            "A": "It is always driven directly by the engine.",
            "B": "It often serves as an auxiliary pump.",
            "C": "It is only used for defueling operations."
        },
        "correct_answer": "B",
        "explanation": "Boost pumps are typically electric and serve as auxiliary pumps used for engine starting, as a backup for the engine-driven pump, for cross-feeding fuel, and to prevent vapor lock."
    },
    {
        "question_number": 31,
        "question": "Which of the following is NOT a desirable characteristic of aviation fuel?",
        "options": {
            "A": "A high heat energy value",
            "B": "Proper volatility for operating conditions",
            "C": "A low heat energy value"
        },
        "correct_answer": "C",
        "explanation": "A high heat energy value (energy per unit of weight) is a fundamental and highly desirable characteristic of aviation fuel, as it provides greater range and efficiency."
    },
    {
        "question_number": 32,
        "question": "In a simple gravity-feed fuel system, what is the primary force that moves fuel from the tanks to the engine?",
        "options": {
            "A": "An engine-driven pump",
            "B": "An electric boost pump",
            "C": "Gravity"
        },
        "correct_answer": "C",
        "explanation": "A gravity-feed system relies on the force of gravity to provide sufficient head pressure to deliver fuel from tanks located above the carburetor to the engine, typically on high-wing aircraft."
    },
    {
        "question_number": 33,
        "question": "The octane or performance number of aviation gasoline refers to its ability to resist what?",
        "options": {
            "A": "Vapor lock",
            "B": "Freezing",
            "C": "Detonation"
        },
        "correct_answer": "C",
        "explanation": "The octane rating measures a fuel's ability to resist detonation, which is the uncontrolled, explosive ignition of the fuel-air mixture in a reciprocating engine that can cause severe damage."
    },
    {
        "question_number": 34,
        "question": "What is considered a fundamental and critical characteristic of aviation fuel for ensuring aircraft range and performance?",
        "options": {
            "A": "High heat value",
            "B": "Low volatility",
            "C": "High viscosity"
        },
        "correct_answer": "A",
        "explanation": "The high heat value, or calorific value, represents the amount of energy released when the fuel is burned. A higher value means more power and efficiency per unit of weight, which is crucial for aviation."
    }
]