[
  {
    "question_number": 1,
    "question": "What are the types of selector valves in aircraft fuel systems?",
    "options": {
      "a": "Poppet, cone, and disk",
      "b": "Ball, needle, and gate",
      "c": "Butterfly, globe, and check"
    },
    "correct_answer": "a",
    "explanation": "The types of selector valves are poppet, cone, and disk."
  },
  {
    "question_number": 2,
    "question": "Which aircraft fuel system prevents high stress during overweight landings?",
    "options": {
      "a": "Fuel jettison system",
      "b": "Fuel transfer system",
      "c": "Fuel venting system"
    },
    "correct_answer": "a",
    "explanation": "The fuel jettison system prevents high stress during overweight landings by dumping fuel to reduce weight."
  },
  {
    "question_number": 3,
    "question": "Which statement is true about fuel line requirements?",
    "options": {
      "a": "They must be supported to prevent excessive vibration and to withstand loads due to fuel pressure",
      "b": "They must be made of plastic to reduce weight",
      "c": "They should be flexible in all sections"
    },
    "correct_answer": "a",
    "explanation": "Fuel lines must be supported to prevent excessive vibration and to withstand loads due to fuel pressure."
  },
  {
    "question_number": 4,
    "question": "What is the color of fuel lines in aircraft?",
    "options": {
      "a": "Blue",
      "b": "Red",
      "c": "Yellow"
    },
    "correct_answer": "b",
    "explanation": "The color of fuel lines is red."
  },
  {
    "question_number": 5,
    "question": "In a gravity-feed system with interconnected tank outlets, which is not a requirement?",
    "options": {
      "a": "Flow from tank to tank",
      "b": "Separate vents for each tank",
      "c": "Fuel selector valve"
    },
    "correct_answer": "a",
    "explanation": "Flow from tank to tank is not a must in gravity-feed system with interconnected tank outlets."
  },
  {
    "question_number": 6,
    "question": "What are the most common types of fuel heaters?",
    "options": {
      "a": "Air and oil fuel heaters",
      "b": "Electric and steam fuel heaters",
      "c": "Water and glycol fuel heaters"
    },
    "correct_answer": "a",
    "explanation": "The most common types of fuel heaters are air and oil fuel heaters."
  },
  {
    "question_number": 7,
    "question": "What type of fuel tanks do wet wing aircraft have?",
    "options": {
      "a": "Bladder tanks",
      "b": "Integral fuel tanks",
      "c": "Rigid tanks"
    },
    "correct_answer": "b",
    "explanation": "Wet wing aircraft have integral fuel tanks."
  },
  {
    "question_number": 8,
    "question": "An 80 octane fuel has the same resistance to detonation as a mixture of:",
    "options": {
      "a": "80% heptane and 20% iso-octane",
      "b": "80% iso-octane and 20% heptane",
      "c": "50% iso-octane and 50% heptane"
    },
    "correct_answer": "b",
    "explanation": "80% octane fuel has the same resistance to detonation as 80% iso-octane and 20% heptane mixture."
  },
  {
    "question_number": 9,
    "question": "What is the valve used to direct fuel to different tanks called?",
    "options": {
      "a": "Check valve",
      "b": "Selector valve",
      "c": "Relief valve"
    },
    "correct_answer": "b",
    "explanation": "The selector valve is used to direct fuel position."
  },
  {
    "question_number": 10,
    "question": "What is used to transfer fuel from wing tank to center or main fuel tank?",
    "options": {
      "a": "Gravity feed",
      "b": "Booster pump",
      "c": "Engine-driven pump"
    },
    "correct_answer": "b",
    "explanation": "Booster pump is used to transfer fuel from wing tank to center/main fuel tank."
  },
  {
    "question_number": 11,
    "question": "Which is not required in all fuel systems?",
    "options": {
      "a": "Fuel tank",
      "b": "Booster pump utilization",
      "c": "Fuel lines"
    },
    "correct_answer": "b",
    "explanation": "Booster pump utilization is not required in all fuel systems."
  },
  {
    "question_number": 12,
    "question": "For hot weather performance, each fuel system must be designed to be free from:",
    "options": {
      "a": "Vapor lock at critical temperatures",
      "b": "Ice formation",
      "c": "Fuel contamination"
    },
    "correct_answer": "a",
    "explanation": "The fuel system must be free from vapor lock at critical temperature for hot weather performance."
  },
  {
    "question_number": 13,
    "question": "Which is not a requirement when designing a fuel tank?",
    "options": {
      "a": "Prevent unusable fuel amount",
      "b": "Provide expansion space",
      "c": "Have sumps for water drainage"
    },
    "correct_answer": "a",
    "explanation": "Preventing unusable fuel amount is not a requirement on designing fuel tank."
  },
  {
    "question_number": 14,
    "question": "What is used as the primary delivery device in fuel systems?",
    "options": {
      "a": "Booster pumps",
      "b": "Hand pumps",
      "c": "Engine-driven pumps"
    },
    "correct_answer": "c",
    "explanation": "Engine-driven pumps are used as primary delivery device."
  },
  {
    "question_number": 15,
    "question": "What does unusable fuel supply refer to?",
    "options": {
      "a": "The amount of fuel that cannot be used due to contamination",
      "b": "The amount of fuel in the tank which is not available throughout flight",
      "c": "The reserve fuel for emergencies"
    },
    "correct_answer": "b",
    "explanation": "Unusable fuel supply refers to the amount of fuel in fuel tank which is not available throughout flight."
  },
  {
    "question_number": 16,
    "question": "Which is true about a boost pump?",
    "options": {
      "a": "It is the main pump",
      "b": "It is an auxiliary pump",
      "c": "It is only used in turbine engines"
    },
    "correct_answer": "b",
    "explanation": "Boost pump is an auxiliary pump."
  },
  {
    "question_number": 17,
    "question": "As per the EASA/FAA regulations each fuel tank must have an expansion space of not less than",
    "options": {
      "a": "2% of the tank capacity",
      "b": "10% of the tank capacity",
      "c": "5-10% of the tank capacity"
    },
    "correct_answer": "a",
    "explanation": "Each fuel tank must have an expansion space of not less than 2% of the tank capacity."
  },
  {
    "question_number": 18,
    "question": "The additive with disadvantage cause damage to the engine especially if the engine is left unattended for a long time?",
    "options": {
      "a": "Ethylene di-bromide.",
      "b": "Trichresyl phosphate.",
      "c": "Tetra ethyl lead (TEL)."
    },
    "correct_answer": "c",
    "explanation": "Tetra ethyl lead (TEL) can cause damage to the engine if left unattended for a long time."
  },
  {
    "question_number": 19,
    "question": "What is a gascolator in a reciprocating engine?",
    "options": {
      "a": "Fuel pump",
      "b": "Fuel strainer",
      "c": "Fuel heater"
    },
    "correct_answer": "b",
    "explanation": "Gascolator in reciprocating engine is a fuel strainer."
  },
  {
    "question_number": 20,
    "question": "What type of fuel filter is used in turbine engine aircraft?",
    "options": {
      "a": "Mesh type",
      "b": "Micronic type",
      "c": "Paper type"
    },
    "correct_answer": "b",
    "explanation": "Fuel filter used in turbine engine aircraft is micronic type."
  },
  {
    "question_number": 21,
    "question": "Which statement is not true about fuel indicators?",
    "options": {
      "a": "Float type indicator is not used in light aircraft",
      "b": "Capacitance type is used in large aircraft",
      "c": "Sight glass is a simple indicator"
    },
    "correct_answer": "a",
    "explanation": "The statement 'Float type indicator is not used in light aircraft' is not true."
  },
  {
    "question_number": 22,
    "question": "If there is no pump in the fuel system, what type is it?",
    "options": {
      "a": "Pressure feed system",
      "b": "Gravity feed fuel system",
      "c": "Booster system"
    },
    "correct_answer": "b",
    "explanation": "If there is no pump in the fuel system, it is a gravity feed fuel system."
  },
  {
    "question_number": 23,
    "question": "Which is true about fuel lines?",
    "options": {
      "a": "They must be supported to prevent excessive vibration",
      "b": "They can be left unsupported if short",
      "c": "Vibration is beneficial for flow"
    },
    "correct_answer": "a",
    "explanation": "Fuel lines must be supported to prevent excessive vibration."
  },
  {
    "question_number": 24,
    "question": "What is a remedy for vapor lock during flight?",
    "options": {
      "a": "Reduce altitude",
      "b": "Usage of boost pump",
      "c": "Switch to richer mixture"
    },
    "correct_answer": "b",
    "explanation": "Usage of boost pump remedies vapor lock during flight."
  },
  {
    "question_number": 25,
    "question": "What indicates the presence of ice crystals in the fuel system?",
    "options": {
      "a": "Fuel pressure gauge",
      "b": "Fuel temperature indicator",
      "c": "Fuel flow meter"
    },
    "correct_answer": "b",
    "explanation": "Fuel temperature indicator indicates the presence of ice crystals in fuel system."
  },
  {
    "question_number": 26,
    "question": "What are characteristics of fuel?",
    "options": {
      "a": "Density and color",
      "b": "Volatility and heat value",
      "c": "Viscosity and flash point"
    },
    "correct_answer": "b",
    "explanation": "Characteristics of fuel are volatility and heat value."
  },
  {
    "question_number": 27,
    "question": "What must the fuel flow rate for each pump system be for reciprocating engines?",
    "options": {
      "a": "100% of the required at takeoff",
      "b": "125% of the fuel flow required by the engine at the maximum takeoff power",
      "c": "150% of the required"
    },
    "correct_answer": "b",
    "explanation": "The fuel flow rate must be 125% of the fuel flow required by the engine at the maximum takeoff power."
  },
  {
    "question_number": 28,
    "question": "What is given to fuels to describe their resistance to detonation?",
    "options": {
      "a": "Cetane number",
      "b": "Octane ratings",
      "c": "API gravity"
    },
    "correct_answer": "b",
    "explanation": "Octane ratings are given to fuels to describe their resistance to detonation."
  },
  {
    "question_number": 29,
    "question": "Which fuel has poor cold starting and in-air starting characteristics?",
    "options": {
      "a": "Avgas",
      "b": "JP-1/Kerosene",
      "c": "Diesel"
    },
    "correct_answer": "b",
    "explanation": "JP-1/Kerosene has poor cold starting, and in-air starting characteristics."
  },
  {
    "question_number": 30,
    "question": "What could cause corrosion damage to the engines?",
    "options": {
      "a": "Water in fuel",
      "b": "Acids and alkali",
      "c": "Microbial growth"
    },
    "correct_answer": "b",
    "explanation": "Acids and alkali could cause corrosion damage to the engines."
  },
  {
    "question_number": 31,
    "question": "Each fuel tank must have an expansion space of not less than",
    "options": {
      "a": "2% of the tank capacity",
      "b": "5% of the tank capacity",
      "c": "10% of the tank capacity"
    },
    "correct_answer": "a",
    "explanation": "Each fuel tank must have an expansion space of not less than 2% of the tank capacity."
  },
  {
    "question_number": 32,
    "question": "Which is not a requirement of a fuel tank?",
    "options": {
      "a": "It must have a sump",
      "b": "It must be removed for repair and inspection",
      "c": "It must be vented"
    },
    "correct_answer": "b",
    "explanation": "It is not a requirement that the fuel tank must be removed for repair and inspection."
  },
  {
    "question_number": 33,
    "question": "What are used when fuel lines may be under pressure and subject to axial loads?",
    "options": {
      "a": "Rigid pipes",
      "b": "Flexible hoses",
      "c": "Metal tubes"
    },
    "correct_answer": "b",
    "explanation": "Flexible hoses are used when lines may be under pressure and subject to axial loads."
  },
  {
    "question_number": 34,
    "question": "What does the continuous/uniform fuel flow requirement of the fuel system refer to?",
    "options": {
      "a": "Fuel pressure must remain constant",
      "b": "Air introduced as a result of fuel depletion should not cause interruption for more than 20s",
      "c": "Pumps must operate without fail"
    },
    "correct_answer": "b",
    "explanation": "It refers to air introduced as a result of fuel depletion should not cause interruption for more than 20s."
  },
  {
    "question_number": 35,
    "question": "Since kerosene and avgas are highly combustible, what safety precaution must be taken?",
    "options": {
      "a": "Fuel and defuel inside the hangar for safety",
      "b": "Fuel and defuel outside, not in the hangar",
      "c": "Use water to dilute the fuel"
    },
    "correct_answer": "b",
    "explanation": "Fuel and defuel outside, not in the hangar."
  }
]