[
    {
        "question_number": 1,
        "question": "Which of the following gear types dissipate the landing energy into the atmosphere?",
        "options": {
            "A": "Spring oleo type",
            "B": "Float type",
            "C": "Rigid type"
        },
        "correct_answer": "A",
        "explanation": "An oleo strut (air-oil) dissipates landing energy by forcing oil through an orifice, converting kinetic energy into heat, which then dissipates into the atmosphere."
    },
    {
        "question_number": 2,
        "question": "Identify the landing gear device used for water surface operation.",
        "options": {
            "A": "Float",
            "B": "Skis",
            "C": "Wheels"
        },
        "correct_answer": "A",
        "explanation": "Floats, also known as pontoons, are buoyant structures attached to the aircraft that allow it to operate from water surfaces."
    },
    {
        "question_number": 3,
        "question": "Why is it necessary to lubricate wheel bearings immediately after cleaning and inspection?",
        "options": {
            "A": "To prevent corrosion",
            "B": "To cool the bearings",
            "C": "To increase friction"
        },
        "correct_answer": "A",
        "explanation": "Cleaning solvents remove the protective oil film, leaving the metal surfaces exposed to air and moisture, which can quickly lead to corrosion if not immediately protected with fresh grease."
    },
    {
        "question_number": 4,
        "question": "What is the purpose of the torque links of a landing gear?",
        "options": {
            "A": "To keep the piston and wheels aligned",
            "B": "To absorb landing shock",
            "C": "To retract the gear"
        },
        "correct_answer": "A",
        "explanation": "Torque links, or scissor links, connect the upper and lower parts of an oleo strut, preventing the piston from rotating and thereby keeping the wheel assembly aligned straight ahead."
    },
    {
        "question_number": 5,
        "question": "Which of the following units align the nose gear before retraction?",
        "options": {
            "A": "Torque links",
            "B": "Shimmy damper",
            "C": "Centering Cam"
        },
        "correct_answer": "C",
        "explanation": "A centering cam mechanism engages as the strut extends during retraction, automatically aligning the nose wheel to ensure it fits correctly into the wheel well."
    },
    {
        "question_number": 6,
        "question": "The metering pins in oleo shock struts serve to",
        "options": {
            "A": "Control the flow of oil as the struts are compressed",
            "B": "Lock the gear in the down position",
            "C": "Inflate the strut with nitrogen"
        },
        "correct_answer": "A",
        "explanation": "A tapered metering pin moves through an orifice as the strut compresses, changing the effective size of the orifice to control the rate of fluid flow and provide variable damping."
    },
    {
        "question_number": 7,
        "question": "The part at the lower cylinder which is used to provide installation of the aircraft wheels is",
        "options": {
            "A": "Axle",
            "B": "Torque link",
            "C": "Piston"
        },
        "correct_answer": "A",
        "explanation": "The axle is the shaft integrated with or attached to the bottom of the landing gear strut's piston, onto which the wheel assembly is mounted."
    },
    {
        "question_number": 8,
        "question": "The shock/vibration during taxiing with spring oleo type shock strut is damped by?",
        "options": {
            "A": "Spring",
            "B": "The oleo fluid",
            "C": "The nitrogen charge"
        },
        "correct_answer": "A",
        "explanation": "In a spring-oleo strut, the steel spring's primary role is to absorb the smaller, continuous shocks and vibrations encountered during ground operations like taxiing."
    },
    {
        "question_number": 9,
        "question": "If the landing wheels converge on the longitudinal axis when they roll, it is referred to as",
        "options": {
            "A": "Toe-in",
            "B": "Camber",
            "C": "Toe-out"
        },
        "correct_answer": "A",
        "explanation": "Toe-in is the alignment condition where the front edges of the wheels are closer together than the rear edges."
    },
    {
        "question_number": 10,
        "question": "Which of the following units keep the steering system under continuous pressure for shimmy damping?",
        "options": {
            "A": "The centering cam",
            "B": "The compensator",
            "C": "The actuator"
        },
        "correct_answer": "B",
        "explanation": "A compensator system ensures that both sides of the steering actuator piston are pressurized when steering is not commanded, creating hydraulic resistance that damps out nose wheel shimmy."
    },
    {
        "question_number": 11,
        "question": "The plies in radial tires are laid at a __ degree angle to the direction of rotation of the tire.",
        "options": {
            "A": "30 to 60",
            "B": "90",
            "C": "0"
        },
        "correct_answer": "B",
        "explanation": "In radial tire construction, the carcass plies run radially from bead to bead, at a 90-degree angle to the tire's centerline, providing strength and flexibility."
    },
    {
        "question_number": 12,
        "question": "Which tire type has an inner liner?",
        "options": {
            "A": "Tube-type",
            "B": "Tubeless type",
            "C": "Solid rubber type"
        },
        "correct_answer": "B",
        "explanation": "A tubeless tire has a soft, airtight inner liner bonded to the inside of the casing, which serves the function of an inner tube by retaining the inflation air."
    },
    {
        "question_number": 13,
        "question": "Which of the following is the most common aircraft tire tread design?",
        "options": {
            "A": "Rib tread",
            "B": "All-weather tread",
            "C": "Smooth tread"
        },
        "correct_answer": "A",
        "explanation": "The rib tread design, with its circumferential grooves, is most common as it provides good directional stability and traction on paved runways."
    },
    {
        "question_number": 14,
        "question": "Overinflated aircraft tires may cause",
        "options": {
            "A": "Premature tread wear in the center",
            "B": "Premature tread wear on the shoulders",
            "C": "Even tread wear"
        },
        "correct_answer": "A",
        "explanation": "Overinflation causes the tire to crown, concentrating the load on the center of the tread and leading to accelerated wear in that specific area."
    },
    {
        "question_number": 15,
        "question": "Landing gear positions are sensed by",
        "options": {
            "A": "Proximity switches",
            "B": "Hydraulic pressure sensors",
            "C": "Airspeed sensors"
        },
        "correct_answer": "A",
        "explanation": "Modern aircraft use proximity sensors to detect the position of the landing gear and doors without physical contact, providing reliable up-and-locked and down-and-locked indications."
    },
    {
        "question_number": 16,
        "question": "A hydraulically operated valve that prevents the landing gear actuator from lowering the main gear before the wheel well doors are open is called a __ valve.",
        "options": {
            "A": "Selector valve",
            "B": "Sequence valve",
            "C": "Priority valve"
        },
        "correct_answer": "C",
        "explanation": "A priority or sequence valve controls the order of operations, ensuring that hydraulic pressure is directed to the door actuators first, and only after the doors are open is pressure sent to the gear actuators."
    },
    {
        "question_number": 17,
        "question": "During approach for landing, hydraulic pressure is initially fed to",
        "options": {
            "A": "The landing gear door actuator",
            "B": "The main gear actuator",
            "C": "The brakes"
        },
        "correct_answer": "A",
        "explanation": "The gear extension sequence must begin by opening the wheel well doors to create clearance for the gear to deploy."
    },
    {
        "question_number": 18,
        "question": "What does pulling a Manual Gear Extension Handle do?",
        "options": {
            "A": "Releases the gear's mechanical uplock",
            "B": "Applies hydraulic pressure to the gear",
            "C": "Activates an electric motor"
        },
        "correct_answer": "A",
        "explanation": "The manual extension system is designed to bypass the normal hydraulic system and directly release the mechanical uplocks, allowing the gear to free-fall into the down and locked position."
    },
    {
        "question_number": 19,
        "question": "How is landing gear down and locked position indicated in the cockpit?",
        "options": {
            "A": "A red light",
            "B": "A green light",
            "C": "An amber light"
        },
        "correct_answer": "B",
        "explanation": "The standard cockpit indication for a fully extended and locked landing gear is a green light. A red light typically indicates an unsafe or in-transit condition."
    },
    {
        "question_number": 20,
        "question": "Which of the following components is regarded as the brain of the antiskid system?",
        "options": {
            "A": "The wheel speed sensor",
            "B": "The anti-skid control unit",
            "C": "The anti-skid control valve"
        },
        "correct_answer": "B",
        "explanation": "The anti-skid control unit is a computer that processes data from wheel speed sensors, detects impending skids, and sends commands to the control valves to modulate brake pressure."
    },
    {
        "question_number": 21,
        "question": "Which of the following brake systems is used in medium-sized airplanes?",
        "options": {
            "A": "Independent master cylinder system",
            "B": "Power boosted brake system",
            "C": "Full power brake system"
        },
        "correct_answer": "B",
        "explanation": "Power boosted systems use the aircraft's main hydraulic system to augment the pressure applied by the pilot's feet, providing sufficient braking force for medium-sized aircraft."
    },
    {
        "question_number": 22,
        "question": "Large airplanes are equipped with carbon disc brakes because such brakes have the advantage of",
        "options": {
            "A": "Low cost",
            "B": "Light weight",
            "C": "Simple maintenance"
        },
        "correct_answer": "B",
        "explanation": "Carbon brakes offer significant weight savings over steel brakes, have superior performance at high temperatures, and last longer, making them ideal for heavy aircraft."
    },
    {
        "question_number": 23,
        "question": "A spongy brake is a symptom of",
        "options": {
            "A": "Air in the system",
            "B": "Worn brake pads",
            "C": "Leaking seals"
        },
        "correct_answer": "A",
        "explanation": "Air is compressible while hydraulic fluid is not. Air trapped in the brake lines will compress when the pedal is pushed, causing a soft or spongy feeling before braking force is applied."
    },
    {
        "question_number": 24,
        "question": "Multiple disc brakes are used with",
        "options": {
            "A": "Cable-operated systems",
            "B": "Power brake systems",
            "C": "Independent master cylinders only"
        },
        "correct_answer": "B",
        "explanation": "Multiple disc brakes require high hydraulic pressure to operate effectively. This pressure is supplied by either a power boosted or full power brake system, found on larger aircraft."
    },
    {
        "question_number": 25,
        "question": "In which type of wheels do we use an O-ring between the wheel halves?",
        "options": {
            "A": "Split type",
            "B": "Detachable flange type",
            "C": "Drop center type"
        },
        "correct_answer": "A",
        "explanation": "Split-type wheels are made of two halves. To use them with a tubeless tire, an O-ring is installed in a groove between the halves to create an airtight seal when they are bolted together."
    },
    {
        "question_number": 26,
        "question": "Which plug discharges the tire pressure when the wheel is exposed to high temperature?",
        "options": {
            "A": "Thermal relief plug",
            "B": "Inflation valve",
            "C": "Overpressure plug"
        },
        "correct_answer": "A",
        "explanation": "A thermal relief plug, or fusible plug, contains a core with a low melting point. If the wheel overheats, the core melts and safely releases the tire pressure to prevent an explosion."
    },
    {
        "question_number": 27,
        "question": "Overinflated aircraft tires may cause damage to the",
        "options": {
            "A": "Tread wear in the center of the tread",
            "B": "Sidewall",
            "C": "Bead area"
        },
        "correct_answer": "A",
        "explanation": "Overinflation causes the tire's crown to bulge, focusing the aircraft's weight on a narrow strip down the center of the tread, which leads to rapid, uneven wear."
    },
    {
        "question_number": 28,
        "question": "On which part of the split type wheels are the brakes fitted?",
        "options": {
            "A": "On the outboard half",
            "B": "On the inboard half",
            "C": "On both halves"
        },
        "correct_answer": "B",
        "explanation": "The brake assembly is mounted to the axle and engages with drive keys or splines that are part of the inboard wheel half."
    },
    {
        "question_number": 29,
        "question": "What is the purpose of aileron back-drive actuators?",
        "options": {
            "A": "To synchronize the control wheel with the autopilot command",
            "B": "To provide artificial feel",
            "C": "To dampen aileron flutter"
        },
        "correct_answer": "A",
        "explanation": "A back-drive actuator moves the pilot's control wheel in unison with autopilot commands, providing a physical indication of the autopilot's actions."
    },
    {
        "question_number": 30,
        "question": "Which one of the following is true about a fly-by-wire control system when it is compared to a mechanical flight control system?",
        "options": {
            "A": "It has less weight",
            "B": "It is less complex",
            "C": "It requires no electrical power"
        },
        "correct_answer": "A",
        "explanation": "Fly-by-wire systems replace heavy mechanical linkages (cables, pulleys, pushrods) with lightweight wires, resulting in a significant overall weight reduction for the aircraft."
    },
    {
        "question_number": 31,
        "question": "Which one of the following will change the control command signals to digital format and send them to primary flight computers (PFCs)?",
        "options": {
            "A": "The autopilot module",
            "B": "The control wheel sensors",
            "C": "Actuator Control Electronics (ACEs)"
        },
        "correct_answer": "C",
        "explanation": "Actuator Control Electronics (ACEs) serve as the interface between the pilot's controls and the Primary Flight Computers (PFCs), converting sensor inputs into a digital format for processing."
    },
    {
        "question_number": 32,
        "question": "In a fly-by-light control system, what type of medium is used to transmit input commands to the actuators?",
        "options": {
            "A": "Coaxial cables",
            "B": "Hydraulic lines",
            "C": "Optical fiber lines"
        },
        "correct_answer": "C",
        "explanation": "Fly-by-light systems use fiber optic cables to transmit data as pulses of light, making the system immune to electromagnetic interference (EMI) and potentially lighter than fly-by-wire."
    },
    {
        "question_number": 33,
        "question": "If the rudder pedals do not hold their neutral position when the rudder is streamlined, what corrective action should be taken?",
        "options": {
            "A": "Replace the rudder",
            "B": "Re-rig the rudder cables",
            "C": "Lubricate the rudder hinges"
        },
        "correct_answer": "B",
        "explanation": "This condition indicates that the control cables are not properly tensioned or adjusted. Re-rigging the system according to the maintenance manual will restore the correct alignment."
    },
    {
        "question_number": 34,
        "question": "During inspection and troubleshooting of a rudder control system, what is the probable cause of excessive resistance to rudder pedal movement?",
        "options": {
            "A": "Cable tension too low",
            "B": "Cable tension too high",
            "C": "Worn rudder bearings"
        },
        "correct_answer": "B",
        "explanation": "If cable tension is set too high, it increases the friction on all pulleys and fairleads in the system, resulting in stiff and heavy controls."
    },
    {
        "question_number": 35,
        "question": "During inspection of an aileron system, what is the probable cause of lost motion between the control wheel and aileron?",
        "options": {
            "A": "Cable tension too high",
            "B": "Cable tension too low",
            "C": "Seized pulley bearing"
        },
        "correct_answer": "B",
        "explanation": "Lost motion, or 'slop', in the controls is a classic sign that the control cables are slack and have insufficient tension to move the control surface immediately with control input."
    },
    {
        "question_number": 36,
        "question": "What will be the effect if the rudder bellcrank stop is incorrectly adjusted?",
        "options": {
            "A": "Spongy rudder pedals",
            "B": "Rudder flutter",
            "C": "Incorrect rudder travel"
        },
        "correct_answer": "C",
        "explanation": "Control surface stops are mechanical limits that define the maximum angle of deflection. If they are set incorrectly, the surface will either have reduced travel or excessive travel."
    },
    {
        "question_number": 37,
        "question": "What will be the effect if aileron bellcrank stops are not adjusted properly?",
        "options": {
            "A": "Incorrect aileron travel",
            "B": "Stiff control wheel",
            "C": "Asymmetrical flap extension"
        },
        "correct_answer": "A",
        "explanation": "Aileron stops define the maximum up and down travel. Improper adjustment will result in either insufficient or excessive roll control authority."
    },
    {
        "question_number": 38,
        "question": "What receives signals from the sensors and initiates warnings or movements related to a stall?",
        "options": {
            "A": "The Stall Warning Computer",
            "B": "The autopilot",
            "C": "The Primary Flight Display"
        },
        "correct_answer": "A",
        "explanation": "The Stall Warning Computer is the dedicated unit that analyzes sensor data (like AOA) and triggers the appropriate warnings (lights, horns, stick shaker) or automatic actions (stick pusher)."
    },
    {
        "question_number": 39,
        "question": "Which stall warning system is commonly used on light aircraft?",
        "options": {
            "A": "Pneumatic reed/horn system",
            "B": "Angle of attack vane system",
            "C": "Stick shaker system"
        },
        "correct_answer": "A",
        "explanation": "Many light aircraft use a simple, reliable pneumatic system where an increase in low pressure at a port on the leading edge draws air through a reed, creating an audible warning horn."
    },
    {
        "question_number": 40,
        "question": "A stall protection system provides the following during the various phases of an approach to the stall, EXCEPT",
        "options": {
            "A": "Modal suppression",
            "B": "Stick shaker activation",
            "C": "Audible warnings"
        },
        "correct_answer": "A",
        "explanation": "Stall protection systems focus on Angle of Attack and provide alerts (warnings, stick shaker) and recovery actions (stick pusher). Modal suppression is a function related to damping structural vibrations."
    },
    {
        "question_number": 41,
        "question": "The stall protection system performs the following functions, EXCEPT",
        "options": {
            "A": "Operation of spoilers",
            "B": "Stick shaker activation",
            "C": "Stick pusher activation"
        },
        "correct_answer": "A",
        "explanation": "A stall protection system is designed to prevent or recover from a stall. Deploying spoilers would decrease lift and worsen the situation, so this is not a function of the system."
    },
    {
        "question_number": 42,
        "question": "What kind of signal is transmitted to the Primary Flight Computer (PFC) from the Actuator Control Electronics (ACE)?",
        "options": {
            "A": "Analog signal",
            "B": "Hydraulic pressure signal",
            "C": "Digital signal"
        },
        "correct_answer": "C",
        "explanation": "In a fly-by-wire system, the ACEs process inputs and send them to the PFCs as a robust, high-integrity digital signal over a data bus."
    },
    {
        "question_number": 43,
        "question": "Spoilers are secondary control surfaces used to",
        "options": {
            "A": "Increase lift during takeoff",
            "B": "Reduce the lift on a wing",
            "C": "Control the aircraft's yaw"
        },
        "correct_answer": "B",
        "explanation": "When deployed, spoilers disrupt the airflow over the wing's upper surface, which 'spoils' or reduces lift and increases drag. They are used for descent control, roll augmentation, and on-ground braking."
    },
    {
        "question_number": 44,
        "question": "The flight control surface that controls aircraft movement about the vertical axis is",
        "options": {
            "A": "The ailerons",
            "B": "The elevator",
            "C": "The rudder"
        },
        "correct_answer": "C",
        "explanation": "The rudder moves the aircraft's nose left or right, which is a yawing motion about the aircraft's vertical axis."
    },
    {
        "question_number": 45,
        "question": "Which one of the following is not considered a leading edge device?",
        "options": {
            "A": "Slat",
            "B": "Krueger flap",
            "C": "Flaperon"
        },
        "correct_answer": "C",
        "explanation": "Leading edge devices (slats, Krueger flaps) are on the front of the wing. A flaperon is a surface on the trailing edge that combines the function of a flap and an aileron."
    },
    {
        "question_number": 46,
        "question": "The role of the Primary Flight Computer (PFC) is to",
        "options": {
            "A": "Calculate control surface commands using pilot inputs",
            "B": "Power the hydraulic actuators",
            "C": "Display flight information to the pilot"
        },
        "correct_answer": "A",
        "explanation": "The PFC is the core computer of a fly-by-wire system. It takes pilot and sensor inputs, applies the aircraft's control laws, and computes the precise commands for the flight control actuators."
    },
    {
        "question_number": 47,
        "question": "Ailerons are primary flight controls that provide __ of the aircraft.",
        "options": {
            "A": "Pitch control",
            "B": "Lateral (roll) control",
            "C": "Directional (yaw) control"
        },
        "correct_answer": "B",
        "explanation": "Ailerons work differentially to increase lift on one wing and decrease it on the other, causing the aircraft to roll about its longitudinal axis."
    },
    {
        "question_number": 48,
        "question": "The leading edge (LE) device surfaces fully retract during __ and extend during __ to increase lift.",
        "options": {
            "A": "Landing, cruise",
            "B": "Cruise, takeoff",
            "C": "Taxi, descent"
        },
        "correct_answer": "B",
        "explanation": "Leading edge devices are retracted for high-speed cruise flight to reduce drag. They are extended for low-speed phases like takeoff and landing to increase lift and improve stall characteristics."
    }
]