[
  {
    "question_number": 1,
    "question": "Checking the engine compartment for loose wires and fittings is normally done during which type of inspection?",
    "options": {
      "a": "Preflight inspection",
      "b": "100-hour inspection",
      "c": "Annual inspection"
    },
    "correct_answer": "a",
    "explanation": "Checking basic items like loose wires and fittings in the engine compartment is part of the Preflight inspection routine."
  },
  {
    "question_number": 2,
    "question": "A type of inspection performed on aircraft operated for flight instruction or hire that is not FAA mandated for non-commercial operations is the:",
    "options": {
      "a": "100-hour inspection",
      "b": "50-hour inspection",
      "c": "Annual inspection"
    },
    "correct_answer": "b",
    "explanation": "The 50-hour inspection is typically a contractual or operational requirement for certain flight school or rental operations, supplementing the 100-hour or annual checks."
  },
  {
    "question_number": 3,
    "question": "Which one of the following statements regarding aircraft inspections is not true?",
    "options": {
      "a": "Aircrew reports can be used to initiate an inspection.",
      "b": "Aircrew reports cannot be used to initiate inspection.",
      "c": "An annual inspection must be performed every 12 calendar months."
    },
    "correct_answer": "b",
    "explanation": "Aircrew reports, such as discrepancy logs or incident reports, are a mandatory cause for initiating an inspection if they indicate a potential maintenance issue."
  },
  {
    "question_number": 4,
    "question": "Which of the following is true regarding the performance of an annual inspection?",
    "options": {
      "a": "It can be performed by any certified A&P mechanic.",
      "b": "It requires both an A&P certificate and an Inspection Authorization (IA).",
      "c": "It is required only for aircraft flown for hire."
    },
    "correct_answer": "b",
    "explanation": "An annual inspection requires the mechanic to hold both an Airframe and Powerplant (A&P) certificate and an Inspection Authorization (IA)."
  },
  {
    "question_number": 5,
    "question": "The statement, notation, and signature made in the maintenance record that certifies the aircraft condition is called:",
    "options": {
      "a": "Logging the maintenance action",
      "b": "Signing off the discrepancy",
      "c": "Approving the aircraft for return to service"
    },
    "correct_answer": "c",
    "explanation": "The final signature and necessary information in the maintenance record constitutes approving the aircraft for return to service, certifying it is airworthy relative to the work performed."
  },
  {
    "question_number": 6,
    "question": "Which inspection phase typically starts with a conformity inspection?",
    "options": {
      "a": "Pre-inspection",
      "b": "Operational check",
      "c": "Return to service phase"
    },
    "correct_answer": "a",
    "explanation": "The conformity inspection, which verifies compliance with applicable maintenance instructions or specifications, is a key part of the initial pre-inspection phase."
  },
  {
    "question_number": 7,
    "question": "What type of inspection is required following events like Over Weight Landing, lightning strike, or fire and flood damages?",
    "options": {
      "a": "Annual inspection",
      "b": "Special inspection",
      "c": "100-hour inspection"
    },
    "correct_answer": "b",
    "explanation": "Events resulting in potential structural or systemic damage, such as hard landings or flood damage, require a Special inspection to determine airworthiness."
  },
  {
    "question_number": 8,
    "question": "A Continuous Airworthiness Inspection Program is primarily designed for:",
    "options": {
      "a": "Small certified sport planes",
      "b": "Large aircraft",
      "c": "Single-engine piston aircraft"
    },
    "correct_answer": "b",
    "explanation": "Continuous airworthiness maintenance programs are mandatory for large aircraft (typically exceeding 12,500 lbs) and turbine-powered aircraft used in commercial operations."
  },
  {
    "question_number": 9,
    "question": "The owner of an aircraft may apply for the authorization of a progressive inspection program to which concerned FAA office?",
    "options": {
      "a": "Aircraft Manufacturer",
      "b": "Concerned FAA flight standards district office (FSDO)",
      "c": "Local Airport Manager"
    },
    "correct_answer": "b",
    "explanation": "Authorization for alternative inspection programs, such as progressive inspection, must be obtained from the local FAA Flight Standards District Office (FSDO)."
  },
  {
    "question_number": 10,
    "question": "What type of inspection is required on an aircraft which may have flown through severe turbulence conditions?",
    "options": {
      "a": "Special inspection",
      "b": "Progressive inspection",
      "c": "Preflight inspection"
    },
    "correct_answer": "a",
    "explanation": "Severe turbulence is considered an unusual operational event that mandates a Special inspection to check for structural damage."
  },
  {
    "question_number": 11,
    "question": "An inspection accomplished before the first flight each day is called a:",
    "options": {
      "a": "Annual check",
      "b": "Daily maintenance check",
      "c": "Preflight"
    },
    "correct_answer": "c",
    "explanation": "The mandatory inspection performed by the pilot before the first flight of the day is the Preflight inspection."
  },
  {
    "question_number": 12,
    "question": "A maintenance activity performed to detect any defects or malfunctions on aircraft before they become serious is known as:",
    "options": {
      "a": "Inspection",
      "b": "Repair",
      "c": "Troubleshooting"
    },
    "correct_answer": "a",
    "explanation": "The primary purpose of an inspection is to detect potential defects or failures early before they compromise safety or escalate into serious malfunctions."
  },
  {
    "question_number": 13,
    "question": "One of the following cannot be a cause for the initiation of aircraft inspection:",
    "options": {
      "a": "Overweight landing",
      "b": "Flying aircraft in rainy condition",
      "c": "Lightning strike"
    },
    "correct_answer": "b",
    "explanation": "While overweight landings and lightning strikes mandate special inspections, flying an aircraft in normal rainy conditions does not typically initiate a specific maintenance inspection."
  },
  {
    "question_number": 14,
    "question": "The general wear and tear of an aircraft during its service life is referred to as:",
    "options": {
      "a": "Attrition",
      "b": "Corrosion",
      "c": "Fatigue"
    },
    "correct_answer": "a",
    "explanation": "Attrition refers to the reduction in value, effectiveness, or quantity of equipment due to general wear and tear over its service life."
  },
  {
    "question_number": 15,
    "question": "By how many hours may a 100-hour inspection be exceeded if necessary to fly to a place where the inspection can be performed?",
    "options": {
      "a": "5 hours",
      "b": "10 hours",
      "c": "15 hours"
    },
    "correct_answer": "b",
    "explanation": "FAR 91.409 permits exceeding the 100-hour limit by not more than 10 hours to reach a place where the inspection can be performed, provided the excess time is included in the new inspection interval."
  },
  {
    "question_number": 16,
    "question": "What is required to fly an aircraft after the annual inspection has expired to a place where the inspection can be performed?",
    "options": {
      "a": "A special flight or ferry permit from the FAA.",
      "b": "A logbook endorsement by an A&P mechanic.",
      "c": "A verbal approval from the FSDO."
    },
    "correct_answer": "a",
    "explanation": "To operate an aircraft with an overdue annual inspection solely for the purpose of flying it to a maintenance base, a Special Flight Permit (Ferry Permit) issued by the FAA is required."
  },
  {
    "question_number": 17,
    "question": "For Air taxi and commercial operator aircraft, the classification of required inspection and maintenance type often depends on:",
    "options": {
      "a": "Engine type",
      "b": "Maximum takeoff weight",
      "c": "Sitting capacity"
    },
    "correct_answer": "c",
    "explanation": "For commercial operators (Part 135), the specific rules governing inspection programs (e.g., Continuous Airworthiness Maintenance Program versus 100-hour checks) are often based on the passenger seating capacity."
  },
  {
    "question_number": 18,
    "question": "An inspection phase in which the condition of the aircraft and its components is determined using visual checks, functional checks, and operational checks is often referred to as the:",
    "options": {
      "a": "Look phase",
      "b": "Pre-inspection",
      "c": "Documentation phase"
    },
    "correct_answer": "a",
    "explanation": "The 'Look' phase encompasses the hands-on activity, including visual inspection, functional checks of controls, and operational checks of systems, to determine the aircraft's condition."
  },
  {
    "question_number": 19,
    "question": "Which of the following is similar to progressive inspection but is typically used on large turbine-powered aircraft?",
    "options": {
      "a": "Annual inspection",
      "b": "Continuous Inspection",
      "c": "100-hour inspection"
    },
    "correct_answer": "b",
    "explanation": "A Continuous Inspection Program allows maintenance tasks to be broken down and performed sequentially, similar to a progressive inspection, but is mandated for large or commercial aircraft."
  },
  {
    "question_number": 20,
    "question": "Who is responsible for ensuring all non-airworthy defects are repaired before an airplane is flown?",
    "options": {
      "a": "Aircraft owner or operator",
      "b": "The FAA Safety Inspector",
      "c": "The A&P mechanic who signed off the last inspection"
    },
    "correct_answer": "a",
    "explanation": "The ultimate responsibility for maintaining an aircraft in an airworthy condition and ensuring defects are repaired rests with the aircraft owner or operator (FAR 91.7)."
  },
  {
    "question_number": 21,
    "question": "Which Appendix of FAR Part 43 covers the minimum inspection requirements for annual and 100-hour inspections on an aircraft?",
    "options": {
      "a": "Appendix A",
      "b": "Appendix B",
      "c": "Appendix D"
    },
    "correct_answer": "c",
    "explanation": "FAR Part 43 Appendix D details the scope and detail required for annual and 100-hour inspections."
  },
  {
    "question_number": 22,
    "question": "Which one of the following statements is true?",
    "options": {
      "a": "A 100-hour inspection is valid in place of an annual inspection.",
      "b": "An annual inspection is valid in place of a 100-hour inspection.",
      "c": "A progressive inspection program must be renewed monthly."
    },
    "correct_answer": "b",
    "explanation": "Since an annual inspection is more comprehensive than a 100-hour inspection, an annual inspection fulfills the requirement for a 100-hour inspection, but not vice versa."
  },
  {
    "question_number": 23,
    "question": "An annual inspection completed on September 1, 2021 would remain valid until:",
    "options": {
      "a": "September 1, 2022",
      "b": "Midnight, September 30, 2022",
      "c": "The first day of October 2022"
    },
    "correct_answer": "b",
    "explanation": "The annual inspection is valid until the last day of the 12th calendar month following the month in which it was performed (Midnight, September 30, 2022)."
  },
  {
    "question_number": 24,
    "question": "Checking the inflation of tires must be done during which inspection?",
    "options": {
      "a": "Annual inspection",
      "b": "100-hour inspection",
      "c": "Preflight inspection"
    },
    "correct_answer": "c",
    "explanation": "Tire pressure is a critical check included in the basic Preflight inspection before operation."
  },
  {
    "question_number": 25,
    "question": "A comprehensive and complete inspection that can be performed by a certified A&P technician with no additional requirement for Inspection Authorization (IA) is the:",
    "options": {
      "a": "Annual inspection",
      "b": "100-hour inspection",
      "c": "Progressive inspection"
    },
    "correct_answer": "b",
    "explanation": "The 100-hour inspection must be performed and approved by an A&P mechanic, whereas the Annual inspection requires an A&P mechanic with IA."
  },
  {
    "question_number": 26,
    "question": "A type of Non-Destructive Testing (NDT) which records the absorption of rays onto a film sensitive to X-rays is called:",
    "options": {
      "a": "Ultrasonic testing",
      "b": "Radiography",
      "c": "Eddy current testing"
    },
    "correct_answer": "b",
    "explanation": "Radiography (X-ray inspection) uses radiation absorption to create an image on film, revealing internal structures and defects."
  },
  {
    "question_number": 27,
    "question": "What is the typical color indication of a defect when a visible light dye penetrant inspection is performed?",
    "options": {
      "a": "Bright yellow",
      "b": "Bright green",
      "c": "Bright red"
    },
    "correct_answer": "c",
    "explanation": "Visible dye penetrant typically uses a bright red dye that seeps into surface cracks, which is then made visible by a white developer."
  },
  {
    "question_number": 28,
    "question": "Around a hangar or aircraft maintenance area, which Non-Destructive Testing (NDT) method requires serious safety precautions due to radiation hazards?",
    "options": {
      "a": "Magnetic Particle Inspection",
      "b": "X-ray (Radiography)",
      "c": "Liquid Penetrant Inspection"
    },
    "correct_answer": "b",
    "explanation": "X-ray testing involves radiation sources and requires strict safety protocols, specialized equipment, and exclusion zones to protect personnel."
  }
]