[
    {
        "question_number": 1,
        "question": "____ is installed at the entryways, galleys and lavatories to provide nonskid waterproof surfaces.",
        "options": {
            "A": "Mats",
            "B": "Carpets",
            "C": "Insulation blankets"
        },
        "correct_answer": "A",
        "explanation": "Mats are used in high-traffic, wet-prone areas like galleys and lavatories to provide a nonskid and waterproof surface for safety."
    },
    {
        "question_number": 2,
        "question": "What is the purpose of insulation blankets?",
        "options": {
            "A": "Provide fire resistance",
            "B": "Provide sound proofing to crew and passenger compartments",
            "C": "Increase structural rigidity"
        },
        "correct_answer": "B",
        "explanation": "Insulation blankets in aircraft are primarily used for thermal insulation and soundproofing, enhancing passenger and crew comfort by reducing noise."
    },
    {
        "question_number": 3,
        "question": "____ provide a comfortable soundproof floor covering.",
        "options": {
            "A": "Mats",
            "B": "Carpets",
            "C": "Sidewall panels"
        },
        "correct_answer": "B",
        "explanation": "Carpets are installed in the passenger cabin to provide a comfortable, aesthetically pleasing, and sound-absorbing floor covering."
    },
    {
        "question_number": 4,
        "question": "Which of the following is not part of a standard passenger seat?",
        "options": {
            "A": "Recline button",
            "B": "Lumbar adjustment",
            "C": "Armrest"
        },
        "correct_answer": "B",
        "explanation": "While some premium seats may have it, lumbar adjustment is not a standard feature on most passenger seats, unlike recline buttons and armrests."
    },
    {
        "question_number": 5,
        "question": "What holds the flight crew seats to the aircraft seat tracks?",
        "options": {
            "A": "Standard bolts",
            "B": "Bogie units",
            "C": "Welded joints"
        },
        "correct_answer": "B",
        "explanation": "Flight crew seats are mounted on bogie units, which allow for secure attachment to the seat tracks while enabling forward and aft adjustment."
    },
    {
        "question_number": 6,
        "question": "How many bogie units are there for each flight deck crew seats?",
        "options": {
            "A": "2",
            "B": "4",
            "C": "6"
        },
        "correct_answer": "B",
        "explanation": "Each flight deck crew seat is typically secured to the seat tracks by four bogie units for stability and safety."
    },
    {
        "question_number": 7,
        "question": "In what form does a super cooled water occur in the atmosphere?",
        "options": {
            "A": "Solid",
            "B": "Gas",
            "C": "Liquid"
        },
        "correct_answer": "C",
        "explanation": "Supercooled water is water that remains in its liquid state even though its temperature is below the freezing point of 0\u00b0C (32\u00b0F)."
    },
    {
        "question_number": 8,
        "question": "Why do mainly aircraft with large turbine engines use a thermal pneumatic anti-ice system?",
        "options": {
            "A": "It is too heavy for smaller aircraft",
            "B": "Aircraft with smaller engines cannot supply the required amount of hot air",
            "C": "It is less effective at lower altitudes"
        },
        "correct_answer": "B",
        "explanation": "Thermal pneumatic anti-icing systems rely on hot bleed air from the engine's compressor. Large turbine engines can provide sufficient hot air without significantly impacting performance, whereas smaller engines cannot."
    },
    {
        "question_number": 9,
        "question": "What is an optional means to pressurize the aircraft water system?",
        "options": {
            "A": "Manual pump",
            "B": "Bleed air from the engine",
            "C": "Air compressor"
        },
        "correct_answer": "C",
        "explanation": "While engine bleed air is a common method, an optional, independent air compressor can also be used to pressurize the aircraft's potable water system."
    },
    {
        "question_number": 10,
        "question": "Which of the following is NOT considered an adverse effect of ice and rain conditions on an aircraft?",
        "options": {
            "A": "Increased drag and weight",
            "B": "Loss of lift",
            "C": "Loss of electrical power"
        },
        "correct_answer": "C",
        "explanation": "Ice and rain primarily affect aerodynamics by increasing drag, weight, and reducing lift. They do not directly cause a loss of the aircraft's primary electrical power generation systems."
    },
    {
        "question_number": 11,
        "question": "Which of the following is NOT correct about a dry-type engine-driven air pump?",
        "options": {
            "A": "Has self-lubricating carbon vanes",
            "B": "Requires an oil separator",
            "C": "Used for de-ice boot systems"
        },
        "correct_answer": "B",
        "explanation": "Dry-type air pumps use self-lubricating carbon vanes and do not introduce oil into the air stream, hence they do not require an oil separator. Wet-type pumps require an oil separator."
    },
    {
        "question_number": 12,
        "question": "What may NOT be a possible remedy for de-ice boots that inflate only partially?",
        "options": {
            "A": "Check for leaks in the plumbing",
            "B": "Inspect the distributor valve",
            "C": "Check electrical cross wiring"
        },
        "correct_answer": "C",
        "explanation": "Partial inflation of de-ice boots is a pneumatic issue, likely caused by leaks, restrictions, or a malfunctioning distributor valve. Electrical cross-wiring is not a direct cause of a pneumatic problem like partial inflation."
    },
    {
        "question_number": 13,
        "question": "Which of the following is NOT correct about a wet-type engine-driven air pump?",
        "options": {
            "A": "It is lubricated by engine oil",
            "B": "It requires an oil separator",
            "C": "There is no such thing as a wet-type engine driven air pump"
        },
        "correct_answer": "C",
        "explanation": "The statement that wet-type pumps do not exist is incorrect. They do exist and are lubricated by engine oil, which necessitates an oil separator to prevent oil from contaminating the de-icing system."
    },
    {
        "question_number": 14,
        "question": "What could be used to isolate a blockage in the waste drain lines?",
        "options": {
            "A": "Visual inspection",
            "B": "Coin tap test",
            "C": "Pressure check"
        },
        "correct_answer": "B",
        "explanation": "A coin tap test, where an inspector taps along the drain line and listens for changes in sound, can help identify the location of a blockage (like ice) by the change from a hollow to a solid sound."
    },
    {
        "question_number": 15,
        "question": "What is the material of a B737-700/800 waste tank?",
        "options": {
            "A": "Stainless steel",
            "B": "Aluminum alloy",
            "C": "Composite"
        },
        "correct_answer": "C",
        "explanation": "Modern aircraft like the Boeing 737NG series use composite materials for waste tanks to save weight and resist corrosion."
    },
    {
        "question_number": 16,
        "question": "What indicates a vacuum toilet flush valve that is stuck open?",
        "options": {
            "A": "A constant hissing or vacuum sound from the toilet",
            "B": "The toilet bowl overflows",
            "C": "The flush light stays on"
        },
        "correct_answer": "A",
        "explanation": "A stuck-open flush valve continuously applies vacuum to the toilet bowl, resulting in a persistent hissing or sucking sound and a potential loss of system-wide vacuum pressure."
    },
    {
        "question_number": 17,
        "question": "What is a de-icing system?",
        "options": {
            "A": "A system that prevents ice from forming",
            "B": "A system that removes ice formed on critical aircraft structures",
            "C": "A system that melts snow on the ground"
        },
        "correct_answer": "B",
        "explanation": "De-icing systems are designed to remove ice after it has already accumulated on critical surfaces, whereas anti-icing systems are designed to prevent ice from forming in the first place."
    },
    {
        "question_number": 18,
        "question": "Which of the following is not part of a standard passenger seat?",
        "options": {
            "A": "Seat belt",
            "B": "Adjustable height",
            "C": "Life vest pouch"
        },
        "correct_answer": "B",
        "explanation": "Standard passenger seats in economy class are not equipped with height adjustment. They typically include a seat belt, recline function, and a pouch for the life vest."
    },
    {
        "question_number": 19,
        "question": "Which of the following is not drained overboard via drain masts?",
        "options": {
            "A": "Galley sink water",
            "B": "Lavatory sink water",
            "C": "Waste water from toilets"
        },
        "correct_answer": "C",
        "explanation": "Waste water from toilets (black water) is collected in a dedicated waste tank and is not drained overboard during flight. Grey water from sinks and galleys is drained overboard through heated drain masts."
    },
    {
        "question_number": 20,
        "question": "Which of the following is NOT correct about escape slides?",
        "options": {
            "A": "They are located at emergency exits",
            "B": "They can function as rafts in a water landing",
            "C": "They are provided for each passenger under each seat"
        },
        "correct_answer": "C",
        "explanation": "Escape slides are located at the main entry and emergency exit doors, not under each passenger seat. Life vests are typically located under the seats."
    },
    {
        "question_number": 21,
        "question": "Which emergency equipment is installed on the lower inboard face of each entry and service door?",
        "options": {
            "A": "Fire extinguisher",
            "B": "Slide raft",
            "C": "First aid kit"
        },
        "correct_answer": "B",
        "explanation": "The escape slide or slide raft is packed into a container (bustle) on the lower inboard face of entry and service doors for rapid deployment in an emergency."
    },
    {
        "question_number": 22,
        "question": "Where is the cargo hold located in commercial airliners?",
        "options": {
            "A": "In the tail section",
            "B": "Above the passenger cabin",
            "C": "In the lower deck"
        },
        "correct_answer": "C",
        "explanation": "In most commercial airliners, the cargo holds are located in the lower deck of the fuselage, beneath the main passenger cabin floor."
    },
    {
        "question_number": 23,
        "question": "Where is an escape slide stowed?",
        "options": {
            "A": "In the overhead bins",
            "B": "Under the floor panels",
            "C": "Inside a compartment on the aircraft exit door"
        },
        "correct_answer": "C",
        "explanation": "Escape slides are stowed in a special compartment, often called a slide bustle, located on the interior of the aircraft's exit doors for easy access and deployment."
    },
    {
        "question_number": 24,
        "question": "Which of the following is correct about a crash axe?",
        "options": {
            "A": "It is available for every passenger",
            "B": "It is stored in the cargo hold",
            "C": "It is required by regulation on an aeroplane with more than nine seats"
        },
        "correct_answer": "C",
        "explanation": "A crash axe is a required piece of emergency equipment located in the flight deck of aircraft with more than nine passenger seats, intended for creating exits or accessing hidden fires after a crash."
    },
    {
        "question_number": 25,
        "question": "Which of the following window anti-ice systems is NOT typically used on aircraft?",
        "options": {
            "A": "Electrically heated window panes",
            "B": "Hot air blown over the window",
            "C": "Electromagnetic anti-ice system"
        },
        "correct_answer": "C",
        "explanation": "Aircraft typically use electrically conductive coatings within the window panes or hot air systems to prevent ice formation on cockpit windows. Electromagnetic systems are not a standard method for window anti-icing."
    }
]