[
  {
    "question_number": 1,
    "question": "External devices placed in the retraction mechanism to keep landing gears down are called:",
    "options": {
      "a": "ground locks",
      "b": "Wheel Chocks",
      "c": "Tie-down devices"
    },
    "correct_answer": "a",
    "explanation": "Ground locks are external devices placed in the landing gear retraction mechanism to physically prevent the gear from retracting during ground maintenance or storage."
  },
  {
    "question_number": 2,
    "question": "Which of the following have red streamers attached to them, indicating they must be removed before flight?",
    "options": {
      "a": "ground locks",
      "b": "Wheel Chocks",
      "c": "Tie-down devices"
    },
    "correct_answer": "a",
    "explanation": "Ground locks (pins, flags) and other protective covers use red streamers ('Remove Before Flight') to ensure they are visible and removed before takeoff."
  },
  {
    "question_number": 3,
    "question": "What measure is taken to prevent aircraft movement and possible damage during parking in high winds?",
    "options": {
      "a": "Mooring",
      "b": "Jacking",
      "c": "Hoisting"
    },
    "correct_answer": "a",
    "explanation": "Mooring refers to securely tying down an aircraft to anchor points to prevent movement, especially during high winds or severe weather."
  },
  {
    "question_number": 4,
    "question": "One of the following is not a type of Knot commonly used for aircraft tie-down:",
    "options": {
      "a": "Bowline",
      "b": "Lock pin",
      "c": "Square knot"
    },
    "correct_answer": "b",
    "explanation": "Bowline and Square knots are common rope knots used in tie-downs. A lock pin is a mechanical securing device, not a type of knot."
  },
  {
    "question_number": 5,
    "question": "Jacking one wheel of lighter aircraft is typically done with:",
    "options": {
      "a": "Heavy duty Jacks",
      "b": "Low single-base jacks",
      "c": "Hydraulic rams"
    },
    "correct_answer": "b",
    "explanation": "Lighter aircraft often use smaller, portable low single-base jacks for raising individual wheels or small portions of the aircraft."
  },
  {
    "question_number": 6,
    "question": "During jacking, jack pads are used to:",
    "options": {
      "a": "ensure proper aircraft load distribution",
      "b": "raise the aircraft quickly",
      "c": "prevent aircraft from sliding"
    },
    "correct_answer": "a",
    "explanation": "Jack pads (or plates) are placed between the jack and the airframe to spread the load over the structural jacking point, ensuring proper load distribution and preventing damage."
  },
  {
    "question_number": 7,
    "question": "During towing an aircraft, who is responsible for obeying emergency stop instructions?",
    "options": {
      "a": "Wing walkers",
      "b": "Towing vehicle driver",
      "c": "A qualified person who is at the tail"
    },
    "correct_answer": "b",
    "explanation": "The towing vehicle driver is primarily responsible for the immediate movement and stopping of the aircraft and must obey all emergency stop instructions issued by ground crew."
  },
  {
    "question_number": 8,
    "question": "When towing a large aircraft, a person should be stationed in the cockpit to:",
    "options": {
      "a": "watch for obstructions.",
      "b": "monitor engine instruments.",
      "c": "operate the brakes."
    },
    "correct_answer": "c",
    "explanation": "A person must be in the cockpit to operate the brakes in case of an emergency stop or if the tow bar fails, especially when towing large aircraft."
  },
  {
    "question_number": 9,
    "question": "What type of hardware comes equipped with the tow bar to prevent damage to the aircraft structure during high stress application?",
    "options": {
      "a": "Shear bolt",
      "b": "Tie down chains",
      "c": "Hoisting bar"
    },
    "correct_answer": "a",
    "explanation": "A shear bolt is a safety device designed to fail (break) under excessive force, protecting the more expensive and critical attachment points on the aircraft nose gear or airframe."
  },
  {
    "question_number": 10,
    "question": "Which standard taxi light signal is used to mean \"stop\"?",
    "options": {
      "a": "flashing red",
      "b": "steady red",
      "c": "flashing white"
    },
    "correct_answer": "b",
    "explanation": "Standard airport/taxi light signals designate steady red as the command to stop."
  },
  {
    "question_number": 11,
    "question": "When an aircraft is being marshaled, what should be the position of the marshaller be from the perspective of the pilot sitting in the aircraft?",
    "options": {
      "a": "to the right of the aircraft",
      "b": "center in front of the prop",
      "c": "to the left of the aircraft"
    },
    "correct_answer": "c",
    "explanation": "The marshaller typically stands slightly ahead and to the left of the aircraft centerline, ensuring maximum visibility for the pilot in the left seat."
  },
  {
    "question_number": 12,
    "question": "If a radial engine has been shut down for more than 30 minutes, the propeller should be rotated through three or four complete revolutions by hand to:",
    "options": {
      "a": "detect a hydraulic lock",
      "b": "check for leak",
      "c": "prime the engine"
    },
    "correct_answer": "a",
    "explanation": "Turning the propeller detects hydraulic lock (hydro-lock) caused by oil seeping past piston rings and accumulating in the lower cylinders, which must be cleared before starting."
  },
  {
    "question_number": 13,
    "question": "When starting and ground operating an aircraft's engine, the aircraft should be positioned to head into the wind primarily:",
    "options": {
      "a": "to aid in achieving and maintaining proper airflow into the engine induction system.",
      "b": "for engine cooling purposes.",
      "c": "to help cancel out engine torque effect."
    },
    "correct_answer": "b",
    "explanation": "Facing into the wind provides the maximum airflow over engine cylinders and oil coolers, which is critical for preventing overheating during ground operations."
  },
  {
    "question_number": 14,
    "question": "How many persons are required to start an engine by hand cranking?",
    "options": {
      "a": "1",
      "b": "2",
      "c": "3"
    },
    "correct_answer": "b",
    "explanation": "Two persons are required: one person positioned safely to physically swing the propeller, and a qualified person in the cockpit or control station to manage the throttle, mixture, and ignition controls."
  },
  {
    "question_number": 15,
    "question": "In addition to servicing and operating hydraulic units, the hydraulic mule can be used to:",
    "options": {
      "a": "Heat hydraulic fluid",
      "b": "Drain the aircraft hydraulic system",
      "c": "Jack an aircraft"
    },
    "correct_answer": "b",
    "explanation": "A hydraulic mule (external hydraulic power source) can be used to circulate fluid, assist in flushing procedures, or facilitate the draining of hydraulic systems, although its main role is providing pressurized fluid for testing/operation."
  },
  {
    "question_number": 16,
    "question": "One of the following is not true about servicing a hydraulic reservoir:",
    "options": {
      "a": "The correct fluid type can be determined by the container or by color.",
      "b": "Reservoirs which are air pressurized must be bled off before servicing.",
      "c": "Hydraulic system pressure should be put on before removing the filters."
    },
    "correct_answer": "c",
    "explanation": "System pressure must always be relieved or shut OFF before removing filters or opening the system to prevent injury and fluid loss. Putting pressure ON would be dangerous."
  },
  {
    "question_number": 17,
    "question": "A fueling method which can decrease the time taken to refuel the aircraft, limits contamination, and reduces the chance of static electricity igniting the fuel is:",
    "options": {
      "a": "Over-the-wing fueling",
      "b": "Single point fueling",
      "c": "Auxiliary tank fueling"
    },
    "correct_answer": "b",
    "explanation": "Single point fueling (pressure fueling) is faster, reduces potential contamination entry points, and ensures superior bonding/grounding, minimizing static electricity hazards."
  },
  {
    "question_number": 18,
    "question": "One of the following statements is not true about aircraft oxygen servicing:",
    "options": {
      "a": "Oxygen servicing of aircraft is to be accomplished inside hangars.",
      "b": "Only oxygen marked 'Aviator's Breathing Oxygen' is to be used.",
      "c": "Medical oxygen contains water that can freeze at altitude."
    },
    "correct_answer": "a",
    "explanation": "Oxygen servicing creates a severe fire hazard and must be accomplished OUTSIDE of hangars or buildings."
  },
  {
    "question_number": 19,
    "question": "When performing an engine oil quantity check on a typical turbine engine, what crucial timing consideration must be observed?",
    "options": {
      "a": "The reading should be taken while the engine is running at idle power.",
      "b": "The check is often delayed for a specified period (hot soak) after shutdown to allow scavenged oil to drain back to the tank.",
      "c": "Oil quantity must be checked immediately upon engine shutdown before thermal expansion occurs."
    },
    "correct_answer": "b",
    "explanation": "Turbine engines typically use a dry sump system, and oil is continuously scavenged during operation. The oil level check must be performed after a specific 'hot soak' period (e.g., 5-30 minutes, depending on the engine) to allow all scavenged oil to return to the reservoir."
  }
]