[
    {
        "question_number": 1,
        "question": "What does an aircraft indication system show when a valve is in the process of opening or closing?",
        "options": {
            "A": "Valve locked",
            "B": "Valve in transit",
            "C": "Valve error"
        },
        "correct_answer": "B",
        "explanation": "The 'valve in transit' indication signals that the valve is currently moving between the fully open and fully closed positions and has not yet reached its final state."
    },
    {
        "question_number": 2,
        "question": "Which of the following is NOT a fundamental requirement of an aircraft fuel system?",
        "options": {
            "A": "To deliver a continuous supply of clean fuel.",
            "B": "The ability to keep tanks completely full at all times.",
            "C": "To have a low fire hazard."
        },
        "correct_answer": "B",
        "explanation": "An aircraft fuel system must deliver clean fuel under pressure, but it is not a requirement for the tanks to be completely full at all times for the system to function correctly."
    },
    {
        "question_number": 3,
        "question": "What is the process of using an inert gas to remove oxygen from an aircraft fuel tank called?",
        "options": {
            "A": "Venting",
            "B": "Purging",
            "C": "Scavenging"
        },
        "correct_answer": "B",
        "explanation": "Purging is the process of displacing flammable vapors or oxygen from a fuel tank with an inert gas, such as nitrogen, to create a non-flammable atmosphere, often before maintenance."
    },
    {
        "question_number": 4,
        "question": "What is a primary reason for defueling an aircraft's fuel tank?",
        "options": {
            "A": "To perform maintenance or inspection.",
            "B": "To increase the aircraft's weight.",
            "C": "To cool down the fuel."
        },
        "correct_answer": "A",
        "explanation": "Defueling is necessary for various reasons, including performing maintenance on the tank, conducting inspections, removing contaminated fuel, or reducing weight for a change in flight plan."
    },
    {
        "question_number": 5,
        "question": "Which of the following is generally NOT considered a significant contaminant in aircraft fuel?",
        "options": {
            "A": "Water",
            "B": "Microbial growth",
            "C": "Air"
        },
        "correct_answer": "C",
        "explanation": "While dissolved air is present in fuel, it is not typically classified as a harmful contaminant in the same way as water, sediment, or microbes, which can cause serious system damage."
    },
    {
        "question_number": 6,
        "question": "What is a quick method used to check the level of bacteria and fungus present in aircraft fuel?",
        "options": {
            "A": "Bug kit test",
            "B": "Visual color check",
            "C": "Sump drain test"
        },
        "correct_answer": "A",
        "explanation": "A 'bug kit test' is a specific diagnostic tool used to quickly and effectively detect the presence and level of microbial contamination (bacteria and fungi) in fuel samples."
    },
    {
        "question_number": 7,
        "question": "Which of the following is a common type of fuel selector valve?",
        "options": {
            "A": "Gate valve",
            "B": "Butterfly valve",
            "C": "Poppet valve"
        },
        "correct_answer": "C",
        "explanation": "Poppet, cone, and disk types are common designs for fuel selector valves used in aircraft to control fuel flow from different tanks."
    },
    {
        "question_number": 8,
        "question": "How are aircraft fuel pumps typically operated?",
        "options": {
            "A": "Electrically or engine driven",
            "B": "Hydraulically only",
            "C": "Manually by the pilot"
        },
        "correct_answer": "A",
        "explanation": "Aircraft fuel systems use a combination of electrically driven pumps (boost pumps, transfer pumps) and engine-driven pumps to ensure a reliable fuel supply."
    },
    {
        "question_number": 9,
        "question": "What type of pump uses a plunger to move fuel in and out, creating a pulsating flow?",
        "options": {
            "A": "Centrifugal pump",
            "B": "Pulsating pump",
            "C": "Vane pump"
        },
        "correct_answer": "B",
        "explanation": "A pulsating pump, also known as a plunger pump, creates pressure and flow through a reciprocating motion, resulting in a pulsed output."
    },
    {
        "question_number": 10,
        "question": "What type of valve is operated by an energized solenoid to open or close?",
        "options": {
            "A": "Manual shutoff valve",
            "B": "Check valve",
            "C": "Solenoid-operated valve"
        },
        "correct_answer": "C",
        "explanation": "A solenoid-operated valve uses an electromagnetic coil (solenoid) to actuate the valve mechanism, allowing for remote electrical control of fuel flow."
    },
    {
        "question_number": 11,
        "question": "What is a critical requirement when routing fuel lines in an aircraft system?",
        "options": {
            "A": "Fuel lines must not chafe with control cables.",
            "B": "Fuel lines should always be routed below electrical wiring.",
            "C": "Fuel lines must always be made of flexible rubber."
        },
        "correct_answer": "A",
        "explanation": "To prevent catastrophic failure, fuel lines must be routed and secured to avoid any contact or chafing with moving parts like control cables, which could lead to a fuel leak."
    },
    {
        "question_number": 12,
        "question": "The presence of what substance in fuel must be prevented to inhibit the growth of microbes?",
        "options": {
            "A": "Anti-icing additives",
            "B": "Water",
            "C": "Lubricating oil"
        },
        "correct_answer": "B",
        "explanation": "Microbes require water to grow. Water collects at the bottom of fuel tanks, creating an ideal environment for bacteria and fungi to proliferate, making water removal critical."
    },
    {
        "question_number": 13,
        "question": "How is aviation gasoline (Avgas) commonly identified?",
        "options": {
            "A": "By its color and performance or octane number.",
            "B": "By its smell only.",
            "C": "By its weight and density."
        },
        "correct_answer": "A",
        "explanation": "Aviation gasoline is identified by its dye color (e.g., blue for 100LL) and its octane/performance number, which are critical for ensuring the correct fuel is used."
    },
    {
        "question_number": 14,
        "question": "What is a primary purpose of inspecting a fuel tank vent line?",
        "options": {
            "A": "To ensure proper flow of air.",
            "B": "To check for fuel leaks.",
            "C": "To verify the line color."
        },
        "correct_answer": "A",
        "explanation": "Vent lines must be kept clear and unobstructed to allow air to enter the tank as fuel is consumed, preventing a vacuum from forming and ensuring proper fuel flow to the engines."
    },
    {
        "question_number": 15,
        "question": "Which statement is NOT true regarding Special Federal Aviation Regulation (SFAR) 88?",
        "options": {
            "A": "It mandates design reviews to eliminate potential ignition sources in fuel tanks.",
            "B": "It applies to certain transport category airplanes.",
            "C": "It does not address the safety of fuel tanks."
        },
        "correct_answer": "C",
        "explanation": "SFAR 88 was specifically created to improve fuel tank safety by requiring the identification and elimination of potential ignition sources within aircraft fuel systems. The statement that it doesn't address fuel tank safety is false."
    },
    {
        "question_number": 16,
        "question": "What system allows all of an aircraft's fuel tanks to be filled from a single connection point?",
        "options": {
            "A": "Gravity fueling",
            "B": "Single-point pressure fueling",
            "C": "Manual tank transfer"
        },
        "correct_answer": "B",
        "explanation": "Single-point pressure fueling is a rapid method where a single hose connects to a fueling panel, and fuel is pumped under pressure to all tanks according to a pre-selected load."
    },
    {
        "question_number": 17,
        "question": "Which type of fuel contaminant can cause the most disastrous consequences?",
        "options": {
            "A": "Dissolved air",
            "B": "A foreign fuel type (misfueling)",
            "C": "Minor discoloration"
        },
        "correct_answer": "B",
        "explanation": "Introducing the wrong type of fuel (e.g., Jet A into a piston engine) is a foreign fuel contaminant that can cause catastrophic engine failure."
    },
    {
        "question_number": 18,
        "question": "What type of valve is used to drain water and sediment from the lowest point of a fuel tank?",
        "options": {
            "A": "Selector valve",
            "B": "Shutoff valve",
            "C": "Fuel drain valve"
        },
        "correct_answer": "C",
        "explanation": "Fuel drain valves, also known as sump valves, are located at the lowest points in the fuel system to allow for the periodic draining of accumulated water and sediment."
    },
    {
        "question_number": 19,
        "question": "In aircraft fuel line installations, what is generally preferred for long, straight runs where no movement is expected?",
        "options": {
            "A": "Rigid tubing is preferred over flexible hose.",
            "B": "Flexible hose is always required.",
            "C": "Copper piping is the standard."
        },
        "correct_answer": "A",
        "explanation": "While flexible hoses are used to connect components subject to vibration, rigid aluminum alloy tubing is generally preferred for long, straight runs in a fuel system for its durability and strength."
    },
    {
        "question_number": 20,
        "question": "What aircraft fuel system is designed to rapidly reduce aircraft weight to prevent high stress during an overweight landing?",
        "options": {
            "A": "Fuel transfer system",
            "B": "Fuel jettison system",
            "C": "Fuel venting system"
        },
        "correct_answer": "B",
        "explanation": "A fuel jettison or dump system allows the flight crew to quickly expel fuel overboard in an emergency to reduce the aircraft's weight to or below the maximum landing weight."
    },
    {
        "question_number": 21,
        "question": "How should an inspection of an aircraft's fuel system be performed?",
        "options": {
            "A": "Based on the pilot's discretion.",
            "B": "By following the procedures in the aircraft maintenance manual.",
            "C": "Using a generic checklist for all aircraft."
        },
        "correct_answer": "B",
        "explanation": "All maintenance and inspection tasks must be performed in strict accordance with the procedures and standards outlined in the specific aircraft's maintenance manual."
    },
    {
        "question_number": 22,
        "question": "What is the term for a logical sequence of steps used to narrow down a problem to a specific component or location?",
        "options": {
            "A": "Inspection",
            "B": "Troubleshooting",
            "C": "Calibration"
        },
        "correct_answer": "B",
        "explanation": "Troubleshooting is a systematic approach to problem-solving, involving a logical sequence of diagnostic steps to isolate the root cause of a fault."
    },
    {
        "question_number": 23,
        "question": "What specific manual is often used to troubleshoot an aircraft's fuel system?",
        "options": {
            "A": "Pilot's Operating Handbook (POH)",
            "B": "Fault Isolation Manual (FIM)",
            "C": "Illustrated Parts Catalog (IPC)"
        },
        "correct_answer": "B",
        "explanation": "The Fault Isolation Manual (FIM) provides systematic troubleshooting procedures to help technicians diagnose and isolate faults in various aircraft systems, including the fuel system."
    },
    {
        "question_number": 24,
        "question": "How are minor gaps or leaks in the seams of some metal fuel tanks repaired?",
        "options": {
            "A": "By welding the seam.",
            "B": "By using sloshing procedures with a sealant.",
            "C": "By replacing the entire tank."
        },
        "correct_answer": "B",
        "explanation": "Sloshing involves pouring a sealant compound into the tank and rotating it so the sealant coats the entire interior surface, sealing minor leaks and seams."
    },
    {
        "question_number": 25,
        "question": "Which of the following methods is NOT used to ensure a fuel tank repair is sound?",
        "options": {
            "A": "Pressure testing with air.",
            "B": "Applying an approved sealant.",
            "C": "Using wax or sand to fill the repair."
        },
        "correct_answer": "C",
        "explanation": "Using temporary, unapproved materials like wax or sand is not a valid or safe method for repairing an aircraft fuel tank. Repairs must be made with approved materials and procedures."
    },
    {
        "question_number": 26,
        "question": "Which of the following is a common type of fuel for gas turbine engines?",
        "options": {
            "A": "Avgas 100LL",
            "B": "Kerosene",
            "C": "Diesel"
        },
        "correct_answer": "B",
        "explanation": "Gas turbine engines (jet engines) primarily use kerosene-based fuels, such as Jet A and Jet A-1."
    },
    {
        "question_number": 28,
        "question": "What is true regarding the desired volatility of aircraft fuel?",
        "options": {
            "A": "It should be as volatile as possible for easy starting.",
            "B": "It should have low enough volatility to prevent vapor lock.",
            "C": "Volatility does not affect engine performance."
        },
        "correct_answer": "B",
        "explanation": "Aircraft fuel must not be so volatile that it boils at low pressures (high altitudes), which can cause vapor lock and disrupt fuel flow to the engine."
    },
    {
        "question_number": 29,
        "question": "What is a critical requirement for fuel line installations?",
        "options": {
            "A": "They must be made of copper.",
            "B": "They must be supported to prevent excessive vibration.",
            "C": "They should be routed as close to heat sources as possible."
        },
        "correct_answer": "B",
        "explanation": "Fuel lines must be properly clamped and supported along their length to prevent damage from vibration and to ensure they can safely contain the fuel pressure without failing."
    },
    {
        "question_number": 30,
        "question": "What color code is used to identify fuel lines in an aircraft?",
        "options": {
            "A": "Blue",
            "B": "Green",
            "C": "Red"
        },
        "correct_answer": "C",
        "explanation": "According to standard identification systems, fuel lines are marked with predominantly red bands to clearly identify them as carrying flammable fuel."
    },
    {
        "question_number": 31,
        "question": "In a gravity-fed fuel system with interconnected tank outlets, which of the following is NOT necessarily a requirement?",
        "options": {
            "A": "Each tank must have a vent.",
            "B": "There must be a way to shut off fuel from each tank.",
            "C": "Fuel must be able to flow freely from one tank to another."
        },
        "correct_answer": "C",
        "explanation": "While the outlets are interconnected to feed the engine, gravity systems do not necessarily require a mechanism for fuel to flow between the tanks themselves; they are designed to feed a common line."
    },
    {
        "question_number": 32,
        "question": "What is a significant factor that contributes to the degradation or aging of aircraft wiring?",
        "options": {
            "A": "Vibration",
            "B": "Darkness",
            "C": "Low altitude"
        },
        "correct_answer": "A",
        "explanation": "Constant vibration can cause wire insulation to chafe and crack and can lead to metal fatigue and failure at connection points, significantly contributing to wiring degradation."
    },
    {
        "question_number": 33,
        "question": "What type of indication compares the fuel inlet pressure to the air inlet pressure at the fuel metering device?",
        "options": {
            "A": "Fuel flow indication",
            "B": "Absolute fuel pressure indication",
            "C": "Differential fuel pressure indication"
        },
        "correct_answer": "C",
        "explanation": "A differential pressure gauge measures the difference between two pressures. In this context, it compares fuel pressure against air pressure to ensure the correct fuel-air mixture is being delivered."
    }
]