[
    {
        "question_number": 1,
        "question": "Which of the following ice that will be formed on the leading edge of an aircraft which is rough but relatively easy to break ?",
        "options": {
            "A": "Frost",
            "B": "Fogging",
            "C": "Glaze",
            "D": "Rime"
        },
        "correct_answer": "D",
        "explanation": "Rime ice is formed by small supercooled water droplets freezing instantly on contact. This process traps air, giving the ice a milky, opaque, and rough appearance. It is also brittle and relatively easy to break off."
    },
    {
        "question_number": 2,
        "question": "Which one of the following is the effect of ice on aircraft?",
        "options": {
            "A": "Increase lift",
            "B": "Increase trust",
            "C": "Increase drag",
            "D": "Decrease drag"
        },
        "correct_answer": "C",
        "explanation": "Ice accumulation on aircraft surfaces, particularly the wings, disrupts the smooth airflow. This disruption increases aerodynamic drag and decreases lift."
    },
    {
        "question_number": 3,
        "question": "Ice protection on stall warning system is",
        "options": {
            "A": "Electrically",
            "B": "Thermally",
            "C": "Fluid anti-icing"
        },
        "correct_answer": "A",
        "explanation": "Stall warning sensors, such as vanes or tabs, are critical for flight safety and are typically heated electrically to prevent ice formation that would render them inoperative."
    },
    {
        "question_number": 4,
        "question": "Which of the following ice protection system is not applicable on de-icing of an aircraft",
        "options": {
            "A": "Pneumatic",
            "B": "Electrical",
            "C": "Alcohol"
        },
        "correct_answer": "C",
        "explanation": "While all listed systems can have de-icing capabilities, fluid (alcohol) systems are primarily designed for anti-icing (preventing ice formation). Pneumatic and electrical systems are more commonly used for de-icing (removing existing ice)."
    },
    {
        "question_number": 5,
        "question": "Which of the following ice protection system is not applicable on anti-icing of an aircraft",
        "options": {
            "A": "Pneumatic",
            "B": "Electrical",
            "C": "Alcohol"
        },
        "correct_answer": "A",
        "explanation": "Pneumatic de-icing boots work by inflating to break off ice after it has already formed. They are a de-icing system, not an anti-icing system, which would prevent ice from forming in the first place."
    },
    {
        "question_number": 6,
        "question": "A system that prevents the formation of ice on the aircraft structure is",
        "options": {
            "A": "De-icing",
            "B": "Anti-icing",
            "C": "A and B"
        },
        "correct_answer": "B",
        "explanation": "By definition, an anti-icing system is one that prevents ice from forming on a surface. A de-icing system is one that removes ice after it has already formed."
    },
    {
        "question_number": 7,
        "question": "Which one of the following characteristics does describe the rime ice?",
        "options": {
            "A": "It is the most dangerous ice",
            "B": "It is difficult for the boots to break loose",
            "C": "It causes great deal of drag"
        },
        "correct_answer": "C",
        "explanation": "Rime ice has a very rough surface which severely disrupts airflow over the airfoil, leading to a significant and rapid increase in aerodynamic drag."
    },
    {
        "question_number": 8,
        "question": "Type of an ice that is formed by large droplets of water that strikes a surface on a temperature just slightly below the freezing point is",
        "options": {
            "A": "Rime ice",
            "B": "Cotton ice",
            "C": "Glaze ice"
        },
        "correct_answer": "C",
        "explanation": "Glaze ice (or clear ice) forms when large, supercooled water droplets hit a surface and freeze slowly, allowing them to spread out and form a solid, clear, and heavy layer of ice."
    },
    {
        "question_number": 9,
        "question": "Which one of the following cannot be used by fluid anti ice/deice system?",
        "options": {
            "A": "Windscreens",
            "B": "Airfoils",
            "C": "Propellers"
        },
        "correct_answer": "A",
        "explanation": "Fluid systems are not used on windscreens because the de-icing fluid would smear and obstruct the pilot's vision. Windscreens are protected using electrical heating or hot air systems."
    },
    {
        "question_number": 10,
        "question": "Which of the following is not true about chemicals which are applicable for deicing?",
        "options": {
            "A": "They make the surface smooth",
            "B": "They make the surface slick",
            "C": "They are used in propeller deicing",
            "D": "They make the surface rough to form smooth coating of ice"
        },
        "correct_answer": "D",
        "explanation": "Deicing chemicals work by lowering the freezing point of water and making the surface slick to prevent ice from adhering. The statement that they make the surface rough is incorrect and contradictory."
    },
    {
        "question_number": 11,
        "question": "Which of the following that cannot be used for the prevention of ice on the airfoils leading edge?",
        "options": {
            "A": "Engine bleed",
            "B": "Exhaust heat exchangers",
            "C": "Ram air",
            "D": "None"
        },
        "correct_answer": "C",
        "explanation": "Ram air at altitude is at or below freezing temperatures and would cause ice formation, not prevent it. Hot air for anti-icing is sourced from engine bleed air or heaters."
    },
    {
        "question_number": 12,
        "question": "Combustion unit of the pneumatic deicing system does not include",
        "options": {
            "A": "Regulator",
            "B": "Distributor",
            "C": "Oil filter"
        },
        "correct_answer": "B",
        "explanation": "The question is likely misworded and refers to a 'combustion heater' system. A combustion heater would not have a distributor valve, which is a component specific to sequencing pneumatic deicer boots."
    },
    {
        "question_number": 13,
        "question": "Which one of the following is a correct statement concerning the suction regulating valve?",
        "options": {
            "A": "It purpose is to maintain suction automatically",
            "B": "Turning the screw on the regulator valve to clockwise will adjust it to increase the pressure",
            "C": "Turning the screw on the regulator valve to counter clockwise will adjust it to decrease the pressure"
        },
        "correct_answer": "A",
        "explanation": "The primary purpose of a suction regulating valve (or relief valve) is to automatically maintain the correct level of vacuum in the system to hold the deicer boots down when not in use."
    },
    {
        "question_number": 14,
        "question": "In an electrical heating of anti- icing, the power supply is",
        "options": {
            "A": "Ac",
            "B": "Dc",
            "C": "Both"
        },
        "correct_answer": "C",
        "explanation": "Aircraft electrical anti-icing systems can use either AC or DC power. High-power applications like windshields often use AC, while smaller components like pitot tubes or sensors may use DC."
    },
    {
        "question_number": 15,
        "question": "Effect of isopropyl alcohol in the fluid type ice protection",
        "options": {
            "A": "Increases the freezing point of the water at the surface of the aircraft",
            "B": "Evaporates the moisture",
            "C": "Makes surface slick to prevent good grip of ice to surface"
        },
        "correct_answer": "C",
        "explanation": "While the primary effect of alcohol is lowering the freezing point of water, it also creates a flowing liquid film that makes the surface slick, helping to prevent ice from adhering and carrying it away."
    },
    {
        "question_number": 16,
        "question": "In which of the following case does the distributor valve opens to suction",
        "options": {
            "A": "When there is no need to deicing",
            "B": "When it senses a pressure on the deicer falls to almost 1 in. Hg and the air on the boots cannot further be dumped by itself",
            "C": "A and B"
        },
        "correct_answer": "A",
        "explanation": "The distributor valve connects the deicer boots to the system's vacuum source whenever the system is not actively inflating the boots, including when the system is selected off."
    },
    {
        "question_number": 17,
        "question": "In pneumatic deicing system, inflation sequence is controlled by",
        "options": {
            "A": "Centrally located distributer valve",
            "B": "Solenoid operated valve",
            "C": "A and B"
        },
        "correct_answer": "C",
        "explanation": "The inflation sequence of deicer boots can be controlled by a central, motor-driven distributor valve or by individual solenoid valves controlled by an electronic timer."
    },
    {
        "question_number": 18,
        "question": "Engine driven pump for pneumatic de-icing system is installed",
        "options": {
            "A": "At the accessory drive gear box",
            "B": "At the outlet of the 8th and 13th stage engine bleed",
            "C": "At the top of the engine adjacent to the leading edge of the wing"
        },
        "correct_answer": "A",
        "explanation": "Pumps that are 'engine driven,' such as vacuum pumps or hydraulic pumps, are mounted on and powered by the engine's accessory drive gearbox."
    },
    {
        "question_number": 19,
        "question": "One is not used as a source of hot air for ice protection",
        "options": {
            "A": "Combustion heaters",
            "B": "Engine bleed air",
            "C": "Hot air from cabin heating system"
        },
        "correct_answer": "C",
        "explanation": "Airframe anti-ice systems require very hot air, sourced from engine bleed sections or dedicated combustion heaters. The cabin heating system is separate and operates at lower temperatures."
    },
    {
        "question_number": 20,
        "question": "One of the following statement is not true about the construction of deicer boots",
        "options": {
            "A": "The inner part of the booth is provided with conductive surface to dissipate static electricity",
            "B": "The inner part of the boot is provided with conductive neoprene to provide resistance from deterioration",
            "C": "A and B"
        },
        "correct_answer": "B",
        "explanation": "The conductive surface is on the outer layer of the boot, not the inner part. Its purpose is to dissipate static electricity. While neoprene provides resistance to deterioration, its conductivity is for static discharge, not for preventing deterioration."
    },
    {
        "question_number": 21,
        "question": "Which of the following is true about the deicer fluids that can be used on the airfoil system?",
        "options": {
            "A": "They are made of Glycol based fluid",
            "B": "The fluids can apply in windshields, windows and radomes",
            "C": "When a system is to be out of service, not necessary to functioned periodically"
        },
        "correct_answer": "A",
        "explanation": "Fluids used in airfoil anti-icing systems (like TKS systems) are typically based on ethylene glycol or isopropyl alcohol."
    },
    {
        "question_number": 22,
        "question": "The wiper blades of the windshield are driven by",
        "options": {
            "A": "Separate electric motors",
            "B": "The aircraft hydraulic power",
            "C": "pneumatic bleed air",
            "D": "All except C"
        },
        "correct_answer": "D",
        "explanation": "Aircraft windshield wipers are commonly powered by either individual electric motors or by hydraulic motors running off the aircraft's main hydraulic system."
    },
    {
        "question_number": 23,
        "question": "During Pneumatic systems, When does Vacuum is supplied continually to all tubes of the overshoes to hold the tubes flat against the leading edges?",
        "options": {
            "A": "When the system is switched off",
            "B": "When the system is switched ON",
            "C": "All the time Regardless of the system operation"
        },
        "correct_answer": "A",
        "explanation": "When the deicing system is not in operation (switched off), vacuum is applied to hold the boots securely against the wing to prevent aerodynamic flutter."
    },
    {
        "question_number": 24,
        "question": "Which of the following ice control method is applicable for windshields, windows and radomes?",
        "options": {
            "A": "Pneumatic",
            "B": "Thermal",
            "C": "Fluid",
            "D": "Electrical"
        },
        "correct_answer": "D",
        "explanation": "Electrical heating, using conductive films or embedded wires, is the most common method for anti-icing windshields, windows, and radomes because it provides uniform heat without obstructing vision or radar signals."
    },
    {
        "question_number": 25,
        "question": "The emergency escape slides are mounted",
        "options": {
            "A": "on the passenger compartment ceiling",
            "B": "on the entry and service door",
            "C": "on the over wing emergency exists"
        },
        "correct_answer": "B",
        "explanation": "Emergency escape slides are most commonly housed in a pack on the lower interior face of the main entry and service doors."
    },
    {
        "question_number": 26,
        "question": "The movements of Crew seats inside control cabin are powered by electrical actuators.",
        "options": {
            "A": "True",
            "B": "False"
        },
        "correct_answer": "A",
        "explanation": "On many modern transport category aircraft, crew seat adjustments (such as vertical and horizontal movement) are powered by electrical actuators for precise positioning."
    },
    {
        "question_number": 27,
        "question": "Which of the following devices can be used to control the inflation sequence of the deicer boots ?",
        "options": {
            "A": "Timer assembly",
            "B": "Shut off valve",
            "C": "Distributor valve"
        },
        "correct_answer": "C",
        "explanation": "A distributor valve is a motor-driven or solenoid-controlled valve that directs pressure and vacuum to the deicer boots in a specific, timed sequence."
    },
    {
        "question_number": 28,
        "question": "Which of the following is true about the pneumatic deicing system?",
        "options": {
            "A": "the source of inflation is Ram air",
            "B": "all the deicer are inflated at once",
            "C": "The tubes are inflated by the suction action of the vacuum pump."
        },
        "correct_answer": "A",
        "explanation": "None of the provided options are correct. However, if forced to choose the 'least incorrect', some older/simpler systems might have used venturis to create vacuum, but inflation is always by pressure pump. A is the most plausible intended answer if 'Ram air' is misinterpreted as air from a pump. All options are fundamentally flawed."
    },
    {
        "question_number": 29,
        "question": "Rain eliminating system on a windshield during flight cannot be done by",
        "options": {
            "A": "electrical heating",
            "B": "wiping",
            "C": "blowing it off"
        },
        "correct_answer": "A",
        "explanation": "Electrical heating is used for anti-icing and defogging, not for removing rain. Rain is removed by mechanical wipers, pneumatic jet blasts (blowing it off), or chemical rain repellents."
    },
    {
        "question_number": 30,
        "question": "Which of the following emergency equipment is not used for sliding?",
        "options": {
            "A": "life raft",
            "B": "escape slide",
            "C": "slide raft"
        },
        "correct_answer": "A",
        "explanation": "A life raft is a flotation device and is not designed to be used as a slide for evacuation from the aircraft to the ground. Escape slides and slide/rafts serve this purpose."
    },
    {
        "question_number": 31,
        "question": "The type of emergency equipment used for both for evacuation and floating purpose is",
        "options": {
            "A": "life vest",
            "B": "life raft",
            "C": "Slide raft"
        },
        "correct_answer": "C",
        "explanation": "A slide raft is a dual-purpose piece of equipment that functions as an evacuation slide for use on land and can be detached and used as a life raft in a water landing."
    },
    {
        "question_number": 32,
        "question": "What are the different Rain clearing systems?",
        "options": {
            "A": "windscreen wipers",
            "B": "pneumatic rain removal",
            "C": "rain repellent",
            "D": "All"
        },
        "correct_answer": "D",
        "explanation": "All listed methods are used for clearing rain from aircraft windshields: mechanical wipers, high-velocity air jets (pneumatic removal), and chemical rain repellent coatings."
    },
    {
        "question_number": 33,
        "question": "The sources of water for the lavatory of an aircraft is",
        "options": {
            "A": "The main water tank",
            "B": "The toilet water tank",
            "C": "The toilet tank"
        },
        "correct_answer": "A",
        "explanation": "Potable (clean) water for the lavatory sinks and for toilet flushing is supplied from the aircraft's main potable water tank(s)."
    },
    {
        "question_number": 34,
        "question": "______ is used to light up the leading edges of the main planes, when required, to allow visual examination for ice formation.",
        "options": {
            "A": "Strip distributor",
            "B": "Spot light",
            "C": "Logo light"
        },
        "correct_answer": "B",
        "explanation": "Aircraft are equipped with wing inspection lights, which are essentially spotlights mounted on the fuselage to illuminate the wing leading edges and engine inlets, allowing the crew to visually check for ice at night."
    },
    {
        "question_number": 35,
        "question": "How does alcohol prevent ice formation on aircraft?",
        "options": {
            "A": "It heats the surface",
            "B": "It lowers the water freezing point",
            "C": "It changes the water chemical property"
        },
        "correct_answer": "B",
        "explanation": "Alcohol acts as a freezing point depressant. When it mixes with water, the resulting solution has a freezing point much lower than 0\u00b0C (32\u00b0F), preventing ice from forming."
    },
    {
        "question_number": 36,
        "question": "One of the following method is widely used on jet airplanes for wing anti icing",
        "options": {
            "A": "Thermal anti icing",
            "B": "Alcohol spray",
            "C": "Deicer boot"
        },
        "correct_answer": "A",
        "explanation": "Thermal anti-icing, using hot bleed air from the jet engines routed through the wing's leading edge, is the most common method for wing ice protection on modern jet aircraft."
    },
    {
        "question_number": 37,
        "question": "What unit controls the inflation deflation sequence of alternate type deicer boot?",
        "options": {
            "A": "Pump",
            "B": "Distributor",
            "C": "Shuttle valve"
        },
        "correct_answer": "B",
        "explanation": "A distributor valve (or a timer controlling multiple valves) is responsible for controlling the sequence and timing of inflation and deflation for the various sections of the deicer boots."
    },
    {
        "question_number": 38,
        "question": "What system is used for propeller ice protection?",
        "options": {
            "A": "Pneumatic heater",
            "B": "Electrical heater",
            "C": "Deicer booth"
        },
        "correct_answer": "B",
        "explanation": "Propellers are most commonly protected from ice by electrical heating elements (heater boots) bonded to the leading edge of each blade. Fluid (alcohol) systems are also used."
    },
    {
        "question_number": 39,
        "question": "Which one of the following is suitable for cooling water for drinking fountains?",
        "options": {
            "A": "Dry ice",
            "B": "Air cycle cooling machine",
            "C": "All can be used"
        },
        "correct_answer": "A",
        "explanation": "While air cycle machines cool the cabin, they are not typically used for chilling drinking water. Some galley systems use dry ice or thermoelectric coolers to chill water or other beverages."
    },
    {
        "question_number": 40,
        "question": "The easiest method to remove ice(frost) from the aircraft while it is on ground is by",
        "options": {
            "A": "Putting the aircraft in the warm hanger",
            "B": "Using electrical power",
            "C": "Compressed air which comes from the pneumatic system"
        },
        "correct_answer": "A",
        "explanation": "Placing the aircraft inside a heated hangar is the simplest and most effective method to melt frost and ice without the need for chemical fluids or complex procedures."
    },
    {
        "question_number": 41,
        "question": "The kind of system used on pitot tube ice control is",
        "options": {
            "A": "Electrical power",
            "B": "Alcohol spray",
            "C": "Neoprene"
        },
        "correct_answer": "A",
        "explanation": "Pitot tubes are critical flight instruments and are protected from ice by an internal electrical heating element. This ensures accurate airspeed indication in all weather conditions."
    },
    {
        "question_number": 42,
        "question": "Extended ground operation of wing thermal anti ice is not recommended",
        "options": {
            "A": "True",
            "B": "False"
        },
        "correct_answer": "A",
        "explanation": "True. Operating thermal anti-ice systems on the ground for extended periods can cause overheating and damage to the wing structure, as there is no airflow to dissipate the intense heat."
    },
    {
        "question_number": 43,
        "question": "What is the heater material used in electrical window heating?",
        "options": {
            "A": "Vinyl chloride",
            "B": "Stannic oxide",
            "C": "Neoprene"
        },
        "correct_answer": "B",
        "explanation": "Electrically heated windshields often use a thin, transparent, conductive film, such as Stannic Oxide (tin oxide), laminated between the glass layers as the heating element."
    },
    {
        "question_number": 44,
        "question": "What is the problem with rain repellant?",
        "options": {
            "A": "It is not efficient",
            "B": "It is expensive",
            "C": "It corrodes the aircraft structure"
        },
        "correct_answer": "C",
        "explanation": "Some older chemical rain repellent formulas were found to be corrosive to aircraft structural components and windows, leading to their restricted use or replacement with newer, safer formulas."
    },
    {
        "question_number": 45,
        "question": "What is portable water used for?",
        "options": {
            "A": "For drinking",
            "B": "For toilet flushing",
            "C": "For fire extinguishing"
        },
        "correct_answer": "A",
        "explanation": "Potable water is, by definition, water that is safe to drink. In an aircraft, it is used for drinking, coffee makers, and hand washing in galleys and lavatories. It is also used for toilet flushing."
    },
    {
        "question_number": 46,
        "question": "How does water flow from the water tank to the galley unit?",
        "options": {
            "A": "By gravity",
            "B": "By piston pump",
            "C": "By air pressure"
        },
        "correct_answer": "C",
        "explanation": "Aircraft potable water systems are typically pressurized using regulated bleed air or an electric compressor to ensure adequate water flow to all galleys and lavatories, regardless of aircraft attitude."
    },
    {
        "question_number": 47,
        "question": "What is added in the toilet tank when servicing it with water?",
        "options": {
            "A": "Detergent",
            "B": "Deodorant and disinfectant dye solution",
            "C": "Soap"
        },
        "correct_answer": "B",
        "explanation": "When servicing an aircraft toilet, a pre-charge of water mixed with a special deodorant and disinfectant solution (often blue) is added to the waste tank to control odor and break down waste."
    },
    {
        "question_number": 48,
        "question": "What precaution measure should be taken when opening entry doors?",
        "options": {
            "A": "To check the escape slide is disarmed",
            "B": "To check external power is connected",
            "C": "To check ground lock pin is inserted"
        },
        "correct_answer": "A",
        "explanation": "The most critical safety check before opening an aircraft door from the inside is to ensure the emergency escape slide is disarmed. Opening a door with the slide armed will cause it to inflate automatically and could cause serious injury."
    },
    {
        "question_number": 49,
        "question": "An emergency unit distributed for individual passenger to float in water during landing on water is",
        "options": {
            "A": "Life raft",
            "B": "Life vest",
            "C": "Oxygen bottle"
        },
        "correct_answer": "B",
        "explanation": "A life vest is a personal flotation device provided for each passenger and crew member to wear in the event of a water landing (ditching)."
    },
    {
        "question_number": 50,
        "question": "Which of the following is not true about chemicals which are applicable for deicing?",
        "options": {
            "A": "They make the surface smooth",
            "B": "They make the surface slick",
            "C": "They are used in propeller deicing",
            "D": "They make the surface to form smooth coating of ice"
        },
        "correct_answer": "D",
        "explanation": "This is a duplicate of question 10. Deicing chemicals prevent ice from adhering; they do not cause a smooth coating of ice to form."
    },
    {
        "question_number": 51,
        "question": "Which of the following can be used for normal cleaning for the deicer booth?",
        "options": {
            "A": "Thinner",
            "B": "Water and soap",
            "C": "Naphtha"
        },
        "correct_answer": "B",
        "explanation": "For routine cleaning, deicer boots should be washed with mild soap and water. Harsh solvents like thinner or naphtha can damage the rubber material."
    },
    {
        "question_number": 52,
        "question": "We arm the slide raft by",
        "options": {
            "A": "Locking the door latch handle",
            "B": "Using the door arm switch on the attendant panel",
            "C": "By installing the girt bar to the floor bracket"
        },
        "correct_answer": "C",
        "explanation": "Arming a door-mounted escape slide involves manually attaching the girt bar (a metal bar on the end of the slide pack) to brackets on the cabin floor. This ensures that when the door is opened, the slide is pulled from its housing and inflates."
    },
    {
        "question_number": 53,
        "question": "An operational check of a pitot-static tube heater may be checked by watching the ______ when the heater is on",
        "options": {
            "A": "Ammeter",
            "B": "Multi-meter",
            "C": "Voltmeter"
        },
        "correct_answer": "A",
        "explanation": "A functioning heating element will draw a specific amount of electrical current. Observing the corresponding ammeter for a correct current reading is the standard way to verify the operation of the pitot heater."
    },
    {
        "question_number": 54,
        "question": "Electrically heated wind shields that use a conductive film as the heated element are energized by",
        "options": {
            "A": "Ac",
            "B": "Dc",
            "C": "It can use both"
        },
        "correct_answer": "A",
        "explanation": "Due to the large surface area and high power required, electrically heated windshields are typically powered by high-voltage AC electricity from the aircraft's generators, often through an autotransformer."
    },
    {
        "question_number": 55,
        "question": "What is the purpose of the oil separator in the pneumatic deicing system",
        "options": {
            "A": "To protect the deicer boots from oil deterioration",
            "B": "To remove oil from air exhausted from the deicer boots",
            "C": "To prevent an accumulation of oil in the vacuum system"
        },
        "correct_answer": "A",
        "explanation": "If a 'wet' type vacuum pump is used, it uses oil for lubrication. An oil separator removes this oil from the discharge air before it enters the deicer boots, as oil can damage the rubber material."
    },
    {
        "question_number": 56,
        "question": "Where is the heat sensors located on most aircraft with electrically heated windshields?",
        "options": {
            "A": "Imbedded in the glass",
            "B": "Attached to the glass",
            "C": "Around the glass"
        },
        "correct_answer": "A",
        "explanation": "Temperature sensors (thermistors) are laminated and embedded directly within the layers of the windshield to provide precise temperature readings to the temperature control unit."
    },
    {
        "question_number": 57,
        "question": "The fluid that is used for deicing is",
        "options": {
            "A": "Isopropyl alcohol or ethylene glycol",
            "B": "Soap and water",
            "C": "Wax"
        },
        "correct_answer": "A",
        "explanation": "Aircraft deicing and anti-icing fluids are typically composed of a freezing point depressant, such as isopropyl alcohol or, more commonly, ethylene glycol or propylene glycol."
    },
    {
        "question_number": 58,
        "question": "Which of the following devices can be used to control the inflation and deflation sequence of the deicer boots?",
        "options": {
            "A": "Shutoff valve",
            "B": "Distributor valve/timer assembly",
            "C": "Pressure switch"
        },
        "correct_answer": "B",
        "explanation": "The proper sequencing of inflation and deflation cycles in a pneumatic deicing system is managed by a distributor valve, which is often controlled by or integrated with a timer assembly."
    },
    {
        "question_number": 59,
        "question": "What are the three methods of anti-icing aircraft windshields?",
        "options": {
            "A": "2,3,5",
            "B": "1,2,6",
            "C": "2,3,4"
        },
        "correct_answer": "A",
        "explanation": "The most common methods are an electric heating element in the windshield (2) and a heated air circulating system (3). Wipers and anti-icing fluid (5) are primarily for rain removal, but are sometimes considered in the context of ice protection."
    },
    {
        "question_number": 60,
        "question": "Life raft is different from slide raft",
        "options": {
            "A": "Because it needs aspirator system",
            "B": "Because it provides canopy",
            "C": "Because it can't be used to evacuate"
        },
        "correct_answer": "C",
        "explanation": "A slide raft is a dual-function device that can be used as an evacuation slide. A dedicated life raft is only for flotation in water and cannot be used as a slide."
    },
    {
        "question_number": 61,
        "question": "Which one of the following is the proper sequence of emergency operation of slide raft",
        "options": {
            "A": "Opening the door and securing the girt bar",
            "B": "Open the compartment of the slide raft and securing the girt bar",
            "C": "Securing the girt bar and opening the door"
        },
        "correct_answer": "C",
        "explanation": "To ensure automatic inflation, the slide must first be 'armed' by securing the girt bar to the floor. Then, when the door is opened, the girt bar holds the slide in place, pulling it from its pack and initiating inflation."
    },
    {
        "question_number": 62,
        "question": "Where can we find a life vest on an aircraft?",
        "options": {
            "A": "Under every seat",
            "B": "In the handle",
            "C": "In the above compartment of every seat"
        },
        "correct_answer": "A",
        "explanation": "Passenger life vests are typically stored in a pouch located directly under the passenger's seat for easy access in an emergency."
    },
    {
        "question_number": 63,
        "question": "The emergency escape slides are mounted",
        "options": {
            "A": "On the passenger compartment ceiling",
            "B": "On the entry and service door",
            "C": "On the over wing emergency exists"
        },
        "correct_answer": "B",
        "explanation": "This is a duplicate of question 25. Emergency escape slides are most commonly mounted on the interior of aircraft entry and service doors."
    },
    {
        "question_number": 64,
        "question": "The waste tank of a Boeing 757",
        "options": {
            "A": "Is separated from the bowl assembly",
            "B": "Is integrated from the bowl assembly",
            "C": "Provides a suction pump"
        },
        "correct_answer": "A",
        "explanation": "On larger aircraft like the B757, toilets are typically vacuum-flush systems where the bowl is separate and connected by plumbing to one or more large, centrally located waste tanks."
    },
    {
        "question_number": 65,
        "question": "Toilet system does not provide",
        "options": {
            "A": "Sanitary toilets in the lavatory compartments",
            "B": "Drainage to tanks",
            "C": "Cross fill system if one of them is full while other is empty"
        },
        "correct_answer": "C",
        "explanation": "Aircraft waste systems drain into sealed tanks but do not have a 'cross fill' system to transfer waste from a full tank to an empty one. Tanks are serviced and emptied on the ground."
    },
    {
        "question_number": 66,
        "question": "Life rafts are installed on ______ of the aircraft",
        "options": {
            "A": "Door",
            "B": "Stowage bin",
            "C": "A and B"
        },
        "correct_answer": "B",
        "explanation": "Dedicated life rafts (not slide/rafts) are typically stored in special compartments or stowage bins, often in overhead bins or closets near emergency exits."
    },
    {
        "question_number": 67,
        "question": "The door mounted escaped slide is inflated",
        "options": {
            "A": "only by the pressurized bottle",
            "B": "The pressurized bottle and the environment air",
            "C": "By engine bleed"
        },
        "correct_answer": "B",
        "explanation": "Escape slides are inflated rapidly by a container of pressurized gas (usually nitrogen or carbon dioxide), which then creates a low-pressure area in an aspirator, drawing in large volumes of ambient air to fully inflate the slide."
    },
    {
        "question_number": 68,
        "question": "The door mounted escape slide can be inflated",
        "options": {
            "A": "Automatically",
            "B": "Manually",
            "C": "A and B"
        },
        "correct_answer": "C",
        "explanation": "The primary means of inflation is automatic when the door is opened in the armed mode. However, there is always a manual inflation handle that can be pulled as a backup in case the automatic system fails."
    },
    {
        "question_number": 69,
        "question": "The color of the life vest used for crew is",
        "options": {
            "A": "Yellow",
            "B": "Reddish orange",
            "C": "Green"
        },
        "correct_answer": "B",
        "explanation": "While passenger life vests are typically yellow for high visibility, crew life vests are often reddish-orange to make them easily distinguishable from passengers in an emergency."
    },
    {
        "question_number": 70,
        "question": "Water supplied to the lavatories and galley is not pressurized by a pump",
        "options": {
            "A": "True",
            "B": "False"
        },
        "correct_answer": "A",
        "explanation": "True. Aircraft potable water systems are typically pressurized by regulated engine bleed air or an electric air compressor, not by a water pump."
    },
    {
        "question_number": 71,
        "question": "Aircraft wipers are powered by",
        "options": {
            "A": "Electrical",
            "B": "Hydraulic",
            "C": "A and B"
        },
        "correct_answer": "C",
        "explanation": "Both electrical and hydraulic power are common methods for driving aircraft windshield wiper systems, depending on the aircraft design."
    },
    {
        "question_number": 72,
        "question": "The color of the life vest used for passenger is",
        "options": {
            "A": "Yellow",
            "B": "Reddish orange",
            "C": "Green"
        },
        "correct_answer": "A",
        "explanation": "Passenger life vests are typically bright yellow, as this color is highly visible against the blue/gray color of water."
    },
    {
        "question_number": 73,
        "question": "Which of the following gives a non-shattering quality to the windows of the aircraft?",
        "options": {
            "A": "Stannic oxide",
            "B": "The heating element",
            "C": "Vinyl"
        },
        "correct_answer": "C",
        "explanation": "Aircraft windshields are made of multiple layers of glass or acrylic laminated together with a soft, transparent layer of vinyl (polyvinyl butyral) in between. This vinyl layer holds the glass together if it cracks, preventing it from shattering."
    },
    {
        "question_number": 74,
        "question": "The speed control valve of the wiper blades performs the following tasks except",
        "options": {
            "A": "To start wiper blade",
            "B": "To stop the wiper blade",
            "C": "To control the operating speed",
            "D": "None"
        },
        "correct_answer": "D",
        "explanation": "The control valve or switch for a wiper system is responsible for starting, stopping, and controlling the speed of the wipers. Therefore, it performs all the listed tasks."
    },
    {
        "question_number": 75,
        "question": "We can interchange the crew seats",
        "options": {
            "A": "True",
            "B": "False"
        },
        "correct_answer": "B",
        "explanation": "False. Pilot and co-pilot seats are specific to their position (left and right side) and generally cannot be interchanged due to the location of controls, wiring, and specific ergonomic design."
    },
    {
        "question_number": 76,
        "question": "In which of the following aircraft ice is likely to form on its surface even if the temperature is warm and no visible moisture present?",
        "options": {
            "A": "Wing leading edge",
            "B": "Stabilizer leading edge",
            "C": "Engine air inlet",
            "D": "carburetor"
        },
        "correct_answer": "D",
        "explanation": "Carburetor icing can occur due to two effects: the pressure drop in the venturi and the vaporization of fuel, both of which cause a significant temperature drop. This can cause moisture in the air to freeze, even when the outside air temperature is well above freezing."
    },
    {
        "question_number": 77,
        "question": "Which of the following is not true about the pneumatic deicing system?",
        "options": {
            "A": "The source of inflation is hot compressed air",
            "B": "All the deicer are inflated at once",
            "C": "The tubes are inflated by suction action of the vacuum pump",
            "D": "All of the above"
        },
        "correct_answer": "D",
        "explanation": "All of the statements are false. The air source is usually not heated (A). The boots are inflated sequentially, not all at once (B). The tubes are inflated by pressure, not suction (C)."
    },
    {
        "question_number": 78,
        "question": "The windshield wipers of an aircraft accomplish the same function as those of an automobile",
        "options": {
            "A": "True",
            "B": "False"
        },
        "correct_answer": "A",
        "explanation": "True. At a fundamental level, both aircraft and automobile windshield wipers perform the same function: they mechanically wipe away precipitation to maintain clear visibility for the operator."
    },
    {
        "question_number": 79,
        "question": "Which is the main reason that deicer boot is covered by conductive neoprene?",
        "options": {
            "A": "To protect from heat and light",
            "B": "To protect from heat an d chemical",
            "C": "To protect from chemical and static charge"
        },
        "correct_answer": "C",
        "explanation": "The neoprene material provides chemical resistance, while embedded conductive material (like graphite) allows the boot to dissipate static electricity that builds up during flight, preventing static discharge."
    },
    {
        "question_number": 80,
        "question": "When installing pneumatic surface-bonded type deice boots,",
        "options": {
            "A": "Apply a solution of glycerin and water between the rubber and the wing skin.",
            "B": "Apply a silastic compound between the boot and the wing skin.",
            "C": "Remove all paint from the area to be covered by the deicer boot."
        },
        "correct_answer": "C",
        "explanation": "For proper adhesion, the surface of the wing must be prepared correctly, which includes removing all paint, primer, and corrosion from the bonding area to ensure a strong, smooth bond with the adhesive."
    },
    {
        "question_number": 81,
        "question": "Which of the following are found in a laminated integral electrically heated windshield system? 1. Autotransformer. 2. Heat control relay. 3. Heat control toggle switch. 4. 24V dc power supply. 5. Indicating light.",
        "options": {
            "A": "2,3,4,5",
            "B": "1,2,3,5",
            "C": "1,2,4,5"
        },
        "correct_answer": "B",
        "explanation": "A typical system includes an autotransformer (1) for voltage control, relays (2) and a switch (3) for power control, and an indicator light (5). The primary heating power is high-voltage AC, not 24V DC (4)."
    },
    {
        "question_number": 82,
        "question": "What is one check for proper operation of a pitot/static tube heater after replacement?",
        "options": {
            "A": "Ammeter reading.",
            "B": "Continuity check of system.",
            "C": "Voltmeter reading."
        },
        "correct_answer": "A",
        "explanation": "Verifying that the heater draws the correct amount of current (amperage) is the most effective operational check. This confirms that the entire circuit is working correctly and the element is heating."
    },
    {
        "question_number": 83,
        "question": "What is the source of pressure for inflating deicer boots on reciprocating engine aircraft?",
        "options": {
            "A": "Vane type pump.",
            "B": "Piston type pump.",
            "C": "Gear type pump."
        },
        "correct_answer": "A",
        "explanation": "Engine-driven vane-type pumps are commonly used in pneumatic systems on reciprocating engine aircraft to provide both the pressure for boot inflation and the vacuum for holding them down."
    },
    {
        "question_number": 84,
        "question": "Which of the following regulates the vacuum of the air pump to hold the deicing boots deflated when the pneumatic deicing system is off?",
        "options": {
            "A": "Distributor valve.",
            "B": "Pressure regulator.",
            "C": "Suction relief valve."
        },
        "correct_answer": "C",
        "explanation": "A suction relief valve is designed to maintain the vacuum level within a specific range. It opens to admit ambient air if the suction becomes too high, protecting the system and the pump."
    },
    {
        "question_number": 85,
        "question": "What may be used to clean deicer boots?",
        "options": {
            "A": "Unleaded gasoline or Jet A fuel.",
            "B": "Naphtha.",
            "C": "Soap and water."
        },
        "correct_answer": "C",
        "explanation": "The manufacturer's approved method for routine cleaning of deicer boots is to use a mild soap and water solution. Harsh solvents and fuels can damage the rubber compound."
    },
    {
        "question_number": 86,
        "question": "Some aircraft are protected against airframe icing by heating the leading edges of the airfoils and intake ducts. When is this type of anti-ice system usually operated during flight?",
        "options": {
            "A": "Whenever icing conditions are first encountered or expected to occur.",
            "B": "In symmetric cycles during icing conditions to remove ice as it accumulates.",
            "C": "Continuously while the aircraft is in flight."
        },
        "correct_answer": "A",
        "explanation": "Anti-ice systems are designed to prevent ice from forming and should be activated before entering or as soon as the aircraft encounters icing conditions to keep the surfaces clean."
    },
    {
        "question_number": 87,
        "question": "Which of the following indications occur during a normal operational check of a pneumatic deicer system?",
        "options": {
            "A": "Pressure and vacuum gauges will fluctuate as the deicer boots inflate and deflate.",
            "B": "Relatively steady readings on the pressure gauge and fluctuating readings on the vacuum gauge.",
            "C": "Fluctuating readings on the pressure gauge and relatively steady readings on the vacuum gauge."
        },
        "correct_answer": "C",
        "explanation": "During operation, the pressure gauge will fluctuate as the boots inflate and deflate. The vacuum gauge should remain relatively steady, indicating that the system is holding the non-inflated boots down correctly."
    },
    {
        "question_number": 88,
        "question": "What method is usually employed to control the temperature of an anti-icing system using surface combustion heaters?",
        "options": {
            "A": "Thermostats in the cockpit.",
            "B": "Heater fuel shutoff valves.",
            "C": "Thermo cycling switches."
        },
        "correct_answer": "C",
        "explanation": "Combustion heater systems use thermoswitches (thermostatic cycling switches) located in the heated ducts to monitor temperature. These switches cycle the heater on and off to maintain the temperature within a preset range."
    },
    {
        "question_number": 89,
        "question": "What is the purpose of the distributor valve in a deicing system utilizing deicer boots?",
        "options": {
            "A": "To sequence the deicer boots inflations symmetrically.",
            "B": "To distribute anti-icing fluid to the deicer boots.",
            "C": "To equalize the air pressure to the left and right wings."
        },
        "correct_answer": "A",
        "explanation": "The distributor valve's function is to direct pressure and vacuum to the different sets of deicer boots in a specific order and for a specific duration, ensuring symmetrical inflation and deflation to maintain flight stability."
    },
    {
        "question_number": 90,
        "question": "Two possible sources of heat for the operation of a wing thermal anti-icing system are",
        "options": {
            "A": "Compressors bleed air, aircraft electrical system.",
            "B": "First stage of the aircycle turbine, turbo compressor.",
            "C": "Combustion heater, exhaust gases."
        },
        "correct_answer": "A",
        "explanation": "Hot air can be supplied by bleeding it from a jet engine's compressor section. Electrical power can be used for smaller surfaces or propellers, using heating elements. Combustion heaters and exhaust heat are other possibilities but less common on modern jets."
    },
    {
        "question_number": 91,
        "question": "What maintains normal windshield temperature control in an electrically heated windshield system?",
        "options": {
            "A": "Thermistors",
            "B": "Electronic amplifiers.",
            "C": "Thermal overheat switches."
        },
        "correct_answer": "A",
        "explanation": "Thermistors are temperature-sensing devices embedded in the windshield. They send temperature information to a control unit, which then regulates the power to the heating element to maintain the desired temperature."
    },
    {
        "question_number": 92,
        "question": "Arcing in an electrically heated windshield panel usually indicates a breakdown in the",
        "options": {
            "A": "Temperature sensing elements.",
            "B": "Conductive coating.",
            "C": "Autotransformers."
        },
        "correct_answer": "B",
        "explanation": "Arcing occurs when there is a break or damage in the conductive heating film (coating). The electricity jumps across the gap, creating a visible arc and a potential burn spot in the panel."
    },
    {
        "question_number": 93,
        "question": "Which of the following connects vacuum to the deicer boots when the systems is not in operation, to hold the boots tightly against the leading edges in flight?",
        "options": {
            "A": "Distributor valve.",
            "B": "Ejector.",
            "C": "Vacuum relief valve."
        },
        "correct_answer": "A",
        "explanation": "When the deicing system is turned off, the distributor valve moves to a position that connects the vacuum source to all the deicer boots, ensuring they are held down flat."
    },
    {
        "question_number": 94,
        "question": "How do deicer boots help remove ice accumulations?",
        "options": {
            "A": "By allowing only a thin layer of ice to build up.",
            "B": "By preventing the formation of ice.",
            "C": "By breaking up ice formations."
        },
        "correct_answer": "C",
        "explanation": "Deicer boots are a de-icing system. They rapidly inflate with air, changing the shape of the leading edge. This expansion cracks and breaks the accumulated ice, which is then carried away by the airstream."
    },
    {
        "question_number": 95,
        "question": "Why are the tubes in deicer boots alternately inflated?",
        "options": {
            "A": "Alternate inflation of deicer boot tubes does not disturb airflow.",
            "B": "Alternate inflation of deicer boot tubes keeps disturbance of the airflow to a minimum.",
            "C": "Alternate inflation of deicer boot tubes relieves the load on the air pump."
        },
        "correct_answer": "B",
        "explanation": "Inflating the boots in a symmetrical and alternating sequence (e.g., lower tubes then upper tubes, or outboard wing then inboard wing) minimizes the aerodynamic disruption at any given moment, thus maintaining better flight control."
    },
    {
        "question_number": 96,
        "question": "Carburetor icing may be eliminated by which of the following methods?",
        "options": {
            "A": "Ethylene glycol spray and heated induction air.",
            "B": "Electrically heating air intake, ethylene glycol spray, or alcohol spray.",
            "C": "Alcohol spray and heated induction air."
        },
        "correct_answer": "C",
        "explanation": "The two primary methods for combating carburetor ice are using carburetor heat (heated induction air) to melt the ice and prevent its formation, and spraying alcohol into the carburetor throat to lower the freezing point of the moisture."
    },
    {
        "question_number": 97,
        "question": "Why should a chemical rain repellant not be used on a dry windshield?",
        "options": {
            "A": "It will cause glass crazing.",
            "B": "It will etch the glass.",
            "C": "It will restrict visibility."
        },
        "correct_answer": "C",
        "explanation": "Chemical rain repellants are designed to be spread by rain. Applying them to a dry windshield will result in a smeared, greasy film that is very difficult to see through and can severely restrict visibility."
    },
    {
        "question_number": 98,
        "question": "What is the principle of a windshield pneumatic rain removal system?",
        "options": {
            "A": "An air blast spreads a liquid rain repellant evenly over the windshield that prevents raindrops from clinging to the glass surface.",
            "B": "A pneumatic rain removal system is simply a mechanical windshield wiper system that is powered by pneumatic system pressure.",
            "C": "An air blast forms a barrier that prevents raindrops from striking the windshield surface."
        },
        "correct_answer": "C",
        "explanation": "Pneumatic rain removal systems use high-velocity air, usually bled from the engine compressor, which is blown over the outside of the windshield. This powerful blast of air acts as a barrier, deflecting raindrops so they don't hit the glass."
    },
    {
        "question_number": 99,
        "question": "Which of the following is the best means to use when removing wet snow from an aircraft?",
        "options": {
            "A": "Hot air.",
            "B": "Warm water.",
            "C": "A brush or a squeegee."
        },
        "correct_answer": "C",
        "explanation": "For loose contaminants like wet snow, mechanical means such as a soft brush or squeegee are preferred. Using hot air or water can melt the snow, which can then run into crevices and refreeze as a more dangerous layer of clear ice."
    }
]