[
    {
      "question_number": 1,
      "question": "What causes a supercooled liquid to change into ice?",
      "options": {
        "a": "A rapid decrease in atmospheric temperature below the freezing point.",
        "b": "Disturbance of the supercooled water droplets by flying aircraft surfaces.",
        "c": "The presence of moisture in the air combined with high altitude."
      },
      "correct_answer": "b",
      "explanation": "The change is caused by the 'Disturbance of the supercooled water droplets by flying aircraft surfaces.'"
    },
    {
      "question_number": 2,
      "question": "What is the purpose of the ice and rain protection system?",
      "options": {
        "a": "To increase the aircraft's cruising speed and fuel efficiency in cold weather.",
        "b": "To melt all forms of atmospheric water before they contact the aircraft surfaces.",
        "c": "To ensure safe and effective performance of aircraft if it encounters icing or rain conditions."
      },
      "correct_answer": "c",
      "explanation": "Its purpose is to 'ensure safe and effective performance of aircraft if it encounters icing or rain conditions.'"
    },
    {
      "question_number": 3,
      "question": "What are the different forms of atmospheric water?",
      "options": {
        "a": "Invisible vapour, liquid water, and ice.",
        "b": "Hoar frost, rime, and glaze.",
        "c": "Rain, snow, and hail."
      },
      "correct_answer": "a",
      "explanation": "The different forms are 'Invisible vapour, liquid water, and ice.'"
    },
    {
      "question_number": 4,
      "question": "What are the atmospheric conditions which cause ice formation?",
      "options": {
        "a": "High-speed flight through dry, cold air.",
        "b": "Coldness acting on moisture in the air.",
        "c": "High atmospheric pressure combined with low humidity."
      },
      "correct_answer": "b",
      "explanation": "The condition that causes ice formation is 'Coldness acting on moisture in the air.'"
    },
    {
      "question_number": 5,
      "question": "Which of the following correctly identifies a type of icing?",
      "options": {
        "a": "Glaze: a rough, opaque, and porous structure.",
        "b": "Rime: a clear, transparent ice with a glassy surface.",
        "c": "Hoar frost: a feathery white semi-crystalline coating."
      },
      "correct_answer": "c",
      "explanation": "Hoar frost is described as a 'feathery white semi-crystalline coating.'"
    },
    {
      "question_number": 6,
      "question": "Which of the following are all considered critical ice formation areas on an aircraft?",
      "options": {
        "a": "Fuselage top, landing gear doors, and passenger cabin windows.",
        "b": "Wing leading edges, engine cowl leading edges, and air data probes.",
        "c": "Galley drains, tail cone, and the trailing edge of the rudder."
      },
      "correct_answer": "b",
      "explanation": "Critical areas include 'Wing leading edges, ... engine cowl leading edges, ... air data probes.'"
    },
    {
      "question_number": 7,
      "question": "What are the effects of ice formation on an aircraft?",
      "options": {
        "a": "Increase in lift, decrease in drag, and improved engine performance.",
        "b": "Enhanced radio communication and more accurate instrument readings.",
        "c": "Decrease in lift, increase in drag, and increased weight."
      },
      "correct_answer": "c",
      "explanation": "Effects of ice formation include a 'Decrease in lift, increase in drag, increased weight and wing loading.'"
    },
    {
      "question_number": 8,
      "question": "Which system detects an icing condition?",
      "options": {
        "a": "A visual inspection port on the flight deck window.",
        "b": "A Smiths ice detector.",
        "c": "Temperature/moisture probes."
      },
      "correct_answer": "c",
      "explanation": "'Temperature/moisture probes' are the ice detector system that detects icing conditions."
    },
    {
      "question_number": 9,
      "question": "What is the purpose of the lamp on the hot rod ice detector?",
      "options": {
        "a": "To heat the rod and melt any accumulated ice.",
        "b": "To illuminate the rod for nighttime operations.",
        "c": "To act as a warning light indicating system failure."
      },
      "correct_answer": "b",
      "explanation": "The lamp 'illuminates the rod for nighttime operations.'"
    },
    {
      "question_number": 10,
      "question": "Which ice detector is pressure operated?",
      "options": {
        "a": "Vibrating Rod Ice Detector.",
        "b": "Smiths ice detector.",
        "c": "Serrated rotor ice detector."
      },
      "correct_answer": "b",
      "explanation": "The 'Smiths ice detector' is pressure operated."
    },
    {
      "question_number": 11,
      "question": "How does a serrated rotor ice detector operate?",
      "options": {
        "a": "A change in the frequency of a vibrating probe triggers a warning.",
        "b": "Increased torque on a rotating knife due to ice activates a switch and a warning light.",
        "c": "A pressure differential caused by ice blocking a small hole sends a signal to the flight deck."
      },
      "correct_answer": "b",
      "explanation": "'When ice forms, the torque of the rotating knife increases, activating a micro switch and illuminating an ice warning light in the flight deck.'"
    },
    {
      "question_number": 12,
      "question": "Which type of ice detector is considered the most modern?",
      "options": {
        "a": "Hot rod ice detector.",
        "b": "Smiths ice detector.",
        "c": "Vibrating Rod Ice Detector."
      },
      "correct_answer": "c",
      "explanation": "The 'Vibrating Rod Ice Detector' is the most modern type."
    },
    {
      "question_number": 13,
      "question": "What are the different methods for anti-icing and de-icing systems?",
      "options": {
        "a": "Anti-icing uses pneumatic and liquid methods; de-icing uses thermal and electrical.",
        "b": "Anti-icing uses electrical and thermal methods; de-icing uses pneumatic, liquid, and electrical.",
        "c": "Anti-icing and de-icing both use only thermal bleed air systems."
      },
      "correct_answer": "b",
      "explanation": "The methods are 'Electrical and thermal methods for anti-icing; pneumatic, liquid, and electrical for de-icing.'"
    },
    {
      "question_number": 14,
      "question": "For narrow wing profiles, what is the orientation of pneumatic boot tubes?",
      "options": {
        "a": "They are orientated perpendicular to the wing span (chordwise).",
        "b": "They are orientated along the wing span (spanwise).",
        "c": "They are arranged in a diagonal or crisscross pattern."
      },
      "correct_answer": "b",
      "explanation": "The tubes 'are orientated along the wing span and are termed spanwise.'"
    },
    {
      "question_number": 15,
      "question": "How are pneumatic boots attached to the leading edges?",
      "options": {
        "a": "By welding them directly to the wing's internal structure.",
        "b": "By screw fasteners or by cementing them to the leading edge skin.",
        "c": "By using a series of high-strength magnetic fasteners."
      },
      "correct_answer": "b",
      "explanation": "They are attached 'By screw fasteners or by cementing them directly to the leading edge skin.'"
    },
    {
      "question_number": 16,
      "question": "What holds the de-icer boot tubes flat against the leading edges when the system is off?",
      "options": {
        "a": "Aerodynamic pressure from the airflow over the wing.",
        "b": "Internal springs located inside the rubber tubes.",
        "c": "A continuously operating vacuum source."
      },
      "correct_answer": "c",
      "explanation": "A 'continuously operating vacuum source' holds the boot tubes flat."
    },
    {
      "question_number": 17,
      "question": "In a fluid de-icing system, what controls the amount of fluid to be dispensed?",
      "options": {
        "a": "A pressure regulator in the fluid line.",
        "b": "The timer.",
        "c": "A flow control valve operated directly by the pilot."
      },
      "correct_answer": "b",
      "explanation": "'The timer' controls the amount of fluid to be dispensed."
    },
    {
      "question_number": 18,
      "question": "Which aircraft can typically use a thermal anti-ice system and why?",
      "options": {
        "a": "Small piston-engine aircraft, because they have excess heat from the engine.",
        "b": "Aircraft with large turbine engines, because drawing bleed air results in less thrust and higher EGT.",
        "c": "All modern aircraft, because it is the most efficient system available."
      },
      "correct_answer": "b",
      "explanation": "'Only aircraft with large turbine engines or dedicated heaters can use this system; the air drawn off from the HP compressor results in less thrust and increased EGT.'"
    },
    {
      "question_number": 19,
      "question": "What is the function of the ejector in a Wing Anti-Ice (WAI) System?",
      "options": {
        "a": "It sprays chemical de-icing fluid onto the wing surface.",
        "b": "It discharges bleed air into piccolo tubes for distribution.",
        "c": "It creates a vacuum to remove used air from the leading edge."
      },
      "correct_answer": "b",
      "explanation": "The ejector 'discharges bleed air into piccolo tubes for distribution along the leading edge.'"
    },
    {
      "question_number": 20,
      "question": "When is the Wing Anti-Ice (WAI) system primarily used?",
      "options": {
        "a": "Only on the ground before takeoff to remove frost.",
        "b": "During both ground and air operations whenever needed.",
        "c": "Only used in the air, with an exception for ground tests."
      },
      "correct_answer": "c",
      "explanation": "The WAI system is 'Only used in the air, except for ground tests.'"
    },
    {
      "question_number": 21,
      "question": "What is the purpose of the WAI valve and WAI ducts?",
      "options": {
        "a": "The valve filters bleed air and the ducts carry it to the slats.",
        "b": "The valve controls the flow of bleed air and the ducts move the air through the wing leading edge.",
        "c": "The valve cools the hot bleed air and the ducts muffle the sound of the airflow."
      },
      "correct_answer": "b",
      "explanation": "'The valve controls the flow of bleed air to the ducts; the ducts move air through the wing leading edge to the slats.'"
    },
    {
      "question_number": 22,
      "question": "What are the effects of ice formation on an engine inlet?",
      "options": {
        "a": "It improves airflow into the compressor, increasing engine thrust.",
        "b": "It can break off and be ingested, disrupting airflow and potentially causing an engine stall.",
        "c": "It cools the engine nacelle, which improves overall engine efficiency."
      },
      "correct_answer": "b",
      "explanation": "'Ice may break off and get ingested, disrupts airflow causing engine stall.'"
    },
    {
      "question_number": 23,
      "question": "For what type of components is a Thermal Electric Anti-Icing System typically used?",
      "options": {
        "a": "Large surfaces like the main wing and horizontal stabilizer.",
        "b": "Small components, due to the system's high amperage draw.",
        "c": "Internal components like fuel lines and water pipes."
      },
      "correct_answer": "b",
      "explanation": "The system is 'Used for small components due to high amperage draw.'"
    },
    {
      "question_number": 24,
      "question": "What principle is employed by chemical anti-icing systems?",
      "options": {
        "a": "The chemical reacts with water to generate heat, which melts the ice.",
        "b": "The chemical acts as a freezing point depressant, mixing with water so it can flow off without freezing.",
        "c": "The chemical creates a super-hydrophobic surface that prevents water from sticking."
      },
      "correct_answer": "b",
      "explanation": "The principle is 'Freezing point depressant; anti-ice solution mixes with supercooled water, lowers the freezing point, and allows the mixture to flow off aircraft without freezing.'"
    },
    {
      "question_number": 25,
      "question": "What de-icing systems are used on propellers?",
      "options": {
        "a": "Pneumatic boots and thermal bleed air.",
        "b": "Electrical heating elements and chemical deicing fluid.",
        "c": "High-frequency vibrations and ultrasonic waves."
      },
      "correct_answer": "b",
      "explanation": "Systems used on propellers include 'Electrical heating elements and chemical deicing fluid.'"
    },
    {
      "question_number": 26,
      "question": "Which list contains components of a pneumatic de-icing system?",
      "options": {
        "a": "Piccolo tubes, ejectors, and temperature sensors.",
        "b": "Engine-driven air pump, oil separator, distributor valve, and de-icing boots.",
        "c": "Heating elements, windshield wipers, and repellent fluid tanks."
      },
      "correct_answer": "b",
      "explanation": "Components include an 'Engine-driven air pump, oil separator, ... distributor valve, ... and de-icing boots.'"
    },
    {
      "question_number": 27,
      "question": "What techniques are used to remove frost deposits from an aircraft on the ground?",
      "options": {
        "a": "Flying at high speed immediately after takeoff to blow the frost off.",
        "b": "Placing the aircraft in a warm hangar or using frost remover/deicing fluid.",
        "c": "Inflating the pneumatic de-icing boots repeatedly."
      },
      "correct_answer": "b",
      "explanation": "Techniques include to 'Place aircraft in warm hangar, use frost remover or deicing fluid.'"
    },
    {
      "question_number": 28,
      "question": "What does alcohol frost removal fluid typically contain?",
      "options": {
        "a": "Acetone and methylated spirits.",
        "b": "Hydrochloric acid and a saline solution.",
        "c": "Ethylene glycol and isopropyl alcohol."
      },
      "correct_answer": "c",
      "explanation": "Alcohol frost removal fluid contains 'Ethylene glycol and isopropyl alcohol.'"
    },
    {
      "question_number": 29,
      "question": "Which of the following are methods for windshield rain removal?",
      "options": {
        "a": "High-frequency vibration and internal heating elements.",
        "b": "Mechanical scrapers and a high-pressure water jet.",
        "c": "Chemical rain repellent, pneumatic jet blast, and hydrophobic surface coating."
      },
      "correct_answer": "c",
      "explanation": "Methods include 'Chemical rain repellent, pneumatic rain removal jet blast, windshields treated with hydrophobic surface seal coating.'"
    },
    {
      "question_number": 30,
      "question": "Where are the heating elements of a windshield placed and why?",
      "options": {
        "a": "On the outside surface for direct contact with atmospheric moisture.",
        "b": "Between the two main plies of glass to protect the element from damage.",
        "c": "On the inside of the outer glass ply to ensure sufficient heating on the outside of the windshield."
      },
      "correct_answer": "c",
      "explanation": "Heating elements are placed 'On the inside of the outer glass ply to ensure sufficient heating on the outside of the windshield.'"
    },
    {
      "question_number": 31,
      "question": "Which ATA100 chapter contains maintenance procedures for the ice and rain protection system?",
      "options": {
        "a": "Chapter 25.",
        "b": "Chapter 30.",
        "c": "Chapter 71."
      },
      "correct_answer": "b",
      "explanation": "The maintenance procedures for ice and rain protection system components are in 'Chapter 30.'"
    },
    {
      "question_number": 32,
      "question": "What is the recommended action if a de-ice boot is damaged beyond its allowable repair limits?",
      "options": {
        "a": "Continue to operate the system but at a lower inflation pressure.",
        "b": "Apply a larger, external patch over the entire damaged area.",
        "c": "Replace the deicer."
      },
      "correct_answer": "c",
      "explanation": "The recommended action for de-ice boot damage beyond allowable repair limits is to 'Replace the deicer.'"
    }
]