[
    {
        "question_number": 1,
        "question": "What is an optional means to pressurize an aircraft's potable water system?",
        "options": {
            "A": "Air compressor",
            "B": "Hydraulic pump",
            "C": "Bleed air from the engine"
        },
        "correct_answer": "A",
        "explanation": "An air compressor is an optional method used to pressurize the potable water system, often used when bleed air is not available or desired."
    },
    {
        "question_number": 2,
        "question": "Which of the following engine-driven air pump types requires an oil separator?",
        "options": {
            "A": "Dry type",
            "B": "Wet type",
            "C": "Diaphragm type"
        },
        "correct_answer": "B",
        "explanation": "Wet-type air pumps use engine oil for lubrication and sealing, necessitating an oil separator to remove the oil from the air before it is used in pneumatic systems."
    },
    {
        "question_number": 3,
        "question": "When tapping on a waste line, what would a dull, muffled sound indicate?",
        "options": {
            "A": "A clean and clear line",
            "B": "A crack in the pipe",
            "C": "The section has a waste buildup or a blockage"
        },
        "correct_answer": "C",
        "explanation": "A clear waste line produces a sharp, ringing sound when tapped. A dull, muffled sound indicates a buildup of frozen waste or other blockage inside the line."
    },
    {
        "question_number": 4,
        "question": "What material are aircraft thermal and acoustic insulation blankets typically made of?",
        "options": {
            "A": "Asbestos",
            "B": "Fiberglass",
            "C": "Cotton wool"
        },
        "correct_answer": "B",
        "explanation": "Aircraft insulation blankets are typically made of lightweight, fire-resistant fiberglass to provide thermal and acoustic insulation in the fuselage."
    },
    {
        "question_number": 5,
        "question": "Which of the following statements is generally not correct regarding flight crew seats?",
        "options": {
            "A": "They have multiple adjustment controls.",
            "B": "The pilot and first officer seats are interchangeable.",
            "C": "They are equipped with a five-point harness."
        },
        "correct_answer": "B",
        "explanation": "While they appear similar, pilot and first officer seats are often not interchangeable due to specific connections and configurations for the left and right side of the flight deck."
    },
    {
        "question_number": 6,
        "question": "What is used in the cargo hold floor to enable pallets and containers to be positioned manually?",
        "options": {
            "A": "Conveyor belts",
            "B": "Roller System",
            "C": "Winch and cable system"
        },
        "correct_answer": "B",
        "explanation": "Roller systems, including ball mats and roller tracks, are installed on the cargo hold floor to allow for the easy manual movement and positioning of Unit Load Devices (ULDs)."
    },
    {
        "question_number": 7,
        "question": "What type of system is used to prevent ice from forming on critical surfaces of an aircraft?",
        "options": {
            "A": "De-ice system",
            "B": "Anti-ice system",
            "C": "Ice detection system"
        },
        "correct_answer": "B",
        "explanation": "Anti-ice systems are proactive and work to prevent ice from forming, whereas de-ice systems are reactive and are used to remove ice that has already accumulated."
    },
    {
        "question_number": 8,
        "question": "What is a likely cause for a pneumatic deicer boot to only partially inflate?",
        "options": {
            "A": "System overpressure",
            "B": "A kinked tube",
            "C": "A complete tear in the boot"
        },
        "correct_answer": "B",
        "explanation": "A kinked or blocked pneumatic tube restricts the flow of air to the deicer boot, preventing it from reaching the required pressure to inflate fully."
    },
    {
        "question_number": 9,
        "question": "What is a probable cause for hearing a continuous noise from a vacuum toilet after flushing?",
        "options": {
            "A": "The waste tank is full.",
            "B": "The flush valve failed to close correctly.",
            "C": "The water supply is empty."
        },
        "correct_answer": "B",
        "explanation": "If the flush valve does not seal properly after a flush cycle, the vacuum system will continue to draw air through the opening, creating a loud, continuous hissing sound."
    },
    {
        "question_number": 10,
        "question": "Which of the following statements is not true about aircraft life vests?",
        "options": {
            "A": "They are equipped with a water-activated light.",
            "B": "They can be inflated manually or by mouth.",
            "C": "They are shared between passengers."
        },
        "correct_answer": "C",
        "explanation": "For safety and regulatory reasons, each passenger is provided with their own individual life vest. They are never shared."
    },
    {
        "question_number": 11,
        "question": "What is the purpose of an escape strap located at an over-wing emergency exit?",
        "options": {
            "A": "To lower the exit door to the ground.",
            "B": "To permit passengers to move safely over the wing.",
            "C": "To secure the exit door in the open position."
        },
        "correct_answer": "B",
        "explanation": "Escape straps or ropes are provided at over-wing exits to give evacuating passengers a handhold to safely navigate the potentially slippery and sloped surface of the aircraft wing."
    },
    {
        "question_number": 12,
        "question": "A windshield with which of the following ice protection methods is generally not approved for flight into known icing conditions?",
        "options": {
            "A": "Electrical heating element",
            "B": "Hot air system",
            "C": "Pneumatic boots"
        },
        "correct_answer": "C",
        "explanation": "Pneumatic boots are used for de-icing on surfaces like wing leading edges, but not for windshields. Windshields require anti-icing systems like electrical heating to maintain clear visibility."
    },
    {
        "question_number": 13,
        "question": "Which of the following is typically not an adjustment available on a standard economy class passenger seat?",
        "options": {
            "A": "Seat back recline",
            "B": "Height adjustment",
            "C": "Armrest position"
        },
        "correct_answer": "B",
        "explanation": "Standard economy passenger seats typically offer recline and movable armrests, but seat height adjustment is a feature reserved for crew seats or premium cabin seating."
    },
    {
        "question_number": 14,
        "question": "Which set of adjustments is generally not found on standard passenger seats?",
        "options": {
            "A": "Seat back recline",
            "B": "Vertical and horizontal (fore/aft) adjustment",
            "C": "In-armrest tray table deployment"
        },
        "correct_answer": "B",
        "explanation": "Standard passenger seats are fixed to the seat tracks and do not offer vertical (height) or horizontal (fore/aft sliding) adjustments, which are features of flight crew seats."
    },
    {
        "question_number": 15,
        "question": "In an older, liquid flush (blue water) toilet system, how is waste typically handled?",
        "options": {
            "A": "Sent to a central waste tank",
            "B": "Stored in a dedicated tank under each bowl",
            "C": "Jettisoned overboard during flight"
        },
        "correct_answer": "B",
        "explanation": "Older style liquid flush toilets are self-contained units where waste is collected and chemically treated in a dedicated tank located directly beneath each toilet bowl."
    },
    {
        "question_number": 16,
        "question": "What is a primary strength requirement for an aircraft seat belt?",
        "options": {
            "A": "Capable of holding a 170lb (77kg) person safely under G-loads.",
            "B": "Must be replaced every year regardless of condition.",
            "C": "Must match the color of the seat fabric."
        },
        "correct_answer": "A",
        "explanation": "Seat belts and harnesses are designed and tested to withstand specific G-forces and restrain an occupant of a standard weight (often cited as 170 lbs) during sudden movements or an emergency."
    },
    {
        "question_number": 17,
        "question": "How is a standard aircraft life vest primarily inflated?",
        "options": {
            "A": "Only by blowing into the oral inflation tube.",
            "B": "By pulling an inflation handle.",
            "C": "It inflates as soon as it is removed from its pouch."
        },
        "correct_answer": "B",
        "explanation": "The primary inflation method for a life vest is pulling a handle, which punctures a CO2 cartridge and rapidly inflates the vest. An oral tube is available for secondary inflation."
    },
    {
        "question_number": 18,
        "question": "What type of ice protection system is commonly found on General Aviation (GA) and turboprop commuter aircraft?",
        "options": {
            "A": "Hot bleed air anti-icing system",
            "B": "Pneumatic deicing system",
            "C": "Electrical heating mats"
        },
        "correct_answer": "B",
        "explanation": "Pneumatic deicing systems, which use inflatable rubber boots on the leading edges of wings and stabilizers, are a common, effective, and relatively simple solution for many GA and turboprop aircraft."
    },
    {
        "question_number": 19,
        "question": "Where are aircraft insulation blankets typically installed?",
        "options": {
            "A": "On the exterior of the fuselage.",
            "B": "Between the interior linings and the fuselage skin.",
            "C": "Inside the passenger seats."
        },
        "correct_answer": "B",
        "explanation": "Insulation blankets are placed in the space between the outer metal skin of the fuselage and the decorative interior cabin panels to provide thermal and acoustic insulation."
    },
    {
        "question_number": 20,
        "question": "Which of the following describes a type of electronic ice detection system?",
        "options": {
            "A": "Visual inspection through the cockpit window.",
            "B": "A system using differential temperature/moisture probes.",
            "C": "A system that measures the change in the wing's weight."
        },
        "correct_answer": "B",
        "explanation": "Some electronic ice detection systems use a pair of probes. One is exposed to the airstream while the other is shielded or heated. The system alerts the crew to icing conditions by comparing the signals from the two probes."
    },
    {
        "question_number": 21,
        "question": "Where is a crash axe required to be located on a commercial aircraft?",
        "options": {
            "A": "In an overhead bin.",
            "B": "Under a passenger seat.",
            "C": "In the flight deck."
        },
        "correct_answer": "C",
        "explanation": "A crash axe is required by regulation to be located in the flight deck for use by the flight crew in an emergency to cut through materials to escape or access a fire."
    },
    {
        "question_number": 22,
        "question": "Which statement is generally not true regarding composite aircraft components, such as a modern waste tank?",
        "options": {
            "A": "They are lightweight and corrosion-resistant.",
            "B": "Internal damage can always be seen easily.",
            "C": "They may require special inspection techniques like tap testing."
        },
        "correct_answer": "B",
        "explanation": "A significant challenge with composite materials is that internal damage, like delamination, is often not visible on the surface, requiring specialized non-destructive inspection methods."
    },
    {
        "question_number": 23,
        "question": "What function does the inertial reel assembly in a pilot's harness serve during normal operation?",
        "options": {
            "A": "It allows the pilot to lean forward without manually operating a lever.",
            "B": "It automatically tightens the belt during takeoff.",
            "C": "It releases the entire harness in an emergency."
        },
        "correct_answer": "A",
        "explanation": "The inertial reel allows for slow, deliberate movements but locks instantly during a sudden deceleration, providing freedom of movement during normal operation and positive restraint when needed."
    },
    {
        "question_number": 24,
        "question": "Which of the following is a critical material property for an anti-icing system component, rather than a primary performance function of the system itself?",
        "options": {
            "A": "Prevents ice formation",
            "B": "Removes rain from the windshield",
            "C": "Corrosion resistance"
        },
        "correct_answer": "C",
        "explanation": "Preventing ice and removing rain are the primary functions the system performs. Corrosion resistance is a critical material property required during design to ensure the system's longevity and reliability in harsh environments."
    },
    {
        "question_number": 25,
        "question": "Why should windscreen wipers not be operated on a dry aircraft windscreen?",
        "options": {
            "A": "It may cause scratches.",
            "B": "It will overload the wiper motor.",
            "C": "It will activate the fire suppression system."
        },
        "correct_answer": "A",
        "explanation": "Aircraft windscreens are typically made of soft acrylic layers that are susceptible to scratching. Operating wipers on a dry screen can drag dust and debris across the surface, causing damage that impairs visibility."
    }
]