[
  {
    "question_number": 1,
    "question": "On what basis are inspection program scheduled?",
    "options": {
      "a": "flight hours",
      "b": "operation cycles",
      "c": "all"
    },
    "correct_answer": "c",
    "explanation": "Aircraft inspection programs are typically scheduled based on flight hours, operational cycles, and calendar time, whichever comes first, making 'all' correct."
  },
  {
    "question_number": 2,
    "question": "Which of the following is not the responsibility of the owners or operators?",
    "options": {
      "a": "to keep maintenance record",
      "b": "to return an aircraft to service after 100 hours inspection",
      "c": "to keep his aircraft in an airworthy condition"
    },
    "correct_answer": "b",
    "explanation": "Returning an aircraft to service after a 100-hour inspection is the responsibility of the authorized mechanic or inspector, not the owner/operator."
  },
  {
    "question_number": 3,
    "question": "The altimeter must be inspected every ________?",
    "options": {
      "a": "12 month",
      "b": "24 month",
      "c": "6 month"
    },
    "correct_answer": "b",
    "explanation": "Aircraft altimeter systems (pitot-static systems) must be tested and inspected every 24 calendar months, as required by FAR 91.411."
  },
  {
    "question_number": 4,
    "question": "Checking fuel tank for fuel quantity is categorized in",
    "options": {
      "a": "annual inspection",
      "b": "preflight inspection",
      "c": "100 hours inspection"
    },
    "correct_answer": "b",
    "explanation": "Checking the fuel quantity is a mandatory part of the pilot's preflight inspection checklist."
  },
  {
    "question_number": 5,
    "question": "Identify the person who is not authorized to perform annual inspection",
    "options": {
      "a": "a certified technician holding an airframe and power plant license",
      "b": "manufacturer representative",
      "c": "person holding an inspection authorization (A&P + IA)"
    },
    "correct_answer": "b",
    "explanation": "Only a mechanic holding an Inspection Authorization (IA) or a certified repair station can perform an annual inspection. A manufacturer representative is not inherently authorized."
  },
  {
    "question_number": 6,
    "question": "The general tear and wear of the aircraft during its service life is?",
    "options": {
      "a": "Corrosion",
      "b": "Attrition",
      "c": "Burnishing"
    },
    "correct_answer": "b",
    "explanation": "Attrition refers to the gradual reduction in quality or effectiveness due to constant use or general wear and tear over the service life of the aircraft."
  },
  {
    "question_number": 7,
    "question": "Which of the following should not be performed during the preflight inspection?",
    "options": {
      "a": "Checking fuel tanks for quantity",
      "b": "Replacing time due components",
      "c": "Checking oil tanks for quantity"
    },
    "correct_answer": "b",
    "explanation": "Replacing time due components is a major maintenance task and is not part of the routine preflight inspection performed by the pilot."
  },
  {
    "question_number": 8,
    "question": "An annual inspection was completed on September 14, 2004, it will remain valid until.",
    "options": {
      "a": "Mid night of September 14, 2005",
      "b": "Mid night of September 30, 2005",
      "c": "After 100 hours of flight"
    },
    "correct_answer": "b",
    "explanation": "An annual inspection is valid until midnight of the last day of the 12th calendar month following the date of the inspection (FAR 91.409)."
  },
  {
    "question_number": 9,
    "question": "Which of the following is the most detailed comprehensive inspection?",
    "options": {
      "a": "C check",
      "b": "D check",
      "c": "Conformity inspection"
    },
    "correct_answer": "b",
    "explanation": "The D check (Heavy Maintenance Visit) is the most detailed and comprehensive inspection, often requiring the aircraft to be taken out of service and disassembled."
  },
  {
    "question_number": 10,
    "question": "One of the following calls for conformity inspection",
    "options": {
      "a": "Major alteration",
      "b": "Minor alteration",
      "c": "Pre - purchase inspection"
    },
    "correct_answer": "a",
    "explanation": "A conformity inspection is typically required after major repairs or major alterations to ensure the work conforms to the approved design data."
  },
  {
    "question_number": 11,
    "question": "Why is conditional inspection not scheduled?",
    "options": {
      "a": "Because we cannot forecast the operating conditions which entails conditional inspection",
      "b": "Because it is done frequently",
      "c": "Because it occurs once over long period of time"
    },
    "correct_answer": "a",
    "explanation": "Conditional inspections are unscheduled because they are triggered by unforeseen events or specific conditions (e.g., hard landing, corrosion discovery) that cannot be planned in advance."
  },
  {
    "question_number": 12,
    "question": "Which of the following non- destructive inspection methods requires a couplant?",
    "options": {
      "a": "Eddy current inspection",
      "b": "Ultrasonic inspection",
      "c": "Radiography"
    },
    "correct_answer": "b",
    "explanation": "Ultrasonic inspection requires a couplant (liquid or gel) to efficiently transmit sound energy from the transducer into the test material."
  },
  {
    "question_number": 13,
    "question": "Compliance to airworthiness directives is :-",
    "options": {
      "a": "Mandatory",
      "b": "Not mandatory",
      "c": "Not mandatory if released by the manufacturer"
    },
    "correct_answer": "a",
    "explanation": "Airworthiness Directives (ADs) are legally binding regulations issued by the FAA and must be complied with, unless otherwise noted."
  },
  {
    "question_number": 14,
    "question": "To prevent overlook of inspection item use of ______ is recommended.",
    "options": {
      "a": "Check list",
      "b": "Maintenance manual",
      "c": "Service bulletin"
    },
    "correct_answer": "a",
    "explanation": "The use of a detailed checklist ensures all required steps are completed systematically, preventing omissions during inspections."
  },
  {
    "question_number": 15,
    "question": "Keeping maintenance record for future reference is responsibility of",
    "options": {
      "a": "The FAA",
      "b": "The inspector",
      "c": "The aircraft owner"
    },
    "correct_answer": "c",
    "explanation": "The owner or operator of an aircraft is responsible for maintaining and retaining aircraft maintenance records (FAR 91.417)."
  },
  {
    "question_number": 16,
    "question": "A publication which is used to find applicable part number of every item is",
    "options": {
      "a": "Maintenance manual",
      "b": "Overhaul manual",
      "c": "Illustrated parts catalogue"
    },
    "correct_answer": "c",
    "explanation": "The Illustrated Parts Catalogue (IPC) contains drawings and listings of all aircraft components along with their part numbers."
  },
  {
    "question_number": 17,
    "question": "An FAA form 337 is used to record and document",
    "options": {
      "a": "Major repairs and major alterations",
      "b": "preventive and routine maintenance",
      "c": "Minor repairs and minor alterations"
    },
    "correct_answer": "a",
    "explanation": "FAA Form 337 is the required document for recording major repairs and major alterations performed on an aircraft."
  },
  {
    "question_number": 18,
    "question": "An inspection which dose not involve other than optical aids is known as",
    "options": {
      "a": "visual inspection",
      "b": "Dye penetrates inspection",
      "c": "Ultrasonic inspection"
    },
    "correct_answer": "a",
    "explanation": "A visual inspection relies solely on the inspector's sight, potentially aided by magnifying tools, but excludes other non-destructive testing methods."
  },
  {
    "question_number": 19,
    "question": "One of the following materials cannot be tested by magnetic particles inspection",
    "options": {
      "a": "Copper",
      "b": "Aluminum",
      "c": "All"
    },
    "correct_answer": "c",
    "explanation": "Magnetic Particle Inspection (MPI) only works on ferromagnetic materials (like steel). Copper, Aluminum, and Lead are non-ferrous and cannot be tested using this method."
  },
  {
    "question_number": 20,
    "question": "ATC transponder must be inspected every ________",
    "options": {
      "a": "12 months",
      "b": "24 months",
      "c": "1 month"
    },
    "correct_answer": "b",
    "explanation": "The ATC (Air Traffic Control) transponder must be tested and inspected for proper operation every 24 calendar months (FAR 91.413)."
  },
  {
    "question_number": 21,
    "question": "Which of the following should not be performed during the pre flight inspection?",
    "options": {
      "a": "checking fuel tank for quantity",
      "b": "checking oil tanks for quantity",
      "c": "checking the altimeter"
    },
    "correct_answer": "c",
    "explanation": "Checking the altimeter (referring to the system certification test required under FAR 91.411) is a specialized maintenance function and not part of the pilot's preflight duties."
  }
]