[
    {
      "question_number": 1,
      "question": "What is the primary purpose of sound proofing in an aircraft?",
      "options": {
        "a": "To increase the structural rigidity of the fuselage.",
        "b": "To reduce sound and heat transfer for comfort and communication.",
        "c": "To provide a decorative and fire-resistant finish to the interior."
      },
      "correct_answer": "b",
      "explanation": "Insulation reduces sound and heat transfer through the flight compartment walls to allow reasonable levels of comfort and verbal communication."
    },
    {
      "question_number": 2,
      "question": "What are typical materials used for cabin linings and insulation blankets?",
      "options": {
        "a": "Aluminum panels and spray-on foam.",
        "b": "Carbon fiber sheets and wool padding.",
        "c": "Honeycomb core with glass fabric (linings) and fiberglass batts (insulation)."
      },
      "correct_answer": "c",
      "explanation": "Linings are made of honeycomb core with fire-resistant glass fabric, and insulation blankets consist of fiberglass batts."
    },
    {
      "question_number": 3,
      "question": "What is the main function of floor carpets in an aircraft cabin?",
      "options": {
        "a": "To act as the primary fire-retardant layer on the cabin floor.",
        "b": "To provide a comfortable and soundproof floor covering.",
        "c": "To secure passenger luggage stored under the seats."
      },
      "correct_answer": "b",
      "explanation": "Carpets are installed to provide a comfortable and soundproof floor covering."
    },
    {
      "question_number": 4,
      "question": "The installation of reinforced flight deck doors is primarily necessitated by what factor?",
      "options": {
        "a": "Cabin pressurization requirements.",
        "b": "Noise reduction for the flight crew.",
        "c": "Flight security."
      },
      "correct_answer": "c",
      "explanation": "The installation of flight deck doors is necessitated by flight security requirements."
    },
    {
      "question_number": 5,
      "question": "Which of the following are required types of passenger emergency exit doors for air transport aircraft?",
      "options": {
        "a": "Type A, Type I, or Type II.",
        "b": "Type C, Type IV, or Type V.",
        "c": "Service, Cargo, or Galley doors."
      },
      "correct_answer": "a",
      "explanation": "Type A, Type I, or Type II passenger emergency exits are requirement door types for air transport aircraft."
    },
    {
      "question_number": 6,
      "question": "Which list correctly identifies the different general types of seats on an aircraft?",
      "options": {
        "a": "Window seats, middle seats, and aisle seats.",
        "b": "Passenger seats, flight attendant seats, and flight deck crew seats.",
        "c": "Economy class, business class, and first-class seats."
      },
      "correct_answer": "b",
      "explanation": "The different types of aircraft seats are passenger seats, flight attendant seats, and flight deck crew seats."
    },
    {
      "question_number": 7,
      "question": "How is a flight deck crew seat attached to the seat tracks on the floor?",
      "options": {
        "a": "It is welded directly to the floor structure.",
        "b": "With four bogie units.",
        "c": "With a single, central locking pedestal."
      },
      "correct_answer": "b",
      "explanation": "A crew seat is attached to the seat tracks with four bogie units."
    },
    {
      "question_number": 8,
      "question": "Which of the following is NOT a standard adjustment available on a crew seat?",
      "options": {
        "a": "Seat height, recline, and lumbar support.",
        "b": "Seat cushion temperature control.",
        "c": "Thigh pad position and armrest height."
      },
      "correct_answer": "b",
      "explanation": "Available crew seat adjustments include height, thigh pad, recline, armrest, lumbar support, and headrest position. Temperature control is not listed."
    },
    {
      "question_number": 9,
      "question": "Which list contains items commonly installed on a passenger seat?",
      "options": {
        "a": "Seat belt, cushion, folding tray, and document pocket.",
        "b": "Emergency parachute, personal locker, and foot massager.",
        "c": "Harness, flight controls, and communication radio."
      },
      "correct_answer": "a",
      "explanation": "Items installed on a passenger seat include seat belt, cushion, seat back, arm rest, IFE, reading light, folding trays, and document pocket."
    },
    {
      "question_number": 10,
      "question": "What is the main difference between a seat belt and a seat harness?",
      "options": {
        "a": "A seat belt is for passengers (lap restraint), while a harness is for crew (lap and shoulder restraint).",
        "b": "A seat belt is manually operated, while a harness is automatically deployed.",
        "c": "There is no difference; the terms are used interchangeably."
      },
      "correct_answer": "a",
      "explanation": "Seat belts are lap tie restraints for passengers, whereas harnesses are lap and shoulder ties used to restrain crews on their seats."
    },
    {
      "question_number": 11,
      "question": "Where can passengers typically store their carry-on luggage in the cabin?",
      "options": {
        "a": "Only in the cargo hold below the cabin.",
        "b": "In the overhead stowage bins and at their feet.",
        "c": "In the galley and lavatory areas."
      },
      "correct_answer": "b",
      "explanation": "Passengers keep their carry-ons in the overhead stowage bins and between floor level luggage rails."
    },
    {
      "question_number": 12,
      "question": "Where are the drop-out oxygen masks for passengers located?",
      "options": {
        "a": "Under each passenger seat.",
        "b": "In the seat back pocket.",
        "c": "In the Passenger Service Unit (PSU) in the overhead panel."
      },
      "correct_answer": "c",
      "explanation": "The drop-out oxygen masks are located in the passenger service unit in the overhead panel."
    },
    {
      "question_number": 13,
      "question": "According to regulations, where must a cabin attendant station be located?",
      "options": {
        "a": "Only at the very front of the aircraft, near the main entry door.",
        "b": "In a position where the seated attendant can see the passengers they are responsible for.",
        "c": "Directly adjacent to the flight deck for quick communication."
      },
      "correct_answer": "b",
      "explanation": "By regulation, the seated attendant must be able to see the passengers for whom they are responsible."
    },
    {
      "question_number": 14,
      "question": "What service is provided by the passenger entertainment system?",
      "options": {
        "a": "It controls the cabin lighting and temperature for each seat.",
        "b": "It sends recorded audio and passenger address audio to each seat.",
        "c": "It provides a direct communication link to the flight deck for each passenger."
      },
      "correct_answer": "b",
      "explanation": "The passenger entertainment system sends recorded entertainment audio and passenger address audio to each passenger seat."
    },
    {
      "question_number": 15,
      "question": "How can you functionally check the inertial reel on a seat belt?",
      "options": {
        "a": "By inspecting the manufacturing date on the belt's tag.",
        "b": "By measuring the length of the belt when fully extended.",
        "c": "By giving the belt a quick tug to ensure it locks."
      },
      "correct_answer": "c",
      "explanation": "You check a belt inertial reel by giving the belt a quick tug, and it should lock."
    },
    {
      "question_number": 16,
      "question": "How can a passenger inflate a life vest?",
      "options": {
        "a": "It inflates automatically upon contact with water.",
        "b": "By using the CO2 inflation cylinder or by oral inflation.",
        "c": "By pushing a button on the passenger service unit."
      },
      "correct_answer": "b",
      "explanation": "Passengers can inflate life vests by using the CO2 inflation cylinder or by using oral inflation."
    },
    {
      "question_number": 17,
      "question": "Where are packed escape slides typically stowed on an aircraft?",
      "options": {
        "a": "Inside a compartment on the aircraft exit doors.",
        "b": "In the overhead bins above the exit rows.",
        "c": "Underneath the seats in the exit rows."
      },
      "correct_answer": "a",
      "explanation": "Escape slide packs are stowed inside a compartment on the aircraft exit doors."
    },
    {
      "question_number": 18,
      "question": "Which of the following items would typically be packed with a life raft?",
      "options": {
        "a": "In-flight meals, entertainment systems, and cabin blankets.",
        "b": "A sea anchor, paddles, a canopy, and a survival radio beacon.",
        "c": "Flight manuals, maintenance logs, and spare aircraft parts."
      },
      "correct_answer": "b",
      "explanation": "Items packed with a life raft include a sea anchor, paddles, canopy, waterproof torch, and survival radio beacon."
    },
    {
      "question_number": 19,
      "question": "Which emergency exit door type permits the minimum increase in passenger seats?",
      "options": {
        "a": "Type A.",
        "b": "Type II.",
        "c": "Type III."
      },
      "correct_answer": "c",
      "explanation": "Type III is the emergency exit door type which permits the minimum increase in passenger seats."
    },
    {
      "question_number": 20,
      "question": "Where are crash axes located on an aircraft?",
      "options": {
        "a": "They must be visible to passengers in case of emergency.",
        "b": "In the flight deck and/or concealed in or near the rear galley area.",
        "c": "In a locked compartment under every tenth passenger seat."
      },
      "correct_answer": "b",
      "explanation": "Crash axes are located in the flight deck or in or near the most rearward galley area and must not be visible to passengers if in the cabin."
    }
]
