[
    {
        "question_number": 1,
        "question": "What component is primarily designed to dissipate the energy of landing?",
        "options": {
            "A": "Spring gear",
            "B": "Steering tiller",
            "C": "Anti-skid control unit"
        },
        "correct_answer": "A",
        "explanation": "Spring gear, or shock struts in general, are designed to absorb and dissipate the kinetic energy of landing to prevent structural damage to the aircraft."
    },
    {
        "question_number": 2,
        "question": "Where is the steering tiller used to control the aircraft on the ground located?",
        "options": {
            "A": "In the nose wheel well",
            "B": "On the main gear strut",
            "C": "In the cockpit (flight deck)"
        },
        "correct_answer": "C",
        "explanation": "The steering tiller is a control device located in the cockpit, typically on the captain's or first officer's side, used for steering the aircraft during taxi, takeoff, and landing roll."
    },
    {
        "question_number": 3,
        "question": "What is the purpose of a chine on a nose wheel tire?",
        "options": {
            "A": "To increase tire pressure",
            "B": "To deflect water away from engine intakes",
            "C": "To improve braking traction"
        },
        "correct_answer": "B",
        "explanation": "A chine is a ridge of rubber on the sidewall of a nose wheel tire designed to deflect water and slush away from the runway surface, preventing it from being ingested by rear-mounted engines."
    },
    {
        "question_number": 4,
        "question": "What component is considered the 'brains' of an anti-skid system?",
        "options": {
            "A": "The wheel speed sensor",
            "B": "The control unit",
            "C": "The hydraulic control valve"
        },
        "correct_answer": "B",
        "explanation": "The anti-skid control unit processes signals from the wheel speed sensors and sends commands to the control valves to modulate brake pressure, thereby preventing wheel lock-up and skidding."
    },
    {
        "question_number": 5,
        "question": "Where does an over-inflated tire typically show the most wear?",
        "options": {
            "A": "On the sidewalls",
            "B": "On the shoulders",
            "C": "In the center of the tread"
        },
        "correct_answer": "C",
        "explanation": "Over-inflation causes the tire to bulge, lifting the shoulders off the ground and concentrating the aircraft's weight and subsequent wear on the center of the tire tread."
    },
    {
        "question_number": 6,
        "question": "What component serves as the pivot point to attach the landing gear assembly to the aircraft structure?",
        "options": {
            "A": "A trunnion",
            "B": "A torque link",
            "C": "A shock strut"
        },
        "correct_answer": "A",
        "explanation": "The trunnion is a heavy-duty pivot fitting that attaches the top of the landing gear strut to the aircraft's structure, allowing it to swing for retraction and extension."
    },
    {
        "question_number": 7,
        "question": "What is the term for the alignment where the front edges of the wheels are closer together than the rear edges?",
        "options": {
            "A": "Positive camber",
            "B": "Toe-in",
            "C": "Toe-out"
        },
        "correct_answer": "B",
        "explanation": "Toe-in describes the condition where the front of the wheels point inward, or converge. This setting is used to ensure stable tracking on the ground."
    },
    {
        "question_number": 8,
        "question": "What is positive camber on a landing gear wheel?",
        "options": {
            "A": "The top of the wheel is tilted inward.",
            "B": "The front of the wheel is tilted inward.",
            "C": "The top of the wheel is tilted outward."
        },
        "correct_answer": "C",
        "explanation": "Positive camber is when the top of the wheel is tilted farther out from the aircraft than the bottom, as viewed from the front."
    },
    {
        "question_number": 9,
        "question": "What is a critical safety step performed during landing gear maintenance to prevent accidental retraction?",
        "options": {
            "A": "Draining all hydraulic fluid",
            "B": "Inserting the gear downlock pins",
            "C": "Disconnecting the battery"
        },
        "correct_answer": "B",
        "explanation": "Inserting ground safety pins, also known as downlock pins, mechanically prevents the landing gear from retracting while the aircraft is on the ground, ensuring personnel safety."
    },
    {
        "question_number": 10,
        "question": "How are sequence valves in a landing gear system often actuated?",
        "options": {
            "A": "Electrically by a switch in the cockpit",
            "B": "Mechanically by the movement of a gear component",
            "C": "Hydraulically by system pressure"
        },
        "correct_answer": "B",
        "explanation": "Sequence valves are typically actuated mechanically by the physical movement of the landing gear or doors to ensure operations occur in the correct order, such as doors opening before the gear extends."
    },
    {
        "question_number": 11,
        "question": "What is the primary reason for retracting the landing gear in flight?",
        "options": {
            "A": "To reduce aircraft weight",
            "B": "To decrease parasite drag",
            "C": "To protect the tires from cold air"
        },
        "correct_answer": "B",
        "explanation": "Retracting the landing gear into the fuselage or wings streamlines the aircraft, which significantly reduces parasite drag, thereby improving aerodynamic efficiency, speed, and fuel consumption."
    },
    {
        "question_number": 12,
        "question": "On which landing gear are the brakes typically located to allow for differential braking?",
        "options": {
            "A": "Nose gear",
            "B": "Main gear",
            "C": "Tail gear"
        },
        "correct_answer": "B",
        "explanation": "Brakes are installed on the main gear wheels. Applying brake pressure to one side more than the other (differential braking) helps steer the aircraft on the ground."
    },
    {
        "question_number": 13,
        "question": "In a disc brake assembly, what component retracts the pressure plate when braking action is stopped?",
        "options": {
            "A": "Return springs",
            "B": "Reverse hydraulic pressure",
            "C": "Aerodynamic force"
        },
        "correct_answer": "A",
        "explanation": "After hydraulic pressure is released, return springs pull the brake pucks and pressure plate away from the brake disc to prevent brake drag."
    },
    {
        "question_number": 14,
        "question": "What is the purpose of bleeding a hydraulic brake system?",
        "options": {
            "A": "To increase the fluid viscosity",
            "B": "To remove trapped air from the lines",
            "C": "To test the system pressure"
        },
        "correct_answer": "B",
        "explanation": "Bleeding is the process of forcing fluid through the system to purge any trapped air bubbles. Air is compressible and causes a spongy brake feel and reduced braking effectiveness."
    },
    {
        "question_number": 15,
        "question": "What is the most common cause of a 'spongy' feel when applying hydraulic brakes?",
        "options": {
            "A": "Worn brake pads",
            "B": "Air in the hydraulic lines",
            "C": "Low tire pressure"
        },
        "correct_answer": "B",
        "explanation": "Air trapped in the hydraulic fluid is compressible. When the pilot applies the brakes, the initial force compresses the air instead of actuating the brake mechanism, resulting in a spongy feel."
    },
    {
        "question_number": 16,
        "question": "What component in a tubeless tire prevents air from leaking through the tire carcass?",
        "options": {
            "A": "A separate inner tube",
            "B": "A special inner liner",
            "C": "The wheel rim"
        },
        "correct_answer": "B",
        "explanation": "Tubeless tires are manufactured with a special, non-porous rubber liner bonded to the inside that makes the tire itself airtight."
    },
    {
        "question_number": 17,
        "question": "What type of brake system uses main hydraulic system pressure to assist the force applied by the pilot's feet?",
        "options": {
            "A": "Power boost brake system",
            "B": "Independent master cylinder system",
            "C": "Mechanical brake system"
        },
        "correct_answer": "A",
        "explanation": "A power boost brake system uses the aircraft's hydraulic system to amplify the pilot's braking effort, providing greater braking force than a pilot could apply alone."
    },
    {
        "question_number": 18,
        "question": "What type of valve ensures that critical systems like flight controls receive hydraulic pressure before non-essential systems?",
        "options": {
            "A": "A check valve",
            "B": "A sequence valve",
            "C": "A priority valve"
        },
        "correct_answer": "C",
        "explanation": "A priority valve is designed to direct hydraulic flow and pressure to the most critical systems first, especially during periods of high demand or in case of a system malfunction."
    },
    {
        "question_number": 19,
        "question": "What is the function of a fusible plug (or thermal plug) in an aircraft wheel?",
        "options": {
            "A": "To indicate when the brakes are hot",
            "B": "To melt and safely deflate the tire in an overheat condition",
            "C": "To allow for easy tire inflation"
        },
        "correct_answer": "B",
        "explanation": "A fusible plug is a safety device containing a core with a low melting point. If the wheel assembly overheats (e.g., from heavy braking), the core melts and allows the tire to deflate slowly, preventing an explosive blowout."
    },
    {
        "question_number": 20,
        "question": "What does a green light on the landing gear position indicator panel signify?",
        "options": {
            "A": "The gear is in transit",
            "B": "The gear is up and locked",
            "C": "The gear is down and locked"
        },
        "correct_answer": "C",
        "explanation": "Standard cockpit indication is 'three greens' to confirm that all three landing gear assemblies are fully down and their respective downlocks are engaged, indicating it is safe to land."
    },
    {
        "question_number": 21,
        "question": "What is the primary purpose of a landing gear emergency extension system?",
        "options": {
            "A": "To allow for faster gear retraction",
            "B": "To ensure the gear can be extended if the primary system fails",
            "C": "To reduce stress on the hydraulic system"
        },
        "correct_answer": "B",
        "explanation": "Emergency extension systems are a fail-safe mechanism that allow the crew to lower the landing gear using an alternate method (like gravity, compressed air, or a manual hand crank) if the main hydraulic or electrical system fails."
    },
    {
        "question_number": 22,
        "question": "Which primary flight control surface controls movement about the vertical axis (yaw)?",
        "options": {
            "A": "Ailerons",
            "B": "Elevator",
            "C": "Rudder"
        },
        "correct_answer": "C",
        "explanation": "The rudder, located on the vertical stabilizer, is used to control yaw, which is the side-to-side movement of the aircraft's nose."
    },
    {
        "question_number": 23,
        "question": "What is a major advantage of a fly-by-wire flight control system over a purely mechanical one?",
        "options": {
            "A": "Lower maintenance requirements",
            "B": "Significant weight savings",
            "C": "Less complexity"
        },
        "correct_answer": "B",
        "explanation": "Fly-by-wire systems replace heavy mechanical components like cables, pulleys, and pushrods with lightweight electrical wires, resulting in a significant reduction in overall aircraft weight."
    },
    {
        "question_number": 24,
        "question": "What is the function of a Rotary Variable Differential Transformer (RVDT) in a flight control system?",
        "options": {
            "A": "To convert hydraulic pressure into mechanical force",
            "B": "To convert the rotary position of a component into an electrical signal",
            "C": "To convert a digital signal into an analog voltage"
        },
        "correct_answer": "B",
        "explanation": "An RVDT is a sensor that translates the angular mechanical position of a control surface or pilot input into a proportional electrical signal for use by the flight control computers."
    },
    {
        "question_number": 25,
        "question": "What is a likely cause of a jumpy or binding feel in a mechanical flight control system?",
        "options": {
            "A": "A faulty flight control computer",
            "B": "Worn hinges or incorrect cable tension",
            "C": "Low hydraulic fluid level"
        },
        "correct_answer": "B",
        "explanation": "Binding or jumpiness is often caused by physical issues in the mechanical linkage, such as friction from worn or improperly lubricated hinges and pulleys, or cables that are either too loose or too tight."
    },
    {
        "question_number": 26,
        "question": "For what phases of flight are leading-edge devices, such as slats and flaps, typically extended?",
        "options": {
            "A": "Cruise only",
            "B": "Takeoff and landing",
            "C": "Ground taxiing"
        },
        "correct_answer": "B",
        "explanation": "Leading-edge devices are high-lift devices extended during low-speed operations like takeoff and landing to increase wing lift and allow the aircraft to fly at slower speeds safely."
    },
    {
        "question_number": 27,
        "question": "What prevents a stall warning system from activating unnecessarily while the aircraft is on the ground?",
        "options": {
            "A": "A pilot-operated override switch",
            "B": "A ground suppression circuit",
            "C": "The system is only powered in the air"
        },
        "correct_answer": "B",
        "explanation": "Aircraft use logic circuits, often connected to squat switches on the landing gear, to disable or suppress the stall warning system on the ground and prevent nuisance alarms during taxi or takeoff roll."
    },
    {
        "question_number": 28,
        "question": "What type of stall warning system, which uses airflow to vibrate a reed and create an audible horn sound, is common on light aircraft?",
        "options": {
            "A": "Pneumatic stall warning system",
            "B": "Stick shaker system",
            "C": "Angle of Attack (AOA) indicator"
        },
        "correct_answer": "A",
        "explanation": "Many light aircraft employ a simple and reliable pneumatic system where, as the angle of attack approaches a stall, the airflow shift causes a reed in the wing's leading edge to vibrate, sounding a warning horn."
    },
    {
        "question_number": 29,
        "question": "Dutch roll is a coupled aerodynamic oscillation involving which two movements?",
        "options": {
            "A": "Pitch and roll",
            "B": "Yaw and roll",
            "C": "Pitch and yaw"
        },
        "correct_answer": "B",
        "explanation": "Dutch roll is an unstable, out-of-phase combination of yawing and rolling motions, typically counteracted automatically by a yaw damper system."
    },
    {
        "question_number": 30,
        "question": "What is the function of an analog-to-digital converter within a flight control computer system?",
        "options": {
            "A": "To increase the power of electrical signals",
            "B": "To physically move the flight control actuators",
            "C": "To convert analog sensor inputs into a digital format"
        },
        "correct_answer": "C",
        "explanation": "Digital flight control computers require digital data to operate. An analog-to-digital converter takes signals from analog sensors (like position or pressure sensors) and converts them into a digital format the computer can process."
    },
    {
        "question_number": 31,
        "question": "What is a common cause for a control surface not reaching its full range of travel?",
        "options": {
            "A": "Low engine power",
            "B": "An improperly adjusted control rod or cable",
            "C": "A software glitch in the flight computer"
        },
        "correct_answer": "B",
        "explanation": "In mechanical or hydro-mechanical systems, the travel limits of control surfaces are determined by the physical rigging. An improperly adjusted control rod or cable will restrict the surface's range of motion."
    },
    {
        "question_number": 32,
        "question": "What is the core function of a Primary Flight Computer (PFC) in a fly-by-wire aircraft?",
        "options": {
            "A": "To provide hydraulic pressure to the actuators",
            "B": "To calculate the required control surface movements based on inputs",
            "C": "To display navigation information to the pilots"
        },
        "correct_answer": "B",
        "explanation": "The PFC is the central computer that processes pilot inputs, sensor data, and flight control laws to calculate and command the precise movements of the flight control surfaces via the actuators."
    },
    {
        "question_number": 33,
        "question": "In a simple artificial feel system using only a spring, how does the feedback force felt by the pilot change with increasing airspeed?",
        "options": {
            "A": "It increases",
            "B": "It decreases",
            "C": "It remains constant"
        },
        "correct_answer": "C",
        "explanation": "A simple spring provides resistance based only on the distance the control is moved (deflection), not on the aerodynamic loads, which change with airspeed. Therefore, the feel remains constant regardless of speed."
    },
    {
        "question_number": 34,
        "question": "What device provides a tactile warning of an impending stall by vibrating the control column?",
        "options": {
            "A": "An audible stall warning horn",
            "B": "A stick shaker",
            "C": "An angle of attack indicator"
        },
        "correct_answer": "B",
        "explanation": "A stick shaker uses an electric motor to rotate an eccentric weight, which causes a strong vibration in the control column. This provides an unmistakable physical warning to the pilot that the aircraft is approaching a stall."
    },
    {
        "question_number": 35,
        "question": "What is the primary source of information for a stall warning computer?",
        "options": {
            "A": "GPS position",
            "B": "Engine RPM",
            "C": "Angle of Attack (AOA) sensors"
        },
        "correct_answer": "C",
        "explanation": "A stall is a function of exceeding the critical angle of attack. Therefore, the primary input for any stall warning computer comes from sensors that directly measure the wing's AOA."
    },
    {
        "question_number": 36,
        "question": "How is excessive 'lost motion' or play in a mechanical flight control linkage typically corrected?",
        "options": {
            "A": "By replacing the control surface",
            "B": "By lubricating the control column",
            "C": "By adjusting the control cable tension"
        },
        "correct_answer": "C",
        "explanation": "Lost motion is the 'dead zone' in the controls before the surface moves, often caused by slack cables. It is corrected by properly tensioning the control cables according to the aircraft's maintenance manual."
    },
    {
        "question_number": 37,
        "question": "When a pilot pulls back on the control column, what is the resulting movement of the elevator and the aircraft's nose?",
        "options": {
            "A": "Elevator moves down, nose pitches down",
            "B": "Elevator moves up, nose pitches up",
            "C": "Elevator moves up, nose pitches down"
        },
        "correct_answer": "B",
        "explanation": "Pulling the control column back deflects the elevator's trailing edge upward. This increases the downward aerodynamic force on the tail, causing the aircraft's nose to pitch up."
    },
    {
        "question_number": 38,
        "question": "What is the purpose of an artificial feel system in a fully-powered flight control system?",
        "options": {
            "A": "To reduce the pilot's workload",
            "B": "To simulate aerodynamic forces and provide resistance",
            "C": "To automatically trim the aircraft"
        },
        "correct_answer": "B",
        "explanation": "Without an artificial feel system, hydraulically powered controls would feel light and lifeless. The system simulates the natural aerodynamic resistance that would be felt in a mechanical system, preventing the pilot from over-controlling the aircraft."
    },
    {
        "question_number": 39,
        "question": "If the cockpit control wheel hits its physical stops before the control surface reaches its full specified travel, what is the most likely problem?",
        "options": {
            "A": "Incorrect rigging of the control system",
            "B": "Insufficient hydraulic pressure",
            "C": "A faulty autopilot servo"
        },
        "correct_answer": "A",
        "explanation": "This mismatch indicates a problem in the physical connection between the cockpit controls and the surface. The rigging\u2014including cable tension, pushrod length, and stop settings\u2014must be adjusted to ensure synchronized movement throughout the full range."
    }
]