[
    {
        "question_number": 1,
        "question": "Engineering Orders (EO) is official paper work, issued by engineering and approved by QA, and is usually implemented through which organization?",
        "options": {
            "a": "Quality Assurance (QA)",
            "b": "Production planning and control (PP&C)",
            "c": "Maintenance & Engineering (M&E) organization"
        },
        "correct_answer": "b",
        "explanation": "Engineering Orders (EO) are typically implemented through the production planning and control (PP&C) organization after being issued by engineering and approved by QA."
    },
    {
        "question_number": 2,
        "question": "After maintenance and/or inspection and before an aircraft can be returned to service, the technician should conduct what?",
        "options": {
            "a": "a test flight by the pilot-in-command",
            "b": "a final paperwork review",
            "c": "operational checks"
        },
        "correct_answer": "c",
        "explanation": "Before an aircraft can be returned to service following maintenance or inspection, the technician must conduct operational checks to ensure proper function."
    },
    {
        "question_number": 3,
        "question": "What is the primary function of Technical Publications regarding documentation for M&E operations?",
        "options": {
            "a": "To approve major repairs and alterations for the FAA.",
            "b": "To establish and maintain a complete, up-to-date library system for all necessary documents.",
            "c": "To track and monitor the time-in-service for all life-limited components."
        },
        "correct_answer": "b",
        "explanation": "The primary function of Technical Publications is to establish and maintain a complete, up-to-date library system for all documents required for Maintenance and Engineering (M&E) operations."
    },
    {
        "question_number": 4,
        "question": "Each time a part is removed from a type certificated product, either a new tag or record must be created, or the existing tag or record must be updated with the current life status.",
        "options": {
            "a": "True",
            "b": "False",
            "c": "Only required for time-limited components"
        },
        "correct_answer": "a",
        "explanation": "This statement is true. Proper documentation of part removal, creation of new records, or updating existing records with the current life status is essential for maintaining airworthiness records."
    },
    {
        "question_number": 5,
        "question": "By how many hours may a 100-hour inspection be exceeded if necessary to fly to a place where the inspection can be performed?",
        "options": {
            "a": "5 hours",
            "b": "10 hours",
            "c": "12 hours"
        },
        "correct_answer": "b",
        "explanation": "A 100-hour inspection may be exceeded by a maximum of 10 hours specifically for the purpose of flying the aircraft to a place where the inspection can be performed."
    },
    {
        "question_number": 6,
        "question": "If a 100-hour inspection is exceeded by 6 hours to fly to where the inspection can be performed, how many hours remain in the subsequent inspection interval before the aircraft must be inspected again?",
        "options": {
            "a": "100 hours",
            "b": "94 hours",
            "c": "106 hours"
        },
        "correct_answer": "b",
        "explanation": "The time used for the ferry flight (6 hours) must be deducted from the subsequent 100-hour inspection interval, making the next required interval 94 hours."
    },
    {
        "question_number": 7,
        "question": "Which statement about Temporary aircraft maintenance records is NOT true?",
        "options": {
            "a": "They are kept by the owner until the work is repeated or superseded.",
            "b": "They must be retained for at least 5 years.",
            "c": "They are records associated with inspections like 100-hour and Annuals."
        },
        "correct_answer": "b",
        "explanation": "Temporary records (like 100-hour or Annual inspection records) must be retained until the work is repeated or superseded, or for 1 year, whichever occurs later, not 5 years (5 years applies to permanent records)."
    },
    {
        "question_number": 8,
        "question": "Digital aircraft documentation data is NOT typically available through which format?",
        "options": {
            "a": "CD/DVD access",
            "b": "hardcopy format",
            "c": "Server Access or through the Internet"
        },
        "correct_answer": "b",
        "explanation": "Digital data is stored electronically (CD/DVD, server access, internet) and is not inherently available via hardcopy format, which is a physical representation."
    },
    {
        "question_number": 9,
        "question": "Which required inspection is conducted by the pilot-in-command to determine the condition of the aircraft before flight?",
        "options": {
            "a": "Continuous inspection",
            "b": "Preflight inspection",
            "c": "Daily inspection"
        },
        "correct_answer": "b",
        "explanation": "The preflight inspection is a required safety measure conducted by the pilot-in-command prior to conducting a flight."
    },
    {
        "question_number": 10,
        "question": "An entire progressive inspection program must be completed within what timeframe?",
        "options": {
            "a": "6 calendar months",
            "b": "12 calendar months",
            "c": "24 calendar months"
        },
        "correct_answer": "b",
        "explanation": "The entire progressive inspection must be completed within 12 calendar months, maintaining the same overall inspection scope as an annual inspection."
    },
    {
        "question_number": 11,
        "question": "Which inspection must be accomplished before the first flight each day?",
        "options": {
            "a": "100-hour inspection",
            "b": "Preflight Inspection",
            "c": "Post-flight inspection"
        },
        "correct_answer": "b",
        "explanation": "The preflight inspection is accomplished before the first flight each day to ensure the aircraft is safe for operation."
    },
    {
        "question_number": 12,
        "question": "Which statement regarding inspection validity and substitution is correct?",
        "options": {
            "a": "A 100-hour inspection is valid in place of an Annual inspection.",
            "b": "An Annual inspection is valid in place of a 100 hour inspection.",
            "c": "A Daily inspection is valid in place of a 100 hour inspection."
        },
        "correct_answer": "b",
        "explanation": "An Annual inspection is equivalent in scope to a 100-hour inspection, and thus, an Annual inspection can substitute for the required 100-hour inspection."
    },
    {
        "question_number": 13,
        "question": "The task cards produced by the airframe manufacturer are usually designed for how many specific maintenance actions?",
        "options": {
            "a": "Multiple, complex actions",
            "b": "One action only",
            "c": "System-wide documentation"
        },
        "correct_answer": "b",
        "explanation": "Task cards are typically specific maintenance instructions designed to address one action only to simplify tracking and completion."
    },
    {
        "question_number": 14,
        "question": "What document is used to record the time in service, maintenance, alterations, inspections, and AD compliance on the airframe and its associated components?",
        "options": {
            "a": "FAA Form 337",
            "b": "Logbook",
            "c": "Maintenance Release"
        },
        "correct_answer": "b",
        "explanation": "The logbook (or maintenance record) is the official document used to track the history, usage, and maintenance compliance of the aircraft."
    },
    {
        "question_number": 15,
        "question": "What term refers to the general tear and wear of the aircraft during its service life?",
        "options": {
            "a": "Corrosion",
            "b": "Burnishing",
            "c": "Attrition"
        },
        "correct_answer": "c",
        "explanation": "Attrition is the term used to describe general tear and wear during service life."
    },
    {
        "question_number": 16,
        "question": "An annual inspection was completed on September 14, 2001. When will it remain valid until?",
        "options": {
            "a": "Midnight of September 14, 2002",
            "b": "Midnight of September 30, 2002",
            "c": "Midnight of October 1, 2002"
        },
        "correct_answer": "b",
        "explanation": "An annual inspection is valid until the last day of the 12th calendar month following the month it was performed. An inspection completed in September 2001 is valid until the end of September 2002."
    },
    {
        "question_number": 17,
        "question": "A D check is generally classified as what type of inspection in a large aircraft maintenance program?",
        "options": {
            "a": "Progressive inspection",
            "b": "Continuous inspection",
            "c": "Phased inspection"
        },
        "correct_answer": "b",
        "explanation": "D checks are usually part of a continuous airworthiness maintenance program required for large transport category aircraft."
    },
    {
        "question_number": 18,
        "question": "When a major repair or major alteration is performed on an aircraft, what FAA form must be used to document its return to service?",
        "options": {
            "a": "FAA Form 8130-3",
            "b": "FAA Form 337",
            "c": "FAA Form 8010-4"
        },
        "correct_answer": "b",
        "explanation": "FAA Form 337 (Major Repair and Alteration) is required to document and approve the return to service of an aircraft following a major repair or alteration."
    },
    {
        "question_number": 19,
        "question": "Which type of inspection is referenced as being performed on aircraft operated for flight instruction or hire, which is NOT FAA mandated?",
        "options": {
            "a": "40-hour inspection",
            "b": "Annual inspection",
            "c": "Continuous inspection"
        },
        "correct_answer": "a",
        "explanation": "The document specifies a '40-hour inspection' as a type performed on aircraft operated for flight instruction or hire that is not FAA mandated (FAA mandates 100-hour inspections in this case, suggesting '40-hour' is a specific internal requirement or a typo for 100-hour based on general knowledge, but following the source text answer)."
    },
    {
        "question_number": 20,
        "question": "The statement, notation, and signature made in the maintenance record that certifies the aircraft condition is called what?",
        "options": {
            "a": "Creating a discrepancy list",
            "b": "Approving the aircraft for return to service",
            "c": "Documenting a preventive measure"
        },
        "correct_answer": "b",
        "explanation": "The notation and signature finalize the maintenance action and formally approve the aircraft for return to service."
    },
    {
        "question_number": 21,
        "question": "What type of inspection is required following an event such as an Over Weight Landing, lightning strike, fire, or flood damage?",
        "options": {
            "a": "Annual inspection",
            "b": "100-hour inspection",
            "c": "Special inspection"
        },
        "correct_answer": "c",
        "explanation": "Events that compromise airworthiness, such as lightning strikes or overweight landings, require a mandated special inspection."
    },
    {
        "question_number": 22,
        "question": "Which of the following is considered an outside source of aircraft documentation?",
        "options": {
            "a": "Vendors and manufacturers of equipment installed on the aircraft.",
            "b": "The aircraft owner's personal notes.",
            "c": "The aircraft flight manifest."
        },
        "correct_answer": "a",
        "explanation": "Outside sources of technical documents include airframe/engine manufacturers and vendors/manufacturers of installed equipment."
    },
    {
        "question_number": 23,
        "question": "What general maintenance activity is performed to detect defects or malfunctions before they become serious?",
        "options": {
            "a": "Repair",
            "b": "Inspection",
            "c": "Alteration"
        },
        "correct_answer": "b",
        "explanation": "Inspection is the act of examining the aircraft to detect defects or malfunctions."
    },
    {
        "question_number": 24,
        "question": "Which of the following conditions is typically NOT a cause for the mandatory initiation of a specialized aircraft inspection?",
        "options": {
            "a": "Overweight landing",
            "b": "Flying aircraft in rainy condition",
            "c": "Bird strike"
        },
        "correct_answer": "b",
        "explanation": "Flying in rainy conditions is a normal operational activity and is not a trigger for a mandatory special inspection, unlike overweight landings or bird strikes."
    },
    {
        "question_number": 25,
        "question": "What document is required to legally fly an aircraft after the annual inspection has expired to a location where the inspection can be performed?",
        "options": {
            "a": "A temporary registration document",
            "b": "A special flight or ferry permit from the FAA",
            "c": "An endorsement from an A&P with IA"
        },
        "correct_answer": "b",
        "explanation": "If an aircraft is not currently airworthy (e.g., due to an expired annual inspection), a Special Flight Permit (Ferry Permit) issued by the FAA is required to fly it to a maintenance base."
    },
    {
        "question_number": 26,
        "question": "Who holds the primary responsibility for ensuring all non-airworthy defects are repaired before an airplane is flown?",
        "options": {
            "a": "The performing mechanic",
            "b": "The FAA inspector",
            "c": "Aircraft owner or operator"
        },
        "correct_answer": "c",
        "explanation": "The aircraft owner or operator is ultimately responsible for maintaining the aircraft in an airworthy condition and ensuring all defects affecting safe flight are corrected."
    },
    {
        "question_number": 27,
        "question": "Which comprehensive inspection, mandatory for aircraft used for hire or flight instruction, can be performed and signed off by a certified A&P mechanic?",
        "options": {
            "a": "Annual inspection",
            "b": "100-hour inspection",
            "c": "Progressive inspection initiation"
        },
        "correct_answer": "b",
        "explanation": "The 100-hour inspection is comprehensive, similar in scope to an Annual inspection, but only requires a standard A&P mechanic to perform and sign off (Annual requires an A&P with Inspection Authorization)."
    },
    {
        "question_number": 28,
        "question": "Which inspection has the same detailed scope as an Annual inspection?",
        "options": {
            "a": "Daily Inspection",
            "b": "100-hour inspection",
            "c": "Phase Inspection"
        },
        "correct_answer": "b",
        "explanation": "The 100-hour inspection requires the same detailed inspection scope as an Annual inspection."
    },
    {
        "question_number": 29,
        "question": "A basic pre-flight inspection and walk-around is primarily classified as a what?",
        "options": {
            "a": "Periodic inspection",
            "b": "Daily Inspection",
            "c": "Major inspection"
        },
        "correct_answer": "b",
        "explanation": "The pre-flight inspection performed prior to the first flight of the day is often classified as a Daily Inspection."
    },
    {
        "question_number": 30,
        "question": "Which phase of the maintenance process begins when the aircraft owner requests inspection services and includes completing the initial work order and documentation?",
        "options": {
            "a": "Inspection phase",
            "b": "Pre-inspection phase",
            "c": "Post-inspection phase"
        },
        "correct_answer": "b",
        "explanation": "The pre-inspection phase covers the administrative tasks required before maintenance begins, such as receiving the request and creating the work order."
    },
    {
        "question_number": 31,
        "question": "In aircraft documentation terminology, what does the abbreviation AC stand for?",
        "options": {
            "a": "Airworthiness Certificate",
            "b": "Advisory Circulars",
            "c": "Aircraft Component"
        },
        "correct_answer": "b",
        "explanation": "The documentation abbreviation AC stands for Advisory Circulars, which provide guidance and information in a subject area."
    }
]