[
    {
        "question_number": 1,
        "question": "How is a life vest typically inflated as a primary method in an emergency?",
        "options": {
            "A": "By pulling a designated handle",
            "B": "Automatically upon contact with water",
            "C": "By blowing into an oral tube"
        },
        "correct_answer": "A",
        "explanation": "The primary inflation method for an aviation life vest is by pulling a specific handle, which punctures a CO2 cartridge to rapidly inflate the vest."
    },
    {
        "question_number": 2,
        "question": "In a typical aircraft vacuum toilet, how is the rinsing liquid supplied?",
        "options": {
            "A": "From the main potable water tank",
            "B": "It is connected to spray directly into the bowl",
            "C": "It is stored within the toilet lid"
        },
        "correct_answer": "B",
        "explanation": "In many aircraft vacuum toilet systems, a rinse fluid is sprayed directly into the bowl during the flush cycle to clean it and facilitate the vacuum process."
    },
    {
        "question_number": 3,
        "question": "What is a key maintenance consideration for the waste tank on a B737?",
        "options": {
            "A": "It must be emptied after every flight",
            "B": "It is made of transparent material for easy inspection",
            "C": "Potential damage to the tank may not be easily visible"
        },
        "correct_answer": "C",
        "explanation": "Due to its location and construction, the B737 waste tank can be difficult to inspect visually, meaning damage may not be immediately apparent."
    },
    {
        "question_number": 4,
        "question": "What is a common adjustable comfort feature found in many modern aircraft passenger seats?",
        "options": {
            "A": "Lumbar support",
            "B": "Seat width",
            "C": "Seatbelt tension"
        },
        "correct_answer": "A",
        "explanation": "Many aircraft passenger seats offer adjustable lumbar support to enhance passenger comfort and ergonomics, especially during long flights."
    },
    {
        "question_number": 5,
        "question": "What type of windshield anti-icing system is commonly used on smaller aircraft?",
        "options": {
            "A": "Bleed air from the engine",
            "B": "Chemical spray nozzles",
            "C": "Electro-thermal heating"
        },
        "correct_answer": "C",
        "explanation": "Smaller aircraft often use an electro-thermal system, where an electrical current heats a conductive film embedded in the windshield to prevent ice formation."
    },
    {
        "question_number": 6,
        "question": "What is the purpose of an escape strap located near an overwing emergency exit?",
        "options": {
            "A": "To secure the exit door in the open position",
            "B": "To provide a handhold for moving safely across the wing",
            "C": "To lower passengers to the ground"
        },
        "correct_answer": "B",
        "explanation": "Escape straps or ropes are deployed during an evacuation to provide a secure handhold, assisting passengers as they move across the potentially slippery surface of the aircraft wing."
    },
    {
        "question_number": 7,
        "question": "When is the deicing procedure performed on an aircraft?",
        "options": {
            "A": "Before any ice has formed to prevent it",
            "B": "After ice has already formed, to remove it from critical surfaces",
            "C": "During flight to improve aerodynamic performance"
        },
        "correct_answer": "B",
        "explanation": "Deicing is the process of removing existing frost, ice, or snow from critical aircraft surfaces. Anti-icing is the procedure to prevent ice from forming."
    },
    {
        "question_number": 8,
        "question": "Under what general conditions does structural ice form on an aircraft?",
        "options": {
            "A": "When flying through very cold, dry air",
            "B": "When a surface cooled below freezing comes into contact with liquid moisture",
            "C": "When the aircraft is parked in sunny but cold weather"
        },
        "correct_answer": "B",
        "explanation": "Ice forms when an aircraft flies through visible moisture, such as clouds or rain, and the aircraft's surface temperature is at or below freezing."
    },
    {
        "question_number": 9,
        "question": "Besides biological and chemical hazards, what is a potential occupational risk for maintenance personnel working on aircraft waste systems?",
        "options": {
            "A": "Psychological stress due to the unpleasant nature of the work",
            "B": "Exposure to high levels of radiation",
            "C": "Risk of high-altitude sickness"
        },
        "correct_answer": "A",
        "explanation": "Working with lavatory and waste systems can be an inherently unpleasant task, which can be a source of psychological stress for maintenance personnel."
    },
    {
        "question_number": 10,
        "question": "Which of the following can be an adjustable feature on some aircraft passenger seats?",
        "options": {
            "A": "Seat cushion height",
            "B": "Aisle width",
            "C": "Window size"
        },
        "correct_answer": "A",
        "explanation": "Some passenger seats, particularly in premium cabins, offer features like seat cushion height or headrest height adjustment for improved passenger comfort."
    },
    {
        "question_number": 11,
        "question": "What is a primary design characteristic of cabin crew jump seats?",
        "options": {
            "A": "They are heated for crew comfort",
            "B": "They are foldable to save space when not in use",
            "C": "They can fully recline for crew rest"
        },
        "correct_answer": "B",
        "explanation": "Cabin crew jump seats are designed to be stowed or folded against a bulkhead to keep aisles and galley areas clear when they are not occupied."
    },
    {
        "question_number": 12,
        "question": "What material is commonly used for thermal and acoustic insulation blankets in an aircraft fuselage?",
        "options": {
            "A": "Aluminum foil",
            "B": "Fiberglass",
            "C": "Solid foam panels"
        },
        "correct_answer": "B",
        "explanation": "Aircraft insulation blankets are typically made from lightweight fiberglass batting encased in a protective, moisture-proof film like Mylar."
    },
    {
        "question_number": 13,
        "question": "Modern large transport aircraft primarily use which type of toilet system?",
        "options": {
            "A": "Recirculating chemical toilets",
            "B": "Incinerating toilets",
            "C": "Vacuum waste systems"
        },
        "correct_answer": "C",
        "explanation": "Modern aircraft use vacuum toilet systems, which are lighter, use less fluid, and are more effective at controlling odor compared to older recirculating systems."
    },
    {
        "question_number": 14,
        "question": "Which of the following is generally NOT used as a dedicated, primary system for detecting airframe ice accretion?",
        "options": {
            "A": "Vibrating probes or sensors",
            "B": "External video cameras",
            "C": "Visual ice indicators"
        },
        "correct_answer": "B",
        "explanation": "While cameras might allow pilots to see ice, they are not considered a primary, dedicated ice detection system. Such systems typically use specialized electronic or mechanical probes."
    },
    {
        "question_number": 15,
        "question": "Why should aircraft windshield wipers not be operated on a dry windshield?",
        "options": {
            "A": "It can cause scratches on the windshield",
            "B": "It will drain the aircraft's battery",
            "C": "It can cause the motor to reverse direction"
        },
        "correct_answer": "A",
        "explanation": "Operating wipers on a dry windshield can drag dust and abrasive particles across the surface, causing scratches that can impair pilot visibility."
    },
    {
        "question_number": 16,
        "question": "What system supplies fluid for windshield washing?",
        "options": {
            "A": "The aircraft's main potable water tank",
            "B": "The hydraulic system reservoir",
            "C": "A dedicated washer fluid reservoir"
        },
        "correct_answer": "C",
        "explanation": "The windshield washer system is self-contained and uses its own dedicated reservoir, which is filled with a specific cleaning or deicing fluid."
    },
    {
        "question_number": 17,
        "question": "What type of flooring is typically used at the entrance to and inside an aircraft lavatory?",
        "options": {
            "A": "Deep-pile carpet",
            "B": "Non-skid, water-resistant material",
            "C": "Interlocking wood panels"
        },
        "correct_answer": "B",
        "explanation": "For safety and hygiene, the floor area in and around aircraft lavatories is surfaced with a non-skid, water-resistant material that is durable and easy to clean."
    },
    {
        "question_number": 18,
        "question": "What is the secondary method for inflating an aviation life vest if the CO2 cartridge fails?",
        "options": {
            "A": "Blowing into an oral inflation tube",
            "B": "Using a manual hand pump included in the seat pocket",
            "C": "Connecting it to an aircraft air gasper outlet"
        },
        "correct_answer": "A",
        "explanation": "All aviation life vests are equipped with an oral inflation tube, allowing a person to manually inflate or top-off the vest by blowing into it."
    },
    {
        "question_number": 19,
        "question": "How is lavatory waste contained on a modern aircraft like the B737?",
        "options": {
            "A": "In a centralized waste tank",
            "B": "In individual disposable bags under each toilet",
            "C": "It is treated and converted to inert matter onboard"
        },
        "correct_answer": "A",
        "explanation": "Aircraft like the B737 use a centralized holding tank to collect and store all lavatory waste during flight, which is then serviced by ground crews after landing."
    },
    {
        "question_number": 20,
        "question": "What is the operating principle of a thermal electric windshield deicing system?",
        "options": {
            "A": "It circulates hot oil between the layers of glass",
            "B": "It uses hot bleed air from the engines blown over the surface",
            "C": "It passes electric current through a conductive layer in the windshield to generate heat"
        },
        "correct_answer": "C",
        "explanation": "These systems have a transparent, conductive coating embedded in the windshield. An electric current is passed through this coating, which acts as a heating element to prevent or remove ice."
    }
]