[
    {
        "question_number": 1,
        "question": "What does an aircraft indication system with a 'valve in transit' light show?",
        "options": {
            "A": "The valve is fully closed.",
            "B": "The valve is currently moving between open and closed.",
            "C": "The valve is fully open."
        },
        "correct_answer": "B",
        "explanation": "The 'valve in transit' light illuminates only while the valve is in motion, indicating it is not in its fully open or fully closed position."
    },
    {
        "question_number": 2,
        "question": "Which of the following is NOT a fundamental requirement of an aircraft fuel system?",
        "options": {
            "A": "The ability to deliver a continuous flow of fuel under all operating conditions.",
            "B": "The requirement that the tanks must always be kept full.",
            "C": "The ability to withstand vibration and temperature changes."
        },
        "correct_answer": "B",
        "explanation": "An aircraft fuel system must be able to function correctly at any fuel level, not just when the tanks are full. Keeping tanks full is not a system design requirement."
    },
    {
        "question_number": 3,
        "question": "What is the process of using an inert gas to remove oxygen from an aircraft fuel tank called?",
        "options": {
            "A": "Purging",
            "B": "Venting",
            "C": "Sumping"
        },
        "correct_answer": "A",
        "explanation": "Purging, or inerting, involves introducing a non-reactive gas like nitrogen to displace oxygen and reduce the risk of fire or explosion inside the fuel tank."
    },
    {
        "question_number": 4,
        "question": "What is a primary reason for defueling an aircraft's fuel tank?",
        "options": {
            "A": "To increase the aircraft's takeoff weight.",
            "B": "To allow for maintenance, inspection, or repair.",
            "C": "To cool the fuel before a flight."
        },
        "correct_answer": "B",
        "explanation": "Defueling is necessary to ensure safety when performing maintenance or inspections on the fuel system, when the fuel is contaminated, or to adjust the aircraft's weight and balance."
    },
    {
        "question_number": 5,
        "question": "Which of the following is generally considered the least significant contaminant in aircraft fuel?",
        "options": {
            "A": "Water",
            "B": "Microbial growth",
            "C": "Air"
        },
        "correct_answer": "C",
        "explanation": "While dissolved air is present in fuel, it is not considered a harmful contaminant like water (which can freeze and cause corrosion), microbes, or solid particulates."
    },
    {
        "question_number": 6,
        "question": "What is a quick field method to check for the presence of bacteria and fungus in an aircraft fuel sample?",
        "options": {
            "A": "A bug kit test",
            "B": "A specific gravity test",
            "C": "A simple visual inspection for color"
        },
        "correct_answer": "A",
        "explanation": "A 'bug kit test' is a specific test designed to provide a rapid indication of microbial contamination levels in a fuel sample."
    },
    {
        "question_number": 7,
        "question": "Which of the following is a common type of fuel selector valve used in aircraft?",
        "options": {
            "A": "Gate valve",
            "B": "Poppet-type valve",
            "C": "Globe valve"
        },
        "correct_answer": "B",
        "explanation": "Poppet, cone, and disk types are common designs for fuel selector valves in aviation due to their reliability and positive shutoff characteristics."
    },
    {
        "question_number": 8,
        "question": "What are the two common methods of operating aircraft fuel pumps?",
        "options": {
            "A": "Electrically and engine-driven",
            "B": "Hydraulically and pneumatically",
            "C": "Manually and by gravity"
        },
        "correct_answer": "A",
        "explanation": "Aircraft fuel systems typically rely on a combination of electric pumps (for boost, transfer, and starting) and engine-driven pumps (as the main high-pressure supply)."
    },
    {
        "question_number": 9,
        "question": "What type of pump uses a plunger moving back and forth to move fuel?",
        "options": {
            "A": "Centrifugal pump",
            "B": "Pulsating pump",
            "C": "Vane pump"
        },
        "correct_answer": "B",
        "explanation": "A pulsating pump is a type of positive displacement pump that uses a reciprocating plunger or diaphragm to create a pulsating flow of fuel."
    },
    {
        "question_number": 10,
        "question": "What type of valve uses electrical energy in a coil to open or close?",
        "options": {
            "A": "A solenoid-operated valve",
            "B": "A manual shutoff valve",
            "C": "A check valve"
        },
        "correct_answer": "A",
        "explanation": "A solenoid-operated valve uses an electromagnetic coil (solenoid) to actuate the valve mechanism, allowing for remote electrical control of fuel flow."
    },
    {
        "question_number": 11,
        "question": "What is a critical requirement when routing fuel lines in an aircraft?",
        "options": {
            "A": "Lines must be routed through the cabin for easy inspection.",
            "B": "Lines must be secured to prevent chafing against control cables or structure.",
            "C": "Lines must always be made of flexible material."
        },
        "correct_answer": "B",
        "explanation": "To prevent catastrophic failure from a fuel leak, lines must be securely routed and clamped to avoid rubbing against any moving parts, wiring, or structural components."
    },
    {
        "question_number": 12,
        "question": "What substance, when present in fuel, promotes the growth of microbes?",
        "options": {
            "A": "Water",
            "B": "Anti-icing additive",
            "C": "Kerosene"
        },
        "correct_answer": "A",
        "explanation": "Microbes live and multiply at the fuel-water interface. Therefore, the presence of water in a fuel tank is the primary enabler of microbial contamination."
    },
    {
        "question_number": 13,
        "question": "How are different grades of aviation fuel primarily identified?",
        "options": {
            "A": "By manufacturer's brand name only",
            "B": "By their smell and texture",
            "C": "By color and performance/octane number"
        },
        "correct_answer": "C",
        "explanation": "Aviation gasoline (Avgas) is identified by its dye color (e.g., 100LL is blue) and its performance number. Jet fuel is identified by its type (e.g., Jet A)."
    },
    {
        "question_number": 14,
        "question": "When inspecting a fuel tank vent line, what is the primary purpose of the inspection?",
        "options": {
            "A": "To check for an unobstructed flow of air.",
            "B": "To verify the line's paint color.",
            "C": "To ensure it is full of fuel."
        },
        "correct_answer": "A",
        "explanation": "The vent line must be clear to allow air to enter the tank as fuel is consumed, preventing a vacuum from forming which could lead to fuel starvation or tank collapse."
    },
    {
        "question_number": 15,
        "question": "Which statement is NOT true regarding Special Federal Aviation Regulation (SFAR) 88?",
        "options": {
            "A": "It mandates a review of fuel tank system designs to prevent explosions.",
            "B": "It has nothing to do with the safety of fuel tanks.",
            "C": "It focuses on identifying and eliminating potential ignition sources inside fuel tanks."
        },
        "correct_answer": "B",
        "explanation": "SFAR 88 was created specifically to enhance fuel tank safety by requiring a thorough design review of transport category aircraft to prevent fuel tank explosions."
    },
    {
        "question_number": 16,
        "question": "What system allows all of an aircraft's fuel tanks to be filled from a single connection point?",
        "options": {
            "A": "Gravity fueling",
            "B": "Single-point pressure fueling",
            "C": "Over-wing fueling"
        },
        "correct_answer": "B",
        "explanation": "Single-point pressure fueling uses a single connection, usually under the wing, to rapidly and safely fuel all tanks through a manifold system."
    },
    {
        "question_number": 17,
        "question": "Which type of fuel contamination can lead to the most immediate and disastrous consequences?",
        "options": {
            "A": "A small amount of dust",
            "B": "Contamination with the wrong type of fuel (misfueling)",
            "C": "Dissolved air"
        },
        "correct_answer": "B",
        "explanation": "Misfueling, such as putting jet fuel in a piston engine aircraft, can cause detonation and catastrophic engine failure in a very short time."
    },
    {
        "question_number": 18,
        "question": "What is the specific name for the valve used to drain water and sediment from the lowest point of a fuel tank?",
        "options": {
            "A": "Selector valve",
            "B": "Fuel drain valve",
            "C": "Check valve"
        },
        "correct_answer": "B",
        "explanation": "Fuel drain valves, also known as sump drains, are strategically placed at the lowest points in the fuel system to allow for the removal of collected water and sediment."
    },
    {
        "question_number": 19,
        "question": "Which statement is true regarding the typical construction of fuel line installations?",
        "options": {
            "A": "Rigid tubing is preferred for long runs, while flexible hose is used for connections requiring vibration absorption.",
            "B": "Only flexible hose is used for the entire system.",
            "C": "All fuel line connections must be welded."
        },
        "correct_answer": "A",
        "explanation": "Aircraft fuel systems use a combination of rigid tubing for strength and support over long spans, and flexible hose at points of connection to components that vibrate, such as the engine."
    },
    {
        "question_number": 20,
        "question": "What system is designed to quickly reduce aircraft weight to prevent structural stress during an overweight landing?",
        "options": {
            "A": "The fuel transfer system",
            "B": "The fuel jettison system",
            "C": "The crossfeed system"
        },
        "correct_answer": "B",
        "explanation": "A fuel jettison (or fuel dumping) system allows the flight crew to safely discharge fuel overboard in an emergency to reduce the aircraft's weight to the maximum landing weight."
    },
    {
        "question_number": 21,
        "question": "According to which document should all inspections of an aircraft fuel system be performed?",
        "options": {
            "A": "The pilot's operating handbook",
            "B": "General best practices from other industries",
            "C": "The aircraft's maintenance manual"
        },
        "correct_answer": "C",
        "explanation": "All maintenance and inspections must be conducted in strict accordance with the procedures and standards outlined in the applicable aircraft maintenance manual (AMM)."
    },
    {
        "question_number": 22,
        "question": "What is the term for a logical sequence of steps used to narrow down a problem to a specific component?",
        "options": {
            "A": "Troubleshooting",
            "B": "Calibration",
            "C": "Servicing"
        },
        "correct_answer": "A",
        "explanation": "Troubleshooting is the systematic process of analyzing symptoms and using logical steps and tests to identify the root cause of a fault."
    },
    {
        "question_number": 23,
        "question": "Which specific manual would a technician use for guided procedures to troubleshoot a fuel system fault?",
        "options": {
            "A": "The Fault Isolation Manual (FIM)",
            "B": "The Structural Repair Manual (SRM)",
            "C": "The Illustrated Parts Catalog (IPC)"
        },
        "correct_answer": "A",
        "explanation": "The Fault Isolation Manual (FIM) contains systematic troubleshooting charts and procedures to help technicians diagnose and isolate faults in various aircraft systems."
    },
    {
        "question_number": 24,
        "question": "What is the name of the procedure that uses a liquid sealant poured inside a fuel tank, which is then tilted to coat the interior surfaces and seal minor leaks?",
        "options": {
            "A": "Welding",
            "B": "Sloshing",
            "C": "Riveting"
        },
        "correct_answer": "B",
        "explanation": "Sloshing is a repair method where a sealant compound is poured into the tank and the tank is rotated or 'sloshed' to coat the entire interior, sealing minor leaks and seams."
    },
    {
        "question_number": 25,
        "question": "Which of the following methods would NOT be an acceptable way to perform or check a fuel tank repair?",
        "options": {
            "A": "Using an approved sealant according to the SRM.",
            "B": "Performing a pressure decay leak check.",
            "C": "Using wax or sand to fill the damaged area."
        },
        "correct_answer": "C",
        "explanation": "Using unauthorized materials like wax or sand is completely inappropriate and unsafe for aircraft repairs. All repairs must be done using approved materials and procedures."
    },
    {
        "question_number": 26,
        "question": "Which of the following is a fuel for gas turbine engines?",
        "options": {
            "A": "Avgas 100LL",
            "B": "Kerosene (Jet A)",
            "C": "White gas"
        },
        "correct_answer": "B",
        "explanation": "Gas turbine (jet) engines operate on kerosene-based fuels, such as Jet A and Jet A-1."
    },
    {
        "question_number": 28,
        "question": "Which statement is true regarding the required volatility of aircraft fuel?",
        "options": {
            "A": "Fuel should be highly volatile to ensure it boils easily at altitude.",
            "B": "Fuel volatility must be controlled to prevent vapor lock.",
            "C": "Volatility is not an important characteristic for aviation fuel."
        },
        "correct_answer": "B",
        "explanation": "Fuel must be volatile enough to vaporize for combustion, but not so volatile that it boils in the fuel lines at high altitude or temperature, which can cause vapor lock and engine fuel starvation."
    },
    {
        "question_number": 29,
        "question": "What is a primary requirement for the installation of aircraft fuel lines?",
        "options": {
            "A": "They must be supported by clamps to prevent excessive vibration.",
            "B": "They must have numerous sharp bends to slow fuel flow.",
            "C": "They must be made of plastic to save weight."
        },
        "correct_answer": "A",
        "explanation": "Fuel lines must be properly supported by clamps at specified intervals to prevent damage from vibration and to ensure they can withstand internal pressures and external loads."
    },
    {
        "question_number": 30,
        "question": "What is the standard identification color for an aircraft fuel line?",
        "options": {
            "A": "Blue",
            "B": "Red",
            "C": "Green"
        },
        "correct_answer": "B",
        "explanation": "According to standard fluid line identification tapes and color codes, red is used to identify lines containing fuel."
    },
    {
        "question_number": 31,
        "question": "In a simple gravity-feed fuel system where two tanks feed the engine, which of the following is NOT a requirement?",
        "options": {
            "A": "Each tank must be vented.",
            "B": "Fuel must be able to flow freely between the two tanks.",
            "C": "The fuel outlets must be interconnected to feed the engine."
        },
        "correct_answer": "B",
        "explanation": "While the outlets of the tanks are connected to the engine feed line, there is no requirement for fuel to be able to transfer between the tanks themselves in a simple gravity system."
    },
    {
        "question_number": 32,
        "question": "Besides heat and chemical exposure, what is a major physical factor that contributes to the degradation of aircraft wiring?",
        "options": {
            "A": "The color of the insulation",
            "B": "Vibration",
            "C": "The direction of current flow"
        },
        "correct_answer": "B",
        "explanation": "Constant vibration can cause insulation to chafe and crack, and can lead to work-hardening and eventual fatigue failure of the wire conductor itself."
    },
    {
        "question_number": 33,
        "question": "What cockpit indication shows the difference between fuel pressure and air inlet pressure at the fuel metering device?",
        "options": {
            "A": "Fuel flow indication",
            "B": "Differential fuel pressure indication",
            "C": "Fuel quantity indication"
        },
        "correct_answer": "B",
        "explanation": "A differential pressure gauge is used to measure the difference between two separate pressures, in this case ensuring the fuel metering device receives fuel at the correct pressure relative to intake air pressure."
    },
    {
        "question_number": 35,
        "question": "What is the most critical area of concern that must be addressed before entering an aircraft fuel tank?",
        "options": {
            "A": "Fuel tank hazards like toxic fumes and lack of oxygen.",
            "B": "The current price of jet fuel.",
            "C": "The cleanliness of the aircraft exterior."
        },
        "correct_answer": "A",
        "explanation": "Fuel tank entry is a highly dangerous task. It requires strict adherence to confined space entry procedures, including purging vapors, ensuring proper ventilation, and continuous air quality monitoring to prevent fire, explosion, or asphyxiation."
    },
    {
        "question_number": 36,
        "question": "When comparing aircraft fuel systems, which type is generally considered mechanically simpler and of less complex concern?",
        "options": {
            "A": "A pressure-feed system with multiple boost pumps",
            "B": "A gravity-feed system",
            "C": "A fuel-injection system"
        },
        "correct_answer": "B",
        "explanation": "Gravity-feed systems are mechanically simpler than pressure systems as they have fewer components, such as pumps and pressure regulators, which makes them inherently less complex."
    },
    {
        "question_number": 37,
        "question": "While most aircraft fuel systems have them, which of the following is not a universal requirement for absolutely all fuel system designs?",
        "options": {
            "A": "Protection from lightning strikes.",
            "B": "The use of a boost pump.",
            "C": "Reliable performance in hot weather."
        },
        "correct_answer": "B",
        "explanation": "Simple, high-wing aircraft can use a gravity-feed system that does not require a boost pump. However, lightning protection and reliable operation in all weather conditions are universal safety requirements for all certified aircraft."
    },
    {
        "question_number": 38,
        "question": "How is a 'heavy seep' fuel leak typically defined in terms of size?",
        "options": {
            "A": "A wetted area from 1 1/2 to 4 inches in diameter.",
            "B": "A leak that forms a visible drip.",
            "C": "Any stain smaller than 3/4 inch."
        },
        "correct_answer": "A",
        "explanation": "Fuel leak classifications are standardized to determine correct maintenance action. A 'heavy seep' is a classification for a leak that has wetted an area between 1 1/2 and 4 inches in diameter but has not yet formed a drip."
    },
    {
        "question_number": 39,
        "question": "Which of these methods should NOT be used to leak-check a welded fuel tank repair due to safety risks?",
        "options": {
            "A": "Applying a soap solution and very low air pressure.",
            "B": "Using high-pressure air to find the leak quickly.",
            "C": "Filling the tank with fuel and using a developer powder."
        },
        "correct_answer": "B",
        "explanation": "Using high-pressure air is extremely dangerous as it can cause a weakened tank to rupture or explode. Leak checks must be performed with very low, controlled air pressure."
    },
    {
        "question_number": 40,
        "question": "What is a gascolator?",
        "options": {
            "A": "A fuel pump",
            "B": "A main fuel strainer with a sediment bowl",
            "C": "A fuel quantity gauge"
        },
        "correct_answer": "B",
        "explanation": "A gascolator is located at a low point in the fuel system and acts as a primary strainer, with a transparent bowl that collects water and sediment so it can be drained and inspected."
    },
    {
        "question_number": 41,
        "question": "Which of the following statements is NOT true about a Critical Design Configuration Control Limitation (CDCCL)?",
        "options": {
            "A": "It is a life-limited part that must be replaced.",
            "B": "It is a mandatory design feature that prevents fuel tank ignition sources.",
            "C": "It cannot be altered without approval from the regulatory authority."
        },
        "correct_answer": "A",
        "explanation": "A CDCCL is not a part or a periodic inspection; it is a mandatory, unchangeable design feature or maintenance process identified as critical for preventing fuel tank ignition sources. It doesn't have a life limit but must be maintained for the life of the aircraft."
    },
    {
        "question_number": 42,
        "question": "What is the primary purpose of a Critical Design Configuration Control Limitation (CDCCL)?",
        "options": {
            "A": "To provide instructions on how to retain critical ignition source prevention features.",
            "B": "To define the aircraft's maximum fuel capacity.",
            "C": "To list the types of approved fuel for the aircraft."
        },
        "correct_answer": "A",
        "explanation": "CDCCLs provide mandatory instructions to ensure that design features critical for preventing fuel tank ignition sources are not accidentally compromised during maintenance, repairs, or alterations."
    },
    {
        "question_number": 43,
        "question": "What can be done with fuel that has been defueled from an aircraft, provided it is verified to be clean and uncontaminated?",
        "options": {
            "A": "It must be disposed of.",
            "B": "It can be used in the same or another properly rated aircraft.",
            "C": "It can only be used in ground power units."
        },
        "correct_answer": "B",
        "explanation": "If defueled fuel is handled properly, stored in clean containers, and verified to be free of contaminants, it is perfectly acceptable to return it to the fuel stock for use in other aircraft."
    },
    {
        "question_number": 44,
        "question": "What are the two most common methods of refueling an aircraft?",
        "options": {
            "A": "Gravity and siphon",
            "B": "Manual and automatic",
            "C": "Over-wing and pressure refueling"
        },
        "correct_answer": "C",
        "explanation": "Over-wing refueling is common on smaller aircraft where a nozzle is placed in the wing opening. Pressure refueling is used on larger aircraft for rapid fueling via a single connection point."
    },
    {
        "question_number": 45,
        "question": "What is the function of a pressure relief valve in a fuel system?",
        "options": {
            "A": "To relieve excess pressure to prevent damage.",
            "B": "To increase fuel pressure for the engine.",
            "C": "To filter sediment from the fuel."
        },
        "correct_answer": "A",
        "explanation": "A pressure relief valve is a safety device that automatically opens at a predetermined pressure to protect system components like pumps and lines from being damaged by over-pressurization."
    }
]