[
    {
      "question_number": 1,
      "question": "In parallel operation of generators Equalizer circuit operates by",
      "options": {
        "a": "Increasing the output of low generator and decreasing the output of high generator until they are equal",
        "b": "Decreasing the output of the high generator until it is equal to the low generator",
        "c": "Increasing the output of low generator until it is equal to the high generator"
      },
      "correct_answer": "a",
      "explanation": "In parallel operation of generators, the Equalizer circuit operates by increasing the output of the low generator and decreasing the output of the high generator until they are equal[cite: 142, 143]."
    },
    {
      "question_number": 2,
      "question": "Which of the following is false about three phase AC generation",
      "options": {
        "a": "The phase difference is 120º",
        "b": "All the armature wires are spaced 120º with each other",
        "c": "The phase difference is 90º"
      },
      "correct_answer": "c",
      "explanation": "The false statement about three-phase AC generation is that the phase difference is 90º[cite: 149, 152]."
    },
    {
      "question_number": 3,
      "question": "What is intermittent load",
      "options": {
        "a": "loads supplied from non-essential bus",
        "b": "operated for two minutes or less and are then turned off",
        "c": "operated continuously during flight"
      },
      "correct_answer": "b",
      "explanation": "An intermittent load is a load that is operated for two minutes or less and then turned off[cite: 31, 34, 121, 123]."
    },
    {
      "question_number": 4,
      "question": "_____ consists of a low melting point fusible element or link, enclosed in a glass or ceramic casing",
      "options": {
        "a": "Circuit breaker",
        "b": "Fuse",
        "c": "Switch"
      },
      "correct_answer": "b",
      "explanation": "A Fuse consists of a low melting point fusible element or link, enclosed in a glass or ceramic casing[cite: 115, 116]."
    },
    {
      "question_number": 5,
      "question": "_____ Lights are intended to provide side and forward lighting during taxi and when turning off the runway",
      "options": {
        "a": "Runway turnoff",
        "b": "Landing",
        "c": "Anti-collusion"
      },
      "correct_answer": "a",
      "explanation": "Runway turnoff lights are intended to provide side and forward lighting during taxi and when turning off the runway[cite: 107, 108, 109]."
    },
    {
      "question_number": 6,
      "question": "_____ lights is to provide the necessary illumination for cargo handling and for performing all service activities",
      "options": {
        "a": "Taxi and service",
        "b": "Logo light",
        "c": "cargo and service compartment"
      },
      "correct_answer": "c",
      "explanation": "Cargo and service compartment lights provide the necessary illumination for cargo handling and for performing all service activities[cite: 99, 100, 103]."
    },
    {
      "question_number": 7,
      "question": "What is the purpose of wing illumination light?",
      "options": {
        "a": "protects ice formation",
        "b": "use the wing lights to inspect the wings and slats for any ice accretion",
        "c": "it is an illumination for aircraft logo"
      },
      "correct_answer": "b",
      "explanation": "The purpose of wing illumination lights is to inspect the wings and slats for any ice accretion[cite: 93, 94]."
    },
    {
      "question_number": 8,
      "question": "Which power production is large scale with regard to armature and field design?",
      "options": {
        "a": "stationary field and rotating armature",
        "b": "stationary armature and stationary field",
        "c": "stationary armature and rotating field"
      },
      "correct_answer": "c",
      "explanation": "For large-scale power production, a stationary armature and rotating field design is used[cite: 86, 89]."
    },
    {
      "question_number": 9,
      "question": "What is phase voltage Value in star winding?",
      "options": {
        "a": "Voltage measured between neutral and one phase",
        "b": "Voltage measured between neutral and neutral",
        "c": "Voltage measured between two phases"
      },
      "correct_answer": "a",
      "explanation": "In a star winding, the phase voltage is the voltage measured between neutral and one phase[cite: 79, 80]."
    },
    {
      "question_number": 10,
      "question": "Which bus power system is available in modern aircraft",
      "options": {
        "a": "Split parallel bus",
        "b": "Split bus",
        "c": "Parallel bus"
      },
      "correct_answer": "b",
      "explanation": "The split bus power system is available in modern aircraft[cite: 21, 24, 128, 130]."
    },
    {
      "question_number": 11,
      "question": "Which of the following is not true about power distribution requirements",
      "options": {
        "a": "Free from in its effects on other parts of the aircraft",
        "b": "Protected from damage",
        "c": "produces maximum possibility for electrical shock"
      },
      "correct_answer": "c",
      "explanation": "It is not true that a power distribution requirement is to produce the maximum possibility for electrical shock[cite: 72, 75]."
    },
    {
      "question_number": 12,
      "question": "IDG (integrated drive generator) consisits of",
      "options": {
        "a": "Constant speed drive(CSD) and generator",
        "b": "TRU and generator",
        "c": "CSD and TRU"
      },
      "correct_answer": "a",
      "explanation": "An IDG (Integrated Drive Generator) consists of a Constant Speed Drive (CSD) and a generator[cite: 7, 11, 135, 136]."
    },
    {
      "question_number": 13,
      "question": "Decreasing the current in the field coil of a DC generator will",
      "options": {
        "a": "Decrease the output",
        "b": "Increase the output",
        "c": "Increase the output frequency"
      },
      "correct_answer": "a",
      "explanation": "Decreasing the current in the field coil of a DC generator will decrease the output[cite: 65, 66]."
    },
    {
      "question_number": 14,
      "question": "What happens if a transformer is used at a frequency higher than that for which it was designed,",
      "options": {
        "a": "there is no hazard at all",
        "b": "the primary current will be reduced",
        "c": "There is a risk of excessive heat generation at the primary windings and subsequent burn out."
      },
      "correct_answer": "b",
      "explanation": "If a transformer is used at a frequency higher than that for which it was designed, the primary current will be reduced[cite: 27, 29, 162, 164]."
    },
    {
      "question_number": 15,
      "question": "Which unit takes the variable speed output from engine and hydro-mechanically produces a constant output RPM",
      "options": {
        "a": "BPCU(bus power control unit)",
        "b": "GCU (generator control unit)",
        "c": "CSD (constant speed drive)"
      },
      "correct_answer": "c",
      "explanation": "The CSD (constant speed drive) is the unit that takes the variable speed output from the engine and hydro-mechanically produces a constant output RPM[cite: 58, 61]."
    },
    {
      "question_number": 16,
      "question": "_____ loads are those which can be isolated in an in-flight emergency for load shedding purposes, and are connected to D.C. and A.C. busbars, as appropriate, supplied from a generator",
      "options": {
        "a": "Essential",
        "b": "Non-Essential",
        "c": "Vital"
      },
      "correct_answer": "b",
      "explanation": "Non-Essential loads are those which can be isolated in an in-flight emergency for load shedding purposes[cite: 1, 5, 156, 158]."
    },
    {
      "question_number": 17,
      "question": "What is the advantage of using AC power on aircraft?",
      "options": {
        "a": "Large power demand on aircraft is satisfied",
        "b": "both can be answers",
        "c": "less cost of transmission"
      },
      "correct_answer": "b",
      "explanation": "The advantages of using AC power on aircraft are that it satisfies the large power demand and has less cost of transmission[cite: 52, 53, 54, 55]."
    },
    {
      "question_number": 18,
      "question": "What kind of circuits do you expect in the TRU unit",
      "options": {
        "a": "Inverter and rectifier",
        "b": "Converter and transformer",
        "c": "Transformer and rectifier"
      },
      "correct_answer": "c",
      "explanation": "In a TRU (Transformer Rectifier Unit), you can expect to find transformer and rectifier circuits[cite: 45, 48]."
    },
    {
      "question_number": 19,
      "question": "Which exterior lights are considered as attention getters?",
      "options": {
        "a": "Strobe light",
        "b": "Position light",
        "c": "Service light"
      },
      "correct_answer": "a",
      "explanation": "Strobe lights are the exterior lights that are considered attention getters[cite: 38, 39]."
    },
    {
      "question_number": 20,
      "question": "Taxi lights are found mostly on",
      "options": {
        "a": "on wing tip",
        "b": "nose landing gear strut of aircraft",
        "c": "the tail"
      },
      "correct_answer": "b",
      "explanation": "Taxi lights are mostly found on the nose landing gear strut of the aircraft[cite: 13, 17, 18]."
    }
]