[
    {
        "question_number": 1,
        "question": "According to the course overview, what is the total duration of the AMT/AV700 M3 Aircraft Communication and Navigation System course?",
        "options": {
            "a": "14 hours",
            "b": "28 hours",
            "c": "40 hours"
        },
        "correct_answer": "b",
      "explanation": "The course overview explicitly states that the duration of the course is 28 hours. [cite: 16]"
    },
    {
        "question_number": 2,
        "question": "What is the definition of 'Selectivity' for a communications receiver?",
        "options": {
            "a": "The ability to detect and process very weak signals.",
            "b": "The ability to select a signal of a desired frequency while rejecting those on closely adjacent frequencies.",
            "c": "The amount of gain applied to an incoming signal."
        },
        "correct_answer": "b",
      "explanation": "Selectivity is defined as the ability of a receiver to select a signal of a desired frequency while rejecting signals on closely adjacent frequencies, ensuring clear reception. [cite: 109, 110]"
    },
    {
        "question_number": 3,
        "question": "A receiver's ability to detect very weak signals is known as 'Sensitivity'. Which factor is key to influencing sensitivity?",
        "options": {
            "a": "The quality of tuned circuits (LC circuits)",
            "b": "The antenna's physical size",
            "c": "The amount of gain, or amplification, applied to the input signal"
        },
        "correct_answer": "c",
      "explanation": "Sensitivity is the ability of a receiver to detect weak signals. [cite: 135] [cite_start]Gain, which is how much an input signal is amplified, is the key factor that influences sensitivity. [cite: 147, 148]"
    },
    {
        "question_number": 4,
        "question": "What is the process of imprinting information, such as voice or data, onto a high-frequency carrier wave called?",
        "options": {
            "a": "Demodulation",
            "b": "Propagation",
            "c": "Modulation"
        },
        "correct_answer": "c",
      "explanation": "Modulation is the process of changing the characteristics of a carrier wave (like its amplitude or frequency) to carry information. [cite: 200, 201] [cite_start]Without this process, audio or data signals cannot travel efficiently over long distances. [cite: 205]"
    },
    {
        "question_number": 5,
        "question": "Which type of radio wave propagation enables long-range HF communication by reflecting signals off the ionosphere?",
        "options": {
            "a": "Sky Wave",
            "b": "Ground Wave",
            "c": "Space Wave"
        },
        "correct_answer": "a",
        "explanation": "Sky Wave propagation is used by HF (High Frequency) bands. [cite_start]The radio wave travels up to the ionosphere and is reflected back to Earth, allowing for communication over long distances, such as across continents. [cite: 596, 597, 598, 599]"
    },
    {
        "question_number": 6,
        "question": "What is the designated frequency range for VHF Communication (COM) systems in aviation?",
        "options": {
            "a": "2.0 – 29.999 MHz",
            "b": "108.00 – 117.95 MHz",
            "c": "118 – 137 MHz"
        },
        "correct_answer": "c",
      "explanation": "The frequency range allocated for VHF Communication (COM) is 118 – 137 MHz, which is used for air-to-air and air-to-ground voice communication. [cite: 460, 461, 463]"
    },
    {
        "question_number": 7,
        "question": "The Automatic Direction Finder (ADF) system operates within which frequency bands?",
        "options": {
            "a": "VHF & UHF",
            "b": "LF & MF",
            "c": "SHF & EHF"
        },
        "correct_answer": "b",
      "explanation": "The ADF system operates in the Low Frequency (LF) and Medium Frequency (MF) bands, specifically in the range of 190 – 1750 kHz, to receive signals from Non-Directional Beacons (NDBs). [cite: 489, 490]"
    },
    {
        "question_number": 8,
        "question": "An ideal Voltage Standing Wave Ratio (VSWR) is 1:1. What does this value indicate?",
        "options": {
            "a": "The antenna has failed.",
            "b": "A perfect impedance match between the antenna and the transmission line.",
            "c": "Maximum power is being reflected from the antenna."
        },
        "correct_answer": "b",
      "explanation": "VSWR indicates how well an antenna is matched to its transmission line. [cite: 714] [cite_start]An ideal value of 1:1 signifies a perfect match, meaning there is minimal reflected power and maximum efficiency. [cite: 715]"
    },
    {
        "question_number": 9,
        "question": "In antenna theory, what does 'polarization' refer to?",
        "options": {
            "a": "The orientation of the electric field of the radiated wave.",
            "b": "The physical direction the antenna is pointed.",
            "c": "The antenna's ability to operate in different frequency bands."
        },
        "correct_answer": "a",
        "explanation": "Antenna polarization refers to the orientation of the electric field of the electromagnetic wave radiated by the antenna. [cite_start]For best reception, the transmitting and receiving antennas must have matching polarizations. [cite: 757, 761]"
    },
    {
        "question_number": 10,
        "question": "Which sub-system of the Audio Integrating System provides communication facilities among flight compartment crewmembers?",
        "options": {
            "a": "Cabin Interphone System (CIS)",
            "b": "Service Interphone System (SIS)",
            "c": "Flight Interphone System (FIS)"
        },
        "correct_answer": "c",
      "explanation": "The Flight Interphone System (FIS) provides facilities for interphone communication specifically among flight compartment crewmembers and allows them to use the aircraft's radio systems. [cite: 844, 845, 846]"
    },
    {
        "question_number": 11,
        "question": "What are the specific alerts for a call initiated from the flight compartment to an attendant panel?",
        "options": {
            "a": "A 'Hi tone' chime and a Captain’s CALL light.",
            "b": "A 'Two-tone' chime and illuminated 'Pink Master Call' lights.",
            "c": "A ground crew call horn sound."
        },
        "correct_answer": "b",
      "explanation": "When an attendant call is initiated from the flight compartment, a “Two-tone” chime sounds and the “Pink Master Call” lights illuminate to alert the cabin crew. [cite: 872]"
    },
    {
        "question_number": 12,
        "question": "A Cockpit Voice Recorder (CVR) is mandatory on all multi-engine turbine-powered aircraft that meet certain criteria. What is the minimum seating capacity criterion?",
        "options": {
            "a": "More than nine passengers",
            "b": "More than 19 passengers",
            "c": "More than 30 passengers"
        },
        "correct_answer": "a",
      "explanation": "A cockpit voice recorder is required for all multi-engine turbine-powered aircraft with a maximum take-off weight over 5700 kg and with seating for more than nine passengers. [cite: 912]"
    },
    {
        "question_number": 13,
        "question": "To increase the number of available channels, what VHF communication channel spacing is used in Europe?",
        "options": {
            "a": "25 kHz",
            "b": "8.33 kHz",
            "c": "50 kHz"
        },
        "correct_answer": "b",
        "explanation": "While 25 kHz spacing is common, further division of the bandwidth is possible. [cite_start]In Europe, 8.33 kilohertz spacing is used to separate each VHF communication channel, increasing the total number of channels available. [cite: 948, 949]"
    },
    {
        "question_number": 14,
        "question": "What is the primary function of the SATCOM system on an aircraft?",
        "options": {
            "a": "To provide short-range line-of-sight voice communication near airports.",
            "b": "To allow for voice and data communication when outside the coverage of conventional VHF stations.",
            "c": "To receive signals from Non-Directional Beacons for navigation."
        },
        "correct_answer": "b",
      "explanation": "The SATCOM system is a voice and data service that allows an aircraft to communicate with ATC and its airline operations center when it is outside the coverage of conventional ground radar and VHF stations, such as over oceans. [cite: 1000]"
    },
    {
        "question_number": 15,
        "question": "What is the purpose of a SELCAL (Selective Calling) system?",
        "options": {
            "a": "It automatically selects the clearest communication frequency.",
            "b": "It allows a ground station to alert a specific aircraft's crew without them having to constantly monitor the radio.",
            "c": "It provides vertical and horizontal guidance for landing."
        },
        "correct_answer": "b",
        "explanation": "SELCAL allows a ground station to send a unique code of audio tones. [cite_start]A special decoder on the aircraft recognizes its assigned code and sends an alert to the crew, so they do not have to continuously monitor the HF or VHF voice channel. [cite: 1010, 1011, 1013, 1014]"
    },
    {
        "question_number": 16,
        "question": "Which of the following is one of the emergency distress frequencies transmitted by an Emergency Locator Transmitter (ELT)?",
        "options": {
            "a": "75 MHz",
            "b": "1090 MHz",
            "c": "406 MHz"
        },
        "correct_answer": "c",
      "explanation": "When activated, an ELT automatically transmits emergency radio signals on specific frequencies, which include 121.5 MHz, 243 MHz, and 406 MHz. [cite: 1029]"
    },
    {
        "question_number": 17,
        "question": "What is the primary purpose of static dischargers, or static wicks, on an aircraft?",
        "options": {
            "a": "They function as receiving antennas for the GPS system.",
            "b": "They measure the electrical charge in the atmosphere.",
            "c": "They discharge static electricity from the airframe to prevent interference with avionics."
        },
        "correct_answer": "c",
      "explanation": "Static electricity builds up on an airframe during flight and must be discharged to avoid interference with avionic equipment. [cite: 1092] [cite_start]This is accomplished by discharging the electricity into the atmosphere through static wicks (dischargers). [cite: 1094]"
    },
    {
        "question_number": 18,
        "question": "The Automatic Direction Finding (ADF) system provides what navigational information to the pilot?",
        "options": {
            "a": "The relative bearing to a Non-Directional Beacon (NDB).",
            "b": "The slant range distance to a DME station.",
            "c": "The aircraft's precise position from GPS satellites."
        },
        "correct_answer": "a",
      "explanation": "ADF is an electronic navigation aid that determines the relative bearing of the aircraft to a ground-based non-directional beacon (NDB). [cite: 1216] [cite_start]This information can be used to fly directly toward the station ('homing'). [cite: 1223]"
    },
    {
        "question_number": 19,
        "question": "What type of guidance does the Localizer (LOC) component of an Instrument Landing System (ILS) provide?",
        "options": {
            "a": "Vertical guidance (up/down).",
            "b": "Horizontal guidance (left/right).",
            "c": "Distance information to the runway."
        },
        "correct_answer": "b",
        "explanation": "The Localizer (LOC) provides horizontal (azimuth) guidance. [cite_start]It tells the pilot if the aircraft is to the left or right of the runway centerline. [cite: 1428, 1429]"
    },
    {
        "question_number": 20,
        "question": "During an ILS approach, the Outer Marker (OM) beacon illuminates a light of which color in the cockpit?",
        "options": {
            "a": "Amber",
            "b": "White",
            "c": "Blue"
        },
        "correct_answer": "c",
      "explanation": "The Outer Marker (OM) typically identifies the Final Approach Fix (FAF) and provides an indication of a blue light and a low-pitched tone to the flight crew. [cite: 1486, 1495]"
    },
    {
        "question_number": 21,
        "question": "The Distance Measuring Equipment (DME) system provides what specific type of distance information?",
        "options": {
            "a": "Slant range distance",
            "b": "Horizontal ground distance",
            "c": "Vertical distance (altitude)"
        },
        "correct_answer": "a",
        "explanation": "The distance measured by a DME is the straight-line distance between the aircraft and the ground station. [cite_start]This is the slant range distance, not the actual horizontal distance over the ground. [cite: 1541, 1551]"
    },
    {
        "question_number": 22,
        "question": "A ground-based secondary surveillance radar interrogates an aircraft's ATC transponder on 1030 MHz. On which frequency does the transponder reply?",
        "options": {
            "a": "1030 MHz",
            "b": "1090 MHz",
            "c": "121.5 MHz"
        },
        "correct_answer": "b",
      "explanation": "The ATC ground station interrogates the aircraft's transponder with a pulse-coded signal at a frequency of 1030 MHz. [cite: 1602] [cite_start]The transponder then sends its reply back on a frequency of 1090 MHz. [cite: 1603]"
    },
    {
        "question_number": 23,
        "question": "What is the primary difference between a TCAS I and a TCAS II system?",
        "options": {
            "a": "TCAS I provides horizontal escape maneuvers, while TCAS II provides vertical ones.",
            "b": "TCAS II can issue Resolution Advisories (RAs), while TCAS I only provides Traffic Advisories (TAs).",
            "c": "TCAS I is used for long-range surveillance, while TCAS II is for short-range."
        },
        "correct_answer": "b",
      "explanation": "TCAS I provides a Traffic Advisory (TA) only, which serves as a proximity warning to help the pilot visually acquire the intruder. [cite: 1620] [cite_start]TCAS II provides both TAs and Resolution Advisories (RAs), which are recommended vertical escape maneuvers to avoid conflicting traffic. [cite: 1622]"
    },
    {
        "question_number": 24,
        "question": "What does a Radio Altimeter (RA) measure?",
        "options": {
            "a": "The aircraft's height above mean sea level (MSL).",
            "b": "The aircraft's height above ground level (AGL).",
            "c": "The slant range distance to a VOR/DME station."
        },
        "correct_answer": "b",
      "explanation": "A Radio Altimeter is a primary radar system that measures the height of the aircraft Above Ground Level (AGL). [cite: 1665] [cite_start]Its target is always the ground immediately below the aircraft. [cite: 1675]"
    },
    {
        "question_number": 25,
        "question": "On an aircraft's weather radar display, what does the color red typically signify?",
        "options": {
            "a": "Light concentration of precipitation and slight turbulence.",
            "b": "Moderate concentration of precipitation and light turbulence.",
            "c": "Heavy concentration of precipitation and moderate/severe turbulence."
        },
        "correct_answer": "c",
        "explanation": "Weather radar displays use a color code to indicate precipitation intensity and associated turbulence. [cite_start]Red indicates a heavy concentration of precipitation with moderate to severe turbulence. [cite: 1705]"
    },
    {
        "question_number": 26,
        "question": "What is the minimum number of GPS satellites required for a receiver to determine a three-dimensional position and correct for clock bias?",
        "options": {
            "a": "Three",
            "b": "Four",
            "c": "Five"
        },
        "correct_answer": "b",
      "explanation": "A minimum of four satellites is required to provide highly accurate three-dimensional position (latitude, longitude, altitude) and time information, with the fourth satellite being used to solve for the clock bias or error in the receiver's clock. [cite: 1723, 1724, 1725, 1726, 1727, 1732, 1733, 1734, 1735, 1736, 1737]"
    },
    {
        "question_number": 27,
        "question": "Which two types of sensors are the core components of an Inertial Navigation System (INS) used to measure changes in speed, attitude, and heading?",
        "options": {
            "a": "Pitot tubes and static ports",
            "b": "Gyroscopes and accelerometers",
            "c": "Magnetometers and flux gates"
        },
        "correct_answer": "b",
      "explanation": "An Inertial Navigation System is a self-contained technique that uses onboard sensors to calculate position, heading, and speed. [cite: 1801] [cite_start]These sensors consist of rotation sensors (gyroscopes) and motion sensors (accelerometers) oriented in the 3 axes. [cite: 1801]"
    },
    {
        "question_number": 28,
        "question": "The design principle that uses a conducting material to shield the inside of a structure from external electromagnetic effects, such as lightning or HIRF, is known as what?",
        "options": {
            "a": "The Doppler effect",
            "b": "A Faraday cage",
            "c": "Impedance matching"
        },
        "correct_answer": "b",
      "explanation": "A Faraday cage (or Faraday shield) is a conducting material that shields the inside of the structure from electromagnetic effects, which is a key principle in lightning protection. [cite: 1118]"
    }
]