[
  {
    "question_number": 1,
    "question": "What is a typical RPM for an electrical gyroscope in an attitude indicator?",
    "options": {
      "a": "21,000 RPM",
      "b": "15,000 RPM",
      "c": "400 RPM"
    },
    "correct_answer": "a",
    "explanation": "To maintain rigidity in space for a stable reference, electrical gyros operate at high speeds, with 21,000 RPM being a common value."
  },
  {
    "question_number": 2,
    "question": "What was the first gyroscopic instrument to be widely installed in aircraft?",
    "options": {
      "a": "Attitude Indicator",
      "b": "Turn and Bank Indicator",
      "c": "Directional Gyro"
    },
    "correct_answer": "b",
    "explanation": "The turn and bank indicator was the first gyroscopic instrument used, providing critical information for making coordinated turns, especially in poor visibility."
  },
  {
    "question_number": 3,
    "question": "What is the standard frequency of the AC power used for many aircraft electrical gyro motors?",
    "options": {
      "a": "60 Hz",
      "b": "115 Hz",
      "c": "400 Hz"
    },
    "correct_answer": "c",
    "explanation": "Aircraft electrical systems commonly use 400 Hz AC power, as it allows for smaller, lighter, and more efficient motors and transformers compared to ground-based 50/60 Hz systems."
  },
  {
    "question_number": 4,
    "question": "In a traditional fluid-filled magnetic compass, what is used to dampen needle oscillations caused by vibration?",
    "options": {
      "a": "A light, clear oil",
      "b": "Mercury",
      "c": "Pressurized air"
    },
    "correct_answer": "a",
    "explanation": "The compass housing is filled with a petroleum-based fluid (like kerosene) to make the compass card stable and readable during flight."
  },
  {
    "question_number": 5,
    "question": "The High Frequency (HF) communication band operates within what frequency range?",
    "options": {
      "a": "30 - 300 MHz",
      "b": "2 - 30 MHz",
      "c": "108 - 117.95 MHz"
    },
    "correct_answer": "b",
    "explanation": "The HF band is defined as 2-30 MHz and is used for long-range, over-the-horizon communication because its signals can bounce off the ionosphere."
  },
  {
    "question_number": 6,
    "question": "Which communication frequency band is used for reliable, short-range, line-of-sight communication?",
    "options": {
      "a": "VHF",
      "b": "HF",
      "c": "LF"
    },
    "correct_answer": "a",
    "explanation": "Very High Frequency (VHF) is the standard for air traffic control and aircraft-to-aircraft communications over relatively short, line-of-sight distances."
  },
  {
    "question_number": 7,
    "question": "Which system is specifically designed to automatically counteract the aerodynamic tendency of Dutch roll?",
    "options": {
      "a": "Autothrottle",
      "b": "Flight Director",
      "c": "Yaw Damper"
    },
    "correct_answer": "c",
    "explanation": "The yaw damper makes small, automatic rudder inputs to prevent the coupled yawing and rolling motion known as Dutch roll, which is common in swept-wing aircraft."
  },
  {
    "question_number": 8,
    "question": "Where does a pilot typically find the switches to engage and select modes for the autopilot?",
    "options": {
      "a": "On the overhead panel",
      "b": "On the AFCS control panel",
      "c": "On the center pedestal"
    },
    "correct_answer": "b",
    "explanation": "The Automatic Flight Control System (AFCS) control panel, also known as the Mode Control Panel (MCP), is located on the glareshield for easy access."
  },
  {
    "question_number": 9,
    "question": "What is the pilot's primary manual control for regulating engine thrust?",
    "options": {
      "a": "Throttle",
      "b": "Mixture",
      "c": "Propeller control"
    },
    "correct_answer": "a",
    "explanation": "The throttle lever directly controls the amount of fuel and air going to the engine, which in turn regulates the power or thrust it produces."
  },
  {
    "question_number": 10,
    "question": "The sensing element in a simple, conventional magnetic compass consists of a:",
    "options": {
      "a": "Flux valve",
      "b": "Laser ring",
      "c": "Permanent magnet"
    },
    "correct_answer": "c",
    "explanation": "A conventional 'whiskey' compass uses a lightweight permanent magnet mounted on a pivot that is free to align itself with the Earth's magnetic field."
  },
  {
    "question_number": 11,
    "question": "Which system provides steering cues (guidance) for the pilot to follow, without directly controlling the aircraft itself?",
    "options": {
      "a": "Flight Director",
      "b": "Autopilot",
      "c": "Yaw Damper"
    },
    "correct_answer": "a",
    "explanation": "The flight director calculates and displays pitch and roll commands (e.g., V-bars) for the pilot to follow to maintain a desired flight path."
  },
  {
    "question_number": 12,
    "question": "On a modern flight deck, where is TCAS (Traffic Collision Avoidance System) information typically displayed?",
    "options": {
      "a": "Primary Flight Display (PFD)",
      "b": "Navigation Display (ND)",
      "c": "EICAS/ECAM Display"
    },
    "correct_answer": "b",
    "explanation": "The Navigation Display provides a map-like view, which is ideal for showing the relative position, altitude, and trajectory of other aircraft detected by TCAS."
  },
  {
    "question_number": 13,
    "question": "The graphical returns from the onboard weather radar are typically presented on the:",
    "options": {
      "a": "Primary Flight Display (PFD)",
      "b": "Navigation Display (ND)",
      "c": "Control Display Unit (CDU)"
    },
    "correct_answer": "b",
    "explanation": "Similar to TCAS, weather radar imagery is overlaid on the Navigation Display to help pilots visualize and navigate around areas of adverse weather."
  },
  {
    "question_number": 14,
    "question": "A purely gyroscopic instrument used for short-term heading reference that is susceptible to drift is the:",
    "options": {
      "a": "Magnetic Compass",
      "b": "Flux Gate Compass",
      "c": "Directional Gyro (DG)"
    },
    "correct_answer": "c",
    "explanation": "A Directional Gyro provides a stable heading reference but is not north-seeking. Due to mechanical friction (precession), it drifts over time and must be periodically realigned with the magnetic compass."
  },
  {
    "question_number": 15,
    "question": "A standard Cockpit Voice Recorder (CVR) is required to record how many channels of audio?",
    "options": {
      "a": "4",
      "b": "2",
      "c": "6"
    },
    "correct_answer": "a",
    "explanation": "Regulations typically require CVRs to record at least four channels: Captain audio, First Officer audio, Cockpit Area Microphone (CAM), and a fourth channel for a third crew member or PA system."
  },
  {
    "question_number": 16,
    "question": "Which system provides 'To/From' indications relative to a selected ground station?",
    "options": {
      "a": "VOR",
      "b": "Beacon Light",
      "c": "ADF"
    },
    "correct_answer": "a",
    "explanation": "The VHF Omnidirectional Range (VOR) system specifically provides a 'To/From' flag on the Course Deviation Indicator (CDI) to show if the aircraft is heading toward or away from the station on the selected radial."
  },
  {
    "question_number": 17,
    "question": "Which communication system is generally unsuitable for intercontinental flights due to its range limitations?",
    "options": {
      "a": "HF",
      "b": "VHF",
      "c": "SATCOM"
    },
    "correct_answer": "b",
    "explanation": "VHF is limited to line-of-sight range, making it unsuitable for long distances over the horizon. HF and SATCOM are the primary systems for intercontinental communication."
  },
  {
    "question_number": 18,
    "question": "What is the general term for the systems and processes used to determine an aircraft's position, direction, and speed?",
    "options": {
      "a": "Navigation",
      "b": "Communication",
      "c": "Autoflight"
    },
    "correct_answer": "a",
    "explanation": "Navigation is the art and science of determining the position and course of an aircraft and guiding it from one point to another."
  },
  {
    "question_number": 19,
    "question": "Which device converts modulated electrical signals into propagating radio waves?",
    "options": {
      "a": "Antenna",
      "b": "Radio transmitter",
      "c": "Modulator"
    },
    "correct_answer": "b",
    "explanation": "A radio transmitter generates and amplifies a radio frequency carrier signal, modulates it with information, and feeds it to an antenna. The transmitter is what produces the final signal for broadcast."
  },
  {
    "question_number": 20,
    "question": "What is the general class of electronic circuits designed to increase the strength of a signal's current, power, or voltage?",
    "options": {
      "a": "Amplifiers",
      "b": "Diodes",
      "c": "Transistors"
    },
    "correct_answer": "a",
    "explanation": "An amplifier is a circuit or device that increases the amplitude of a signal. While transistors are often used as amplifying components, 'amplifier' is the correct term for the function itself."
  },
  {
    "question_number": 21,
    "question": "What is a device that combines a radio transmitter and a receiver into a single unit called?",
    "options": {
      "a": "Transceiver",
      "b": "Transponder",
      "c": "Converter"
    },
    "correct_answer": "a",
    "explanation": "A transceiver is a combination of a TRANSmitter and a reCEIVER, capable of both sending and receiving signals."
  },
  {
    "question_number": 22,
    "question": "Which electronic component is designed to allow electrical current to flow in only one direction?",
    "options": {
      "a": "Resistor",
      "b": "Diode",
      "c": "Transistor"
    },
    "correct_answer": "b",
    "explanation": "A diode is a semiconductor device that acts as a one-way gate for electrical current, exhibiting low resistance in one direction and high resistance in the other."
  },
  {
    "question_number": 23,
    "question": "What is the metallic structure that interfaces with space to radiate or capture electromagnetic waves?",
    "options": {
      "a": "Antenna",
      "b": "Waveguide",
      "c": "Radome"
    },
    "correct_answer": "a",
    "explanation": "An antenna is a transducer specifically designed to transmit and/or receive electromagnetic waves, converting electrical signals to radio waves and vice versa."
  },
  {
    "question_number": 24,
    "question": "Which of the following communication systems relies on line-of-sight and is therefore used for shorter-range, not long-distance, communication?",
    "options": {
      "a": "VHF",
      "b": "HF",
      "c": "SATCOM"
    },
    "correct_answer": "a",
    "explanation": "VHF radio waves do not effectively bend around the curvature of the Earth, limiting their reliable range and making them unsuitable for long-distance communication, unlike HF or SATCOM."
  },
  {
    "question_number": 25,
    "question": "Which passive electrical component stores energy in a magnetic field when current flows through it?",
    "options": {
      "a": "Capacitor",
      "b": "Diode",
      "c": "Inductor"
    },
    "correct_answer": "c",
    "explanation": "An inductor, typically a coil of wire, stores energy in a magnetic field created by the electric current flowing through it. A capacitor stores energy in an electric field."
  }
]