[
    {
        "question_number": 1,
        "question": "What is a typical operating speed for an air-driven rate gyro?",
        "options": {
            "a": "15,500 RPM",
            "b": "21,000 RPM",
            "c": "27,500 RPM"
        },
        "correct_answer": "b",
        "explanation": ""
    },
    {
        "question_number": 2,
        "question": "An electrical vertical gyro, such as one used in an attitude indicator, often operates at a speed of approximately:",
        "options": {
            "a": "21,000 RPM",
            "b": "27,500 RPM",
            "c": "400 RPM"
        },
        "correct_answer": "a",
        "explanation": "The notes specify that an electrical vertical gyro typically operates around 21,000 RPM. The 400 RPM option refers to a common AC frequency (Hz), not rotational speed."
    },
    {
        "question_number": 3,
        "question": "Historically, which of the following was the first gyroscopic instrument to be widely adopted in aircraft cockpits?",
        "options": {
            "a": "Attitude Indicator (Artificial Horizon)",
            "b": "Turn and Bank Indicator",
            "c": "Directional Gyro (Heading Indicator)"
        },
        "correct_answer": "b",
        "explanation": "The first gyroscopic instrument installed in aircraft was the Turn and Bank Indicator, providing essential information for coordinated turns."
    },
    {
        "question_number": 4,
        "question": "In a classic, non-electronic standby magnetic compass, what is the primary purpose of the clear, oil-like fluid inside the casing?",
        "options": {
            "a": "To lubricate the pivot point",
            "b": "To magnify the compass card numerals",
            "c": "To dampen needle oscillations and vibration"
        },
        "correct_answer": "c",
        "explanation": "The note 'Compass Vibration - oil' points to this function. The fluid (typically a clear petroleum-based liquid) dampens the movement of the compass card, making it readable during flight vibrations."
    },
    {
        "question_number": 5,
        "question": "A gyromagnetic compass that relies on a pneumatically-driven gyro for stability might be most suitable for:",
        "options": {
            "a": "Long-haul flights requiring sustained high accuracy.",
            "b": "Aircraft with robust vacuum systems on shorter duration flights.",
            "c": "High-altitude operations where electrical power is limited."
        },
        "correct_answer": "b",
        "explanation": "The note 'Short flight - pneumatic compass' suggests its use is limited by its power source. Pneumatic systems run off engine-driven vacuum pumps, making them practical for shorter flights where the engine runs continuously."
    },
    {
        "question_number": 6,
        "question": "On a modern electronic flight display, the flight director's command bars are integrated into the:",
        "options": {
            "a": "Primary Flight Display (PFD)",
            "b": "Navigation Display (ND)",
            "c": "Multifunction Display (MFD)"
        },
        "correct_answer": "a",
        "explanation": "The note 'FD - PFD' indicates the Flight Director (FD) is shown on the Primary Flight Display (PFD). The PFD is the main display for flight attitude and guidance."
    },
    {
        "question_number": 7,
        "question": "While TCAS alerts may be issued on the PFD, the detailed map showing the relative position of conflicting traffic is typically shown on the:",
        "options": {
            "a": "Navigation Display (ND)",
            "b": "Engine Indicating and Crew Alerting System (EICAS)",
            "c": "Flight Management System (FMS) Control Display Unit"
        },
        "correct_answer": "a",
        "explanation": "The note 'TCAS - Navigation Display' specifies that Traffic Collision Avoidance System (TCAS) information is shown on the Navigation Display for tactical awareness."
    },
    {
        "question_number": 8,
        "question": "The graphical depiction of precipitation and turbulence from the weather radar is most commonly overlaid on the:",
        "options": {
            "a": "Navigation Display (ND)",
            "b": "Primary Flight Display (PFD)",
            "c": "Attitude Direction Indicator (ADI)"
        },
        "correct_answer": "a",
        "explanation": "As noted, 'Weather Radar - navigation Display', weather radar imagery is presented on the Navigation Display to help pilots plan their route around adverse weather."
    },
    {
        "question_number": 9,
        "question": "Which instrument is the primary indicator for centering a VOR signal by displaying lateral deviation from the selected radial?",
        "options": {
            "a": "Course Deviation Indicator (CDI)",
            "b": "Radio Magnetic Indicator (RMI)",
            "c": "Automatic Direction Finder (ADF)"
        },
        "correct_answer": "a",
        "explanation": "The note 'VOR - CDI' connects the VHF Omnidirectional Range (VOR) navigation system to the Course Deviation Indicator (CDI), which displays deviation from the selected course."
    },
    {
        "question_number": 10,
        "question": "What is the pilot's primary manual interface for regulating the amount of thrust produced by the engines?",
        "options": {
            "a": "The throttle levers",
            "b": "The mixture control",
            "c": "The FADEC control unit"
        },
        "correct_answer": "a",
        "explanation": "The note 'Engine - engine throttle' correctly identifies the throttle as the primary control for engine power or thrust."
    },
    {
        "question_number": 11,
        "question": "In the context of an Instrument Landing System (ILS), the term 'precision' refers to its ability to provide:",
        "options": {
            "a": "Accurate lateral and vertical guidance to the runway.",
            "b": "A signal range exceeding 50 nautical miles.",
            "c": "Automatic tuning of the navigation frequency."
        },
        "correct_answer": "a",
        "explanation": "The standalone note 'Precision' in an aviation context often refers to precision approaches like ILS, which provide both lateral (localizer) and vertical (glideslope) guidance."
    },
    {
        "question_number": 12,
        "question": "The tendency of a spinning gyroscope to remain fixed in its plane of rotation is known as:",
        "options": {
            "a": "Rigidity in Space",
            "b": "Precession",
            "c": "Earth Rate Drift"
        },
        "correct_answer": "a",
        "explanation": "The note 'Rigidity' refers to 'Rigidity in Space,' a fundamental principle of gyroscopes that allows them to serve as stable references in instruments."
    },
    {
        "question_number": 13,
        "question": "The fundamental role of a flight director is to:",
        "options": {
            "a": "Compute and display steering commands for the pilot to follow.",
            "b": "Physically move the flight controls to guide the aircraft.",
            "c": "Display the aircraft's current attitude, altitude, and airspeed."
        },
        "correct_answer": "a",
        "explanation": "As per the note 'flight director - guidance', its main purpose is to provide computed pitch and roll commands (guidance) to help the pilot fly a desired path."
    },
    {
        "question_number": 14,
        "question": "To provide a stable reference for the artificial horizon, the spin axis of the gyroscope in a vertical gyro is oriented:",
        "options": {
            "a": "Vertically, perpendicular to the Earth's surface.",
            "b": "Horizontally, parallel to the aircraft's longitudinal axis.",
            "c": "Horizontally, parallel to the aircraft's lateral axis."
        },
        "correct_answer": "a",
        "explanation": "The note 'Vertical gyro axis spin - Vertical' explains this. The vertically oriented spin axis allows the gyro to maintain its position relative to the earth, creating a reference for the artificial horizon."
    },
    {
        "question_number": 15,
        "question": "A flux valve (or flux detector), which senses the Earth's magnetic field, is typically mounted in a wingtip or the tail to:",
        "options": {
            "a": "Minimize electromagnetic interference from the aircraft's other systems.",
            "b": "Place it as close as possible to the center of pressure.",
            "c": "Isolate it from the aerodynamic effects of the fuselage."
        },
        "correct_answer": "a",
        "explanation": "The note 'flux valve - wingtip & Vertical Stabilizer' indicates its location. These spots are chosen to distance the sensitive detector from magnetic fields generated by the engines and electrical wiring."
    },
    {
        "question_number": 16,
        "question": "The core of a flux valve requires a material with high magnetic permeability to sense the Earth's magnetic field effectively. This is typically a:",
        "options": {
            "a": "Soft-iron alloy like Permalloy",
            "b": "Permanent rare-earth magnet",
            "c": "Non-ferrous metal like copper"
        },
        "correct_answer": "a",
        "explanation": "The note 'Magnetic P-alloy' likely refers to Permalloy, a nickel-iron magnetic alloy prized for its high permeability, making it ideal for detecting weak magnetic fields in flux gate compasses."
    },
    {
        "question_number": 17,
        "question": "Certain models of Enhanced Weather Radar (EWR) systems may use a specific number of processing channels to analyze returns. A plausible configuration is:",
        "options": {
            "a": "Four channels",
            "b": "Ten channels",
            "c": "Two channels"
        },
        "correct_answer": "a",
        "explanation": "This question is based directly on the note 'EWR Channel - 4', which refers to a specific system characteristic."
    },
    {
        "question_number": 18,
        "question": "High Frequency (HF) radios are used for long-range air-to-ground communication and operate in the range of:",
        "options": {
            "a": "2 to 30 MHz",
            "b": "30 to 300 MHz",
            "c": "300 to 3000 MHz"
        },
        "correct_answer": "a",
        "explanation": "The note 'HF Range - 2-30' correctly identifies the High Frequency (HF) band, which is used for long-range, over-the-horizon communication."
    },
    {
        "question_number": 19,
        "question": "When setting an altimeter to standard pressure for flight in the flight levels, the value used is:",
        "options": {
            "a": "29.92 in. Hg or 1013.2 hPa",
            "b": "28.92 in. Hg or 979.4 hPa",
            "c": "30.92 in. Hg or 1047.2 hPa"
        },
        "correct_answer": "a",
        "explanation": "The note 'STD - 29.92 in. Hg' specifies the International Standard Atmosphere (ISA) pressure at sea level. All aircraft operating at or above the transition altitude set their altimeters to this standard."
    },
    {
        "question_number": 20,
        "question": "VHF communication radios are limited by line-of-sight propagation, which makes them most effective for:",
        "options": {
            "a": "Short to medium-range communications.",
            "b": "Over-the-horizon global communications.",
            "c": "Sub-surface communications."
        },
        "correct_answer": "a",
        "explanation": "The note 'Short long - VHF' (interpreted as short-range) is correct. VHF signals travel in a straight line and do not follow the curvature of the Earth, limiting their range."
    },
    {
        "question_number": 21,
        "question": "The Air Data Computer (ADC) receives static pressure from the pitot-static system to calculate altitude, and it combines this with dynamic pressure to compute the aircraft's:",
        "options": {
            "a": "Indicated Airspeed",
            "b": "Groundspeed",
            "c": "True Airspeed directly"
        },
        "correct_answer": "a",
        "explanation": "The notes 'Altimeter -> Airspeed' and 'Air data system - Airspeed' highlight this relationship. The ADC computes indicated airspeed from the difference between total pressure (pitot) and static pressure."
    },
    {
        "question_number": 22,
        "question": "An aircraft's attitude is described as 'pitch up' when its longitudinal axis is angled:",
        "options": {
            "a": "Above the natural horizon.",
            "b": "Below the natural horizon.",
            "c": "Toward the direction of the relative wind."
        },
        "correct_answer": "a",
        "explanation": "This is the definition of a positive pitch attitude, as stated in the note 'Above horizontal - pitch up'."
    },
    {
        "question_number": 23,
        "question": "In the color-coding philosophy of a modern flight deck, a red indication signifies:",
        "options": {
            "a": "A warning condition requiring immediate crew awareness and action.",
            "b": "A caution condition requiring timely but not immediate attention.",
            "c": "An advisory status indicating a system is in use."
        },
        "correct_answer": "a",
        "explanation": "The note 'Red - Risky' accurately reflects aviation display standards, where red indicates a warning of a hazardous or critical condition."
    },
    {
        "question_number": 24,
        "question": "The AC electrical systems in most large aircraft supply power to avionics, including some gyros, at a frequency of:",
        "options": {
            "a": "400 Hz",
            "b": "60 Hz",
            "c": "50 Hz"
        },
        "correct_answer": "a",
        "explanation": "As per the note '400HZ - AC Gyro', aviation uses 400 Hz AC power because it allows for smaller, lighter, and more efficient motors and transformers compared to standard 50/60 Hz power."
    },
    {
        "question_number": 25,
        "question": "A yaw damper is a sub-system of the automatic flight control system that is specifically designed to counteract:",
        "options": {
            "a": "Dutch Roll oscillations.",
            "b": "Adverse yaw in a turn.",
            "c": "Spiral instability."
        },
        "correct_answer": "a",
        "explanation": "The note 'Yaw damper - Dutch roll' correctly identifies the primary function of a yaw damper, which automatically applies small rudder inputs to prevent or correct the coupled rolling and yawing motion known as Dutch roll."
    },
    {
        "question_number": 26,
        "question": "In an aircraft's audio system, the function of the pilot's microphone is to:",
        "options": {
            "a": "Transduce acoustic (voice) energy into an electrical signal.",
            "b": "Transduce an electrical signal into audible sound.",
            "c": "Modulate the frequency of the radio carrier wave."
        },
        "correct_answer": "a",
        "explanation": "The note 'Microphone - Voice to electr' describes the function of a microphone: to convert sound waves (voice) into electrical signals for transmission or amplification."
    },
    {
        "question_number": 27,
        "question": "A pilot typically engages the autopilot and selects its various lateral and vertical modes using the:",
        "options": {
            "a": "AFCS Mode Control Panel (MCP) on the glareshield.",
            "b": "Control Display Unit (CDU) for the FMS.",
            "c": "Circuit breaker panel."
        },
        "correct_answer": "a",
        "explanation": "The note 'Autopilot engage - AFCS control panel' is correct. The Automatic Flight Control System (AFCS) is managed through the Mode Control Panel (MCP), located centrally for easy access."
    },
    {
        "question_number": 28,
        "question": "A conventional Directional Gyro (DG), also known as a heading indicator, is designed to provide the pilot with a stable:",
        "options": {
            "a": "Magnetic heading reference.",
            "b": "Attitude reference relative to the horizon.",
            "c": "Rate-of-turn indication."
        },
        "correct_answer": "a",
        "explanation": "The note 'Attitude Heading gyro - Directional Gyro' links these concepts. A Directional Gyro uses the principle of rigidity in space to provide a stable heading indication, which the pilot must periodically align with the magnetic compass."
    }
]