[
  {
    "question_number": 1,
    "question": "Which of the following accurately describes the relationship between a carrier wave and modulation in avionics?",
    "options": {
      "a": "A carrier wave is a low-frequency signal that is powerful enough to travel long distances on its own without any modification. [cite: 221]",
      "b": "Modulation is the process of adding information, such as voice or data, to a high-frequency carrier wave, which is necessary because the information itself cannot travel far on its own. [cite: 201, 221]",
      "c": "The carrier wave is generated by the antenna after the modulation process has been completed by the transmitter. [cite: 287, 288]"
    },
    "correct_answer": "b",
    "explanation": "Modulation is the process of modifying a carrier wave to carry information like voice or data. [cite: 200, 201] A carrier wave is a high-frequency radio wave used to transport this information over long distances because the original information signal has low frequency or power and cannot travel far on its own. [cite: 214, 221]"
  },
  {
    "question_number": 2,
    "question": "A communication receiver's ability to process faint signals from a distant station is primarily determined by its:",
    "options": {
      "a": "Selectivity, which depends on the quality of its tuned circuits to filter out noise. [cite: 109, 111, 120]",
      "b": "Sensitivity, which is directly related to the receiver's gain and ability to amplify weak signals. [cite: 135, 147, 177]",
      "c": "Demodulation capability, which is the process of recovering the original information from the carrier wave. [cite: 253]"
    },
    "correct_answer": "b",
    "explanation": "Sensitivity is defined as the ability of a communication receiver to detect and process very weak signals. [cite: 135] This ability is directly related to the receiver's gain, which is how much the input signal is amplified. [cite: 147, 148, 177] Higher gain results in better sensitivity. [cite: 149, 180]"
  },
  {
    "question_number": 3,
    "question": "What is the fundamental principle discovered by James Clerk Maxwell that enables radio wave propagation?",
    "options": {
      "a": "Electric and magnetic fields require a medium like air to travel through space as electromagnetic waves. [cite: 340]",
      "b": "A changing electric field produces a parallel magnetic field, and a changing magnetic field produces a parallel electric field. [cite: 333, 334]",
      "c": "A changing electric field produces a perpendicular magnetic field, and vice-versa, creating a self-sustaining electromagnetic wave. [cite: 333, 334, 338]"
    },
    "correct_answer": "c",
    "explanation": "Maxwell's equations predicted that a changing electric field produces a perpendicular magnetic field, and a changing magnetic field produces a perpendicular electric field. [cite: 333, 334] These two fields continuously generate each other, forming a self-sustaining electromagnetic wave that travels through space. [cite: 338]"
  },
  {
    "question_number": 4,
    "question": "For long-range communication over oceans, an aircraft would primarily use which type of radio wave propagation?",
    "options": {
      "a": "Ground waves, which follow the curvature of the Earth and are suitable for LF and MF signals like NDB. [cite: 589, 590, 592, 621, 623]",
      "b": "Space waves, which are line-of-sight and are used for VHF and UHF systems like VOR and ILS. [cite: 604, 606, 607, 609]",
      "c": "Sky waves, where HF radio waves are reflected off the ionosphere to achieve long-distance, beyond line-of-sight communication. [cite: 597, 598, 599, 978, 979, 982]"
    },
    "correct_answer": "c",
    "explanation": "Sky wave propagation is used by HF (High Frequency) bands for long-distance communication. [cite: 598, 599] HF radio waves bounce off the ionosphere, which extends their range beyond line-of-sight, making them ideal for transoceanic flights. [cite: 978, 979, 980]"
  },
  {
    "question_number": 5,
    "question": "Which of these aircraft communication systems utilizes the HF band specifically for long-distance voice communications?",
    "options": {
      "a": "VHF System. [cite: 804]",
      "b": "HF System. [cite: 803, 813]",
      "c": "SATCOM System. [cite: 806]"
    },
    "correct_answer": "b",
    "explanation": "The HF (High Frequency) System is used for long-distance voice communications, especially over oceans and remote areas. [cite: 803, 813]"
  },
  {
    "question_number": 6,
    "question": "What is the primary function of the SELCAL system?",
    "options": {
      "a": "To provide a direct data link for transmitting maintenance fault codes to ground stations. [cite: 99]",
      "b": "To alert a flight crew of an incoming call over HF or VHF radio without requiring them to constantly monitor the frequency. [cite: 805, 815, 1014]",
      "c": "To automatically transmit emergency signals on 121.5 MHz after a crash. [cite: 1029]"
    },
    "correct_answer": "b",
    "explanation": "The SELCAL (Selective Calling) system allows a ground station to alert a specific aircraft's crew of a call over HF or VHF. [cite: 805, 815] A decoder on the aircraft recognizes its assigned code and alerts the crew, so they do not have to continuously monitor the radio. [cite: 1013, 1014]"
  },
  {
    "question_number": 7,
    "question": "A key requirement for aircraft communication systems is redundancy. What does this entail?",
    "options": {
      "a": "Having a single, highly reliable communication system like SATCOM for all phases of flight. [cite: 80]",
      "b": "Ensuring the aircraft has multiple, independent communication systems (e.g., dual VHF, HF, SATCOM) to prevent loss of contact from a single-point failure. [cite: 87]",
      "c": "The ability of a receiver to select a signal of a desired frequency while rejecting others. [cite: 109]"
    },
    "correct_answer": "b",
    "explanation": "Redundancy in systems for safety means having multiple communication systems, such as dual VHF, HF, and SATCOM. [cite: 87] This ensures that communication is not lost due to a single-point failure and is critical for emergency operations. [cite: 87, 88]"
  },
  {
    "question_number": 8,
    "question": "Which aircraft navigation system operates in the LF/MF bands and uses a ground-based non-directional beacon to determine relative bearing?",
    "options": {
      "a": "VOR (VHF Omnidirectional Range). [cite: 468, 470]",
      "b": "ADF (Automatic Direction Finder). [cite: 488, 490, 1216]",
      "c": "DME (Distance Measuring Equipment). [cite: 484, 486]"
    },
    "correct_answer": "b",
    "explanation": "The Automatic Direction Finder (ADF) is an electronic navigation aid that determines the relative bearing of an aircraft to a ground-based non-directional beacon (NDB) operating in the MF or LF bands. [cite: 488, 490, 1216]"
  },
  {
    "question_number": 9,
    "question": "The Instrument Landing System (ILS) provides both horizontal and vertical guidance. Which components are responsible for each?",
    "options": {
      "a": "The Localiser (LOC) provides vertical guidance, and the Glideslope (GS) provides horizontal guidance. [cite: 1450]",
      "b": "The Outer Marker (OM) provides horizontal guidance, and the Middle Marker (MM) provides vertical guidance. [cite: 1486, 1488]",
      "c": "The Localiser (LOC) provides horizontal (azimuth) guidance, and the Glideslope (GS) provides vertical guidance. [cite: 1427, 1429, 1434, 1436, 1450]"
    },
    "correct_answer": "c",
    "explanation": "An ILS uses two radio beams for guidance. [cite: 1422] The localiser (LOC) provides horizontal (azimuth) guidance, indicating if the aircraft is left or right of the runway centerline. [cite: 1427, 1429] The glideslope (GS) provides vertical guidance, indicating if the aircraft is on the correct descent profile. [cite: 1434, 1436, 1450]"
  },
  {
    "question_number": 10,
    "question": "What is the defining characteristic of a DME measurement?",
    "options": {
      "a": "It measures the actual horizontal distance over the ground to the station. [cite: 1551]",
      "b": "It calculates the slant range distance, which is the direct line-of-sight distance between the aircraft and the ground station. [cite: 1541, 1551]",
      "c": "It uses VLF waves reflected from the ionosphere to calculate distance. [cite: 982]"
    },
    "correct_answer": "b",
    "explanation": "DME measures the time for a signal to travel to a ground station and back, translating it into distance. [cite: 1550] This distance is the slant range, the straight-line distance to the station, not the horizontal distance over the ground. [cite: 1541, 1551]"
  },
  {
    "question_number": 11,
    "question": "TCAS II provides what types of advisories to the flight crew?",
    "options": {
      "a": "Traffic Advisories (TA) only, for visual acquisition of intruder aircraft. [cite: 1620]",
      "b": "Both Traffic Advisories (TA) and Resolution Advisories (RA) with vertical escape maneuvers. [cite: 1622]",
      "c": "Resolution Advisories (RA) in both horizontal and vertical directions. [cite: 1624]"
    },
    "correct_answer": "b",
    "explanation": "TCAS II provides both Traffic Advisories (TA) for situational awareness and Resolution Advisories (RA) which recommend vertical escape maneuvers (e.g., climb, descend) to avoid conflicting traffic. [cite: 1622]"
  },
  {
    "question_number": 12,
    "question": "How does a Radio Altimeter (RA) determine an aircraft's height?",
    "options": {
      "a": "By receiving signals from GPS satellites to calculate altitude above mean sea level. [cite: 1722, 1725]",
      "b": "By transmitting RF energy towards the ground and timing the reception of the echo, measuring height Above Ground Level (AGL). [cite: 1665, 1674, 1675]",
      "c": "By using gyroscopes and accelerometers to calculate altitude based on the aircraft's initial position. [cite: 1772]"
    },
    "correct_answer": "b",
    "explanation": "Radio Altimeters are primary radar systems that transmit RF energy directly down and measure the time it takes for the echo to return from the ground. [cite: 1674, 1675] This provides a measurement of the aircraft's height Above Ground Level (AGL). [cite: 1665]"
  },
  {
    "question_number": 13,
    "question": "An aircraft's weather radar displays weather concentrations in different colors. What does a 'Red' indication signify?",
    "options": {
      "a": "Light concentration and slight turbulence. [cite: 1703]",
      "b": "Heavy concentration of large drops and severe turbulence. [cite: 1706]",
      "c": "Heavy concentration and moderate/severe turbulence. [cite: 1705, 1714]"
    },
    "correct_answer": "c",
    "explanation": "On a weather radar display, the color red indicates a heavy concentration of precipitation, which is associated with moderate to severe turbulence. [cite: 1705, 1714]"
  },
  {
    "question_number": 14,
    "question": "What is the minimum number of satellites required for a GPS receiver to determine a three-dimensional position and correct for clock bias?",
    "options": {
      "a": "Three satellites, to determine latitude, longitude, and altitude. [cite: 1728, 1729, 1730]",
      "b": "Four satellites, to solve for latitude, longitude, altitude, and clock bias. [cite: 1728, 1729, 1730, 1731, 1736]",
      "c": "Six satellites, which is the number of ring laser gyros used in an ADIRU. [cite: 1784]"
    },
    "correct_answer": "b",
    "explanation": "A GPS receiver needs a minimum of four satellites to provide a three-dimensional position (latitude, longitude, altitude) and to solve for the clock bias, which is the difference between the receiver's time and GPS time. [cite: 1725, 1728, 1729, 1730, 1731, 1736]"
  },
  {
    "question_number": 15,
    "question": "Which of the following navigation systems is self-contained and does not depend on external radio signals from ground stations or satellites?",
    "options": {
      "a": "GPS (Global Positioning System). [cite: 1209, 1722]",
      "b": "VOR (VHF Omnidirectional Range). [cite: 1195, 1205]",
      "c": "INS (Inertial Navigation System). [cite: 1210, 1768]"
    },
    "correct_answer": "c",
    "explanation": "An Inertial Navigation System (INS) is a self-contained navigation technique that uses internal sensors like gyroscopes and accelerometers to calculate position, heading, and speed. [cite: 1772, 1801] It does not rely on external signals from ground stations or satellites. [cite: 1210, 1768]"
  },
  {
    "question_number": 16,
    "question": "What is the primary purpose of static dischargers (wicks) on an aircraft?",
    "options": {
      "a": "To function as the primary antennas for VHF communication. [cite: 639]",
      "b": "To safely discharge static electricity buildup from the airframe into the atmosphere to prevent interference with avionics. [cite: 1092, 1094]",
      "c": "To improve the directivity and gain of navigation antennas. [cite: 733, 750]"
    },
    "correct_answer": "b",
    "explanation": "Static electricity builds up on the airframe during flight and must be discharged to avoid interference with avionic equipment. [cite: 1092] This is accomplished by discharging the static electricity into the atmosphere through static wicks. [cite: 1094]"
  },
  {
    "question_number": 17,
    "question": "During the installation of an ATC antenna, what is the significance of the VSWR (Voltage Standing Wave Ratio)?",
    "options": {
      "a": "It measures the antenna's directivity, with higher values indicating a more focused beam. [cite: 734]",
      "b": "It indicates how well the antenna is impedance-matched to the transmission line; a high value signifies more reflected power and inefficiency. [cite: 710, 714, 716]",
      "c": "It determines the physical length of the antenna required for the operating frequency. [cite: 703, 707]"
    },
    "correct_answer": "b",
    "explanation": "VSWR indicates how well an antenna is matched to the transmission line. [cite: 714] A high VSWR means there is a mismatch, causing more reflected power, signal loss, and potential damage to the transmitter. [cite: 716, 720] The ideal value is 1:1, indicating a perfect match. [cite: 715]"
  },
  {
    "question_number": 18,
    "question": "Which component in a modern ADF system electronically simulates the rotation of a loop antenna to determine signal direction?",
    "options": {
      "a": "The sense antenna, which resolves 180° ambiguity. [cite: 1221]",
      "b": "The resolver, which is a transducer that measures the angle of rotation. [cite: 1261, 1262]",
      "c": "The goniometer, which replaces the physical rotation of the loop antenna. [cite: 1251, 1274, 1275]"
    },
    "correct_answer": "c",
    "explanation": "In modern ADF systems, a goniometer with a rotor replaces the need for a physically rotating loop antenna. [cite: 1251, 1274, 1275] The goniometer uses electrical signals to simulate rotation and determine the direction of the received radio signal. [cite: 1252]"
  },
  {
    "question_number": 19,
    "question": "What distinguishes VOR from ADF in terms of the information provided?",
    "options": {
      "a": "VOR provides the relative bearing to a station, while ADF provides the exact magnetic bearing (radial) from the station. [cite: 1414, 1415]",
      "b": "VOR provides an exact magnetic bearing (radial) from the station, while ADF simply points toward the station, indicating relative bearing. [cite: 1318, 1413, 1415]",
      "c": "Both systems provide identical magnetic bearing information, but VOR operates on VHF and ADF on HF. [cite: 1393, 1395]"
    },
    "correct_answer": "b",
    "explanation": "VOR provides the aircraft's bearing (radial) from the station, which is an exact magnetic direction. [cite: 1318, 1413] ADF, on the other hand, provides the relative bearing, meaning its needle simply points in the direction of the NDB relative to the aircraft's heading. [cite: 1224, 1415]"
  },
  {
    "question_number": 20,
    "question": "What is the function of the Flight Interphone System (FIS) within the audio integrating system?",
    "options": {
      "a": "It connects service interphone jacks for communication between ground staff and the flight compartment. [cite: 842, 851]",
      "b": "It provides facilities for communication among cabin attendants and between the cabin and flight deck. [cite: 843, 853]",
      "c": "It allows communication among flight deck crewmembers and enables them to use the aircraft's various radio systems. [cite: 844, 845, 846, 854]"
    },
    "correct_answer": "c",
    "explanation": "The Flight Interphone System (FIS) provides facilities for interphone communication among flight compartment crewmembers. [cite: 844] It also provides the means for them to receive and transmit using the various aircraft radio systems like VHF and HF. [cite: 845, 846, 854]"
  },
  {
    "question_number": 21,
    "question": "Marker beacons provide position references during an ILS approach. What does a blue light and a low-pitched tone of long dashes indicate?",
    "options": {
      "a": "Passing the Middle Marker (MM), approximately 0.5 to 0.8 NM from the threshold. [cite: 1488, 1495]",
      "b": "Passing the Inner Marker (IM), located at the runway threshold for Category II/III approaches. [cite: 1489, 1495]",
      "c": "Passing the Outer Marker (OM), which normally identifies the Final Approach Fix (FAF). [cite: 1486, 1495, 1501, 1522]"
    },
    "correct_answer": "c",
    "explanation": "The Outer Marker (OM) identifies the Final Approach Fix (FAF) and is located 4 to 7 NM from the runway. [cite: 1486] The indication for passing the OM is a blue light and a low-pitched (400 Hz) tone of long dashes. [cite: 1495, 1501, 1522]"
  },
  {
    "question_number": 22,
    "question": "Which frequency band is used for long-range, transoceanic voice communication?",
    "options": {
      "a": "VHF (Very High Frequency), in the 118-137 MHz range. [cite: 461, 463, 814]",
      "b": "HF (High Frequency), in the 2.0-29.999 MHz range. [cite: 465, 467, 813, 980]",
      "c": "UHF (Ultra High Frequency), in the 962-1213 MHz range for DME. [cite: 485]"
    },
    "correct_answer": "b",
    "explanation": "HF Communication systems operate in the 2.0 – 29.999 MHz frequency range and are used for long-range communication, such as on oceanic flights. [cite: 465, 467] Transoceanic aircraft often use HF radios for voice communication. [cite: 980]"
  },
  {
    "question_number": 23,
    "question": "What is the relationship between an antenna's gain and its directivity?",
    "options": {
      "a": "Gain and directivity are independent parameters; gain relates to power, while directivity relates to beamwidth. [cite: 729, 745]",
      "b": "Antenna Gain is a combination of its directivity and its efficiency, representing how well power is concentrated in a specific direction. [cite: 751, 752, 754]",
      "c": "Directivity is the product of gain and efficiency, indicating the total power radiated by the antenna. [cite: 754]"
    },
    "correct_answer": "b",
    "explanation": "Antenna Gain is a measure that combines directivity and antenna efficiency. [cite: 751] It indicates how much power is concentrated in a particular direction compared to a reference antenna. [cite: 752] The relationship is expressed as Gain = Directivity × Efficiency. [cite: 754]"
  },
  {
    "question_number": 24,
    "question": "An Emergency Locator Transmitter (ELT) is designed to automatically activate and transmit under what condition?",
    "options": {
      "a": "When the aircraft exceeds its maximum altitude. [cite: 1029]",
      "b": "When the aircraft sustains an abnormal load factor, such as in a crash. [cite: 1029]",
      "c": "When the pilot manually activates it from the cockpit during any phase of flight. [cite: 1040]"
    },
    "correct_answer": "b",
    "explanation": "An ELT, when armed, is designed to automatically begin transmitting an emergency radio signal when the aircraft sustains an abnormal load factor, such as an impact. [cite: 1029] This helps rescuers locate the aircraft. [cite: 1028]"
  },
  {
    "question_number": 25,
    "question": "The ATC transponder system operates on which two primary frequencies?",
    "options": {
      "a": "It receives on 1090 MHz and transmits on 1030 MHz. [cite: 1602, 1603]",
      "b": "It transmits and receives on 75 MHz, the same as marker beacons. [cite: 481, 1498]",
      "c": "It receives interrogations on 1030 MHz and transmits replies on 1090 MHz. [cite: 493, 1602, 1603]"
    },
    "correct_answer": "c",
    "explanation": "The ATC ground station interrogates the aircraft's transponder with a signal at 1030 MHz. [cite: 493, 1602] The aircraft transponder then replies with a signal at a frequency of 1090 MHz. [cite: 493, 1603]"
  },
  {
    "question_number": 26,
    "question": "The course duration for the 'Aircraft Communication and Navigation System (Level I)' is:",
    "options": {
        "a": "28 hours. [cite: 16]",
        "b": "32 hours. ",
        "c": "40 hours. "
    },
    "correct_answer": "a",
    "explanation": "The document explicitly states, 'The duration of the course is 28 hours.' [cite: 16]"
  },
  {
      "question_number": 27,
      "question": "What is the fundamental difference between an Automatic Fixed ELT (AF) and an Automatic Portable ELT (AP)?",
      "options": {
          "a": "The AF type is found in life rafts, while the AP type is permanently mounted to the aircraft. [cite: 1036, 1042]",
          "b": "The AF type is permanently mounted and activates on impact, while the AP type can be removed from the aircraft for manual operation. [cite: 1036, 1037, 1039, 1040]",
          "c": "The AF type only transmits on 121.5 MHz, whereas the AP type transmits on 406 MHz. [cite: 1029]"
      },
      "correct_answer": "b",
      "explanation": "An Automatic Fixed ELT (AF) is permanently mounted on the aircraft and activates automatically upon impact. [cite: 1036, 1037] An Automatic Portable ELT (AP) can be removed from the aircraft, allowing the crew to manually activate and operate it if the plane is damaged. [cite: 1039, 1040]"
  },
  {
      "question_number": 28,
      "question": "Which of these systems relies on ground stations being available to function correctly?",
      "options": {
          "a": "Inertial Navigation System (INS), as it needs an initial position from a ground-based system. [cite: 1210]",
          "b": "GPS, because the user segment on the aircraft communicates with a control segment on the ground. [cite: 1764]",
          "c": "VOR, as the airborne equipment depends on receiving signals from VOR ground stations to determine the aircraft's bearing. [cite: 1195, 1202, 1206]"
      },
      "correct_answer": "c",
      "explanation": "Most airborne navigation equipment, including VOR, depends on ground navigation stations to work. [cite: 1195, 1199] The aircraft's VOR receiver requires signals from a VOR ground station to determine bearing; if the ground station is unavailable, the system cannot function. [cite: 1202, 1206]"
  }
]