[
  {
    "question_number": 1,
    "question": "What are the two primary classifications of electrical power sources on an aircraft?",
    "options": {
      "a": "Solar and Wind",
      "b": "Batteries and Generators",
      "c": "Nuclear and Fossil Fuel"
    },
    "correct_answer": "b",
    "explanation": "Aircraft electrical power sources are mainly classified as batteries (such as lead-acid and nickel-cadmium) and generators (both DC and AC)."
  },
  {
    "question_number": 2,
    "question": "What is the primary purpose of a busbar in an aircraft's electrical system?",
    "options": {
      "a": "To generate electrical power",
      "b": "To act as a distribution center for electric power",
      "c": "To convert AC to DC"
    },
    "correct_answer": "b",
    "explanation": "Busbars serve as central distribution points for electrical power, receiving it from generators and distributing it throughout the aircraft's systems."
  },
  {
    "question_number": 3,
    "question": "Which of the following are considered control devices in an aircraft's electrical system?",
    "options": {
      "a": "Fuses and circuit breakers",
      "b": "Switches, rheostats, relays, and solenoids",
      "c": "Voltmeters and ammeters"
    },
    "correct_answer": "b",
    "explanation": "Control devices are used to initiate and control the operation of circuits and include switches, rheostats, relays, and solenoids."
  },
  {
    "question_number": 4,
    "question": "What is the function of an inverter in an aircraft electrical system?",
    "options": {
      "a": "Convert AC power to DC power",
      "b": "Convert DC power to AC power",
      "c": "Regulate the voltage of the generators"
    },
    "correct_answer": "b",
    "explanation": "An inverter's function is to convert DC power, typically from the aircraft's batteries, into AC power for use by various systems."
  },
  {
    "question_number": 5,
    "question": "What is the primary function of a Transformer Rectifier Unit (TRU) in an aircraft?",
    "options": {
      "a": "To convert DC to AC",
      "b": "To increase the voltage of the AC power",
      "c": "To convert AC to DC for systems that need DC power"
    },
    "correct_answer": "c",
    "explanation": "A Transformer Rectifier Unit (TRU) is a key component that converts alternating current (AC) from the generators into direct current (DC) to power various DC-dependent systems on the aircraft."
  },
  {
    "question_number": 6,
    "question": "What are the three main types of aircraft batteries mentioned in the document?",
    "options": {
      "a": "Alkaline, Lithium, and Zinc-Carbon",
      "b": "Lead Acid, Nickel Cadmium (NiCd), and Lithium-ion",
      "c": "Sodium-ion, Flow, and Solid-State"
    },
    "correct_answer": "b",
    "explanation": "The document specifies Lead Acid, Nickel Cadmium (NiCd), and Lithium-ion as the main types of batteries used in aircraft."
  },
  {
    "question_number": 7,
    "question": "What is the typical voltage of a single cell in a lead-acid aircraft battery?",
    "options": {
      "a": "1.2 volts",
      "b": "2.2 volts",
      "c": "3.6 volts"
    },
    "correct_answer": "b",
    "explanation": "Each cell in a lead-acid aircraft battery has an approximate voltage of 2.2 volts, though it is often rated as 2 volts."
  },
  {
    "question_number": 8,
    "question": "What is a major disadvantage of lead-acid batteries in aircraft?",
    "options": {
      "a": "They are lightweight",
      "b": "They have corrosive effects",
      "c": "They require no maintenance"
    },
    "correct_answer": "b",
    "explanation": "A significant drawback of lead-acid batteries is their corrosive nature, which requires careful handling and maintenance procedures."
  },
  {
    "question_number": 9,
    "question": "What happens to the electrolyte in a lead-acid battery during discharge?",
    "options": {
      "a": "It becomes more concentrated",
      "b": "Its specific gravity increases",
      "c": "Its sulfuric acid concentration decreases and water forms"
    },
    "correct_answer": "c",
    "explanation": "During the discharge cycle of a lead-acid battery, the sulfuric acid in the electrolyte reacts with the plates, causing its concentration to decrease and water to be formed."
  },
  {
    "question_number": 10,
    "question": "What is the recommended method for charging Nickel-Cadmium (Ni-Cd) batteries?",
    "options": {
      "a": "Constant voltage charging",
      "b": "Constant current charging",
      "c": "Pulse charging"
    },
    "correct_answer": "b",
    "explanation": "Constant current charging is the preferred method for Ni-Cd batteries to ensure better cell balance, a total battery charge, and to prevent thermal runaway."
  },
  {
    "question_number": 11,
    "question": "What is a key advantage of Nickel-Cadmium (Ni-Cd) batteries over lead-acid batteries?",
    "options": {
      "a": "They are less expensive",
      "b": "Their terminal voltage remains almost constant during discharge",
      "c": "They have a lower cell voltage"
    },
    "correct_answer": "b",
    "explanation": "A significant advantage of Ni-Cd batteries is that their terminal voltage stays relatively constant throughout the discharge cycle, providing a more stable power output."
  },
  {
    "question_number": 12,
    "question": "What is a major disadvantage of Lithium-ion batteries mentioned in the document?",
    "options": {
      "a": "They have a short life span",
      "b": "They are very heavy",
      "c": "They are extremely flammable"
    },
    "correct_answer": "c",
    "explanation": "A significant drawback of lithium-ion batteries is that they are extremely flammable, which requires robust safety features in their design and application."
  },
  {
    "question_number": 13,
    "question": "What are the three essential requirements to generate electricity?",
    "options": {
      "a": "A battery, a switch, and a light bulb",
      "b": "A coil, a magnetic field, and relative motion",
      "c": "A resistor, a capacitor, and an inductor"
    },
    "correct_answer": "b",
    "explanation": "To generate electricity through electromagnetic induction, three things are essential: a conductor (coil), a magnetic field, and relative motion between the two."
  },
  {
    "question_number": 14,
    "question": "What is the function of a commutator in a DC generator?",
    "options": {
      "a": "To increase the generated voltage",
      "b": "To act as a mechanical rectifier",
      "c": "To rotate the armature"
    },
    "correct_answer": "b",
    "explanation": "The commutator in a DC generator acts as a mechanical rectifier, converting the internally generated AC voltage into DC voltage at the output."
  },
  {
    "question_number": 15,
    "question": "In a DC alternator, where are the armature windings located?",
    "options": {
      "a": "On the rotor",
      "b": "On the stator",
      "c": "On the brushes"
    },
    "correct_answer": "b",
    "explanation": "In a DC-output alternator, the armature windings, where the AC is generated, are located on the stationary part, which is the stator."
  },
  {
    "question_number": 16,
    "question": "What is a key difference between a DC generator and a DC alternator regarding their construction?",
    "options": {
      "a": "DC generators have a rotor and stator, while DC alternators do not.",
      "b": "In a DC generator, the armature rotates; in a DC alternator, the field winding rotates.",
      "c": "DC generators produce AC internally, while DC alternators produce DC internally."
    },
    "correct_answer": "b",
    "explanation": "A fundamental difference is that in a DC generator, the armature (where electricity is induced) rotates within a stationary magnetic field. In a DC alternator, the magnetic field (rotor) rotates, inducing electricity in the stationary armature (stator)."
  },
  {
    "question_number": 17,
    "question": "What is the purpose of wire shielding in aircraft electrical systems?",
    "options": {
      "a": "To provide structural support for the wire",
      "b": "To protect against electrical disturbances",
      "c": "To increase the wire's conductivity"
    },
    "correct_answer": "b",
    "explanation": "Shielded cables are used for sensitive circuits to protect them from electrical disturbances, also known as electromagnetic interference (EMI)."
  },
  {
    "question_number": 18,
    "question": "What does the American Wire Gauge (AWG) number indicate about a wire?",
    "options": {
      "a": "The higher the AWG number, the thicker the wire.",
      "b": "The lower the AWG number, the thicker the wire.",
      "c": "The AWG number is not related to the wire's diameter."
    },
    "correct_answer": "b",
    "explanation": "The American Wire Gauge (AWG) system is such that a smaller AWG number corresponds to a larger wire diameter."
  },
  {
    "question_number": 19,
    "question": "What is the primary purpose of crimping terminals onto conductors in aircraft wiring?",
    "options": {
      "a": "To create a temporary connection",
      "b": "To secure the terminal to the conductor with good electrical and mechanical properties",
      "c": "To insulate the connection"
    },
    "correct_answer": "b",
    "explanation": "Crimping is a method of securing a terminal to a conductor by deforming the terminal's shank, which creates a strong and electrically sound connection."
  },
  {
    "question_number": 20,
    "question": "Which of the following is an advantage of crimped connections over soldered connections in aircraft?",
    "options": {
      "a": "Crimped connections are more resistant to high temperatures.",
      "b": "Fabrication is faster and easier with uniform results.",
      "c": "Crimped connections are easier to inspect for defects."
    },
    "correct_answer": "b",
    "explanation": "One of the advantages of crimping is that the process is faster, easier, and provides more uniform and repeatable connections compared to soldering."
  },
  {
    "question_number": 21,
    "question": "What is a primary function of circuit breakers in an aircraft electrical system?",
    "options": {
      "a": "To increase the flow of current",
      "b": "To protect against overcurrent",
      "c": "To generate a warning sound during a fault"
    },
    "correct_answer": "b",
    "explanation": "Circuit breakers are safety devices designed to protect electrical circuits from damage caused by overcurrent conditions."
  },
  {
    "question_number": 22,
    "question": "What is a 'slow blow' fuse designed to do?",
    "options": {
      "a": "Open very quickly on any overload",
      "b": "Open only on a continued overload",
      "c": "Withstand a short circuit indefinitely"
    },
    "correct_answer": "b",
    "explanation": "A slow blow fuse is designed to withstand a temporary surge in current but will open if the overload condition persists."
  },
  {
    "question_number": 23,
    "question": "What is the recommended minimum bend radius for wire bundles supported on one side?",
    "options": {
      "a": "5 times the outside diameter of the largest wire",
      "b": "10 times the outside diameter of the largest wire",
      "c": "3 times the outside diameter of the largest wire"
    },
    "correct_answer": "b",
    "explanation": "To prevent damage to the wiring, the minimum bend radius for a wire bundle supported on one side should be at least 10 times the outside diameter of the largest wire in that bundle."
  },
  {
    "question_number": 24,
    "question": "What does EWIS stand for in the context of aircraft maintenance?",
    "options": {
      "a": "Electrical Warning and Indication System",
      "b": "Electrical Wiring Interconnection System",
      "c": "Emergency Wiring Isolation System"
    },
    "correct_answer": "b",
    "explanation": "EWIS is an acronym for Electrical Wiring Interconnection System, which encompasses all the wiring and associated components in an aircraft."
  },
  {
    "question_number": 25,
    "question": "Which of the following is NOT considered part of EWIS?",
    "options": {
      "a": "Wires and cables",
      "b": "Connectors and splices",
      "c": "Portable electrical devices not part of the aircraft's type design"
    },
    "correct_answer": "c",
    "explanation": "EWIS includes the permanent wiring and components of the aircraft's electrical system, but not portable devices that are not part of its certified design."
  },
  {
    "question_number": 26,
    "question": "What are the primary purposes of external aircraft lighting?",
    "options": {
      "a": "Only for aesthetic purposes",
      "b": "Navigation, collision avoidance, landing/taxiing, and inspection",
      "c": "To illuminate the airline's logo"
    },
    "correct_answer": "b",
    "explanation": "External aircraft lights serve several critical functions, including marking the aircraft's position (navigation lights), enhancing visibility to other aircraft (anti-collision lights), illuminating the runway for takeoff and landing (landing/taxi lights), and allowing for visual inspection of surfaces like wings for ice."
  },
  {
    "question_number": 27,
    "question": "What do the different colors of navigation lights on an aircraft indicate?",
    "options": {
      "a": "The airline the aircraft belongs to",
      "b": "The aircraft's direction of movement",
      "c": "The altitude of the aircraft"
    },
    "correct_answer": "b",
    "explanation": "The standard arrangement of red on the left (port) wing, green on the right (starboard) wing, and white on the tail allows another aircraft to determine the direction the aircraft is traveling. For instance, seeing a red and green light means the aircraft is heading towards you."
  },
  {
    "question_number": 28,
    "question": "What is the main purpose of anti-collision lights?",
    "options": {
      "a": "To illuminate the runway during landing",
      "b": "To make the airplane easier to see in the air and on the ground",
      "c": "To provide light for the pilots in the cockpit"
    },
    "correct_answer": "b",
    "explanation": "Anti-collision lights, which are typically bright, flashing lights, are designed to make the aircraft more conspicuous to other pilots, thereby reducing the risk of mid-air collisions."
  },
  {
    "question_number": 29,
    "question": "When does the emergency lighting system automatically illuminate?",
    "options": {
      "a": "Only when a switch is manually activated by the pilot",
      "b": "When normal lighting system power is lost",
      "c": "During turbulence"
    },
    "correct_answer": "b",
    "explanation": "The emergency lighting system is designed to automatically activate upon the loss of normal electrical power to illuminate exit signs and egress paths."
  },
  {
    "question_number": 30,
    "question": "What is the purpose of a fire detection system in an aircraft?",
    "options": {
      "a": "To automatically extinguish any fire",
      "b": "To provide rapid indication and accurate location of a fire",
      "c": "To cool the engines"
    },
    "correct_answer": "b",
    "explanation": "A fire detection system's primary role is to quickly and accurately alert the crew to the presence and location of a fire."
  },
  {
    "question_number": 31,
    "question": "What are the three common types of fire detector systems mentioned in the document?",
    "options": {
      "a": "Smoke, Heat, and Flame detectors",
      "b": "Thermal Switch, Thermocouple, and Continuous Loop",
      "c": "Infrared, Ultraviolet, and Ionization detectors"
    },
    "correct_answer": "b",
    "explanation": "The document lists Thermal Switch, Thermocouple, and Continuous Loop systems as three common types of fire detectors used in aircraft."
  },
  {
    "question_number": 32,
    "question": "In what areas of an aircraft are smoke detectors commonly used?",
    "options": {
      "a": "In the fuel tanks",
      "b": "In the engine nacelles",
      "c": "In lavatories and cargo/baggage compartments"
    },
    "correct_answer": "c",
    "explanation": "Smoke detectors are typically installed in enclosed areas like lavatories and cargo compartments to provide early warning of a fire."
  },
  {
    "question_number": 33,
    "question": "What is a common cause of false fire warnings in continuous-loop fire detection systems?",
    "options": {
      "a": "Extreme cold temperatures",
      "b": "Dents, kinks, or chafing of the sensing element",
      "c": "High humidity"
    },
    "correct_answer": "b",
    "explanation": "Physical damage to the continuous-loop sensing element, such as dents, kinks, or chafing, is a frequent cause of false fire warnings."
  },
  {
    "question_number": 34,
    "question": "What are the four classes of fire mentioned in the document?",
    "options": {
      "a": "Class 1, 2, 3, and 4",
      "b": "Class A, B, C, and D",
      "c": "Class E, F, G, and H"
    },
    "correct_answer": "b",
    "explanation": "Fires are categorized into four main classes: Class A (ordinary combustibles), Class B (flammable liquids and gases), Class C (energized electrical equipment), and Class D (combustible metals)."
  },
  {
    "question_number": 35,
    "question": "What type of extinguishing agent is best for a Class C fire?",
    "options": {
      "a": "Water",
      "b": "CO2",
      "c": "Dry powder"
    },
    "correct_answer": "b",
    "explanation": "For Class C fires involving energized electrical equipment, CO2 is a preferred extinguishing agent because it displaces oxygen and is non-conductive."
  },
  {
    "question_number": 36,
    "question": "What is a 'squib' in a fire extinguishing system?",
    "options": {
      "a": "A type of fire detection sensor",
      "b": "An electrically operated explosive device that discharges the extinguishing agent",
      "c": "A nozzle that sprays the extinguishing agent"
    },
    "correct_answer": "b",
    "explanation": "A squib is an electrically initiated explosive device used in high-rate discharge (HRD) fire extinguishing containers to rupture a seal and release the agent."
  },
  {
    "question_number": 37,
    "question": "What is the primary function of an Auxiliary Power Unit (APU) in an aircraft?",
    "options": {
      "a": "To provide primary power during flight",
      "b": "To provide electrical power and pneumatic air when the main engines are off",
      "c": "To assist with braking during landing"
    },
    "correct_answer": "b",
    "explanation": "The APU is a small gas turbine engine that supplies electrical power and bleed air for engine starting and air conditioning while the main engines are not running."
  },
  {
    "question_number": 38,
    "question": "What is the key difference between an APU and a GPU (Ground Power Unit)?",
    "options": {
      "a": "The APU provides AC power while the GPU provides DC power.",
      "b": "The APU is an internal power source using jet fuel, while the GPU is an external power source.",
      "c": "The APU is only used in flight, while the GPU is only used on the ground."
    },
    "correct_answer": "b",
    "explanation": "The fundamental difference is their location and power source. The APU is an onboard engine, whereas the GPU is external ground equipment."
  },
  {
    "question_number": 39,
    "question": "What is the typical AC frequency of an aircraft electrical system?",
    "options": {
      "a": "50 Hz",
      "b": "60 Hz",
      "c": "400 Hz"
    },
    "correct_answer": "c",
    "explanation": "Aircraft electrical systems typically operate at a frequency of 400 Hz."
  },
  {
    "question_number": 40,
    "question": "What is 'load shedding' in the context of an aircraft electrical system?",
    "options": {
      "a": "Increasing the electrical load on the generators",
      "b": "Automatically disconnecting non-essential electrical loads to preserve power for critical systems",
      "c": "Manually turning on all electrical systems"
    },
    "correct_answer": "b",
    "explanation": "Load shedding is a protective function that automatically or manually deactivates non-essential electrical consumers to ensure power remains available for essential flight systems during a power shortage."
  },
  {
    "question_number": 41,
    "question": "What does EMC (Electromagnetic Compatibility) ensure in an aircraft?",
    "options": {
      "a": "That all systems can operate at the same voltage",
      "b": "That all electronic systems can coexist without interfering with each other",
      "c": "That all wires are the same length"
    },
    "correct_answer": "b",
    "explanation": "EMC is the ability of all electronic systems on an aircraft to function correctly in their electromagnetic environment without causing or suffering from interference."
  },
  {
    "question_number": 42,
    "question": "What is a Line Replaceable Unit (LRU)?",
    "options": {
      "a": "A single, non-repairable component",
      "b": "A modular, self-contained unit designed for quick removal and replacement",
      "c": "A tool used for electrical system maintenance"
    },
    "correct_answer": "b",
    "explanation": "LRUs are modular components that can be quickly and easily swapped out on the flight line, reducing maintenance time."
  },
  {
    "question_number": 43,
    "question": "What environmental conditions must aircraft electrical systems be able to tolerate?",
    "options": {
      "a": "Only mild temperatures and low humidity",
      "b": "Vibration, extreme temperatures, moisture, and altitude variations",
      "c": "Constant sunlight and zero gravity"
    },
    "correct_answer": "b",
    "explanation": "Aircraft electrical systems are designed and tested to withstand a wide range of harsh environmental conditions encountered during flight."
  },
  {
    "question_number": 44,
    "question": "Which of the following are considered 'essential loads' on an aircraft?",
    "options": {
      "a": "In-flight entertainment systems and galley power",
      "b": "Flight instruments, navigation & communication, and fire protection",
      "c": "Cabin lighting and passenger reading lights"
    },
    "correct_answer": "b",
    "explanation": "Essential loads are those critical for the safe operation of the aircraft, and power to them is prioritized."
  },
  {
    "question_number": 45,
    "question": "What are the two types of intermittent loads on an aircraft?",
    "options": {
      "a": "Primary and secondary loads",
      "b": "AC and DC loads",
      "c": "Continuous loads and intermittent loads"
    },
    "correct_answer": "c",
    "explanation": "Aircraft electrical loads are categorized as either continuous (always on) or intermittent (used as needed)."
  },
  {
    "question_number": 46,
    "question": "What is the function of bus ties in an aircraft electrical system?",
    "options": {
      "a": "To permanently connect all buses together",
      "b": "To connect or disconnect buses from one another, isolating faults or redirecting power",
      "c": "To reduce the voltage on the buses"
    },
    "correct_answer": "b",
    "explanation": "Bus ties are switches or relays that allow for the flexible connection and isolation of different electrical buses, enhancing system redundancy and fault tolerance."
  },
  {
    "question_number": 47,
    "question": "What is the main function of a Generator Control Unit (GCU)?",
    "options": {
      "a": "To control the speed of the engine",
      "b": "To act as a voltage regulator and provide circuit protection",
      "c": "To cool the generator"
    },
    "correct_answer": "b",
    "explanation": "The GCU is a critical component that regulates the generator's output voltage, directs current for battery charging, and protects the generator and electrical system from faults."
  },
  {
    "question_number": 48,
    "question": "What is the purpose of a rheostat in an aircraft's electrical system?",
    "options": {
      "a": "To act as a switch",
      "b": "To control the amount of current flow, often for dimming lights",
      "c": "To store electrical charge"
    },
    "correct_answer": "b",
    "explanation": "A rheostat is a variable resistor used to control the current in a circuit, commonly for dimming instrument and cockpit lights."
  },
  {
    "question_number": 49,
    "question": "What is the difference between a relay and a solenoid?",
    "options": {
      "a": "There is no difference.",
      "b": "A relay is an electromagnetic switch for electrical circuits, while a solenoid is designed to produce mechanical movement.",
      "c": "A relay controls AC circuits, and a solenoid controls DC circuits."
    },
    "correct_answer": "b",
    "explanation": "While both are electromagnetic devices, a relay is primarily used for remote switching of electrical circuits, whereas a solenoid is designed to actuate a mechanical component."
  },
  {
    "question_number": 50,
    "question": "What information does the battery discharge (BAT DISCHARGE) light provide to the flight crew?",
    "options": {
      "a": "The battery is fully charged.",
      "b": "Excessive battery discharge is detected.",
      "c": "The battery is charging normally."
    },
    "correct_answer": "b",
    "explanation": "The illumination of the BAT DISCHARGE light is a warning that the battery is discharging at an excessive rate."
  },
  {
    "question_number": 51,
    "question": "What is a primary battery?",
    "options": {
      "a": "A battery that can be recharged.",
      "b": "A battery in which the electrochemical reaction is not reversible.",
      "c": "The main battery of the aircraft."
    },
    "correct_answer": "b",
    "explanation": "A primary battery is a single-use battery where the electrochemical reaction that produces electricity cannot be reversed by recharging."
  },
  {
    "question_number": 52,
    "question": "What is a secondary battery?",
    "options": {
      "a": "A backup battery that is rarely used.",
      "b": "A battery in which the electrochemical reaction is reversible by applying electrical power.",
      "c": "A battery that produces alternating current."
    },
    "correct_answer": "b",
    "explanation": "A secondary battery, also known as a rechargeable battery, is one where the electrochemical process can be reversed by applying an external electrical current, thus restoring its charge."
  },
  {
    "question_number": 53,
    "question": "What is the purpose of separators in a battery cell?",
    "options": {
      "a": "To separate the positive and negative terminals",
      "b": "To keep the positive and negative plates from touching and causing an internal short circuit",
      "c": "To separate the electrolyte from the plates"
    },
    "correct_answer": "b",
    "explanation": "Separators are a critical component within a battery cell that physically separates the positive and negative plates to prevent them from coming into contact, which would result in a short circuit."
  },
  {
    "question_number": 54,
    "question": "What is sulfation in a lead-acid battery?",
    "options": {
      "a": "A normal process of charging the battery",
      "b": "The coating of the battery plates with lead sulfate during discharge",
      "c": "The formation of explosive gases"
    },
    "correct_answer": "b",
    "explanation": "Sulfation is the process where lead sulfate forms on the battery's plates as it discharges. While normal during discharge, if the battery is left in a discharged state, hard crystals of lead sulfate can form, which are difficult to remove."
  },
  {
    "question_number": 55,
    "question": "Why is it important to immediately recharge a discharged lead-acid battery?",
    "options": {
      "a": "To prevent the battery from overheating",
      "b": "To prevent the lead sulfate from forming hard, irreversible crystals",
      "c": "To avoid a voltage spike"
    },
    "correct_answer": "b",
    "explanation": "If a lead-acid battery is not promptly recharged, the soft lead sulfate formed during discharge can harden into crystals, which cannot be easily reconverted, leading to a permanent loss of capacity."
  },
  {
    "question_number": 56,
    "question": "What safety precaution should be taken when disconnecting a battery from an aircraft?",
    "options": {
      "a": "Disconnect the positive lead first.",
      "b": "Disconnect the negative lead first.",
      "c": "Disconnect both leads simultaneously."
    },
    "correct_answer": "b",
    "explanation": "To prevent accidental short circuits, the standard safety procedure is to disconnect the negative (ground) lead first."
  },
  {
    "question_number": 57,
    "question": "What does a hydrometer measure to determine the state of charge of a lead-acid battery?",
    "options": {
      "a": "The voltage of the electrolyte",
      "b": "The temperature of the electrolyte",
      "c": "The specific gravity (density) of the electrolyte"
    },
    "correct_answer": "c",
    "explanation": "A hydrometer measures the specific gravity of the electrolyte, which is directly related to the concentration of sulfuric acid and thus the battery's state of charge."
  },
  {
    "question_number": 58,
    "question": "Why is adding more acid to a lead-acid battery not a method of recharging it?",
    "options": {
      "a": "It will cause the battery to explode.",
      "b": "It only increases the specific gravity without reversing the chemical reaction on the plates.",
      "c": "It is too dangerous."
    },
    "correct_answer": "b",
    "explanation": "Recharging requires an electrical current to reverse the chemical process on the battery plates. Simply adding acid will not restore the active materials and can damage the battery."
  },
  {
    "question_number": 59,
    "question": "What is thermal runaway in the context of Ni-Cd batteries?",
    "options": {
      "a": "A desirable charging characteristic",
      "b": "A condition where the battery overheats due to internal shorting or excessive charging",
      "c": "The battery's ability to operate in cold temperatures"
    },
    "correct_answer": "b",
    "explanation": "Thermal runaway is a hazardous condition where a Ni-Cd battery can overheat, potentially leading to damage or fire. Aircraft with Ni-Cd batteries have protection systems to monitor for this."
  },
  {
    "question_number": 60,
    "question": "Why is it impossible to use a hydrometer to determine the state of charge of a Ni-Cd battery?",
    "options": {
      "a": "The electrolyte is a solid.",
      "b": "The specific gravity of the electrolyte remains essentially constant at any state of charge.",
      "c": "The electrolyte is too corrosive to measure."
    },
    "correct_answer": "b",
    "explanation": "In a Ni-Cd battery, the chemical reaction during charge and discharge does not significantly change the concentration of the potassium hydroxide electrolyte, so its specific gravity does not indicate the state of charge."
  },
  {
    "question_number": 61,
    "question": "What is 'trickle charging' in the context of battery storage?",
    "options": {
      "a": "Charging the battery at a very high current",
      "b": "A very low current charge to keep a battery topped up during storage",
      "c": "Discharging the battery completely before storage"
    },
    "correct_answer": "b",
    "explanation": "Trickle charging involves applying a very low rate of charge to a battery in storage to counteract its natural self-discharge and keep it fully charged."
  },
  {
    "question_number": 62,
    "question": "What are the three main components inside the metal case of a cylindrical Lithium-ion battery?",
    "options": {
      "a": "Positive electrode, negative electrode, and separator",
      "b": "A solid block of lithium",
      "c": "A liquid electrolyte only"
    },
    "correct_answer": "a",
    "explanation": "A lithium-ion battery cell is constructed with a positive electrode, a negative electrode, and a separator sheet that keeps them from touching."
  },
  {
    "question_number": 63,
    "question": "What is a significant safety feature required for Lithium-ion batteries in aircraft?",
    "options": {
      "a": "They must be painted a specific color.",
      "b": "Protection circuits and hardware to maintain voltage and current within safe limits.",
      "c": "They must be kept at a constant low temperature."
    },
    "correct_answer": "b",
    "explanation": "Due to their flammable nature, lithium-ion batteries in aircraft require sophisticated safety features, including protection circuits to prevent overcharging, over-discharging, and over-current conditions."
  },
  {
    "question_number": 64,
    "question": "What is the primary drawback of a simple DC generator with a single loop?",
    "options": {
      "a": "It produces a very high voltage.",
      "b": "It produces a pulsating DC output.",
      "c": "It is very heavy."
    },
    "correct_answer": "b",
    "explanation": "A simple DC generator with one armature coil produces a pulsating DC output, which is not ideal for most aircraft applications. This is smoothed out by using more coils and commutator segments."
  },
  {
    "question_number": 65,
    "question": "What are the three main types of losses in a DC generator?",
    "options": {
      "a": "Voltage, current, and power losses",
      "b": "Copper losses, iron losses, and mechanical losses",
      "c": "Heat, light, and sound losses"
    },
    "correct_answer": "b",
    "explanation": "The total losses in a DC generator are categorized as copper losses (due to resistance in the windings), iron losses (hysteresis and eddy currents in the core), and mechanical losses (friction and windage)."
  },
  {
    "question_number": 66,
    "question": "Why is the term 'DC alternator' technically a misnomer?",
    "options": {
      "a": "Because it produces AC power",
      "b": "Because an alternator, by definition, produces alternating current (AC), while the output is DC.",
      "c": "Because it is not a true generator"
    },
    "correct_answer": "b",
    "explanation": "An alternator's fundamental principle is to generate AC. The term 'DC alternator' is used to describe an alternator that has a built-in rectifier to convert its AC output to DC."
  },
  {
    "question_number": 67,
    "question": "What is the advantage of stranded wire over solid wire in aircraft installations?",
    "options": {
      "a": "It is cheaper.",
      "b": "It is more flexible and less susceptible to fatigue from vibration.",
      "c": "It has a higher resistance."
    },
    "correct_answer": "b",
    "explanation": "Stranded wire is preferred in aircraft due to its greater flexibility, which makes installation easier, and its higher resistance to breaking from vibration-induced fatigue."
  },
  {
    "question_number": 68,
    "question": "What are the two methods of marking wires in aircraft?",
    "options": {
      "a": "Color coding and written tags",
      "b": "Direct marking (printed on the wire) and indirect marking (sleeves or tags)",
      "c": "Large and small font"
    },
    "correct_answer": "b",
    "explanation": "Aircraft wiring is marked either directly on the wire insulation or indirectly using marked sleeves or tags that are placed on the wire."
  },
  {
    "question_number": 69,
    "question": "What is the purpose of bonding in an aircraft?",
    "options": {
      "a": "To glue metallic parts together",
      "b": "To connect various metallic parts to create a low-resistance path for electrical current",
      "c": "To isolate all metallic parts from each other"
    },
    "correct_answer": "b",
    "explanation": "Bonding involves creating electrical connections between metallic components to prevent static charge buildup, reduce interference, and provide a safe path for fault currents and lightning strikes."
  },
  {
    "question_number": 70,
    "question": "What are the four main causes of EWIS degradation listed in the document?",
    "options": {
      "a": "Age, color, length, and brand",
      "b": "Vibration, moisture, chemical contamination, and heat",
      "c": "Altitude, airspeed, weight, and balance"
    },
    "correct_answer": "b",
    "explanation": "The document identifies vibration, moisture, chemical contamination, and heat as the primary factors that can lead to the degradation of the Electrical Wiring Interconnection System."
  },
  {
    "question_number": 71,
    "question": "What is 'chafing' in the context of aircraft wiring?",
    "options": {
      "a": "The heating of a wire due to excessive current",
      "b": "The rubbing of wires or wire bundles against each other or a structure, which can wear away insulation",
      "c": "The intentional stripping of wire insulation"
    },
    "correct_answer": "b",
    "explanation": "Chafing is the damage caused by friction when wires rub against something, which can compromise the insulation and create a safety hazard."
  },
  {
    "question_number": 72,
    "question": "What is the 'clean as you go' philosophy in aircraft maintenance?",
    "options": {
      "a": "Cleaning the entire aircraft after maintenance is complete",
      "b": "Cleaning up contamination and debris as you work, rather than letting it accumulate",
      "c": "Using only cleaning products that are environmentally friendly"
    },
    "correct_answer": "b",
    "explanation": "The 'clean as you go' philosophy is a best practice in aircraft maintenance to prevent contamination and foreign object debris by cleaning up throughout the maintenance process."
  },
  {
    "question_number": 73,
    "question": "What are the two main types of interior lighting on an aircraft?",
    "options": {
      "a": "Bright and dim",
      "b": "Flight deck lighting and passenger cabin lighting",
      "c": "AC and DC lighting"
    },
    "correct_answer": "b",
    "explanation": "Interior aircraft lighting is broadly categorized into lighting for the flight deck (cockpit) and lighting for the passenger cabin and other compartments."
  },
  {
    "question_number": 74,
    "question": "What is the purpose of wing illumination lights?",
    "options": {
      "a": "To make the wings look more attractive",
      "b": "For scanning the wings for ice detection",
      "c": "To provide light for the passengers to see out the windows"
    },
    "correct_answer": "b",
    "explanation": "Wing illumination lights are provided so the flight crew can visually inspect the wings and engine nacelles for ice accretion during flight."
  },
  {
    "question_number": 75,
    "question": "What are logo lights used for?",
    "options": {
      "a": "To illuminate the aircraft's registration number",
      "b": "To illuminate the airline's logo on the tail fin for promotional purposes",
      "c": "To signal to other aircraft"
    },
    "correct_answer": "b",
    "explanation": "Logo lights are used to illuminate the airline's livery on the vertical stabilizer, primarily for branding and promotional reasons."
  },
  {
    "question_number": 76,
    "question": "What is the function of the master caution lights?",
    "options": {
      "a": "To indicate a critical engine failure",
      "b": "To inform the flight crew that a system fault annunciator has illuminated elsewhere",
      "c": "To signal that the aircraft is ready for takeoff"
    },
    "correct_answer": "b",
    "explanation": "The master caution lights serve as a centralized attention-getter, alerting the flight crew that a non-critical but important system fault has occurred and that they should check the annunciator panel for details."
  },
  {
    "question_number": 77,
    "question": "What components are typically found in a Passenger Service Unit (PSU)?",
    "options": {
      "a": "A small television screen and a phone",
      "b": "Reading light, fasten seat belt/no smoking signs, and an attendant call button",
      "c": "An oxygen mask and a life vest"
    },
    "correct_answer": "b",
    "explanation": "The PSU, located above the passenger seats, typically houses individual reading lights, passenger information signs, and a button to call a flight attendant."
  },
  {
    "question_number": 78,
    "question": "What are the four methods of fire extinguishment?",
    "options": {
      "a": "Water, foam, CO2, and dry chemical",
      "b": "Cooling the fuel, removing the fuel supply, limiting oxygen, and interrupting the chemical reaction",
      "c": "Blowing on the fire, covering it with a blanket, stamping it out, and using a fire extinguisher"
    },
    "correct_answer": "b",
    "explanation": "The four fundamental principles of extinguishing a fire are cooling the fuel, starving the fire of fuel, smothering the fire by removing oxygen, and breaking the chain reaction of combustion."
  },
  {
    "question_number": 79,
    "question": "What does the 'averaging function' of a pneumatic continuous-loop fire detector respond to?",
    "options": {
      "a": "A rapid temperature rise in a small area",
      "b": "A gradual temperature rise over the entire loop",
      "c": "The presence of smoke"
    },
    "correct_answer": "b",
    "explanation": "The averaging function of this type of detector is designed to trigger an alarm when the average temperature along the entire sensing tube reaches a predetermined setpoint."
  },
  {
    "question_number": 80,
    "question": "What are the two types of smoke detectors mentioned in the document?",
    "options": {
      "a": "Heat and carbon monoxide",
      "b": "Light refraction and ionization",
      "c": "Audible and visual"
    },
    "correct_answer": "b",
    "explanation": "The document specifies two types of smoke detectors used in aircraft: light refraction (photoelectric) and ionization types."
  },
  {
    "question_number": 81,
    "question": "What is Halon 1301?",
    "options": {
      "a": "A type of fuel",
      "b": "A fire extinguishing agent used in high-rate discharge (HRD) systems",
      "c": "A type of fire detection sensor"
    },
    "correct_answer": "b",
    "explanation": "Halon 1301 is a halogenated hydrocarbon fire extinguishing agent that is commonly used in fixed fire extinguishing systems on turbine-powered aircraft."
  },
  {
    "question_number": 82,
    "question": "What is the purpose of the red and yellow discharge indicators on a fire extinguisher container?",
    "options": {
      "a": "To indicate the pressure of the agent",
      "b": "To provide visual evidence of container discharge",
      "c": "To show the temperature of the container"
    },
    "correct_answer": "b",
    "explanation": "Discharge indicators are visual cues that show whether a fire extinguisher has been discharged. A yellow indicator typically signifies a normal, crew-activated discharge, while a red indicator often signals a discharge due to overheating."
  },
  {
    "question_number": 83,
    "question": "What is the primary purpose of an aircraft's electrical system?",
    "options": {
      "a": "To power the in-flight entertainment system only.",
      "b": "To ensure safe, reliable, and continuous power to all onboard systems.",
      "c": "To provide power for the cabin lights."
    },
    "correct_answer": "b",
    "explanation": "The fundamental requirement of an aircraft's electrical system is to provide a consistent and reliable power supply to all systems necessary for safe flight under all operating conditions."
  },
  {
    "question_number": 84,
    "question": "Why is redundancy a critical requirement for aircraft electrical systems?",
    "options": {
      "a": "To make the aircraft heavier.",
      "b": "To ensure continuous operation, even in case of a failure.",
      "c": "To increase fuel consumption."
    },
    "correct_answer": "b",
    "explanation": "Redundancy, such as having multiple power sources, is essential to guarantee that a single failure does not result in a loss of power to critical flight systems."
  },
  {
    "question_number": 85,
    "question": "What is the typical DC voltage standard in an aircraft electrical system?",
    "options": {
      "a": "12V DC",
      "b": "24V DC",
      "c": "28V DC"
    },
    "correct_answer": "c",
    "explanation": "The standard DC voltage in most aircraft electrical systems is 28V DC."
  },
  {
    "question_number": 86,
    "question": "What are the two main types of electrical loads on an aircraft?",
    "options": {
      "a": "Heavy and light loads",
      "b": "Continuous and intermittent loads",
      "c": "Essential and non-essential loads"
    },
    "correct_answer": "b",
    "explanation": "Electrical loads are broadly divided into continuous loads, which are always powered during flight, and intermittent loads, which are operated only when needed."
  },
  {
    "question_number": 87,
    "question": "What is the purpose of a battery contactor?",
    "options": {
      "a": "To charge the battery.",
      "b": "To connect the battery to the main bus.",
      "c": "To measure the battery voltage."
    },
    "correct_answer": "b",
    "explanation": "The battery contactor is a heavy-duty relay that connects the battery to the aircraft's main electrical bus when activated by the master switch."
  },
  {
    "question_number": 88,
    "question": "What are the primary functions of a battery in a light aircraft?",
    "options": {
      "a": "To power the entire aircraft during normal flight.",
      "b": "Engine startup, handling intermittent loads, and providing emergency power.",
      "c": "To power the radio only."
    },
    "correct_answer": "b",
    "explanation": "In light aircraft, the battery is crucial for starting the engine, supplementing the alternator during high-demand situations, and as a source of emergency power."
  },
  {
    "question_number": 89,
    "question": "What are the two types of lead-acid battery construction mentioned?",
    "options": {
      "a": "Wet and dry",
      "b": "Vented and sealed",
      "c": "6-cell and 12-cell"
    },
    "correct_answer": "c",
    "explanation": "The document shows examples of 6-cell (12V) and 12-cell (24V) lead-acid batteries, which are common configurations."
  },
  {
    "question_number": 90,
    "question": "What happens to the capacity of a Ni-Cd battery as the discharge current increases?",
    "options": {
      "a": "It increases.",
      "b": "It decreases.",
      "c": "It remains the same."
    },
    "correct_answer": "b",
    "explanation": "The effective capacity (in Ampere-hours) of a battery is lower at higher discharge rates."
  },
  {
    "question_number": 91,
    "question": "What is the main advantage of a static inverter over a rotary inverter?",
    "options": {
      "a": "It is cheaper.",
      "b": "It is heavier.",
      "c": "It has high efficiency, low maintenance, and quiet operation."
    },
    "correct_answer": "c",
    "explanation": "Static inverters, having no moving parts, offer several advantages over older rotary inverters, including higher efficiency, greater reliability, and quieter operation."
  },
  {
    "question_number": 92,
    "question": "What is the purpose of a ground service plug receptacle?",
    "options": {
      "a": "To charge the aircraft's battery.",
      "b": "To allow the connection of an external power unit (GPU) for ground operations.",
      "c": "To ground the aircraft during refueling."
    },
    "correct_answer": "b",
    "explanation": "The ground service plug receptacle is the connection point for a GPU, which provides electrical power to the aircraft while it is parked on the ground."
  },
  {
    "question_number": 93,
    "question": "What is a 'bus tie breaker'?",
    "options": {
      "a": "A device that breaks the bus bar.",
      "b": "A circuit protection device that connects buses.",
      "c": "A type of bus bar."
    },
    "correct_answer": "b",
    "explanation": "Bus tie breakers are circuit protection devices (like circuit breakers or relays) that are used to connect or isolate different electrical buses."
  },
  {
    "question_number": 94,
    "question": "What is the purpose of the alternator field circuit breaker?",
    "options": {
      "a": "To protect the entire electrical system.",
      "b": "To protect the alternator's field circuit from overcurrent.",
      "c": "To manually turn the alternator on and off."
    },
    "correct_answer": "b",
    "explanation": "The alternator field circuit breaker is specifically designed to protect the field winding of the alternator from excessive current."
  },
  {
    "question_number": 95,
    "question": "Which items are typically powered from the battery bus?",
    "options": {
      "a": "In-flight entertainment systems.",
      "b": "Fixed fire extinguishers and emergency lights.",
      "c": "Galley equipment."
    },
    "correct_answer": "b",
    "explanation": "Items critical for safety, such as fire extinguishers and emergency lights, are often powered directly from the battery bus so they are available even if the generators are offline."
  },
  {
    "question_number": 96,
    "question": "What are the two main classifications of aircraft lighting systems?",
    "options": {
      "a": "AC and DC",
      "b": "Bright and dim",
      "c": "External and Internal"
    },
    "correct_answer": "c",
    "explanation": "Aircraft lighting is generally categorized into external lighting (for visibility and navigation) and internal lighting (for the cockpit and cabin)."
  },
  {
    "question_number": 97,
    "question": "What is the primary danger of improperly installed or maintained aircraft wiring?",
    "options": {
      "a": "It can cause the aircraft to fly slower.",
      "b": "It can be a source of immediate and potential danger, including fire.",
      "c": "It can drain the battery."
    },
    "correct_answer": "b",
    "explanation": "Poor wiring poses a significant safety risk, as it can lead to short circuits, arcing, and fires."
  },
  {
    "question_number": 98,
    "question": "What is the purpose of a cable loom?",
    "options": {
      "a": "To make the wiring look neat.",
      "b": "To form a rigid and straight bundle of wires for support and protection.",
      "c": "To increase the resistance of the wires."
    },
    "correct_answer": "b",
    "explanation": "Cable looming, or bundling, is the practice of tying wires together to create a neat, rigid bundle that is less prone to damage from vibration and chafing."
  },
  {
    "question_number": 99,
    "question": "How far should wire bundles be clamped?",
    "options": {
      "a": "Every 6 inches",
      "b": "Every 12 inches",
      "c": "At least every 24 inches"
    },
    "correct_answer": "c",
    "explanation": "To provide adequate support, wire bundles should be secured with clamps at intervals of no more than 24 inches."
  },
  {
    "question_number": 100,
    "question": "What is the recommended size for the inside diameter of an electrical conduit?",
    "options": {
      "a": "The same size as the wire bundle.",
      "b": "About 25 percent larger than the diameter of the largest part of the bundle.",
      "c": "Twice the size of the wire bundle."
    },
    "correct_answer": "b",
    "explanation": "The conduit's inside diameter should be about 25% larger than the wire bundle to allow for easy installation and to prevent damage to the wires."
  },
  {
    "question_number": 101,
    "question": "What is a major reason for grounding an aircraft?",
    "options": {
      "a": "To make the aircraft heavier.",
      "b": "To protect the aircraft and personnel against hazards from lightning discharge.",
      "c": "To improve the aircraft's aerodynamics."
    },
    "correct_answer": "b",
    "explanation": "Grounding provides a safe path for the immense electrical energy of a lightning strike to dissipate, protecting the aircraft's structure, systems, and occupants."
  },
  {
    "question_number": 102,
    "question": "What is the first step before performing maintenance on an aircraft's electrical system?",
    "options": {
      "a": "Turn on all the lights.",
      "b": "De-energize the electrical system.",
      "c": "Check the tire pressure."
    },
    "correct_answer": "b",
    "explanation": "For safety, the first and most critical step before any electrical maintenance is to de-energize the system to prevent electric shock."
  },
  {
    "question_number": 103,
    "question": "What are the two types of retractable landing lights mentioned?",
    "options": {
      "a": "Fixed and retractable",
      "b": "LED and halogen",
      "c": "AC and DC"
    },
    "correct_answer": "a",
    "explanation": "Aircraft may have fixed landing lights, retractable landing lights, or a combination of both."
  },
  {
    "question_number": 104,
    "question": "What is a safety precaution to take when handling strobe lights?",
    "options": {
      "a": "Stare directly into the light to test it.",
      "b": "Do not handle the unit for at least 5 minutes after power is removed.",
      "c": "Touch the flash tube with bare hands."
    },
    "correct_answer": "b",
    "explanation": "Strobe light power supplies contain high-voltage capacitors that can hold a charge for some time after power is removed. It is crucial to wait for them to discharge before handling."
  },
  {
    "question_number": 105,
    "question": "What is the purpose of emergency escape slide lights?",
    "options": {
      "a": "To illuminate the airline's logo.",
      "b": "To illuminate the escape slide areas during an emergency evacuation.",
      "c": "To provide reading light for passengers."
    },
    "correct_answer": "b",
    "explanation": "These lights are part of the emergency lighting system and are designed to illuminate the escape slides and surrounding area during an evacuation at night or in low-light conditions."
  },
  {
    "question_number": 106,
    "question": "What is the function of a thermocouple fire detector system?",
    "options": {
      "a": "It senses a rapid rate of temperature rise.",
      "b": "It detects smoke.",
      "c": "It measures the pressure of the air."
    },
    "correct_answer": "a",
    "explanation": "A thermocouple fire detection system works by sensing a rapid increase in temperature, which is indicative of a fire. It generates a small voltage when heated, which triggers an alarm."
  },
  {
    "question_number": 107,
    "question": "What is a Fenwal continuous-loop fire detection system?",
    "options": {
      "a": "A single-point heat detector.",
      "b": "A system with a sensing element that responds to a temperature rise anywhere along its length.",
      "c": "A smoke detector."
    },
    "correct_answer": "b",
    "explanation": "The Fenwal system is a type of continuous-loop detector where the entire length of the sensing element is responsive to heat, providing overheat or fire detection over a wide area."
  },
  {
    "question_number": 108,
    "question": "What is a carbon monoxide detector used for in an aircraft?",
    "options": {
      "a": "To detect fuel leaks.",
      "b": "To provide the earliest warning of a possible fire in the cabin or cockpit.",
      "c": "To measure the oxygen level."
    },
    "correct_answer": "b",
    "explanation": "Carbon monoxide detectors are used in occupied areas of the aircraft to give an early warning of a fire, as CO is a byproduct of combustion."
  },
  {
    "question_number": 109,
    "question": "What is a Class A fire?",
    "options": {
      "a": "A fire involving flammable liquids.",
      "b": "A fire involving ordinary combustible materials like wood, paper, or cloth.",
      "c": "A fire involving combustible metals."
    },
    "correct_answer": "b",
    "explanation": "A Class A fire involves common combustible solids."
  },
  {
    "question_number": 110,
    "question": "What is a Class B fire?",
    "options": {
      "a": "A fire involving energized electrical equipment.",
      "b": "A fire involving flammable liquids and gases.",
      "c": "A fire involving ordinary combustible materials."
    },
    "correct_answer": "b",
    "explanation": "A Class B fire involves flammable or combustible liquids and gases."
  },
  {
    "question_number": 111,
    "question": "What is a Class D fire?",
    "options": {
      "a": "A fire involving cooking oils.",
      "b": "A fire involving combustible metals.",
      "c": "A fire involving paper and wood."
    },
    "correct_answer": "b",
    "explanation": "A Class D fire is one that involves combustible metals, which require special extinguishing agents."
  },
  {
    "question_number": 112,
    "question": "Why is water not used for fires caused by electrical means?",
    "options": {
      "a": "It is not effective.",
      "b": "It can cause electrocution and spread the fire.",
      "c": "It is too expensive."
    },
    "correct_answer": "b",
    "explanation": "Water is a conductor of electricity and should not be used on electrical fires as it can create a shock hazard and potentially spread the fire."
  },
  {
    "question_number": 113,
    "question": "What is the purpose of the master switch in an aircraft?",
    "options": {
      "a": "To control the landing gear.",
      "b": "To disconnect all power sources from the distribution system.",
      "c": "To turn on the cabin lights."
    },
    "correct_answer": "b",
    "explanation": "The master switch is a primary control that allows the pilot to connect or disconnect the battery and alternator from the main electrical bus."
  },
  {
    "question_number": 114,
    "question": "What is the voltage of a fully charged 12-cell lead-acid battery?",
    "options": {
      "a": "12.6V",
      "b": "24V",
      "c": "Approximately 25.2V"
    },
    "correct_answer": "c",
    "explanation": "A 12-cell lead-acid battery would have a nominal voltage of 24V, and a fully charged open-circuit voltage closer to 25.2V (12 cells x 2.1V/cell). The provided text states a 12 cell battery is about 24V."
  },
  {
    "question_number": 115,
    "question": "What is a key difference in maintenance between Ni-Cd and lead-acid batteries?",
    "options": {
      "a": "Ni-Cd batteries never need maintenance.",
      "b": "Ni-Cd batteries have replaceable individual cells, while lead-acid batteries typically do not.",
      "c": "Lead-acid batteries last longer."
    },
    "correct_answer": "b",
    "explanation": "A significant maintenance advantage of Ni-Cd batteries is their modular construction with individually replaceable cells, which is not a feature of most lead-acid batteries."
  },
  {
    "question_number": 116,
    "question": "What material is the negative plate of a charged Ni-Cd battery made of?",
    "options": {
      "a": "Lead",
      "b": "Cadmium (Cd)",
      "c": "Nickel Hydroxide"
    },
    "correct_answer": "b",
    "explanation": "The negative plate of a nickel-cadmium battery is made of cadmium."
  },
  {
    "question_number": 117,
    "question": "What is the electrolyte used in a Ni-Cd battery?",
    "options": {
      "a": "Sulfuric acid and water",
      "b": "Potassium hydroxide (KOH) and water",
      "c": "Lithium salt in an organic solvent"
    },
    "correct_answer": "b",
    "explanation": "The electrolyte in a nickel-cadmium battery is a solution of potassium hydroxide (KOH) and water."
  },
  {
    "question_number": 118,
    "question": "What is an advantage of lithium-ion batteries over lead-acid and Ni-Cd batteries?",
    "options": {
      "a": "They are cheaper.",
      "b": "They are heavier.",
      "c": "They have a longer life and less weight."
    },
    "correct_answer": "c",
    "explanation": "Lithium-ion batteries offer significant advantages in terms of longer service life and lower weight compared to older battery technologies."
  },
  {
    "question_number": 119,
    "question": "What type of armature winding is used for low voltage and high current applications in DC generators?",
    "options": {
      "a": "Wave winding",
      "b": "Lap winding",
      "c": "Series winding"
    },
    "correct_answer": "b",
    "explanation": "Lap winding in a DC generator armature is suitable for applications requiring high current at a lower voltage."
  },
  {
    "question_number": 120,
    "question": "What type of armature winding is used for high voltage and low current applications in DC generators?",
    "options": {
      "a": "Wave winding",
      "b": "Lap winding",
      "c": "Parallel winding"
    },
    "correct_answer": "a",
    "explanation": "Wave winding is used in DC generator armatures for applications that require a higher voltage output with a lower current."
  },
  {
    "question_number": 121,
    "question": "Why is a reverse current cutout relay not necessary in a DC alternator system?",
    "options": {
      "a": "The alternator produces DC directly.",
      "b": "The solid-state rectifier diodes prevent reverse current flow.",
      "c": "The alternator does not charge the battery."
    },
    "correct_answer": "b",
    "explanation": "The rectifier diodes in a DC alternator naturally prevent the battery from discharging back through the alternator windings, making a separate reverse current cutout relay redundant."
  },
  {
    "question_number": 122,
    "question": "What is coaxial cable used for in aircraft?",
    "options": {
      "a": "To power the cabin lights.",
      "b": "To connect antennas with radio receivers and transmitters.",
      "c": "To charge the battery."
    },
    "correct_answer": "b",
    "explanation": "Coaxial cable is specifically designed to carry high-frequency signals and is used to connect radio communication and navigation antennas to their respective transceivers."
  },
  {
    "question_number": 123,
    "question": "What is the maximum allowable voltage drop from the generator to the bus bar?",
    "options": {
      "a": "1%",
      "b": "2%",
      "c": "5%"
    },
    "correct_answer": "b",
    "explanation": "To ensure adequate power delivery, the voltage drop between the power source and the main distribution bus should not exceed 2% of the regulated voltage."
  },
  {
    "question_number": 124,
    "question": "What is the purpose of derating switches in an aircraft electrical system?",
    "options": {
      "a": "To make them operate faster.",
      "b": "To use a switch with a lower current rating than the circuit requires.",
      "c": "To ensure the switch can handle the electrical load, especially for inductive or high inrush current circuits."
    },
    "correct_answer": "c",
    "explanation": "Derating means selecting a switch with a higher rating than the nominal circuit current to ensure its longevity and reliability, particularly in circuits with high initial currents (like motors) or inductive loads."
  },
  {
    "question_number": 125,
    "question": "Where should wires NOT be installed in an aircraft?",
    "options": {
      "a": "In the cockpit.",
      "b": "In areas where they will be subjected to damage from fluids or in the lowest 4 inches of the fuselage.",
      "c": "In the wings."
    },
    "correct_answer": "b",
    "explanation": "To protect wiring from contamination and damage, installation in the lowest parts of the fuselage where fluids can collect is avoided whenever possible."
  },
  {
    "question_number": 126,
    "question": "How should wires be routed in relation to combustible fluid or oxygen lines?",
    "options": {
      "a": "Directly next to them.",
      "b": "Below them.",
      "c": "Above them, with as much separation as possible."
    },
    "correct_answer": "c",
    "explanation": "As a safety measure, electrical wiring should be routed above plumbing lines for flammable fluids or oxygen, with maximum possible separation."
  },
  {
    "question_number": 127,
    "question": "What is the main function of the dome lights in the flight compartment?",
    "options": {
      "a": "To illuminate the instruments.",
      "b": "To supply general illumination for the cabin.",
      "c": "To act as a warning light."
    },
    "correct_answer": "b",
    "explanation": "The dome lights provide overall, general lighting for the flight compartment."
  },
  {
    "question_number": 128,
    "question": "What is the 'discrete function' of a pneumatic continuous-loop fire detector?",
    "options": {
      "a": "It responds to a slow temperature rise.",
      "b": "It responds when a small section of the tube is heated to a preset discrete temperature.",
      "c": "It detects carbon monoxide."
    },
    "correct_answer": "b",
    "explanation": "The discrete function provides a rapid alarm when any localized section of the sensing tube is exposed to a high temperature, such as from a fire."
  },
  {
    "question_number": 129,
    "question": "How do photoelectric (light refraction) smoke detectors work?",
    "options": {
      "a": "They sense a change in air pressure.",
      "b": "Smoke particles entering the detector scatter a light beam onto a photosensor, triggering an alarm.",
      "c": "They measure the temperature of the smoke."
    },
    "correct_answer": "b",
    "explanation": "Photoelectric smoke detectors operate on the principle of light scattering; smoke particles entering the detector cause a light beam to be deflected onto a sensor."
  },
  {
    "question_number": 130,
    "question": "What safety precaution should be followed regarding smoking during aircraft maintenance?",
    "options": {
      "a": "Smoking is allowed in designated areas.",
      "b": "Display 'No Smoking' placards.",
      "c": "Smoking is only prohibited during refueling."
    },
    "correct_answer": "b",
    "explanation": "Due to the presence of flammable materials, smoking should be strictly prohibited in and around the aircraft during maintenance, and 'No Smoking' signs should be prominently displayed."
  },
  {
    "question_number": 131,
    "question": "What is a major advantage of a DC alternator over a DC generator?",
    "options": {
      "a": "It is heavier.",
      "b": "It has a high power-to-weight ratio.",
      "c": "It produces less power."
    },
    "correct_answer": "b",
    "explanation": "DC alternators are generally more efficient and can produce more power for their size and weight compared to traditional DC generators."
  },
  {
    "question_number": 132,
    "question": "What is a potential consequence of chafing between a wire bundle and a fuel line?",
    "options": {
      "a": "It can improve fuel flow.",
      "b": "It can cause an electrical arc, leading to holes in the fuel line.",
      "c": "It reinforces the fuel line."
    },
    "correct_answer": "b",
    "explanation": "Chafing can wear through wire insulation, causing an electrical arc that can puncture a nearby fuel line, creating a very dangerous situation."
  },
  {
    "question_number": 133,
    "question": "What happens to the electrolyte level in a lead-acid battery during charging?",
    "options": {
      "a": "It decreases.",
      "b": "It increases.",
      "c": "It can decrease due to gassing, and may need to be checked and adjusted."
    },
    "correct_answer": "c",
    "explanation": "During charging, particularly overcharging, water in the electrolyte can be converted into hydrogen and oxygen gas, which escapes, lowering the electrolyte level. This is why the level should be checked before recharging."
  },
  {
    "question_number": 134,
    "question": "What is the purpose of the vent caps on a vented Ni-Cd battery?",
    "options": {
      "a": "To prevent the electrolyte from spilling.",
      "b": "To release hydrogen and oxygen gases generated during charging.",
      "c": "To allow for easy refilling of the electrolyte."
    },
    "correct_answer": "b",
    "explanation": "Vented cells have vents to safely release the gases produced during charging or rapid discharging, preventing a buildup of pressure inside the cell."
  },
  {
    "question_number": 135,
    "question": "What is the typical nominal cell voltage of a Ni-Cd battery during discharge?",
    "options": {
      "a": "2.2V",
      "b": "3.6V",
      "c": "1.2V"
    },
    "correct_answer": "c",
    "explanation": "A single nickel-cadmium cell has a nominal voltage of approximately 1.2 volts during discharge."
  },
  {
    "question_number": 136,
    "question": "What is the nominal cell voltage of a lithium-ion battery?",
    "options": {
      "a": "1.2V",
      "b": "2.2V",
      "c": "3.6V"
    },
    "correct_answer": "c",
    "explanation": "A lithium-ion cell typically has a nominal voltage of 3.6 volts."
  },
  {
    "question_number": 137,
    "question": "What does a green navigation light on an aircraft signify?",
    "options": {
      "a": "The left (port) side of the aircraft.",
      "b": "The right (starboard) side of the aircraft.",
      "c": "The tail of the aircraft."
    },
    "correct_answer": "b",
    "explanation": "A steady green light is located on the right (starboard) wingtip of an aircraft."
  },
  {
    "question_number": 138,
    "question": "What does a red navigation light on an aircraft signify?",
    "options": {
      "a": "The right (starboard) side of the aircraft.",
      "b": "The left (port) side of the aircraft.",
      "c": "The top of the aircraft."
    },
    "correct_answer": "b",
    "explanation": "A steady red light is located on the left (port) wingtip of an aircraft."
  },
  {
    "question_number": 139,
    "question": "What do the landing and taxi lights help pilots see?",
    "options": {
      "a": "Other aircraft in the sky.",
      "b": "The runway during takeoff and landing.",
      "c": "The instruments in the cockpit."
    },
    "correct_answer": "b",
    "explanation": "The landing and taxi lights are powerful lights used to illuminate the runway and taxiways for the pilots during ground operations and the final stages of approach and landing."
  },
  {
    "question_number": 140,
    "question": "Which fire extinguishing agent is considered a 'clean agent' but has environmental concerns?",
    "options": {
      "a": "Water",
      "b": "Dry Powder",
      "c": "Halogenated Hydrocarbons (Halons)"
    },
    "correct_answer": "c",
    "explanation": "Halons are effective clean agents (leaving no residue) but are known to deplete the ozone layer and contribute to global warming."
  }
]
