[
    {
        "question_number": 1,
        "question": "What is the primary purpose of an aircraft electrical system?",
        "options": {
            "a": "To provide hydraulic power",
            "b": "To supply electrical power for aircraft systems",
            "c": "To control engine thrust",
            "d": "To manage cabin temperature"
        },
        "correct_answer": "b",
        "explanation": "The primary purpose of an aircraft electrical system is to supply electrical power to various aircraft systems, such as avionics, lighting, and control systems, ensuring their proper operation."
    },
    {
        "question_number": 2,
        "question": "Which component is used to save battery power during ground operations?",
        "options": {
            "a": "Auxiliary Power Unit (APU)",
            "b": "Ground Power Unit (GPU)",
            "c": "Transformer Rectifier",
            "d": "Inverter"
        },
        "correct_answer": "b",
        "explanation": "The Ground Power Unit (GPU) is an external power source used to supply electricity to the aircraft during ground operations, conserving the aircraft's battery power."
    },
    {
        "question_number": 3,
        "question": "What does EMI stand for in the context of aircraft electrical systems?",
        "options": {
            "a": "Electromagnetic Interference",
            "b": "Electrical Maintenance Indicator",
            "c": "Energy Management Interface",
            "d": "Electronic Motor Integration"
        },
        "correct_answer": "a",
        "explanation": "EMI stands for Electromagnetic Interference, which refers to the disruption caused by electromagnetic fields to electrical systems, such as radio transmissions or fly-by-wire systems."
    },
    {
        "question_number": 4,
        "question": "What is the purpose of shielded cables in aircraft electrical systems?",
        "options": {
            "a": "To increase power output",
            "b": "To reduce electromagnetic interference",
            "c": "To enhance cable flexibility",
            "d": "To provide thermal insulation"
        },
        "correct_answer": "b",
        "explanation": "Shielded cables are used in aircraft to reduce electromagnetic interference (EMI), protecting sensitive circuits from high-frequency noise."
    },
    {
        "question_number": 5,
        "question": "Which standard must aircraft electrical systems comply with for system safety?",
        "options": {
            "a": "ISO 9001",
            "b": "DO-4711",
            "c": "FAA Part 121",
            "d": "MIL-STD-810"
        },
        "correct_answer": "b",
        "explanation": "Aircraft electrical systems must comply with DO-4711, a standard that ensures system safety and reliability in aviation environments."
    },
    {
        "question_number": 6,
        "question": "What is the role of a circuit breaker in an aircraft electrical system?",
        "options": {
            "a": "To generate electrical power",
            "b": "To protect circuits from overload",
            "c": "To convert AC to DC",
            "d": "To store electrical energy"
        },
        "correct_answer": "b",
        "explanation": "A circuit breaker protects electrical circuits by interrupting the flow of electricity in case of an overload or short circuit, preventing damage to the system."
    },
    {
        "question_number": 7,
        "question": "Which type of battery is commonly used in aircraft for emergency power?",
        "options": {
            "a": "Lithium-ion",
            "b": "Nickel-Cadmium",
            "c": "Lead-Acid",
            "d": "Alkaline"
        },
        "correct_answer": "b",
        "explanation": "Nickel-Cadmium (Ni-Cad) batteries are commonly used in aircraft for emergency power due to their reliability and ability to deliver high current."
    },
    {
        "question_number": 8,
        "question": "What is the nominal voltage of a fully charged lead-acid battery cell?",
        "options": {
            "a": "1.2 V",
            "b": "2.0 V",
            "c": "3.7 V",
            "d": "12.6 V"
        },
        "correct_answer": "b",
        "explanation": "A fully charged lead-acid battery cell has a nominal voltage of approximately 2.0 V."
    },
    {
        "question_number": 9,
        "question": "What is the primary function of a Ground Power Unit (GPU)?",
        "options": {
            "a": "To start the aircraft engines",
            "b": "To power aircraft systems during ground operations",
            "c": "To recharge the aircraft battery",
            "d": "To provide hydraulic pressure"
        },
        "correct_answer": "b",
        "explanation": "The primary function of a GPU is to provide electrical power to aircraft systems during ground operations, reducing the reliance on onboard batteries or APU."
    },
    {
        "question_number": 10,
        "question": "What is the purpose of the electrolyte in a lead-acid battery?",
        "options": {
            "a": "To act as a conductor between electrodes",
            "b": "To insulate the battery plates",
            "c": "To cool the battery",
            "d": "To prevent sulfation"
        },
        "correct_answer": "a",
        "explanation": "The electrolyte in a lead-acid battery, typically sulfuric acid mixed with distilled water, acts as a conductor to facilitate the flow of ions between the positive and negative plates."
    },
    {
        "question_number": 11,
        "question": "What is the main advantage of a Nickel-Cadmium battery over a lead-acid battery?",
        "options": {
            "a": "Lower cost",
            "b": "Higher energy density",
            "c": "Longer service life",
            "d": "Smaller size"
        },
        "correct_answer": "c",
        "explanation": "Nickel-Cadmium batteries have a longer service life compared to lead-acid batteries, often lasting up to 25 years with proper maintenance."
    },
    {
        "question_number": 12,
        "question": "What is the purpose of a transformer rectifier in an aircraft electrical system?",
        "options": {
            "a": "To convert DC to AC",
            "b": "To convert AC to DC",
            "c": "To store electrical energy",
            "d": "To regulate voltage"
        },
        "correct_answer": "b",
        "explanation": "A transformer rectifier converts alternating current (AC) to direct current (DC) to power DC-based systems in an aircraft."
    },
    {
        "question_number": 13,
        "question": "Which of the following is a continuous load in an aircraft electrical system?",
        "options": {
            "a": "Landing gear motors",
            "b": "Navigation lights",
            "c": "Flap actuators",
            "d": "Starter motors"
        },
        "correct_answer": "b",
        "explanation": "Navigation lights are considered continuous loads as they operate continuously during flight, unlike landing gear motors or flap actuators, which are intermittent."
    },
    {
        "question_number": 14,
        "question": "What is the purpose of bonding in aircraft electrical systems?",
        "options": {
            "a": "To increase power output",
            "b": "To prevent static charge accumulation",
            "c": "To enhance EMI",
            "d": "To reduce battery usage"
        },
        "correct_answer": "b",
        "explanation": "Bonding ensures electrical continuity between aircraft components, preventing the accumulation of static charges that could cause sparks or interference."
    },
    {
        "question_number": 15,
        "question": "What is the role of an inverter in an aircraft electrical system?",
        "options": {
            "a": "To convert DC to AC",
            "b": "To convert AC to DC",
            "c": "To store electrical energy",
            "d": "To regulate current"
        },
        "correct_answer": "a",
        "explanation": "An inverter converts direct current (DC) to alternating current (AC) to power AC-based systems in an aircraft."
    },
    {
        "question_number": 16,
        "question": "Which fire extinguishing agent is commonly used in turbine aircraft?",
        "options": {
            "a": "Water",
            "b": "Halon 1301",
            "c": "Dry powder",
            "d": "CO2"
        },
        "correct_answer": "b",
        "explanation": "Halon 1301 is commonly used in turbine aircraft fire extinguishing systems due to its effectiveness in rapidly suppressing fires in engine nacelles."
    },
    {
        "question_number": 17,
        "question": "What is the primary purpose of navigation lights on an aircraft?",
        "options": {
            "a": "To illuminate the runway",
            "b": "To indicate the aircraft's position and direction",
            "c": "To provide cabin lighting",
            "d": "To detect ice on wings"
        },
        "correct_answer": "b",
        "explanation": "Navigation lights are used to indicate the aircraft's position and direction to other aircraft and ground personnel, enhancing visibility and safety."
    },
    {
        "question_number": 18,
        "question": "What is the function of a thermal switch in a fire detection system?",
        "options": {
            "a": "To extinguish fires",
            "b": "To detect high temperatures",
            "c": "To regulate voltage",
            "d": "To cool the engine"
        },
        "correct_answer": "b",
        "explanation": "A thermal switch, also known as a spot or point detector, is used in fire detection systems to detect high temperatures indicative of a fire."
    },
    {
        "question_number": 19,
        "question": "Which of the following is a characteristic of a continuous loop fire detector system?",
        "options": {
            "a": "It detects specific points of heat",
            "b": "It uses a single sensor",
            "c": "It monitors a large area continuously",
            "d": "It is only used in the cockpit"
        },
        "correct_answer": "c",
        "explanation": "A continuous loop fire detector system, such as the Fenwal system, monitors a large area continuously for temperature changes, providing comprehensive fire detection."
    },
    {
        "question_number": 20,
        "question": "What is the purpose of emergency exit lighting in an aircraft?",
        "options": {
            "a": "To illuminate the runway",
            "b": "To guide passengers to exits during emergencies",
            "c": "To provide general cabin lighting",
            "d": "To indicate engine status"
        },
        "correct_answer": "b",
        "explanation": "Emergency exit lighting illuminates escape routes and exit locations to guide passengers safely during emergency evacuations."
    },
    {
        "question_number": 21,
        "question": "What is the main difference between a DC generator and a DC alternator?",
        "options": {
            "a": "DC generator uses a rectifier, while a DC alternator does not",
            "b": "DC alternator has a built-in rectifier to convert AC to DC",
            "c": "DC generator produces AC power",
            "d": "DC alternator uses brushes, while a DC generator does not"
        },
        "correct_answer": "b",
        "explanation": "A DC alternator is essentially an AC alternator with a built-in rectifier to convert AC to DC, whereas a DC generator produces DC directly."
    },
    {
        "question_number": 22,
        "question": "What is the primary function of anti-collision lights on an aircraft?",
        "options": {
            "a": "To illuminate the runway during landing",
            "b": "To make the aircraft more visible to others",
            "c": "To provide cabin lighting",
            "d": "To detect wing icing"
        },
        "correct_answer": "b",
        "explanation": "Anti-collision lights, such as strobe lights, are used to make the aircraft more visible to other aircraft and ground personnel, enhancing safety."
    },
    {
        "question_number": 23,
        "question": "What is the purpose of a fuse in an aircraft electrical system?",
        "options": {
            "a": "To store electrical energy",
            "b": "To protect circuits from overcurrent",
            "c": "To convert AC to DC",
            "d": "To regulate voltage"
        },
        "correct_answer": "b",
        "explanation": "A fuse protects electrical circuits by melting and breaking the circuit when excessive current flows, preventing damage to components."
    },
    {
        "question_number": 24,
        "question": "What is the role of the stator in an AC generator?",
        "options": {
            "a": "To rotate and generate magnetic fields",
            "b": "To provide a stationary magnetic field",
            "c": "To convert DC to AC",
            "d": "To store electrical energy"
        },
        "correct_answer": "b",
        "explanation": "The stator in an AC generator is stationary and provides a magnetic field in which the rotor rotates to generate alternating current."
    },
    {
        "question_number": 25,
        "question": "Why are crimped connections preferred in aircraft wiring?",
        "options": {
            "a": "They are easier to install",
            "b": "They eliminate dry joints and ensure reliability",
            "c": "They reduce electromagnetic interference",
            "d": "They increase power output"
        },
        "correct_answer": "b",
        "explanation": "Crimped connections are preferred in aircraft wiring because they provide reliable, strong connections and eliminate dry joints, ensuring consistent performance."
    },
    {
        "question_number": 26,
        "question": "What is the purpose of the master caution light in the cockpit?",
        "options": {
            "a": "To indicate engine start",
            "b": "To alert the crew to system malfunctions",
            "c": "To control cabin lighting",
            "d": "To monitor fuel levels"
        },
        "correct_answer": "b",
        "explanation": "The master caution light alerts the flight crew to system malfunctions or abnormalities, prompting further investigation."
    },
    {
        "question_number": 27,
        "question": "Which type of fire detector is commonly used in engine compartments?",
        "options": {
            "a": "Smoke detector",
            "b": "Continuous loop detector",
            "c": "Ionization detector",
            "d": "Carbon monoxide detector"
        },
        "correct_answer": "b",
        "explanation": "Continuous loop detectors, such as the Fenwal system, are commonly used in engine compartments due to their ability to monitor large areas for fire."
    },
    {
        "question_number": 28,
        "question": "What is the function of a relay in an aircraft electrical system?",
        "options": {
            "a": "To convert AC to DC",
            "b": "To control high-power circuits with a low-power signal",
            "c": "To store electrical energy",
            "d": "To generate power"
        },
        "correct_answer": "b",
        "explanation": "A relay is an electrically operated switch that allows a low-power signal to control high-power circuits, enabling efficient control of electrical systems."
    },
    {
        "question_number": 29,
        "question": "What is the primary purpose of landing lights on an aircraft?",
        "options": {
            "a": "To indicate the aircraft's position",
            "b": "To illuminate the runway during takeoff and landing",
            "c": "To provide cabin lighting",
            "d": "To detect ice on wings"
        },
        "correct_answer": "b",
        "explanation": "Landing lights are used to illuminate the runway during takeoff and landing, aiding pilots in low-visibility conditions."
    },
    {
        "question_number": 30,
        "question": "What is the main cause of false fire warnings in thermal switch systems?",
        "options": {
            "a": "High humidity",
            "b": "Mechanical vibration",
            "c": "Electrical surges",
            "d": "Low temperatures"
        },
        "correct_answer": "b",
        "explanation": "Mechanical vibration is a common cause of false fire warnings in thermal switch systems, as it can trigger the switch inadvertently."
    },
    {
        "question_number": 31,
        "question": "What is the purpose of wing illumination lights on an aircraft?",
        "options": {
            "a": "To provide cabin lighting",
            "b": "To inspect wings for ice",
            "c": "To indicate aircraft direction",
            "d": "To illuminate the runway"
        },
        "correct_answer": "b",
        "explanation": "Wing illumination lights are used to inspect the wings for ice accumulation, especially during night or low-visibility conditions."
    },
    {
        "question_number": 32,
        "question": "Which component in a fire extinguishing system drives a cutter into the seal to discharge the agent?",
        "options": {
            "a": "Fusible safety plug",
            "b": "Detonator (squib)",
            "c": "High-pressure line",
            "d": "Container valve"
        },
        "correct_answer": "b",
        "explanation": "The detonator, or squib, is an electrically operated explosive device that drives a cutter into the seal of a fire extinguisher container to release the agent."
    },
    {
        "question_number": 33,
        "question": "What is the role of a solenoid in an aircraft electrical system?",
        "options": {
            "a": "To convert AC to DC",
            "b": "To act as an electromagnetic switch or actuator",
            "c": "To store electrical energy",
            "d": "To generate power"
        },
        "correct_answer": "b",
        "explanation": "A solenoid is an electromagnetic device used as a switch or actuator to control mechanical components in an aircraft electrical system."
    },
    {
        "question_number": 34,
        "question": "What is the typical voltage of a lead-acid battery used in aircraft?",
        "options": {
            "a": "12 V",
            "b": "24 V",
            "c": "48 V",
            "d": "115 V"
        },
        "correct_answer": "b",
        "explanation": "The typical voltage of a lead-acid battery used in aircraft is about 24 V, achieved by connecting multiple 2 V cells in series."
    },
    {
        "question_number": 35,
        "question": "What is the purpose of a hydrometer in lead-acid battery maintenance?",
        "options": {
            "a": "To measure voltage",
            "b": "To measure electrolyte specific gravity",
            "c": "To check battery temperature",
            "d": "To prevent sulfation"
        },
        "correct_answer": "b",
        "explanation": "A hydrometer is used to measure the specific gravity of the electrolyte in a lead-acid battery, indicating its state of charge."
    },
    {
        "question_number": 36,
        "question": "Why is a non-metallic horn required for CO2 fire extinguishers?",
        "options": {
            "a": "To reduce weight",
            "b": "To prevent static electricity buildup",
            "c": "To increase durability",
            "d": "To improve flow rate"
        },
        "correct_answer": "b",
        "explanation": "A non-metallic horn is required for CO2 fire extinguishers to prevent static electricity buildup, which could cause sparks and ignite flammable materials."
    },
    {
        "question_number": 37,
        "question": "What is the primary function of a rotary switch in an aircraft?",
        "options": {
            "a": "To convert AC to DC",
            "b": "To select between multiple electrical circuits",
            "c": "To store electrical energy",
            "d": "To generate power"
        },
        "correct_answer": "b",
        "explanation": "A rotary switch is used to select between multiple electrical circuits, allowing the pilot or crew to control different systems."
    },
    {
        "question_number": 38,
        "question": "What is the purpose of the passenger service unit in an aircraft?",
        "options": {
            "a": "To control engine power",
            "b": "To provide reading lights and call buttons",
            "c": "To monitor fuel levels",
            "d": "To regulate cabin pressure"
        },
        "correct_answer": "b",
        "explanation": "The passenger service unit contains reading lights, fasten seat belt/no smoking signs, and attendant call buttons for passenger convenience."
    },
    {
        "question_number": 39,
        "question": "What is the minimum bend radius for wire groups in aircraft wiring?",
        "options": {
            "a": "1 times the diameter",
            "b": "3 times the diameter",
            "c": "5 times the diameter",
            "d": "10 times the diameter"
        },
        "correct_answer": "b",
        "explanation": "The minimum bend radius for wire groups in aircraft wiring is 3 times the diameter to prevent damage to the wires."
    },
    {
        "question_number": 40,
        "question": "What is the purpose of a current limiter in an aircraft electrical system?",
        "options": {
            "a": "To convert AC to DC",
            "b": "To act as a slow-blow fuse",
            "c": "To store electrical energy",
            "d": "To regulate voltage"
        },
        "correct_answer": "b",
        "explanation": "A current limiter acts as a slow-blow fuse, protecting circuits by limiting current flow during overload conditions."
    },
    {
        "question_number": 41,
        "question": "What is the primary function of logo lights on an aircraft?",
        "options": {
            "a": "To illuminate the runway",
            "b": "To display the airline's logo",
            "c": "To provide cabin lighting",
            "d": "To detect ice on wings"
        },
        "correct_answer": "b",
        "explanation": "Logo lights are used to illuminate the airline's logo on the aircraft's tail or fuselage, enhancing brand visibility."
    },
    {
        "question_number": 42,
        "question": "What is the main advantage of lithium-ion batteries in aircraft applications?",
        "options": {
            "a": "Lower cost",
            "b": "Higher energy density",
            "c": "Longer recharge time",
            "d": "Higher weight"
        },
        "correct_answer": "b",
        "explanation": "Lithium-ion batteries have a higher energy density, allowing them to store more energy in a smaller, lighter package, which is advantageous for aircraft."
    },
    {
        "question_number": 43,
        "question": "What is the purpose of the stator assembly in a DC generator?",
        "options": {
            "a": "To rotate and generate current",
            "b": "To provide a stationary magnetic field",
            "c": "To convert DC to AC",
            "d": "To store electrical energy"
        },
        "correct_answer": "b",
        "explanation": "The stator assembly in a DC generator provides a stationary magnetic field in which the armature rotates to generate current."
    },
    {
        "question_number": 44,
        "question": "What is the primary function of taxi lights on an aircraft?",
        "options": {
            "a": "To indicate aircraft direction",
            "b": "To illuminate the taxiway during ground operations",
            "c": "To provide cabin lighting",
            "d": "To detect ice on wings"
        },
        "correct_answer": "b",
        "explanation": "Taxi lights illuminate the taxiway during ground operations, aiding pilots in navigating the aircraft safely."
    },
    {
        "question_number": 45,
        "question": "What is the purpose of electrical conduit in aircraft wiring?",
        "options": {
            "a": "To increase power output",
            "b": "To protect wires from mechanical damage",
            "c": "To enhance EMI",
            "d": "To reduce battery usage"
        },
        "correct_answer": "b",
        "explanation": "Electrical conduit is used to protect wires from mechanical damage, such as abrasion or vibration, in harsh aviation environments."
    },
    {
        "question_number": 46,
        "question": "What is the main purpose of the Integrated Drive Generator (IDG)?",
        "options": {
            "a": "To convert DC to AC",
            "b": "To provide constant frequency power from variable speed",
            "c": "To store electrical energy",
            "d": "To regulate voltage"
        },
        "correct_answer": "b",
        "explanation": "The Integrated Drive Generator (IDG) converts variable engine speed to a constant frequency power output for aircraft electrical systems."
    },
    {
        "question_number": 47,
        "question": "What is the primary cause of eddy current loss in a DC generator?",
        "options": {
            "a": "High voltage",
            "b": "Magnetic field fluctuations",
            "c": "Overheating",
            "d": "Mechanical vibration"
        },
        "correct_answer": "b",
        "explanation": "Eddy current loss in a DC generator is caused by magnetic field fluctuations inducing unwanted currents in the core material."
    },
    {
        "question_number": 48,
        "question": "What is the purpose of a smoke detector in an aircraft?",
        "options": {
            "a": "To monitor engine temperature",
            "b": "To detect smoke in cargo or lavatory compartments",
            "c": "To regulate cabin pressure",
            "d": "To control lighting"
        },
        "correct_answer": "b",
        "explanation": "Smoke detectors are used to detect smoke in cargo, baggage, or lavatory compartments, alerting the crew to potential fire hazards."
    },
    {
        "question_number": 49,
        "question": "What is the primary function of a wire bundle in an aircraft?",
        "options": {
            "a": "To generate power",
            "b": "To organize and protect multiple wires",
            "c": "To convert AC to DC",
            "d": "To store electrical energy"
        },
        "correct_answer": "b",
        "explanation": "A wire bundle organizes and protects multiple wires, ensuring proper routing and reducing the risk of damage or interference."
    },
    {
        "question_number": 50,
        "question": "What is the main purpose of the emergency egress lighting system?",
        "options": {
            "a": "To illuminate the runway",
            "b": "To guide passengers to exits during emergencies",
            "c": "To provide general cabin lighting",
            "d": "To indicate engine status"
        },
        "correct_answer": "b",
        "explanation": "The emergency egress lighting system guides passengers to exits, such as doors and overwing hatches, during emergency evacuations."
    },
    {
        "question_number": 51,
        "question": "What is the role of a fusible safety plug in a fire extinguishing system?",
        "options": {
            "a": "To release the extinguishing agent",
            "b": "To prevent overpressure in the container",
            "c": "To detect fire",
            "d": "To regulate voltage"
        },
        "correct_answer": "b",
        "explanation": "A fusible safety plug prevents overpressure in the fire extinguisher container by releasing excess pressure, ensuring safety."
    },
    {
        "question_number": 52,
        "question": "What is the primary function of a carbon monoxide detector in an aircraft?",
        "options": {
            "a": "To detect smoke",
            "b": "To indicate a fire condition",
            "c": "To monitor oxygen levels",
            "d": "To regulate cabin temperature"
        },
        "correct_answer": "b",
        "explanation": "A carbon monoxide detector indicates a fire condition by detecting CO, which is a byproduct of combustion, typically in the cabin or cockpit."
    },
    {
        "question_number": 53,
        "question": "What is the purpose of the armature assembly in a DC generator?",
        "options": {
            "a": "To provide a stationary magnetic field",
            "b": "To rotate and generate current",
            "c": "To convert AC to DC",
            "d": "To store electrical energy"
        },
        "correct_answer": "b",
        "explanation": "The armature assembly in a DC generator rotates within a magnetic field to generate electrical current."
    },
    {
        "question_number": 54,
        "question": "What is the primary function of runway turn-off lights?",
        "options": {
            "a": "To indicate aircraft direction",
            "b": "To illuminate taxiways during turns",
            "c": "To provide cabin lighting",
            "d": "To detect ice on wings"
        },
        "correct_answer": "b",
        "explanation": "Runway turn-off lights illuminate taxiways during turns, assisting pilots in navigating the aircraft on the ground."
    },
    {
        "question_number": 55,
        "question": "What is the main purpose of the Electrical Wiring Interconnection System (EWIS)?",
        "options": {
            "a": "To generate power",
            "b": "To ensure proper wiring and interconnection",
            "c": "To convert AC to DC",
            "d": "To store electrical energy"
        },
        "correct_answer": "b",
        "explanation": "The EWIS ensures proper wiring and interconnection of electrical systems, maintaining safety and reliability in aircraft."
    },
    {
        "question_number": 56,
        "question": "What is the primary function of a thermocouple detector in a fire detection system?",
        "options": {
            "a": "To extinguish fires",
            "b": "To detect temperature changes",
            "c": "To regulate voltage",
            "d": "To cool the engine"
        },
        "correct_answer": "b",
        "explanation": "A thermocouple detector detects temperature changes in specific areas, such as engine compartments, to indicate potential fire conditions."
    },
    {
        "question_number": 57,
        "question": "What is the primary purpose of high-tension cables in aircraft?",
        "options": {
            "a": "To carry low-voltage signals",
            "b": "To transmit high-voltage power",
            "c": "To reduce EMI",
            "d": "To provide structural support"
        },
        "correct_answer": "b",
        "explanation": "High-tension cables are designed to transmit high-voltage power to components like ignition systems in aircraft."
    },
    {
        "question_number": 58,
        "question": "What is the main purpose of the constant voltage charging method for batteries?",
        "options": {
            "a": "To discharge the battery",
            "b": "To maintain a steady voltage during charging",
            "c": "To increase battery temperature",
            "d": "To reduce electrolyte levels"
        },
        "correct_answer": "b",
        "explanation": "The constant voltage charging method maintains a steady voltage to safely and efficiently charge batteries, preventing overcharging."
    },
    {
        "question_number": 59,
        "question": "What is the primary function of dome lights in an aircraft?",
        "options": {
            "a": "To illuminate the runway",
            "b": "To provide general cabin illumination",
            "c": "To indicate aircraft direction",
            "d": "To detect ice on wings"
        },
        "correct_answer": "b",
        "explanation": "Dome lights provide general illumination for the cabin, ensuring visibility for passengers and crew."
    },
    {
        "question_number": 60,
        "question": "What is the main purpose of the vent caps in a lead-acid battery?",
        "options": {
            "a": "To regulate voltage",
            "b": "To prevent electrolyte leakage during inversion",
            "c": "To increase battery capacity",
            "d": "To reduce EMI"
        },
        "correct_answer": "b",
        "explanation": "Vent caps in a lead-acid battery prevent electrolyte leakage when the battery is inverted, ensuring safety and functionality."
    },
    {
        "question_number": 61,
        "question": "What is the primary function of a light refraction smoke detector?",
        "options": {
            "a": "To detect temperature changes",
            "b": "To detect smoke by scattering light",
            "c": "To extinguish fires",
            "d": "To regulate voltage"
        },
        "correct_answer": "b",
        "explanation": "A light refraction smoke detector detects smoke by scattering light, triggering an alarm when smoke particles disrupt the light beam."
    },
    {
        "question_number": 62,
        "question": "What is the main purpose of the auxiliary power unit (APU) in an aircraft?",
        "options": {
            "a": "To provide hydraulic pressure",
            "b": "To supply electrical power and air conditioning",
            "c": "To control cabin lighting",
            "d": "To regulate fuel flow"
        },
        "correct_answer": "b",
        "explanation": "The APU provides electrical power and air conditioning when the main engines are not running, supporting ground operations."
    },
    {
        "question_number": 63,
        "question": "What is the purpose of grounding in aircraft electrical systems?",
        "options": {
            "a": "To increase power output",
            "b": "To prevent electrical shock and static buildup",
            "c": "To enhance EMI",
            "d": "To reduce battery usage"
        },
        "correct_answer": "b",
        "explanation": "Grounding prevents electrical shock and static buildup by providing a safe path for stray currents, enhancing safety."
    },
    {
        "question_number": 64,
        "question": "What is the primary function of flight compartment lights?",
        "options": {
            "a": "To illuminate the runway",
            "b": "To provide illumination for the flight deck",
            "c": "To indicate aircraft direction",
            "d": "To detect ice on wings"
        },
        "correct_answer": "b",
        "explanation": "Flight compartment lights provide illumination for the flight deck, ensuring pilots can read instruments and controls."
    },
    {
        "question_number": 65,
        "question": "What is the primary function of a slip ring in a DC alternator?",
        "options": {
            "a": "To convert AC to DC",
            "b": "To transfer current to the rotor",
            "c": "To store electrical energy",
            "d": "To regulate voltage"
        },
        "correct_answer": "b",
        "explanation": "Slip rings in a DC alternator transfer electrical current to the rotor, enabling the creation of a magnetic field."
    },
    {
        "question_number": 66,
        "question": "What is the main purpose of the fasten seat belt sign in the passenger service unit?",
        "options": {
            "a": "To control cabin temperature",
            "b": "To instruct passengers to secure seat belts",
            "c": "To indicate engine status",
            "d": "To provide reading light"
        },
        "correct_answer": "b",
        "explanation": "The fasten seat belt sign instructs passengers to secure their seat belts during takeoff, landing, or turbulence."
    },
    {
        "question_number": 67,
        "question": "What is the primary function of a wire segment letter in aircraft wiring?",
        "options": {
            "a": "To indicate wire length",
            "b": "To identify a specific wire within a circuit",
            "c": "To increase power output",
            "d": "To reduce EMI"
        },
        "correct_answer": "b",
        "explanation": "A wire segment letter identifies a specific wire within a circuit, aiding in maintenance and troubleshooting."
    },
    {
        "question_number": 68,
        "question": "What is the primary function of emergency escape slide lights?",
        "options": {
            "a": "To illuminate the runway",
            "b": "To light up escape slides during evacuation",
            "c": "To provide cabin lighting",
            "d": "To detect ice on wings"
        },
        "correct_answer": "b",
        "explanation": "Emergency escape slide lights illuminate escape slides during evacuation, ensuring safe and rapid passenger exit."
    },
    {
        "question_number": 69,
        "question": "What is the main purpose of a constant current charging method for batteries?",
        "options": {
            "a": "To discharge the battery",
            "b": "To maintain a steady current during charging",
            "c": "To increase battery temperature",
            "d": "To reduce electrolyte levels"
        },
        "correct_answer": "b",
        "explanation": "The constant current charging method maintains a steady current to charge batteries efficiently, often used for initial charging phases."
    },
    {
        "question_number": 70,
        "question": "What is the primary function of a connector in aircraft wiring?",
        "options": {
            "a": "To generate power",
            "b": "To join electrical circuits securely",
            "c": "To convert AC to DC",
            "d": "To store electrical energy"
        },
        "correct_answer": "b",
        "explanation": "Connectors join electrical circuits securely, allowing for reliable connections and easy disconnection for maintenance."
    },
    {
        "question_number": 71,
        "question": "What is the main purpose of the no smoking sign in the passenger service unit?",
        "options": {
            "a": "To control cabin temperature",
            "b": "To prohibit smoking for safety",
            "c": "To indicate engine status",
            "d": "To provide reading light"
        },
        "correct_answer": "b",
        "explanation": "The no smoking sign prohibits smoking in the cabin to ensure safety and prevent fire hazards."
    },
    {
        "question_number": 72,
        "question": "What is the primary function of a strobe light in an aircraft?",
        "options": {
            "a": "To illuminate the runway",
            "b": "To enhance aircraft visibility",
            "c": "To provide cabin lighting",
            "d": "To detect ice on wings"
        },
        "correct_answer": "b",
        "explanation": "Strobe lights are high-intensity anti-collision lights that enhance aircraft visibility, especially in low-visibility conditions."
    },
    {
        "question_number": 73,
        "question": "What is the main purpose of a battery charger in an aircraft?",
        "options": {
            "a": "To convert AC to DC",
            "b": "To recharge the aircraft battery",
            "c": "To store electrical energy",
            "d": "To regulate voltage"
        },
        "correct_answer": "b",
        "explanation": "A battery charger recharges the aircraft battery, ensuring it is ready to provide power for emergency or ground operations."
    },
    {
        "question_number": 74,
        "question": "What is the primary function of a cable clamp in aircraft wiring?",
        "options": {
            "a": "To increase power output",
            "b": "To secure wire bundles and prevent chafing",
            "c": "To enhance EMI",
            "d": "To reduce battery usage"
        },
        "correct_answer": "b",
        "explanation": "Cable clamps secure wire bundles, preventing chafing and damage due to vibration or movement."
    },
    {
        "question_number": 75,
        "question": "What is the main purpose of the attendant call button in the passenger service unit?",
        "options": {
            "a": "To control cabin temperature",
            "b": "To allow passengers to summon crew",
            "c": "To indicate engine status",
            "d": "To provide reading light"
        },
        "correct_answer": "b",
        "explanation": "The attendant call button allows passengers to summon flight crew for assistance during the flight."
    },
    {
        "question_number": 76,
        "question": "What is the primary function of a nickel-cadmium battery in an aircraft?",
        "options": {
            "a": "To provide hydraulic pressure",
            "b": "To supply emergency power",
            "c": "To control cabin lighting",
            "d": "To regulate fuel flow"
        },
        "correct_answer": "b",
        "explanation": "Nickel-cadmium batteries supply emergency power in aircraft, ensuring critical systems remain operational during power loss."
    },
    {
        "question_number": 77,
        "question": "What is the main purpose of the Fenwal system in fire detection?",
        "options": {
            "a": "To extinguish fires",
            "b": "To detect fires using a continuous loop",
            "c": "To regulate voltage",
            "d": "To cool the engine"
        },
        "correct_answer": "b",
        "explanation": "The Fenwal system is a continuous loop fire detection system that monitors large areas for fire by detecting temperature changes."
    },
    {
        "question_number": 78,
        "question": "What is the primary function of ceiling and window lights in the passenger compartment?",
        "options": {
            "a": "To illuminate the runway",
            "b": "To provide general cabin illumination",
            "c": "To indicate aircraft direction",
            "d": "To detect ice on wings"
        },
        "correct_answer": "b",
        "explanation": "Ceiling and window lights provide general illumination for the passenger compartment, enhancing comfort and visibility."
    },
    {
        "question_number": 79,
        "question": "What is the main purpose of the electrolyte in a nickel-cadmium battery?",
        "options": {
            "a": "To act as a conductor between electrodes",
            "b": "To insulate the battery plates",
            "c": "To cool the battery",
            "d": "To prevent sulfation"
        },
        "correct_answer": "a",
        "explanation": "The electrolyte in a nickel-cadmium battery, typically potassium hydroxide, acts as a conductor to facilitate ion flow between electrodes."
    },
    {
        "question_number": 80,
        "question": "What is the primary function of a high-pressure line in a fire extinguishing system?",
        "options": {
            "a": "To detect fire",
            "b": "To deliver extinguishing agent to the fire",
            "c": "To regulate voltage",
            "d": "To cool the engine"
        },
        "correct_answer": "b",
        "explanation": "High-pressure lines deliver the fire extinguishing agent, such as Halon 1301, to the fire location in an aircraft."
    },
    {
        "question_number": 81,
        "question": "What is the main purpose of the master caution/failure lights in the cockpit?",
        "options": {
            "a": "To illuminate the runway",
            "b": "To alert the crew to system malfunctions",
            "c": "To provide cabin lighting",
            "d": "To detect ice on wings"
        },
        "correct_answer": "b",
        "explanation": "Master caution/failure lights alert the flight crew to system malfunctions, prompting immediate attention to critical issues."
    },
    {
        "question_number": 82,
        "question": "What is the primary function of a diode in a DC alternator?",
        "options": {
            "a": "To store electrical energy",
            "b": "To convert AC to DC",
            "c": "To regulate voltage",
            "d": "To generate power"
        },
        "correct_answer": "b",
        "explanation": "A diode in a DC alternator converts alternating current (AC) to direct current (DC) by allowing current to flow in one direction only."
    },
    {
        "question_number": 83,
        "question": "What is the main purpose of the battery room safety precautions?",
        "options": {
            "a": "To increase battery capacity",
            "b": "To prevent accidents and ensure safe handling",
            "c": "To enhance EMI",
            "d": "To reduce battery weight"
        },
        "correct_answer": "b",
        "explanation": "Battery room safety precautions prevent accidents, such as exposure to harmful gases or electrical hazards, during battery handling and maintenance."
    },
    {
        "question_number": 84,
        "question": "What is the primary function of a static inverter in an aircraft?",
        "options": {
            "a": "To convert DC to AC",
            "b": "To convert AC to DC",
            "c": "To store electrical energy",
            "d": "To regulate current"
        },
        "correct_answer": "a",
        "explanation": "A static inverter converts direct current (DC) to alternating current (AC) to power AC-based systems without moving parts."
    },
    {
        "question_number": 85,
        "question": "What is the main purpose of the overwing escape route lighting?",
        "options": {
            "a": "To illuminate the runway",
            "b": "To guide passengers to overwing exits",
            "c": "To provide cabin lighting",
            "d": "To detect ice on wings"
        },
        "correct_answer": "b",
        "explanation": "Overwing escape route lighting guides passengers to overwing exits during emergency evacuations, ensuring safe exit paths."
    },
    {
        "question_number": 86,
        "question": "What is the primary function of a wire number in aircraft wiring?",
        "options": {
            "a": "To indicate wire length",
            "b": "To identify a specific wire for maintenance",
            "c": "To increase power output",
            "d": "To reduce EMI"
        },
        "correct_answer": "b",
        "explanation": "A wire number identifies a specific wire for maintenance and troubleshooting, ensuring accurate identification in complex wiring systems."
    },
    {
        "question_number": 87,
        "question": "What is the main purpose of the landing gear motors in an aircraft?",
        "options": {
            "a": "To control cabin lighting",
            "b": "To extend and retract landing gear",
            "c": "To regulate fuel flow",
            "d": "To provide hydraulic pressure"
        },
        "correct_answer": "b",
        "explanation": "Landing gear motors are used to extend and retract the landing gear during takeoff and landing operations."
    },
    {
        "question_number": 88,
        "question": "What is the primary function of a ionization smoke detector?",
        "options": {
            "a": "To detect temperature changes",
            "b": "To detect smoke by ionizing particles",
            "c": "To extinguish fires",
            "d": "To regulate voltage"
        },
        "correct_answer": "b",
        "explanation": "An ionization smoke detector detects smoke by ionizing particles, triggering an alarm when smoke disrupts the ionization process."
    },
    {
        "question_number": 89,
        "question": "What is the main purpose of the constant speed drive in an IDG?",
        "options": {
            "a": "To convert DC to AC",
            "b": "To maintain constant generator speed",
            "c": "To store electrical energy",
            "d": "To regulate voltage"
        },
        "correct_answer": "b",
        "explanation": "The constant speed drive in an Integrated Drive Generator (IDG) maintains a constant generator speed, ensuring stable power output."
    },
    {
        "question_number": 90,
        "question": "What is the primary function of servicing compartment lights?",
        "options": {
            "a": "To illuminate the runway",
            "b": "To provide lighting for maintenance tasks",
            "c": "To indicate aircraft direction",
            "d": "To detect ice on wings"
        },
        "correct_answer": "b",
        "explanation": "Servicing compartment lights provide illumination for maintenance tasks in baggage and service compartments."
    },
    {
        "question_number": 91,
        "question": "What is the main purpose of the battery capacity check?",
        "options": {
            "a": "To measure voltage",
            "b": "To determine the battery's ability to hold charge",
            "c": "To check electrolyte levels",
            "d": "To prevent sulfation"
        },
        "correct_answer": "b",
        "explanation": "A battery capacity check determines the battery's ability to hold and deliver a charge, ensuring it meets operational requirements."
    },
    {
        "question_number": 92,
        "question": "What is the primary function of a high-rate discharge container in a fire extinguishing system?",
        "options": {
            "a": "To detect fire",
            "b": "To rapidly discharge extinguishing agent",
            "c": "To regulate voltage",
            "d": "To cool the engine"
        },
        "correct_answer": "b",
        "explanation": "A high-rate discharge container rapidly discharges the fire extinguishing agent to suppress fires quickly in critical areas."
    },
    {
        "question_number": 93,
        "question": "What is the main purpose of the nickel wire conductor in the Fenwal system?",
        "options": {
            "a": "To extinguish fires",
            "b": "To conduct electricity for fire detection",
            "c": "To regulate voltage",
            "d": "To cool the engine"
        },
        "correct_answer": "b",
        "explanation": "The nickel wire conductor in the Fenwal system conducts electricity, enabling the continuous loop to detect temperature changes indicative of fire."
    },
    {
        "question_number": 94,
        "question": "What is the primary function of a rotary inverter in an aircraft?",
        "options": {
            "a": "To convert DC to AC",
            "b": "To convert AC to DC",
            "c": "To store electrical energy",
            "d": "To regulate current"
        },
        "correct_answer": "a",
        "explanation": "A rotary inverter converts direct current (DC) to alternating current (AC) using a rotating mechanism to power AC-based systems."
    },
    {
        "question_number": 95,
        "question": "What is the main purpose of the exit sign lights in an aircraft?",
        "options": {
            "a": "To illuminate the runway",
            "b": "To indicate the location of exits",
            "c": "To provide cabin lighting",
            "d": "To detect ice on wings"
        },
        "correct_answer": "b",
        "explanation": "Exit sign lights indicate the location of exits, guiding passengers to safety during emergency evacuations."
    },
    {
        "question_number": 96,
        "question": "What is the primary function of a ceramic bead in the Fenwal system?",
        "options": {
            "a": "To extinguish fires",
            "b": "To insulate the nickel wire conductor",
            "c": "To regulate voltage",
            "d": "To cool the engine"
        },
        "correct_answer": "b",
        "explanation": "Ceramic beads in the Fenwal system insulate the nickel wire conductor, preventing short circuits and ensuring reliable fire detection."
    },
    {
        "question_number": 97,
        "question": "What is the main purpose of the no smoking placards in battery rooms?",
        "options": {
            "a": "To increase battery capacity",
            "b": "To prevent ignition of hydrogen gas",
            "c": "To enhance EMI",
            "d": "To reduce battery weight"
        },
        "correct_answer": "b",
        "explanation": "No smoking placards in battery rooms prevent the ignition of hydrogen gas, which can be released during battery charging, ensuring safety."
    },
    {
        "question_number": 98,
        "question": "What is the primary function of reading lights in the passenger service unit?",
        "options": {
            "a": "To illuminate the runway",
            "b": "To provide individual lighting for passengers",
            "c": "To indicate aircraft direction",
            "d": "To detect ice on wings"
        },
        "correct_answer": "b",
        "explanation": "Reading lights in the passenger service unit provide individual lighting for passengers to read or perform tasks comfortably."
    },
    {
        "question_number": 99,
        "question": "What is the main purpose of the eutectic salt packing in the Fenwal system?",
        "options": {
            "a": "To extinguish fires",
            "b": "To melt and trigger the fire alarm",
            "c": "To regulate voltage",
            "d": "To cool the engine"
        },
        "correct_answer": "b",
        "explanation": "Eutectic salt packing in the Fenwal system melts at a specific temperature, triggering the fire alarm by completing the electrical circuit."
    },
    {
        "question_number": 100,
        "question": "What is the primary function of a strain relief in a connector?",
        "options": {
            "a": "To generate power",
            "b": "To protect wires from mechanical stress",
            "c": "To convert AC to DC",
            "d": "To store electrical energy"
        },
        "correct_answer": "b",
        "explanation": "A strain relief in a connector protects wires from mechanical stress, such as pulling or bending, ensuring reliable connections."
    },
    {
        "question_number": 101,
        "question": "What is the main purpose of the passenger door lighting?",
        "options": {
            "a": "To illuminate the runway",
            "b": "To guide passengers to the passenger door",
            "c": "To provide cabin lighting",
            "d": "To detect ice on wings"
        },
        "correct_answer": "b",
        "explanation": "Passenger door lighting guides passengers to the passenger door during boarding, deboarding, or emergency evacuations."
    },
    {
        "question_number": 102,
        "question": "What is the primary function of a thermal switch detector?",
        "options": {
            "a": "To extinguish fires",
            "b": "To detect high temperatures at specific points",
            "c": "To regulate voltage",
            "d": "To cool the engine"
        },
        "correct_answer": "b",
        "explanation": "A thermal switch detector detects high temperatures at specific points, triggering an alarm to indicate potential fire conditions."
    },
    {
        "question_number": 103,
        "question": "What is the main purpose of the constant current method in nickel-cadmium battery charging?",
        "options": {
            "a": "To discharge the battery",
            "b": "To maintain a steady current during charging",
            "c": "To increase battery temperature",
            "d": "To reduce electrolyte levels"
        },
        "correct_answer": "b",
        "explanation": "The constant current method maintains a steady current during charging of nickel-cadmium batteries, ensuring efficient and safe charging."
    },
    {
        "question_number": 104,
        "question": "What is the primary function of a grommet nut in a connector?",
        "options": {
            "a": "To generate power",
            "b": "To secure the connector and protect wires",
            "c": "To convert AC to DC",
            "d": "To store electrical energy"
        },
        "correct_answer": "b",
        "explanation": "A grommet nut secures the connector and protects wires from damage, ensuring a reliable and safe connection."
    },
    {
        "question_number": 105,
        "question": "What is the main purpose of the service door lighting?",
        "options": {
            "a": "To illuminate the runway",
            "b": "To guide crew to the service door",
            "c": "To provide cabin lighting",
            "d": "To detect ice on wings"
        },
        "correct_answer": "b",
        "explanation": "Service door lighting guides crew members to the service door during maintenance or emergency operations."
    },
    {
        "question_number": 106,
        "question": "What is the primary function of a protective cap in a connector?",
        "options": {
            "a": "To generate power",
            "b": "To protect the connector from contamination",
            "c": "To convert AC to DC",
            "d": "To store electrical energy"
        },
        "correct_answer": "b",
        "explanation": "A protective cap protects the connector from contamination, such as dust or moisture, ensuring reliable performance."
    },
    {
        "question_number": 107,
        "question": "What is the main purpose of the stairs lighting in an aircraft?",
        "options": {
            "a": "To illuminate the runway",
            "b": "To provide safe access to the aircraft",
            "c": "To indicate aircraft direction",
            "d": "To detect ice on wings"
        },
        "correct_answer": "b",
        "explanation": "Stairs lighting provides safe access to the aircraft during boarding and deboarding, especially in low-light conditions."
    },
    {
        "question_number": 108,
        "question": "What is the primary function of a screw thread coupling connector?",
        "options": {
            "a": "To generate power",
            "b": "To provide a secure and reliable connection",
            "c": "To convert AC to DC",
            "d": "To store electrical energy"
        },
        "correct_answer": "b",
        "explanation": "A screw thread coupling connector provides a secure and reliable connection, ensuring stable electrical continuity in harsh environments."
    },
    {
        "question_number": 109,
        "question": "What is the main purpose of the chemical action in a lead-acid battery?",
        "options": {
            "a": "To regulate voltage",
            "b": "To convert chemical energy to electrical energy",
            "c": "To prevent sulfation",
            "d": "To cool the battery"
        },
        "correct_answer": "b",
        "explanation": "The chemical action in a lead-acid battery converts chemical energy to electrical energy through reactions between the electrodes and electrolyte."
    },
    {
        "question_number": 110,
        "question": "What is the primary function of a halogenated hydrocarbon (Halon) in fire extinguishing?",
        "options": {
            "a": "To detect fire",
            "b": "To chemically interrupt combustion",
            "c": "To regulate voltage",
            "d": "To cool the engine"
        },
        "correct_answer": "b",
        "explanation": "Halon chemically interrupts the combustion process, effectively extinguishing fires by disrupting the chemical reaction."
    },
    {
        "question_number": 111,
        "question": "What is the main purpose of the inconel tube in the Fenwal system?",
        "options": {
            "a": "To extinguish fires",
            "b": "To house the nickel wire conductor",
            "c": "To regulate voltage",
            "d": "To cool the engine"
        },
        "correct_answer": "b",
        "explanation": "The inconel tube in the Fenwal system houses the nickel wire conductor and other components, protecting them in high-temperature environments."
    },
    {
        "question_number": 112,
        "question": "What is the primary function of the chart holder and map reading lights in the cockpit?",
        "options": {
            "a": "To illuminate the runway",
            "b": "To provide focused lighting for charts and maps",
            "c": "To indicate aircraft direction",
            "d": "To detect ice on wings"
        },
        "correct_answer": "b",
        "explanation": "Chart holder and map reading lights provide focused lighting for pilots to read charts and maps, aiding navigation."
    },
    {
        "question_number": 113,
        "question": "What is the main purpose of the housekeeping procedures in aircraft maintenance?",
        "options": {
            "a": "To increase power output",
            "b": "To maintain a clean and safe work environment",
            "c": "To enhance EMI",
            "d": "To reduce battery usage"
        },
        "correct_answer": "b",
        "explanation": "Housekeeping procedures maintain a clean and safe work environment, reducing the risk of contamination or damage during maintenance."
    },
    {
        "question_number": 114,
        "question": "What is the primary function of a dry powder fire extinguishing agent?",
        "options": {
            "a": "To detect fire",
            "b": "To prevent oxidation and extinguish fires",
            "c": "To regulate voltage",
            "d": "To cool the engine"
        },
        "correct_answer": "b",
        "explanation": "Dry powder fire extinguishing agents prevent oxidation and extinguish fires, particularly effective for Class D fires."
    },
    {
        "question_number": 115,
        "question": "What is the main purpose of the overwing hatch lighting?",
        "options": {
            "a": "To illuminate the runway",
            "b": "To guide passengers to overwing hatches",
            "c": "To provide cabin lighting",
            "d": "To detect ice on wings"
        },
        "correct_answer": "b",
        "explanation": "Overwing hatch lighting guides passengers to overwing hatches during emergency evacuations, ensuring safe exit paths."
    },
    {
        "question_number": 116,
        "question": "What is the primary function of a continuity test in aircraft wiring?",
        "options": {
            "a": "To measure voltage",
            "b": "To verify electrical connectivity",
            "c": "To check battery temperature",
            "d": "To prevent sulfation"
        },
        "correct_answer": "b",
        "explanation": "A continuity test verifies electrical connectivity in aircraft wiring, ensuring there are no open circuits or breaks."
    },
    {
        "question_number": 117,
        "question": "What is the main purpose of the fin logo lights on an aircraft?",
        "options": {
            "a": "To illuminate the runway",
            "b": "To display the airline's logo on the fin",
            "c": "To provide cabin lighting",
            "d": "To detect ice on wings"
        },
        "correct_answer": "b",
        "explanation": "Fin logo lights illuminate the airline's logo on the aircraft's vertical stabilizer, enhancing brand visibility."
    },
    {
        "question_number": 118,
        "question": "What is the primary function of a battery converter/charger in an aircraft?",
        "options": {
            "a": "To convert AC to DC",
            "b": "To recharge and condition the battery",
            "c": "To store electrical energy",
            "d": "To regulate current"
        },
        "correct_answer": "b",
        "explanation": "A battery converter/charger recharges and conditions the aircraft battery, ensuring it remains operational and reliable."
    },
    {
        "question_number": 119,
        "question": "What is the main purpose of the insulation test in aircraft wiring?",
        "options": {
            "a": "To measure voltage",
            "b": "To detect insulation faults",
            "c": "To check battery temperature",
            "d": "To prevent sulfation"
        },
        "correct_answer": "b",
        "explanation": "An insulation test detects faults in the insulation of aircraft wiring, preventing short circuits and electrical hazards."
    },
    {
        "question_number": 120,
        "question": "What is the primary function of a CO2 fire extinguisher in an aircraft?",
        "options": {
            "a": "To detect fire",
            "b": "To displace oxygen and extinguish fires",
            "c": "To regulate voltage",
            "d": "To cool the engine"
        },
        "correct_answer": "b",
        "explanation": "A CO2 fire extinguisher displaces oxygen, effectively extinguishing fires by starving them of oxygen."
    },
    {
        "question_number": 121,
        "question": "What is the main purpose of the ice detection lights on an aircraft?",
        "options": {
            "a": "To illuminate the runway",
            "b": "To inspect wings for ice accumulation",
            "c": "To provide cabin lighting",
            "d": "To indicate aircraft direction"
        },
        "correct_answer": "b",
        "explanation": "Ice detection lights are used to inspect wings for ice accumulation, ensuring safe operation in icing conditions."
    },
    {
        "question_number": 122,
        "question": "What is the primary function of a field assembly in a DC generator?",
        "options": {
            "a": "To rotate and generate current",
            "b": "To provide a magnetic field",
            "c": "To convert AC to DC",
            "d": "To store electrical energy"
        },
        "correct_answer": "b",
        "explanation": "The field assembly in a DC generator provides a magnetic field in which the armature rotates to generate electrical current."
    },
    {
        "question_number": 123,
        "question": "What is the main purpose of the clean as you go philosophy in aircraft maintenance?",
        "options": {
            "a": "To increase power output",
            "b": "To maintain a clean work environment",
            "c": "To enhance EMI",
            "d": "To reduce battery usage"
        },
        "correct_answer": "b",
        "explanation": "The clean as you go philosophy maintains a clean work environment, reducing the risk of contamination or damage during maintenance."
    },
    {
        "question_number": 124,
        "question": "What is the primary function of a hand-held fire extinguisher in an aircraft?",
        "options": {
            "a": "To detect fire",
            "b": "To provide portable fire suppression",
            "c": "To regulate voltage",
            "d": "To cool the engine"
        },
        "correct_answer": "b",
        "explanation": "A hand-held fire extinguisher provides portable fire suppression, allowing crew members to address small fires quickly."
    },
    {
        "question_number": 125,
        "question": "What is the main purpose of the push to cancel/recall function in master caution lights?",
        "options": {
            "a": "To illuminate the runway",
            "b": "To acknowledge or recall system alerts",
            "c": "To provide cabin lighting",
            "d": "To detect ice on wings"
        },
        "correct_answer": "b",
        "explanation": "The push to cancel/recall function allows the crew to acknowledge or recall system alerts, managing cockpit warnings effectively."
    },
    {
        "question_number": 126,
        "question": "What is the primary function of a wire bundle installation practice?",
        "options": {
            "a": "To generate power",
            "b": "To ensure safe and secure wire routing",
            "c": "To convert AC to DC",
            "d": "To store electrical energy"
        },
        "correct_answer": "b",
        "explanation": "Wire bundle installation practices ensure safe and secure wire routing, preventing damage and maintaining system reliability."
    },
    {
        "question_number": 127,
        "question": "What is the main purpose of the thermal switch system in fire detection?",
        "options": {
            "a": "To extinguish fires",
            "b": "To detect high temperatures at specific points",
            "c": "To regulate voltage",
            "d": "To cool the engine"
        },
        "correct_answer": "b",
        "explanation": "The thermal switch system detects high temperatures at specific points, triggering alarms to indicate potential fire conditions."
    },
    {
        "question_number": 128,
        "question": "What is the primary function of a nickel-cadmium battery cell in an aircraft?",
        "options": {
            "a": "To provide hydraulic pressure",
            "b": "To supply electrical power",
            "c": "To control cabin lighting",
            "d": "To regulate fuel flow"
        },
        "correct_answer": "b",
        "explanation": "A nickel-cadmium battery cell supplies electrical power, typically for emergency or auxiliary systems in an aircraft."
    },
    {
        "question_number": 129,
        "question": "What is the main purpose of the battery storage guidelines for nickel-cadmium batteries?",
        "options": {
            "a": "To increase battery capacity",
            "b": "To ensure safe and effective storage",
            "c": "To enhance EMI",
            "d": "To reduce battery weight"
        },
        "correct_answer": "b",
        "explanation": "Battery storage guidelines for nickel-cadmium batteries ensure safe and effective storage, maintaining battery performance and safety."
    },
    {
        "question_number": 130,
        "question": "What is the primary function of a lithium-ion battery in an aircraft?",
        "options": {
            "a": "To provide hydraulic pressure",
            "b": "To supply emergency or backup power",
            "c": "To control cabin lighting",
            "d": "To regulate fuel flow"
        },
        "correct_answer": "b",
        "explanation": "Lithium-ion batteries supply emergency or backup power in aircraft, benefiting from their high energy density."
    },
    {
        "question_number": 131,
        "question": "What is the main purpose of the bonding and continuity testing in aircraft wiring?",
        "options": {
            "a": "To measure voltage",
            "b": "To ensure electrical continuity and safety",
            "c": "To check battery temperature",
            "d": "To prevent sulfation"
        },
        "correct_answer": "b",
        "explanation": "Bonding and continuity testing ensure electrical continuity and safety, preventing static buildup and electrical hazards."
    },
    {
        "question_number": 132,
        "question": "What is the primary function of a fixed-type fire extinguisher container?",
        "options": {
            "a": "To detect fire",
            "b": "To store and discharge extinguishing agent",
            "c": "To regulate voltage",
            "d": "To cool the engine"
        },
        "correct_answer": "b",
        "explanation": "A fixed-type fire extinguisher container stores and discharges the extinguishing agent to suppress fires in specific aircraft areas."
    },
    {
        "question_number": 133,
        "question": "What is the main purpose of the navigation lights on the wings?",
        "options": {
            "a": "To illuminate the runway",
            "b": "To indicate the aircraft's direction",
            "c": "To provide cabin lighting",
            "d": "To detect ice on wings"
        },
        "correct_answer": "b",
        "explanation": "Navigation lights on the wings indicate the aircraft's direction, with red on the left and green on the right, enhancing visibility."
    },
    {
        "question_number": 134,
        "question": "What is the primary function of a brush in a DC generator?",
        "options": {
            "a": "To store electrical energy",
            "b": "To transfer current to the armature",
            "c": "To convert AC to DC",
            "d": "To regulate voltage"
        },
        "correct_answer": "b",
        "explanation": "Brushes in a DC generator transfer electrical current to the rotating armature, enabling current generation."
    },
    {
        "question_number": 135,
        "question": "What is the main purpose of the chemical action in a nickel-cadmium battery?",
        "options": {
            "a": "To regulate voltage",
            "b": "To convert chemical energy to electrical energy",
            "c": "To prevent sulfation",
            "d": "To cool the battery"
        },
        "correct_answer": "b",
        "explanation": "The chemical action in a nickel-cadmium battery converts chemical energy to electrical energy through reactions between the electrodes and electrolyte."
    },
    {
        "question_number": 136,
        "question": "What is the primary function of a carbon dioxide fire extinguisher in an aircraft?",
        "options": {
            "a": "To detect fire",
            "b": "To displace oxygen and extinguish fires",
            "c": "To regulate voltage",
            "d": "To cool the engine"
        },
        "correct_answer": "b",
        "explanation": "A carbon dioxide fire extinguisher displaces oxygen, effectively extinguishing fires by starving them of oxygen."
    },
    {
        "question_number": 137,
        "question": "What is the main purpose of the periodic inspection of aircraft batteries?",
        "options": {
            "a": "To increase battery capacity",
            "b": "To ensure reliable performance and safety",
            "c": "To enhance EMI",
            "d": "To reduce battery weight"
        },
        "correct_answer": "b",
        "explanation": "Periodic inspection of aircraft batteries ensures reliable performance and safety, identifying issues like corrosion or low charge."
    },
    {
        "question_number": 138,
        "question": "What is the primary function of a water fire extinguisher in an aircraft?",
        "options": {
            "a": "To detect fire",
            "b": "To cool Class A fires and prevent re-ignition",
            "c": "To regulate voltage",
            "d": "To cool the engine"
        },
        "correct_answer": "b",
        "explanation": "A water fire extinguisher cools Class A fires and soaks materials to prevent re-ignition, but it is not used for electrical fires."
    },
    {
        "question_number": 139,
        "question": "What is the main purpose of the electrical wiring interconnection system (EWIS) degradation factors?",
        "options": {
            "a": "To increase power output",
            "b": "To identify risks to wiring reliability",
            "c": "To enhance EMI",
            "d": "To reduce battery usage"
        },
        "correct_answer": "b",
        "explanation": "EWIS degradation factors identify risks like moisture, heat, and vibration that can affect wiring reliability and safety."
    },
    {
        "question_number": 140,
        "question": "What is the primary function of a cockpit annunciator?",
        "options": {
            "a": "To illuminate the runway",
            "b": "To provide visual or audible system alerts",
            "c": "To provide cabin lighting",
            "d": "To detect ice on wings"
        },
        "correct_answer": "b",
        "explanation": "A cockpit annunciator provides visual or audible alerts to the flight crew about system status or malfunctions, aiding in situational awareness."
    }
]