[
    {
      "question_number": 1,
      "question": "While a lead-acid battery discharges, what happens to the electrolyte?",
      "options": {
        "a": "The electrolyte will change into H₂O",
        "b": "The negative plate will be changed to P₂O",
        "c": "Only the Positive plate will change to S₂O"
      },
      "correct_answer": "a",
      "explanation": "During the discharge of a lead-acid battery, the sulfuric acid in the electrolyte is consumed, and water (H₂O) is produced, decreasing the specific gravity of the electrolyte. [cite: 88, 89]"
    },
    {
      "question_number": 2,
      "question": "Which of the following is true about a NiCad Battery?",
      "options": {
        "a": "The electrolyte is KOH (Potassium Hydroxide)",
        "b": "The state of charge of the battery can be easily determined by specific gravity",
        "c": "The electrolyte is a solution of SO₄H₂O"
      },
      "correct_answer": "a",
      "explanation": "The electrolyte in a Nickel-Cadmium (NiCad) battery is a solution of Potassium Hydroxide (KOH) and distilled water. [cite: 92, 93]"
    },
    {
      "question_number": 3,
      "question": "The primary electrical power source of an aircraft is:",
      "options": {
        "a": "Generator",
        "b": "Battery",
        "c": "Motor"
      },
      "correct_answer": "a",
      "explanation": "Generators (or alternators) are the primary source of electrical power on an aircraft when the engines are running. The battery is a secondary or emergency power source. [cite: 96, 97]"
    },
    {
      "question_number": 4,
      "question": "In which component of a battery does the electrochemical reaction take place?",
      "options": {
        "a": "Electrode",
        "b": "Vent Cap",
        "c": "Electrolyte"
      },
      "correct_answer": "a",
      "explanation": "The electrochemical reaction, which converts chemical energy to electrical energy, occurs at the surface of the electrodes (plates). [cite: 100, 101]"
    },
    {
      "question_number": 5,
      "question": "What is the conductive medium that provides a path for the movement of ions (current flow) between the positive and negative plates of a cell?",
      "options": {
        "a": "Conductive wire",
        "b": "Vent Cap",
        "c": "Electrolyte"
      },
      "correct_answer": "c",
      "explanation": "The electrolyte is the chemical medium that allows for the flow of ions between the battery's positive and negative plates. [cite: 104, 108]"
    },
    {
      "question_number": 6,
      "question": "The positive electrode of a charged lead-acid battery is made of:",
      "options": {
        "a": "PbO₂ (Lead Peroxide)",
        "b": "Pb (Sponge Lead)",
        "c": "PbSO₄ (Lead Sulfate)"
      },
      "correct_answer": "a",
      "explanation": "The positive plate of a fully charged lead-acid battery is made of lead peroxide (PbO₂). The option 'Pbor' is likely a typo for PbO₂. [cite: 109, 110]"
    },
    {
      "question_number": 7,
      "question": "When connecting a battery on an aircraft:",
      "options": {
        "a": "Connect the positive terminal first.",
        "b": "Connect the negative terminal first.",
        "c": "Connect the Positive terminal last."
      },
      "correct_answer": "a",
      "explanation": "To prevent accidental shorting of the battery to the airframe (ground), the positive (ungrounded) terminal should be connected first and disconnected last. [cite: 113, 114]"
    },
    {
      "question_number": 8,
      "question": "A battery quoted at 40AH at the 1 hr rate will provide 40 Amps continuously for how many hours?",
      "options": {
        "a": "Three",
        "b": "Two",
        "c": "One"
      },
      "correct_answer": "c",
      "explanation": "An Ampere-Hour (AH) rating indicates the battery's capacity. A 40AH rating means the battery can supply 40 amps for one hour. [cite: 117, 120]"
    },
    {
      "question_number": 9,
      "question": "What is the function of a generator?",
      "options": {
        "a": "To convert mechanical energy into electrical energy",
        "b": "To convert electrical energy into mechanical energy",
        "c": "To create mechanical energy"
      },
      "correct_answer": "a",
      "explanation": "A generator is a machine that converts mechanical energy (from the engine's rotation) into electrical energy. [cite: 121, 122]"
    },
    {
      "question_number": 10,
      "question": "What is the function of the commutator in a DC generator?",
      "options": {
        "a": "To convert AC to DC",
        "b": "To convert DC to AC",
        "c": "To amplify DC"
      },
      "correct_answer": "a",
      "explanation": "The commutator is a mechanical rectifier that collects the AC voltage generated in the armature coils and converts it to DC voltage at the output brushes. [cite: 125, 126]"
    },
    {
      "question_number": 11,
      "question": "Which term describes the number of cycles of AC per second?",
      "options": {
        "a": "Phase",
        "b": "Frequency",
        "c": "Period"
      },
      "correct_answer": "b",
      "explanation": "Frequency, measured in Hertz (Hz), is defined as the number of cycles of an alternating current waveform that occur in one second. [cite: 133, 135]"
    },
    {
      "question_number": 12,
      "question": "What part of a DC generator is used to conduct the current from the armature winding to the external circuit?",
      "options": {
        "a": "Armature coil",
        "b": "Brush",
        "c": "Slip ring"
      },
      "correct_answer": "b",
      "explanation": "Brushes are conductive blocks that ride on the commutator segments to carry the generated current from the rotating armature to the stationary external circuit. [cite: 137, 139]"
    },
    {
      "question_number": 13,
      "question": "What type of voltage regulator employs contact points to rapidly switch a resistor in and out of the generator's field circuit?",
      "options": {
        "a": "Carbon pile",
        "b": "Vibrating",
        "c": "Solid state type"
      },
      "correct_answer": "b",
      "explanation": "A vibrating-type voltage regulator uses a relay with contact points that open and close to control the resistance in the field circuit, thereby regulating voltage. [cite: 141, 144]"
    },
    {
      "question_number": 14,
      "question": "Which parts of a DC generator are integrated and form a single rotating assembly?",
      "options": {
        "a": "Armature and commutator",
        "b": "Field frame and Armature",
        "c": "Brush holder and commutator"
      },
      "correct_answer": "a",
      "explanation": "The armature windings and the commutator segments are both mounted on the same shaft and rotate together as a single unit. [cite: 146, 147]"
    },
    {
      "question_number": 15,
      "question": "How can armature reaction in a DC generator be reduced?",
      "options": {
        "a": "Interpoles",
        "b": "Compensating windings",
        "c": "Both"
      },
      "correct_answer": "c",
      "explanation": "Both interpoles (or commutating poles) and compensating windings are used to counteract the effects of armature reaction, which is the distortion of the main magnetic field. [cite: 150, 153]"
    },
    {
      "question_number": 16,
      "question": "Which generator control device maintains a constant terminal voltage?",
      "options": {
        "a": "Voltage regulator",
        "b": "Current limiter",
        "c": "Reverse current cutout relay"
      },
      "correct_answer": "a",
      "explanation": "The primary function of a voltage regulator is to maintain the generator's output voltage at a constant, predetermined level under varying load conditions. [cite: 154, 155]"
    },
    {
      "question_number": 17,
      "question": "When is a lap winding used in a DC generator armature?",
      "options": {
        "a": "For low voltage and high current applications",
        "b": "For low current and high voltage applications",
        "c": "It is suitable for both high and low voltage"
      },
      "correct_answer": "a",
      "explanation": "Lap windings have multiple parallel paths, making them suitable for high-current, low-voltage applications. [cite: 158, 159]"
    },
    {
      "question_number": 18,
      "question": "In a shunt-wound DC generator, how are the armature and field coils connected to the external circuit?",
      "options": {
        "a": "Parallel",
        "b": "Series",
        "c": "Parallel and series"
      },
      "correct_answer": "a",
      "explanation": "In a shunt-wound generator, the field winding is connected in parallel (or shunt) with the armature winding. [cite: 162, 164]"
    },
    {
      "question_number": 19,
      "question": "What is the combination of an alternator (AC generator) and a constant speed drive unit called?",
      "options": {
        "a": "Integrated Drive Generator (IDG)",
        "b": "DC generator",
        "c": "Ram Air Turbine"
      },
      "correct_answer": "a",
      "explanation": "An Integrated Drive Generator (IDG) is a single unit that combines an AC generator with a Constant Speed Drive (CSD) to produce constant frequency AC power. [cite: 177, 178]"
    },
    {
      "question_number": 20,
      "question": "What electrical device on an aircraft converts alternating current to direct current?",
      "options": {
        "a": "Ram air turbine",
        "b": "Inverter",
        "c": "Transformer Rectifier Unit (TRU)"
      },
      "correct_answer": "c",
      "explanation": "A Transformer Rectifier Unit (TRU) uses a transformer to step down AC voltage and a rectifier to convert it to DC voltage. An inverter performs the opposite function (DC to AC). [cite: 181, 184]"
    },
    {
      "question_number": 21,
      "question": "Which type of voltage regulator is typically found in modern aircraft?",
      "options": {
        "a": "Vibrator",
        "b": "Carbon pile",
        "c": "Solid state type"
      },
      "correct_answer": "c",
      "explanation": "Modern aircraft utilize solid-state voltage regulators because they are more reliable, lighter, and have no moving parts compared to older vibrator or carbon-pile types. [cite: 185, 188]"
    },
    {
      "question_number": 22,
      "question": "Which of the following is the rotating part of a DC generator?",
      "options": {
        "a": "Armature",
        "b": "Magnetic Field",
        "c": "Yoke"
      },
      "correct_answer": "a",
      "explanation": "The armature, which consists of the windings and the commutator, is the rotating component in a typical DC generator. [cite: 189, 190]"
    },
    {
      "question_number": 23,
      "question": "Which of the following is the rotating part of a large aircraft AC generator (alternator)?",
      "options": {
        "a": "Armature",
        "b": "Field",
        "c": "Brush"
      },
      "correct_answer": "b",
      "explanation": "In most large aircraft alternators, the magnetic field winding rotates (rotating field), and the armature (stator) is stationary. This allows for the direct connection of the high-current output without using brushes. [cite: 193, 195]"
    },
    {
      "question_number": 24,
      "question": "Which type of alternator rotor is used for low or medium speed applications?",
      "options": {
        "a": "Salient pole",
        "b": "Cylindrical",
        "c": "Turbine"
      },
      "correct_answer": "a",
      "explanation": "Salient pole rotors have protruding field poles and are used in low to medium-speed alternators, such as those driven by reciprocating engines. [cite: 197, 198]"
    },
    {
      "question_number": 25,
      "question": "From where does a self-excited generator initially get its field power to start the generation process?",
      "options": {
        "a": "A separate generator",
        "b": "Residual magnetism",
        "c": "The aircraft battery"
      },
      "correct_answer": "b",
      "explanation": "A self-excited generator relies on the small amount of residual magnetism remaining in the field poles to produce an initial small voltage, which then builds up the field strength. [cite: 201, 202]"
    },
    {
      "question_number": 26,
      "question": "For voltage regulation in a generator, which of the following is typically varied?",
      "options": {
        "a": "RPM",
        "b": "Field strength",
        "c": "Number of coils"
      },
      "correct_answer": "b",
      "explanation": "Voltage regulators control the generator's output voltage by varying the current sent to the field winding, which in turn changes the strength of the magnetic field. [cite: 203, 204]"
    },
    {
      "question_number": 27,
      "question": "Which device disconnects the generator from the battery when the generator's voltage is lower than the battery's voltage?",
      "options": {
        "a": "Voltage regulator",
        "b": "Reverse current cut-out relay",
        "c": "Current limiter"
      },
      "correct_answer": "b",
      "explanation": "A reverse current cutout relay prevents the battery from discharging back through the generator by opening the circuit when the generator voltage drops below the battery voltage. [cite: 205, 209]"
    },
    {
      "question_number": 28,
      "question": "Which light is used as a warning at engine start?",
      "options": {
        "a": "Logo light",
        "b": "Anti-collision",
        "c": "Navigation light"
      },
      "correct_answer": "b",
      "explanation": "The anti-collision lights (rotating beacons or strobes) are turned on before engine start to warn ground personnel. [cite: 211, 212]"
    },
    {
      "question_number": 29,
      "question": "Which light is used to permit observation of icing and general conditions of areas like the wing leading edge in flight?",
      "options": {
        "a": "Wing illumination",
        "b": "Landing light",
        "c": "Navigation light"
      },
      "correct_answer": "a",
      "explanation": "Wing illumination lights (also called wing scan or ice inspection lights) are used to visually inspect the wing surfaces for ice accretion during flight. [cite: 213, 214]"
    },
    {
      "question_number": 30,
      "question": "What is the function of navigation lights?",
      "options": {
        "a": "To mark the extremities of an aircraft and give position reference.",
        "b": "For forward and lateral illumination.",
        "c": "For ice inspection."
      },
      "correct_answer": "a",
      "explanation": "Navigation lights are used to determine the relative position and direction of an aircraft at night by marking its wingtips and tail. [cite: 215, 216]"
    },
    {
      "question_number": 31,
      "question": "Which light is specifically used for ground maintenance?",
      "options": {
        "a": "Landing light",
        "b": "Service light",
        "c": "Navigation light"
      },
      "correct_answer": "b",
      "explanation": "Service lights are located in areas like wheel wells and equipment bays to provide illumination for maintenance crews on the ground. [cite: 219, 220]"
    },
    {
      "question_number": 32,
      "question": "Which light is used when the aircraft is moving on the ground, such as during towing or taxiing?",
      "options": {
        "a": "Taxiing light",
        "b": "Landing light",
        "c": "Anti-collision light"
      },
      "correct_answer": "a",
      "explanation": "Taxi lights provide illumination for the path ahead of the aircraft during ground movement. [cite: 222, 224]"
    },
    {
      "question_number": 33,
      "question": "Which one of the following is not a source for an aircraft's air conditioning system?",
      "options": {
        "a": "Engine bleed air",
        "b": "APU bleed air",
        "c": "Oxygen air"
      },
      "correct_answer": "c",
      "explanation": "Air conditioning systems use bleed air from the main engines or the APU, or fresh air from a ground cart, not the emergency oxygen supply. [cite: 228, 230]"
    },
    {
      "question_number": 34,
      "question": "Which of the following is not a purpose of an air conditioning system?",
      "options": {
        "a": "Create vacuum",
        "b": "Heating air",
        "c": "Cooling air"
      },
      "correct_answer": "a",
      "explanation": "Air conditioning systems are designed to heat, cool, and pressurize the cabin air, not to create a vacuum. [cite: 231, 232]"
    }
]