[
    {
        "question_number": 1,
        "question": "Which of the following is FALSE about the FLIGHT INTERPHONE system?",
        "options": {
            "a": "It enables the flight crew to speak to each other",
            "b": "It enables the flight attendants to speak to one another",
            "c": "It enables the flight crew to speak to the ground crew"
        },
        "correct_answer": "b",
        "explanation": "The Flight Interphone is for the flight deck crew and ground crew. The Cabin Interphone is the separate system used by flight attendants to communicate with each other and the cockpit."
    },
    {
        "question_number": 2,
        "question": "Which INTERPHONE system uses handsets and dial codes similar to a commercial telephone system?",
        "options": {
            "a": "Cabin Interphone",
            "b": "Service Interphone",
            "c": "Flight Interphone"
        },
        "correct_answer": "a",
        "explanation": "The Cabin Interphone system often uses a dialing system to allow flight attendants to call specific stations (galleys, other attendant stations) or the flight deck."
    },
    {
        "question_number": 3,
        "question": "Which of the following are not typically broadcast over the Passenger Address (PA) system?",
        "options": {
            "a": "Boarding music or pre-recorded messages",
            "b": "Pilot or flight attendant announcements",
            "c": "Air Traffic Control communications"
        },
        "correct_answer": "c",
        "explanation": "Air Traffic Control (ATC) communications are for the flight crew only and are conducted on a separate VHF/HF radio system. They are not played to the passengers."
    },
    {
        "question_number": 4,
        "question": "Which of the following has the lowest priority on the Passenger Address (PA) system?",
        "options": {
            "a": "First officer announcement",
            "b": "Boarding music",
            "c": "Pre-recorded messages"
        },
        "correct_answer": "b",
        "explanation": "Live announcements from the cockpit or cabin crew will always override any automated or pre-recorded message, and both will override background music."
    },
    {
        "question_number": 5,
        "question": "Which statement is FALSE regarding chimes heard in the cabin?",
        "options": {
            "a": "A high chime is heard for 'NO SMOKING' or 'FASTEN SEAT BELT' signs.",
            "b": "A high chime is heard when a passenger calls an attendant.",
            "c": "A high/low chime is heard when an attendant calls another attendant."
        },
        "correct_answer": "a",
        "explanation": "While systems vary, a single chime is typically associated with the seatbelt sign. Multiple or high/low chimes are generally reserved for interphone calls to differentiate them from simple passenger alerts."
    },
    {
        "question_number": 6,
        "question": "Which system is used for short-range voice and data transmission in aircraft?",
        "options": {
            "a": "HF communication",
            "b": "VHF communication",
            "c": "VOR communication"
        },
        "correct_answer": "b",
        "explanation": "VHF (Very High Frequency) is the standard for reliable, line-of-sight communication over short to medium ranges. VOR is a navigation system, not a communication system."
    },
    {
        "question_number": 7,
        "question": "Which of the following is FALSE about aircraft VHF communication?",
        "options": {
            "a": "It uses Line Of Sight (LOS) propagation.",
            "b": "It uses sky waves for communication.",
            "c": "Its signals are less affected by noise than HF signals."
        },
        "correct_answer": "b",
        "explanation": "VHF communication is strictly line-of-sight. HF (High Frequency) signals are the ones that use skywave propagation, bouncing off the ionosphere for long-distance communication."
    },
    {
        "question_number": 8,
        "question": "Which statement is TRUE about aircraft voice communications?",
        "options": {
            "a": "VHF or HF can be used for air-to-air or air-to-ground communication.",
            "b": "Data can be transmitted over VHF or HF frequencies.",
            "c": "Both are true."
        },
        "correct_answer": "c",
        "explanation": "Both statements are correct. VHF and HF are used for both types of communication paths, and modern systems like ACARS can transmit data over both radio bands."
    },
    {
        "question_number": 9,
        "question": "A VHF communication system includes all of the following components EXCEPT:",
        "options": {
            "a": "A VHF Transceiver and Antenna",
            "b": "A VHF Control panel",
            "c": "A VHF antenna coupler"
        },
        "correct_answer": "c",
        "explanation": "Antenna couplers are characteristic of HF systems, which need to match impedance over a wide range of frequencies. VHF systems operate in a narrow band and do not require them."
    },
    {
        "question_number": 10,
        "question": "In which unit does the flight crew select which radio to listen to or transmit on?",
        "options": {
            "a": "Audio Control Panel (ACP)",
            "b": "Audio Management Unit (AMU)",
            "c": "Communication Control Panel"
        },
        "correct_answer": "a",
        "explanation": "The Audio Control Panel (ACP) is the interface that allows the pilot to select which communication or navigation radio they want to transmit on and monitor."
    },
    {
        "question_number": 11,
        "question": "What unit matches the impedance between the HF transmitter and the antenna?",
        "options": {
            "a": "Audio management unit",
            "b": "Antenna Coupler",
            "c": "HF control panel"
        },
        "correct_answer": "b",
        "explanation": "An antenna coupler is an impedance-matching device that ensures maximum power transfer from the transmitter to the antenna, a critical function in HF systems."
    },
    {
        "question_number": 12,
        "question": "Which system allows a ground station to alert a specific aircraft without the crew constantly monitoring the radio?",
        "options": {
            "a": "SELCAL system",
            "b": "VHF communication system",
            "c": "HF communication system"
        },
        "correct_answer": "a",
        "explanation": "The Selective Calling (SELCAL) system sends a unique code that activates a chime and light in the cockpit of a specific aircraft, alerting the crew to an incoming call."
    },
    {
        "question_number": 13,
        "question": "How does a SELCAL decoder alert the flight crew?",
        "options": {
            "a": "Aural signal only",
            "b": "Visual signal only",
            "c": "Aural and Visual signals"
        },
        "correct_answer": "c",
        "explanation": "When a correct SELCAL code is received, the system provides both an aural chime and a visual light to ensure the crew is effectively alerted."
    },
    {
        "question_number": 14,
        "question": "How many channels does a standard Cockpit Voice Recorder (CVR) record?",
        "options": {
            "a": "3",
            "b": "4",
            "c": "5"
        },
        "correct_answer": "b",
        "explanation": "Modern CVRs record a minimum of four channels: Captain's headset, First Officer's headset, Cockpit Area Microphone (CAM), and a fourth channel for a third crewmember or PA system."
    },
    {
        "question_number": 15,
        "question": "Which statement is TRUE regarding the operation of a Cockpit Voice Recorder (CVR)?",
        "options": {
            "a": "Functional tests are performed while the CVR is installed in the aircraft.",
            "b": "The erase function can be used at any time during flight.",
            "c": "Playback is normally done by the maintenance crew on the aircraft."
        },
        "correct_answer": "a",
        "explanation": "CVR operational checks are performed in the cockpit with the unit installed. Erasing and playback have strict limitations and are typically done on the ground."
    },
    {
        "question_number": 16,
        "question": "The Emergency Locator Transmitter (ELT) is activated by:",
        "options": {
            "a": "An impact force of 5g or more",
            "b": "A large change in aircraft instantaneous speed",
            "c": "Both of the above"
        },
        "correct_answer": "c",
        "explanation": "ELTs are primarily activated by a G-switch that detects the high deceleration forces of an impact. Some systems may incorporate other sensors as well."
    },
    {
        "question_number": 17,
        "question": "Which of the following statements about an Emergency Locator Transmitter (ELT) is FALSE?",
        "options": {
            "a": "The ELT battery life is unlimited.",
            "b": "The expiration date must be stamped on the ELT's battery.",
            "c": "The ELT is typically installed in the tail section."
        },
        "correct_answer": "a",
        "explanation": "ELT batteries have a strictly limited lifespan and must be replaced by a specific date to ensure they will function correctly in an emergency."
    },
    {
        "question_number": 18,
        "question": "Which action is considered inappropriate during routine radio communications?",
        "options": {
            "a": "Using 121.5 MHz for non-emergency calls",
            "b": "Refueling the aircraft while radios are on but not transmitting",
            "c": "Waiting for a break before transmitting on a busy frequency"
        },
        "correct_answer": "a",
        "explanation": "The 121.5 MHz frequency is the international aviation emergency frequency (guard) and must only be used for distress calls. Routine communication on this frequency is inappropriate."
    },
    {
        "question_number": 19,
        "question": "Which of the following aircraft static dischargers is considered highly effective in terms of electrical performance?",
        "options": {
            "a": "Null Field dischargers",
            "b": "Wire braid dischargers",
            "c": "Static wicks"
        },
        "correct_answer": "a",
        "explanation": "While static wicks are the most common type, null-field dischargers are an advanced and highly effective alternative for dissipating static electricity."
    },
    {
        "question_number": 20,
        "question": "What is the importance of artificial satellites to modern aircraft?",
        "options": {
            "a": "For Voice communication (SATCOM)",
            "b": "For GPS navigation and Weather information",
            "c": "Both of the above"
        },
        "correct_answer": "c",
        "explanation": "Satellites are critical for modern aviation, providing SATCOM for global voice/data, GPS for precise navigation, and satellite links for real-time weather data."
    },
    {
        "question_number": 21,
        "question": "Which satellite orbits are most commonly used for telecommunications and broadcasting?",
        "options": {
            "a": "Low Earth Orbit (LEO)",
            "b": "Medium Earth Orbit (MEO)",
            "c": "Geostationary Earth Orbit (GEO)"
        },
        "correct_answer": "c",
        "explanation": "GEO is ideal for communications because the satellites appear stationary from the ground, simplifying antenna tracking and providing continuous coverage over a large area."
    },
    {
        "question_number": 22,
        "question": "The SELCAL system allows a ground station to call a specific aircraft using which communication link?",
        "options": {
            "a": "HF communication only",
            "b": "VHF communication only",
            "c": "Both VHF and HF communication"
        },
        "correct_answer": "c",
        "explanation": "SELCAL alerts are versatile and can be transmitted over both long-range HF and short-range VHF radio links to reach an aircraft."
    },
    {
        "question_number": 23,
        "question": "Where is the Cockpit Voice Recorder (CVR) typically located?",
        "options": {
            "a": "In the nose area of the aircraft",
            "b": "Under the belly of the aircraft",
            "c": "In the tail section of the aircraft"
        },
        "correct_answer": "c",
        "explanation": "The CVR and FDR ('black boxes') are housed in the tail section because crash data shows it to be the most survivable part of the aircraft."
    },
    {
        "question_number": 24,
        "question": "Playback of CVR data is normally only possible after the recorder has been removed from the aircraft.",
        "options": {
            "a": "True",
            "b": "False",
            "c": "Depends on the aircraft type"
        },
        "correct_answer": "a",
        "explanation": "The statement is true. CVR playback requires specialized ground equipment and is performed by authorized investigators, not on the aircraft itself."
    },
    {
        "question_number": 25,
        "question": "In an Automatic Direction Finder (ADF) system, which antenna provides the directional information?",
        "options": {
            "a": "The loop antenna",
            "b": "The sense antenna",
            "c": "Both antennas working together"
        },
        "correct_answer": "a",
        "explanation": "The loop antenna is highly directional and detects the null in the signal to determine the bearing to the station. The sense antenna is omnidirectional and resolves the 180-degree ambiguity."
    },
    {
        "question_number": 26,
        "question": "In an Instrument Landing System (ILS), which component transmits the radio beam for lateral guidance?",
        "options": {
            "a": "Glide slope transmitter",
            "b": "Localizer transmitter",
            "c": "DME transmitter"
        },
        "correct_answer": "b",
        "explanation": "The localizer provides lateral (left/right) guidance to align the aircraft with the runway centerline. The glide slope provides vertical guidance."
    },
    {
        "question_number": 27,
        "question": "The Localizer component of an ILS operates on VHF frequencies that are identified by:",
        "options": {
            "a": "Having a first decimal digit that is odd (e.g., 109.1, 109.3).",
            "b": "Having a first decimal digit that is even (e.g., 108.2, 108.4).",
            "c": "Sharing the same frequencies as DME stations."
        },
        "correct_answer": "a",
        "explanation": "Localizer frequencies are allocated in the 108.10 to 111.95 MHz range and always use an odd first decimal digit to distinguish them from other services."
    },
    {
        "question_number": 28,
        "question": "What is the color of the light associated with an aircraft passing over an inner marker beacon?",
        "options": {
            "a": "White",
            "b": "Amber",
            "c": "Blue"
        },
        "correct_answer": "a",
        "explanation": "The inner marker beacon is closest to the runway and triggers a white light in the cockpit, accompanied by a high-pitched series of audio dots."
    },
    {
        "question_number": 29,
        "question": "Which entity controls aircraft position, altitude, and identification codes from the ground?",
        "options": {
            "a": "TCAS",
            "b": "Air Traffic Control (ATC)",
            "c": "ELT"
        },
        "correct_answer": "b",
        "explanation": "Air Traffic Control is the ground-based service responsible for directing aircraft movements and ensuring safe separation by issuing clearances and managing transponder codes."
    },
    {
        "question_number": 30,
        "question": "Which transponder mode is required for automatic altitude reporting to ATC?",
        "options": {
            "a": "Mode A",
            "b": "Mode B",
            "c": "Mode C"
        },
        "correct_answer": "c",
        "explanation": "Mode C transponders automatically report the aircraft's pressure altitude in 100-foot increments along with the identification code. This is a fundamental part of modern radar surveillance."
    },
    {
        "question_number": 31,
        "question": "Which of the following statements about a radio altimeter is FALSE?",
        "options": {
            "a": "It provides altitude information above 2,500 feet.",
            "b": "It is primarily used for approach and landing.",
            "c": "It measures height above the ground."
        },
        "correct_answer": "a",
        "explanation": "This statement is false. A radio altimeter is a low-range device that works *below* approximately 2,500 feet Above Ground Level (AGL), making it crucial for final approach."
    },
    {
        "question_number": 32,
        "question": "For a modern weather radar, which antenna type is preferred for its high gain and narrow beam?",
        "options": {
            "a": "Parabolic antenna",
            "b": "Flat plate antenna",
            "c": "Dipole antenna"
        },
        "correct_answer": "b",
        "explanation": "Flat plate antennas are more efficient and focus energy into a narrower beam with fewer side lobes than older parabolic dishes, resulting in a clearer and more accurate weather display."
    },
    {
        "question_number": 33,
        "question": "In a weather radar display, which color indicates the heaviest rainfall and turbulence?",
        "options": {
            "a": "Red",
            "b": "Yellow",
            "c": "Green"
        },
        "correct_answer": "a",
        "explanation": "Weather radar uses a color scale for intensity: green for light, yellow for moderate, and red for heavy/extreme precipitation. Magenta is often used for the most intense turbulence."
    },
    {
        "question_number": 34,
        "question": "In an autopilot system, gyroscopes are considered what type of element?",
        "options": {
            "a": "Sensing element",
            "b": "Commanded element",
            "c": "Output element"
        },
        "correct_answer": "a",
        "explanation": "Gyroscopes are the primary sensing elements in a conventional autopilot, detecting any deviation from the desired attitude (pitch, roll, and yaw)."
    },
    {
        "question_number": 35,
        "question": "As an aircraft descends from cruising altitude, the cabin altitude must:",
        "options": {
            "a": "Stay the same",
            "b": "Increase",
            "c": "Decrease"
        },
        "correct_answer": "c",
        "explanation": "The pressurization system allows the cabin altitude to decrease (i.e., cabin pressure increases) at a controlled rate during descent to match the altitude of the destination airport."
    },
    {
        "question_number": 36,
        "question": "A refrigerant that changes state from liquid to gas is used in which type of air conditioning system?",
        "options": {
            "a": "Vapor-cycle system",
            "b": "Air-cycle machine",
            "c": "Bleed air system"
        },
        "correct_answer": "a",
        "explanation": "Vapor-cycle systems work like a standard refrigerator, using the evaporation and condensation of a refrigerant to transfer heat. Air-cycle machines use bleed air itself as the working fluid."
    }
]