[
  {
    "question_number": 1,
    "question": "Which of the following is the ability of a material to retain magnetic property?",
    "options": {
      "a": "Conductivity",
      "b": "Retentivity",
      "c": "Permeability"
    },
    "correct_answer": "b",
    "explanation": "Retentivity, also known as remanence, is the ability of a magnetic material to retain its magnetization after an external magnetic field is removed. Conductivity refers to electrical current flow, and permeability measures how easily a material can support a magnetic field."
  },
  {
    "question_number": 2,
    "question": "What is the coil's opposition to current called?",
    "options": {
      "a": "Resistance",
      "b": "Impedance",
      "c": "Reactance"
    },
    "correct_answer": "c",
    "explanation": "A coil's opposition to alternating current (AC) is called inductive reactance, caused by the coil's inductance resisting changes in current. Resistance is opposition in DC circuits, and impedance is the total opposition in AC circuits, including both resistance and reactance."
  },
  {
    "question_number": 3,
    "question": "If R1=5Ω, R2=10Ω & R3=5Ω are connected in parallel, what will be the total resistance?",
    "options": {
      "a": "20Ω",
      "b": "10Ω",
      "c": "2Ω"
    },
    "correct_answer": "c",
    "explanation": "For resistors in parallel, the total resistance is found using 1/R_total = 1/R1 + 1/R2 + 1/R3. Substituting R1=5Ω, R2=10Ω, R3=5Ω: 1/R_total = 1/5 + 1/10 + 1/5 = 0.2 + 0.1 + 0.2 = 0.5. Thus, R_total = 1/0.5 = 2Ω."
  },
  {
    "question_number": 4,
    "question": "What do like poles do?",
    "options": {
      "a": "Attract each other",
      "b": "Repel each other",
      "c": "Neutralize each other"
    },
    "correct_answer": "b",
    "explanation": "Like magnetic poles (e.g., north-north or south-south) repel each other due to the fundamental rule of magnetism, while unlike poles (north-south) attract."
  },
  {
    "question_number": 5,
    "question": "What is the SI unit of flux density?",
    "options": {
      "a": "Weber",
      "b": "Gauss",
      "c": "Tesla"
    },
    "correct_answer": "c",
    "explanation": "Magnetic flux density is measured in Tesla (T) in the SI system. Weber is the unit for magnetic flux, and Gauss is a non-SI unit for magnetic flux density (1 T = 10,000 Gauss)."
  },
  {
    "question_number": 6,
    "question": "What is the electrolyte of a Ni-cad battery?",
    "options": {
      "a": "Sulfuric acid",
      "b": "Potassium hydroxide",
      "c": "Lithium-ion"
    },
    "correct_answer": "b",
    "explanation": "Nickel-cadmium (Ni-cad) batteries use potassium hydroxide as the electrolyte. Sulfuric acid is used in lead-acid batteries, and lithium-ion refers to a battery type, not an electrolyte."
  },
  {
    "question_number": 7,
    "question": "How does a piezoelectric device generate electricity?",
    "options": {
      "a": "Through heat",
      "b": "Through light",
      "c": "Through pressure"
    },
    "correct_answer": "c",
    "explanation": "Piezoelectric devices generate electricity when mechanical pressure or stress is applied, causing a voltage due to the displacement of charges in the material."
  },
  {
    "question_number": 8,
    "question": "More amount of electricity can be generated by a:",
    "options": {
      "a": "Physical reaction",
      "b": "Thermal reaction",
      "c": "Chemical reaction"
    },
    "correct_answer": "c",
    "explanation": "Chemical reactions, such as those in batteries or fuel cells, can generate significant amounts of electricity through electrochemical processes, unlike physical or thermal reactions."
  },
  {
    "question_number": 9,
    "question": "What is used to change chemical energy to electrical energy?",
    "options": {
      "a": "Resistor",
      "b": "Capacitor",
      "c": "Battery"
    },
    "correct_answer": "c",
    "explanation": "A battery converts chemical energy into electrical energy through electrochemical reactions. Resistors limit current, and capacitors store charge."
  },
  {
    "question_number": 10,
    "question": "Which subatomic particle has no charge?",
    "options": {
      "a": "Proton",
      "b": "Electron",
      "c": "Neutron"
    },
    "correct_answer": "c",
    "explanation": "Neutrons have no electric charge, while protons have a positive charge and electrons have a negative charge."
  },
  {
    "question_number": 11,
    "question": "What is the formula for total capacitance in series?",
    "options": {
      "a": "CT = C1 + C2 + ... + Cn",
      "b": "1/CT = 1/C1 + 1/C2 + ... + 1/Cn",
      "c": "CT = (C1 * C2) / (C1 + C2)"
    },
    "correct_answer": "b",
    "explanation": "For capacitors in series, the reciprocal of the total capacitance equals the sum of the reciprocals of individual capacitances: 1/CT = 1/C1 + 1/C2 + ... + 1/Cn."
  },
  {
    "question_number": 12,
    "question": "Which of the following is the most widely used but expensive battery in AC?",
    "options": {
      "a": "Lead-acid",
      "b": "Nickel-cadmium",
      "c": "Lithium-ion"
    },
    "correct_answer": "c",
    "explanation": "Lithium-ion batteries are widely used in AC applications (e.g., electronics, electric vehicles) due to their high energy density but are more expensive than lead-acid or nickel-cadmium batteries."
  },
  {
    "question_number": 13,
    "question": "In Ohm's law, when current increases, what happens to resistance?",
    "options": {
      "a": "Resistance increases",
      "b": "Resistance decreases",
      "c": "Resistance stays the same"
    },
    "correct_answer": "c",
    "explanation": "Ohm's Law (V = IR) states that resistance (R) is constant for a given resistor at constant temperature. If current (I) increases, voltage (V) must increase proportionally, but resistance remains unchanged."
  },
  {
    "question_number": 14,
    "question": "One Coulomb is equal to:",
    "options": {
      "a": "Volt * Ampere",
      "b": "Ampere * Second",
      "c": "Ohm * Second"
    },
    "correct_answer": "b",
    "explanation": "One Coulomb is the charge transferred by a current of one ampere flowing for one second (Q = I * t), so Coulomb = Ampere * Second."
  },
  {
    "question_number": 15,
    "question": "The force of attraction between charges is:",
    "options": {
      "a": "Directly proportional to the distance",
      "b": "Directly proportional to the square of distance",
      "c": "Inversely proportional to the square of distance"
    },
    "correct_answer": "c",
    "explanation": "According to Coulomb's Law, the force between two charges is inversely proportional to the square of the distance between them (F ∝ 1/r²)."
  },
  {
    "question_number": 16,
    "question": "What is a rheostat used to control?",
    "options": {
      "a": "Voltage",
      "b": "Resistance",
      "c": "Current"
    },
    "correct_answer": "c",
    "explanation": "A rheostat is a variable resistor used to control current in a circuit by adjusting resistance, which inversely affects current per Ohm's Law."
  },
  {
    "question_number": 17,
    "question": "Which statement is NOT correct about electricity?",
    "options": {
      "a": "Current can be sent over long distances",
      "b": "Current can't be sent over long distance",
      "c": "Electricity can be generated"
    },
    "correct_answer": "b",
    "explanation": "Electricity, particularly AC, can be transmitted over long distances efficiently using high-voltage lines. The statement that current can't be sent over long distances is incorrect."
  },
  {
    "question_number": 18,
    "question": "What is an advantage of lithium-ion batteries over lead-acid batteries?",
    "options": {
      "a": "Cheaper & heavier",
      "b": "Shorter life & heavier",
      "c": "Long life & less weight"
    },
    "correct_answer": "c",
    "explanation": "Lithium-ion batteries have a longer lifespan and are lighter than lead-acid batteries, making them advantageous for portable and high-performance applications."
  },
  {
    "question_number": 19,
    "question": "Which statement is NOT true about an electromagnet?",
    "options": {
      "a": "It requires power",
      "b": "It creates a magnetic field",
      "c": "No power is needed"
    },
    "correct_answer": "c",
    "explanation": "Electromagnets require an electric current to generate a magnetic field, so the statement 'no power is needed' is false."
  },
  {
    "question_number": 20,
    "question": "Induced EMF doesn't depend on:",
    "options": {
      "a": "Strength of magnetic field",
      "b": "Speed of conductor",
      "c": "Type of core"
    },
    "correct_answer": "c",
    "explanation": "Induced EMF in a conductor depends on the magnetic field strength, speed of the conductor, and coil geometry (Faraday's Law), but not on the type of core material, which affects magnetic field strength indirectly."
  },
  {
    "question_number": 21,
    "question": "What is the SI unit of potential difference?",
    "options": {
      "a": "Ampere",
      "b": "Ohm",
      "c": "Volt"
    },
    "correct_answer": "c",
    "explanation": "Potential difference, or voltage, is measured in volts (V) in the SI system. Ampere measures current, and Ohm measures resistance."
  },
  {
    "question_number": 22,
    "question": "Which capacitor is used for high voltage without arcing?",
    "options": {
      "a": "Electrolytic",
      "b": "Ceramic",
      "c": "Mica"
    },
    "correct_answer": "c",
    "explanation": "Mica capacitors are used for high-voltage applications due to their excellent insulation properties and stability, preventing arcing. Electrolytic capacitors are prone to failure at high voltages, and ceramic capacitors are less reliable in such conditions."
  },
  {
    "question_number": 23,
    "question": "Which one is a very good conductor?",
    "options": {
      "a": "Copper",
      "b": "Gold",
      "c": "Silver"
    },
    "correct_answer": "c",
    "explanation": "Silver is the best conductor of electricity among common metals due to its low resistivity, followed by copper and gold."
  },
  {
    "question_number": 24,
    "question": "What is done when a charge is moved between two points?",
    "options": {
      "a": "Mechanical work",
      "b": "Electrical work",
      "c": "Thermal work"
    },
    "correct_answer": "b",
    "explanation": "Moving a charge between two points in an electric field requires electrical work, as it involves overcoming or utilizing the electric potential difference."
  },
  {
    "question_number": 25,
    "question": "When electrons flow in a conductor, it is called:",
    "options": {
      "a": "Voltage",
      "b": "Resistance",
      "c": "Current"
    },
    "correct_answer": "c",
    "explanation": "The flow of electrons in a conductor constitutes an electric current. Voltage is the potential difference, and resistance opposes the flow."
  },
  {
    "question_number": 26,
    "question": "In a series circuit, what is true about the current?",
    "options": {
      "a": "I_total = I1 + I2 + ... + In",
      "b": "I_total = I1 = I2 = ... = In",
      "c": "I_total = I1 * I2 * ... * In"
    },
    "correct_answer": "b",
    "explanation": "In a series circuit, the same current flows through all components, so the total current equals the current through each component: I_total = I1 = I2 = ... = In."
  },
  {
    "question_number": 27,
    "question": "When resistance decreases when temperature increases, what is the material's coefficient?",
    "options": {
      "a": "Positive",
      "b": "Negative",
      "c": "Zero"
    },
    "correct_answer": "b",
    "explanation": "A material whose resistance decreases with increasing temperature has a negative temperature coefficient, typical of semiconductors."
  },
  {
    "question_number": 28,
    "question": "When the temperature of copper, electrolyte, semiconductor & insulator increases, what generally happens to their resistance?",
    "options": {
      "a": "Resistance increases",
      "b": "Resistance decreases",
      "c": "Resistance remains constant"
    },
    "correct_answer": "b",
    "explanation": "For semiconductors and electrolytes, resistance decreases with increasing temperature due to increased charge carrier mobility. However, for copper (a conductor), resistance typically increases, and for insulators, it may decrease slightly. The question likely generalizes to semiconductors and electrolytes, where the trend is clearer."
  },
  {
    "question_number": 29,
    "question": "What is the primary source of electricity in AC?",
    "options": {
      "a": "Chemical reaction",
      "b": "Light energy",
      "c": "Magnet (electromagnet)"
    },
    "correct_answer": "c",
    "explanation": "AC electricity is primarily generated by rotating magnets or electromagnets in generators, inducing EMF via electromagnetic induction."
  },
  {
    "question_number": 30,
    "question": "What is an effect of static charge on AC?",
    "options": {
      "a": "Increased efficiency",
      "b": "Severe radio interference",
      "c": "Reduced power consumption"
    },
    "correct_answer": "b",
    "explanation": "Static charge can cause electromagnetic interference, particularly affecting radio signals, due to sudden discharges or electric field disturbances."
  },
  {
    "question_number": 31,
    "question": "What is a battery safety precaution?",
    "options": {
      "a": "Mixing different battery types",
      "b": "Overcharging the battery",
      "c": "Danger of acid burn when refueling"
    },
    "correct_answer": "c",
    "explanation": "When refueling (e.g., adding electrolyte to lead-acid batteries), there is a risk of acid burns, making it a key safety precaution. Mixing battery types or overcharging are not precautions but errors."
  },
  {
    "question_number": 32,
    "question": "What is a picture of a circuit that uses symbols to represent components called?",
    "options": {
      "a": "Block diagram",
      "b": "Wiring diagram",
      "c": "Schematic diagram"
    },
    "correct_answer": "c",
    "explanation": "A schematic diagram uses standardized symbols to represent circuit components, showing electrical connections. Block diagrams show system functions, and wiring diagrams show physical layouts."
  },
  {
    "question_number": 33,
    "question": "The degree of shock depends on:",
    "options": {
      "a": "Voltage",
      "b": "Resistance",
      "c": "Amount of current"
    },
    "correct_answer": "c",
    "explanation": "The severity of an electric shock depends primarily on the current flowing through the body, as it affects tissue damage (per Ohm's Law, I = V/R)."
  },
  {
    "question_number": 34,
    "question": "What does the + symbol indicate when referring to current?",
    "options": {
      "a": "Current is flowing towards you",
      "b": "Current is staying in place",
      "c": "Current is going away from you"
    },
    "correct_answer": "c",
    "explanation": "The + symbol in circuit diagrams typically indicates the direction of conventional current (positive charge flow) moving away from the positive terminal of a source."
  },
  {
    "question_number": 35,
    "question": "What is the area around a magnet called?",
    "options": {
      "a": "Electric field",
      "b": "Gravitational field",
      "c": "Magnetic field"
    },
    "correct_answer": "c",
    "explanation": "The area around a magnet where its magnetic influence is felt is called a magnetic field, characterized by magnetic field lines."
  },
  {
    "question_number": 36,
    "question": "Which of the following is an electrical control device?",
    "options": {
      "a": "Resistor",
      "b": "Capacitor",
      "c": "Switch"
    },
    "correct_answer": "c",
    "explanation": "A switch is an electrical control device used to open or close a circuit, controlling current flow. Resistors and capacitors are passive components, not control devices."
  }
]