[
  {
    "question_number": 1,
    "question": "What is a wire or conductor?",
    "options": {
      "a": "Insulator",
      "b": "Material that conducts electricity",
      "c": "Capacitor"
    },
    "correct_answer": "b",
    "explanation": "A wire or conductor is a material that allows the flow of electricity."
  },
  {
    "question_number": 2,
    "question": "What does power factor relate to?",
    "options": {
      "a": "Total voltage",
      "b": "Opposition to true power",
      "c": "Current resistance"
    },
    "correct_answer": "b",
    "explanation": "Power factor relates to the opposition to true power in an AC circuit."
  },
  {
    "question_number": 3,
    "question": "What is the current (I) value?",
    "options": {
      "a": "1A",
      "b": "2A",
      "c": "3A"
    },
    "correct_answer": "b",
    "explanation": "The current value is given as 2A."
  },
  {
    "question_number": 4,
    "question": "What is the impedance (Z) of a coil in series?",
    "options": {
      "a": "10V / 0.2A",
      "b": "16V / 0.2A",
      "c": "20V / 0.1A"
    },
    "correct_answer": "b",
    "explanation": "The impedance (Z) of a coil in series is calculated as 16V / 0.2A."
  },
  {
    "question_number": 5,
    "question": "What is the purpose of the coil's impedance?",
    "options": {
      "a": "For electric field and magnetic field",
      "b": "For resistance control",
      "c": "For capacitance measurement"
    },
    "correct_answer": "a",
    "explanation": "The coil's impedance is related to its behavior in electric and magnetic fields."
  },
  {
    "question_number": 6,
    "question": "What does a variable resistor control?",
    "options": {
      "a": "Voltage",
      "b": "Current",
      "c": "Power"
    },
    "correct_answer": "b",
    "explanation": "A variable resistor, such as a rheostat, controls the current in a circuit."
  },
  {
    "question_number": 7,
    "question": "What is the function of a rheostat (2x degree)?",
    "options": {
      "a": "Controls amount of electricity",
      "b": "Measures temperature",
      "c": "Increases capacitance"
    },
    "correct_answer": "a",
    "explanation": "A rheostat controls the amount of electricity by varying resistance."
  },
  {
    "question_number": 8,
    "question": "What device stores energy in the form of a magnetic field?",
    "options": {
      "a": "Capacitor",
      "b": "Inductor",
      "c": "Resistor"
    },
    "correct_answer": "b",
    "explanation": "An inductor stores energy in the form of a magnetic field."
  },
  {
    "question_number": 9,
    "question": "What is the current range from 10A & 200mA to 400mA?",
    "options": {
      "a": "200mA / 400mA",
      "b": "10A / 200mA",
      "c": "400mA / 200mA"
    },
    "correct_answer": "c",
    "explanation": "The current range is expressed as 400mA / 200mA relative to the given values."
  },
  {
    "question_number": 10,
    "question": "What does the resistance of a resistor not depend on?",
    "options": {
      "a": "Color code",
      "b": "Material",
      "c": "Temperature"
    },
    "correct_answer": "a",
    "explanation": "The resistance of a resistor does not depend on its color code, which is used for identification."
  },
  {
    "question_number": 11,
    "question": "What is voltage equivalent to?",
    "options": {
      "a": "Electrical pressure",
      "b": "Current flow",
      "c": "Resistance value"
    },
    "correct_answer": "a",
    "explanation": "Voltage is equivalent to the electrical pressure that pushes current through a circuit."
  },
  {
    "question_number": 12,
    "question": "Which has more power output, AC or DC of the same size?",
    "options": {
      "a": "DC generator",
      "b": "AC generator",
      "c": "Both equal"
    },
    "correct_answer": "b",
    "explanation": "An AC generator typically provides more power output than a DC generator of the same size."
  },
  {
    "question_number": 13,
    "question": "What is an application of a lithium battery?",
    "options": {
      "a": "Emergency locator beacon",
      "b": "Car headlights",
      "c": "Home lighting"
    },
    "correct_answer": "a",
    "explanation": "Lithium batteries are used in emergency locator beacons due to their reliability."
  },
  {
    "question_number": 14,
    "question": "How many electrons are in the 'n' shell?",
    "options": {
      "a": "16",
      "b": "32",
      "c": "64"
    },
    "correct_answer": "b",
    "explanation": "The 'n' shell can hold up to 32 electrons according to quantum rules."
  },
  {
    "question_number": 15,
    "question": "What happens to material when it loses and gains?",
    "options": {
      "a": "Becomes neutral",
      "b": "Gains negative charge",
      "c": "Loses positive charge"
    },
    "correct_answer": "b",
    "explanation": "Material that loses electrons and gains others may result in a net negative charge."
  },
  {
    "question_number": 16,
    "question": "What does chemical classify include?",
    "options": {
      "a": "Element, compound, mixture",
      "b": "Acid, base, salt",
      "c": "Gas, liquid, solid"
    },
    "correct_answer": "a",
    "explanation": "Chemical classification includes elements, compounds, and mixtures."
  },
  {
    "question_number": 17,
    "question": "What is the reading in a Delta Connection from neutral to earth?",
    "options": {
      "a": "Positive reading",
      "b": "Zero reading",
      "c": "Negative reading"
    },
    "correct_answer": "b",
    "explanation": "In a Delta Connection, the reading from neutral to earth is zero due to balanced phases."
  },
  {
    "question_number": 18,
    "question": "What is the charge of the nucleus?",
    "options": {
      "a": "Neutral",
      "b": "Positive",
      "c": "Negative"
    },
    "correct_answer": "b",
    "explanation": "The nucleus of an atom has a positive charge due to protons."
  },
  {
    "question_number": 19,
    "question": "What does a galvanometer read in a bridge circuit?",
    "options": {
      "a": "1",
      "b": "0",
      "c": "-1"
    },
    "correct_answer": "b",
    "explanation": "In a balanced bridge circuit, the galvanometer reads zero."
  },
  {
    "question_number": 20,
    "question": "Is it true that a good conductor has high resistance?",
    "options": {
      "a": "True",
      "b": "False",
      "c": "Sometimes"
    },
    "correct_answer": "b",
    "explanation": "A good conductor has low resistance, not high resistance."
  },
  {
    "question_number": 21,
    "question": "The magnitude of the induced emf is not proportional to:",
    "options": {
      "a": "The rate of change of flux",
      "b": "The number of turns",
      "c": "The type of material the coil is made up of"
    },
    "correct_answer": "c",
    "explanation": "The induced emf depends on the rate of change of flux and number of turns, not the material type."
  },
  {
    "question_number": 22,
    "question": "The resistance of which material increases with temperature?",
    "options": {
      "a": "Semiconductors",
      "b": "Insulators",
      "c": "Pure metals"
    },
    "correct_answer": "c",
    "explanation": "The resistance of pure metals increases with temperature due to increased electron scattering."
  },
  {
    "question_number": 23,
    "question": "If a DC generator sparks at the brush, one reason is:",
    "options": {
      "a": "The brush springs are loose",
      "b": "Magnetic flux deflecting the EMF",
      "c": "The brush has been placed around the magnetic coil"
    },
    "correct_answer": "a",
    "explanation": "Loose brush springs can cause sparking in a DC generator."
  },
  {
    "question_number": 24,
    "question": "What surrounds a magnet?",
    "options": {
      "a": "Magnetomotive force",
      "b": "Magnetic field",
      "c": "Electric field"
    },
    "correct_answer": "b",
    "explanation": "A magnet is surrounded by a magnetic field."
  },
  {
    "question_number": 25,
    "question": "What is the unit or quantity of electricity?",
    "options": {
      "a": "Ampere",
      "b": "Coulomb",
      "c": "Volt"
    },
    "correct_answer": "b",
    "explanation": "The unit or quantity of electricity is the Coulomb."
  },
  {
    "question_number": 26,
    "question": "How is the voltage output of a generator controlled?",
    "options": {
      "a": "Varying the current of the output",
      "b": "Varying the current of the field",
      "c": "Varying the resistance of the output"
    },
    "correct_answer": "b",
    "explanation": "The voltage output is controlled by varying the current in the field."
  },
  {
    "question_number": 27,
    "question": "What happens to the current if the total resistance of a series circuit is reduced by half?",
    "options": {
      "a": "Increased by half",
      "b": "Decreased by half",
      "c": "Decreased twice"
    },
    "correct_answer": "b",
    "explanation": "According to Ohm's Law, current is inversely proportional to resistance; reducing resistance by half increases current by half."
  },
  {
    "question_number": 28,
    "question": "When battery cells are connected in series:",
    "options": {
      "a": "The battery current is the total of the individual cell voltages",
      "b": "The battery voltage is equal to the total of the individual cell voltages",
      "c": "The battery capacity is the total of the individual cell voltages"
    },
    "correct_answer": "b",
    "explanation": "In a series connection, the total voltage is the sum of individual cell voltages."
  },
  {
    "question_number": 29,
    "question": "Which device allows electrical current to flow through?",
    "options": {
      "a": "Load",
      "b": "Source",
      "c": "Control"
    },
    "correct_answer": "a",
    "explanation": "A load is a device through which electrical current flows and performs work."
  }
]