[
  {
    "question_number": 1,
    "question": "One of the following is not a chemical classification of matter.",
    "options": {
      "a": "Element",
      "b": "Liquid",
      "c": "Compound"
    },
    "correct_answer": "b",
    "explanation": "Liquid is a state of matter, not a chemical classification; elements and compounds are chemical classifications."
  },
  {
    "question_number": 2,
    "question": "Atomic number means _____",
    "options": {
      "a": "The number of protons and neutrons",
      "b": "The number of protons",
      "c": "The number of neutrons and electrons"
    },
    "correct_answer": "b",
    "explanation": "The atomic number is defined as the number of protons in an atom's nucleus."
  },
  {
    "question_number": 3,
    "question": "One of the following is true about atomic mass.",
    "options": {
      "a": "The number of protons and neutrons is not always the same",
      "b": "The number of protons and neutrons is always the same",
      "c": "It is the product of protons and neutrons"
    },
    "correct_answer": "a",
    "explanation": "Atomic mass is approximately the sum of protons and neutrons, but their numbers vary among isotopes, so they are not always the same."
  },
  {
    "question_number": 4,
    "question": "_____ is a pressure from an electrical circuit's power source that pushes charged electrons to pass through a conductor loop.",
    "options": {
      "a": "Current",
      "b": "Voltage",
      "c": "Motor"
    },
    "correct_answer": "b",
    "explanation": "Voltage is the electrical potential difference that drives current through a conductor."
  },
  {
    "question_number": 5,
    "question": "Which type of a conductor has good conductivity",
    "options": {
      "a": "A conductor with high resistance",
      "b": "A conductor with low resistance",
      "c": "A conductor with medium resistance"
    },
    "correct_answer": "b",
    "explanation": "Good conductivity is associated with low resistance, allowing efficient current flow."
  },
  {
    "question_number": 6,
    "question": "_____ is a device that change chemical energy to electrical energy.",
    "options": {
      "a": "Generator",
      "b": "Cell/Battery",
      "c": "Photo voltaic"
    },
    "correct_answer": "b",
    "explanation": "A cell or battery converts chemical energy into electrical energy through electrochemical reactions."
  },
  {
    "question_number": 7,
    "question": "Piezoelectricity is created because of _____",
    "options": {
      "a": "Mechanical stress",
      "b": "Electrical stress",
      "c": "Chemical action"
    },
    "correct_answer": "a",
    "explanation": "Piezoelectricity arises from mechanical stress applied to certain materials, generating an electric charge."
  },
  {
    "question_number": 8,
    "question": "Materials that have no net magnetic moments are called _____",
    "options": {
      "a": "Paramagnets",
      "b": "Diamagnets",
      "c": "Ferromagnets"
    },
    "correct_answer": "b",
    "explanation": "Diamagnetic materials have no net magnetic moment and are weakly repelled by magnetic fields."
  },
  {
    "question_number": 9,
    "question": "It is a quantitative indicator of the extent to which a ferromagnetic material concentrates magnetic lines of flux.",
    "options": {
      "a": "Retentively",
      "b": "Permeability",
      "c": "Remanence"
    },
    "correct_answer": "b",
    "explanation": "Permeability measures how effectively a material concentrates magnetic flux lines."
  },
  {
    "question_number": 10,
    "question": "A material which is difficult to magnetize and demagnetize is called _____",
    "options": {
      "a": "Hard magnetic material",
      "b": "(No option b provided)",
      "c": "(No option c provided)"
    },
    "correct_answer": "a",
    "explanation": "Hard magnetic materials retain magnetism well and are difficult to demagnetize, unlike soft magnetic materials."
  },
  {
    "question_number": 11,
    "question": "The process of adding impurities to crystals is referred to _____",
    "options": {
      "a": "Mixing",
      "b": "Doping",
      "c": "Charging"
    },
    "correct_answer": "b",
    "explanation": "Doping is the process of intentionally adding impurities to alter a material's electrical properties."
  },
  {
    "question_number": 12,
    "question": "Extrinsic semiconductor is _____",
    "options": {
      "a": "A semiconductor that has been subjected to the charging process",
      "b": "A semiconductor that has been subjected to the doping process",
      "c": "A semiconductor that has been subjected to biasing process"
    },
    "correct_answer": "b",
    "explanation": "An extrinsic semiconductor is created by doping, which introduces impurities to modify its conductivity."
  },
  {
    "question_number": 13,
    "question": "When an impurity increases the number of free electrons increases, the material becomes _____",
    "options": {
      "a": "p-type semiconductor",
      "b": "n-type semiconductor",
      "c": "A transistor"
    },
    "correct_answer": "b",
    "explanation": "An increase in free electrons due to impurity doping results in an n-type semiconductor."
  },
  {
    "question_number": 14,
    "question": "In p-type semiconductors _____",
    "options": {
      "a": "Holes are considered as majority carriers",
      "b": "Electrons are considered as majority carriers",
      "c": "The number of electrons and holes are equal"
    },
    "correct_answer": "a",
    "explanation": "In p-type semiconductors, holes (positive charge carriers) are the majority due to acceptor impurities."
  },
  {
    "question_number": 15,
    "question": "One of the following will not happen, when a P-N junction is forward biased.",
    "options": {
      "a": "Holes & electrons are 'pushed' toward the junction",
      "b": "the depletion zone shrinks in size",
      "c": "Current will not flow"
    },
    "correct_answer": "c",
    "explanation": "In forward bias, current flows as the depletion zone shrinks, allowing charge carriers to move."
  },
  {
    "question_number": 16,
    "question": "In reverse-bias the following condition takes place.",
    "options": {
      "a": "P-side is more positive than N-side",
      "b": "N-side is more negative than p-side",
      "c": "N-side is more positive than p-side"
    },
    "correct_answer": "a",
    "explanation": "In reverse bias, the P-side is made more positive than the N-side, widening the depletion zone."
  },
  {
    "question_number": 17,
    "question": "When diodes are connected in parallel, the combined effect will _____",
    "options": {
      "a": "Increase the current carrying capability",
      "b": "Decrease the current carrying capability",
      "c": "Increase the reverse blocking capability"
    },
    "correct_answer": "a",
    "explanation": "Parallel diodes share the current, increasing the total current-carrying capacity."
  },
  {
    "question_number": 18,
    "question": "The importance of Zener diode is marked when used under _____",
    "options": {
      "a": "Reverse biased condition",
      "b": "Forward biased condition",
      "c": "With no bias condition"
    },
    "correct_answer": "a",
    "explanation": "Zener diodes are designed to operate in reverse bias to regulate voltage."
  },
  {
    "question_number": 19,
    "question": "In normal operation of NPN transistor apply _____",
    "options": {
      "a": "Negative voltage is applied to collector",
      "b": "Positive voltage is applied to collector",
      "c": "Positive voltage is applied to emitter"
    },
    "correct_answer": "b",
    "explanation": "In an NPN transistor, a positive voltage is applied to the collector relative to the emitter for normal operation."
  },
  {
    "question_number": 20,
    "question": "In-order to allow base & collector current to flow in a transistor",
    "options": {
      "a": "The base-emitter junction must be forward biased",
      "b": "The base-emitter junction must be reverse biased",
      "c": "The collector emitter junction must be forward biased"
    },
    "correct_answer": "a",
    "explanation": "Forward biasing the base-emitter junction allows current to flow from base to collector in a transistor."
  },
  {
    "question_number": 21,
    "question": "One of the following is true about electromagnets.",
    "options": {
      "a": "The direction of the current depends on the direction of the magnetic field.",
      "b": "The direction of the magnetic field depends on the direction of the current.",
      "c": "The direction of the magnetic field is independent with the direction of the current."
    },
    "correct_answer": "b",
    "explanation": "The magnetic field direction in an electromagnet is determined by the direction of the current, per the right-hand rule."
  },
  {
    "question_number": 22,
    "question": "Ohm's law stated that _____",
    "options": {
      "a": "Current is directly proportional to resistance",
      "b": "Voltage is inversely proportional to current",
      "c": "Current is inversely proportional to resistance"
    },
    "correct_answer": "c",
    "explanation": "Ohm's Law states V = IR, where current is inversely proportional to resistance when voltage is constant."
  },
  {
    "question_number": 23,
    "question": "When the resistance of pure metals increases with temperature, it is said to be _____",
    "options": {
      "a": "Positive temperature coefficient",
      "b": "Negative temperature coefficient",
      "c": "Zero temperature coefficient"
    },
    "correct_answer": "a",
    "explanation": "Pure metals exhibit a positive temperature coefficient, where resistance increases with temperature."
  },
  {
    "question_number": 24,
    "question": "A variable resistor made to control current is called _____",
    "options": {
      "a": "Potentiometer",
      "b": "Rheostat",
      "c": "Multimeter"
    },
    "correct_answer": "b",
    "explanation": "A rheostat is a variable resistor used to control current in a circuit."
  },
  {
    "question_number": 25,
    "question": "The relationship between periodic time and frequency in an AC voltage is _____",
    "options": {
      "a": "They are inversely proportional to each other",
      "b": "They are directly proportional to each other",
      "c": "They are the same"
    },
    "correct_answer": "a",
    "explanation": "Periodic time (T) and frequency (f) are inversely proportional, where T = 1/f."
  },
  {
    "question_number": 26,
    "question": "The total power consumed by the entire circuit is called _____",
    "options": {
      "a": "True power",
      "b": "Apparent power",
      "c": "Reactive power"
    },
    "correct_answer": "a",
    "explanation": "True power is the actual power consumed by the circuit, measured in watts."
  },
  {
    "question_number": 27,
    "question": "If an AC circuit is purely resistive, the power factor is _____",
    "options": {
      "a": "One",
      "b": "Zero",
      "c": "Less than zero"
    },
    "correct_answer": "a",
    "explanation": "A purely resistive AC circuit has a power factor of 1, as there is no phase difference between voltage and current."
  },
  {
    "question_number": 28,
    "question": "In which type of connection, the line current is the same as the phase current",
    "options": {
      "a": "In Delta type connection",
      "b": "In Star type connection",
      "c": "In both connections"
    },
    "correct_answer": "b",
    "explanation": "In a star connection, the line current equals the phase current, unlike a delta connection."
  },
  {
    "question_number": 29,
    "question": "_____ is a component which has the ability to store energy in the form of magnetic field.",
    "options": {
      "a": "Capacitor",
      "b": "Inductor",
      "c": "Transformer"
    },
    "correct_answer": "b",
    "explanation": "An inductor stores energy in a magnetic field when current flows through it."
  },
  {
    "question_number": 30,
    "question": "An inductance opposes any change in current by producing a _____",
    "options": {
      "a": "Back electromotive force",
      "b": "Forward electromotive force",
      "c": "Pure resistance"
    },
    "correct_answer": "a",
    "explanation": "Inductance induces a back electromotive force (EMF) to oppose changes in current, per Lenz's Law."
  },
  {
    "question_number": 31,
    "question": "The effective value of a sine wave is known as _____",
    "options": {
      "a": "Peak value",
      "b": "RMS value",
      "c": "Average value"
    },
    "correct_answer": "b",
    "explanation": "The RMS (Root Mean Square) value is the effective value of a sine wave, used for power calculations."
  },
  {
    "question_number": 32,
    "question": "For _____ waveform the peak value of voltage or current is equal",
    "options": {
      "a": "Sinusoidal waveform",
      "b": "Non sinusoidal waveform",
      "c": "Complex waveform"
    },
    "correct_answer": "a",
    "explanation": "In a sinusoidal waveform, the peak value represents the maximum voltage or current amplitude."
  },
  {
    "question_number": 33,
    "question": "A variable resistor made to control voltage in a circuit is _____",
    "options": {
      "a": "Rheostat",
      "b": "Potentiometer",
      "c": "Voltmeter"
    },
    "correct_answer": "b",
    "explanation": "A potentiometer is used to control voltage by varying resistance in a circuit."
  },
  {
    "question_number": 34,
    "question": "When the resistance of insulators decreases with increasing temperatures, it is called _____",
    "options": {
      "a": "Positive temperature co-efficient of resistance",
      "b": "Negative temperature co-efficient of resistance",
      "c": "Zero temperature co-efficient of resistance"
    },
    "correct_answer": "b",
    "explanation": "A negative temperature coefficient indicates resistance decreases with increasing temperature, typical for some insulators."
  },
  {
    "question_number": 35,
    "question": "When a number of circuits are connected across the same voltage, the circuit is _____",
    "options": {
      "a": "Parallel circuit",
      "b": "Series circuit",
      "c": "Series-parallel circuit"
    },
    "correct_answer": "a",
    "explanation": "In a parallel circuit, all components are connected across the same voltage source."
  },
  {
    "question_number": 36,
    "question": "_____ law states: the algebraic sum of the currents entering a point is equal to leaving that point.",
    "options": {
      "a": "Ohm's law",
      "b": "Kirchoff's law",
      "c": "Faraday's law"
    },
    "correct_answer": "b",
    "explanation": "Kirchoff's Current Law (KCL) states that the total current entering a junction equals the total current leaving it."
  }
]