[
    {
      "question_number": 1,
      "question": "Flaps at landing position.",
      "options": {
        "A": "decrease landing speed.",
        "B": "decrease take off and landing speeds.",
        "C": "decrease take off speed."
      },
      "correct_answer": "A",
      "explanation": "Although an aircraft will take-off with flaps at landing position, this is not normal."
    },
    {
      "question_number": 2,
      "question": "As a subsonic aircraft speeds-up, its Centre of Pressure.",
      "options": {
        "A": "moves aft.",
        "B": "moves forward.",
        "C": "is unaffected."
      },
      "correct_answer": "A",
      "explanation": "Assuming that the aircraft is to remain at constant altitude, it must reduce its angle of attack as it speeds-up. This alone will move the CofP rearwards, in accordance with the sub-sonic angle of attack change theory."
    },
    {
      "question_number": 3,
      "question": "Lowering of the flaps.",
      "options": {
        "A": "increases drag.",
        "B": "increases lift.",
        "C": "increases drag and lift."
      },
      "correct_answer": "C",
      "explanation": "Jeppesen A+P Technician General Textbook. Page 1-17."
    },
    {
      "question_number": 4,
      "question": "Wing spoilers, when used asymmetrically, are associated with.",
      "options": {
        "A": "rudder.",
        "B": "elevators.",
        "C": "ailerons."
      },
      "correct_answer": "C",
      "explanation": "Pallett Automatic Flight Control 4th Edition Page 51. Jeppesen A&P Technician Airframe Textbook Page 1-12."
    },
    {
      "question_number": 5,
      "question": "What do ruddervators do?",
      "options": {
        "A": "Control yaw and roll.",
        "B": "Control pitch and yaw.",
        "C": "Control pitch and roll."
      },
      "correct_answer": "B",
      "explanation": "Jeppesen A+P Technician General Textbook. Page 1-16 fig 1-36."
    },
    {
      "question_number": 6,
      "question": "What controls pitch and roll on a delta wing aircraft?",
      "options": {
        "A": "Ailerons.",
        "B": "Elevons.",
        "C": "Elevators."
      },
      "correct_answer": "B",
      "explanation": "Jeppesen A+P Technician General Textbook. Page 1-17."
    },
    {
      "question_number": 7,
      "question": "What does a trim tab do?",
      "options": {
        "A": "Allows the C of G to be outside the normal limit.",
        "B": "Provides finer control movements by the pilot.",
        "C": "Eases control loading for pilot."
      },
      "correct_answer": "C",
      "explanation": "A&P General Textbook Pg 2-35."
    },
    {
      "question_number": 8,
      "question": "How does a balance tab move?",
      "options": {
        "A": "In the same direction a small amount.",
        "B": "In the opposite direction proportional to the control surface it is attached to.",
        "C": "In the same direction proportional to the control surface it is attached to."
      },
      "correct_answer": "B",
      "explanation": "A&P General Textbook Pg 2-36."
    },
    {
      "question_number": 9,
      "question": "If an aircraft is yawing to the left, where would you position the trim tab on the rudder?",
      "options": {
        "A": "To the centre.",
        "B": "To the left.",
        "C": "To the right."
      },
      "correct_answer": "B",
      "explanation": "Automatic flight control, Pallett, 4th Edition Page 43."
    },
    {
      "question_number": 10,
      "question": "If an aircraft is flying with a left wing low, where would you move the left aileron trim tab?",
      "options": {
        "A": "Down.",
        "B": "Up.",
        "C": "Moving the aileron trim tab will not correct the situation."
      },
      "correct_answer": "B",
      "explanation": "Automatic flight control, Pallett, 4th Edition Page 43."
    },
    {
      "question_number": 11,
      "question": "When a leading edge flap is fully extended, what is the slot in the wing for?",
      "options": {
        "A": "To re-energise the boundary layer.",
        "B": "To increase the lift.",
        "C": "To allow the flap to retract into it when it retracts."
      },
      "correct_answer": "A",
      "explanation": "Pallett Automatic Flight Control 2nd Edition Page 50. Jeppesen A&P Technician Airframe Textbook Page 1-32."
    },
    {
      "question_number": 12,
      "question": "With respect to differential aileron control, which of the following is true?",
      "options": {
        "A": "The up going and down going ailerons both deflect to the same angle.",
        "B": "The up going Aileron moves through a smaller angle than the down going aileron.",
        "C": "The down going aileron moves through a smaller angle than the up going aileron."
      },
      "correct_answer": "C",
      "explanation": "Mechanics of Flight, Kermode, Page 301. The down going aileron moves less, to reduce the induced drag which causes adverse aileron yaw."
    },
    {
      "question_number": 13,
      "question": "The aeroplane fin is of symmetrical aerofoil section and will therefore provide a side-load.",
      "options": {
        "A": "only when the rudder is moved.",
        "B": "if a suitable angle of attack develops due either yaw or rudder movement.",
        "C": "only if a suitable angle of attack develops due to yaw."
      },
      "correct_answer": "B",
      "explanation": "Rudder deflection or yaw."
    },
    {
      "question_number": 14,
      "question": "An aircraft left wing is flying low. The aileron trimmer control to the left aileron trim tab in the cockpit would be.",
      "options": {
        "A": "moved up causing the left aileron to move up.",
        "B": "moved up causing the left aileron to move down.",
        "C": "moved down causing the left aileron to move down."
      },
      "correct_answer": "B",
      "explanation": "Down aileron required - which requires up trim."
    },
    {
      "question_number": 15,
      "question": "An elevator tab moves down.",
      "options": {
        "A": "to make the nose go down.",
        "B": "to counteract for the aircraft flying nose heavy.",
        "C": "to counteract for the aircraft flying tail heavy."
      },
      "correct_answer": "B",
      "explanation": "Elevator tab DOWN, elevator UP, aircraft nose UP."
    },
    {
      "question_number": 16,
      "question": "The stall margin is controlled by.",
      "options": {
        "A": "speed bug cursor.",
        "B": "EPR limits.",
        "C": "angle of attack and flap position."
      },
      "correct_answer": "C",
      "explanation": "Flight Instruments and Automatic Flight Control Page 143/4."
    },
    {
      "question_number": 17,
      "question": "Other than spoilers, where are speed brakes located?",
      "options": {
        "A": "Under the Fuselage.",
        "B": "Either side of the Fuselage.",
        "C": "On the wing."
      },
      "correct_answer": "B",
      "explanation": "Reference BAe 146 etc."
    },
    {
      "question_number": 18,
      "question": "With a trailing edge flap being lowered, due to rising gusts, what will happen to the angle of attack?",
      "options": {
        "A": "Tend to decrease.",
        "B": "Stay the same.",
        "C": "Tend to increase."
      },
      "correct_answer": "C",
      "explanation": "Assuming that 'rising gust' means it has a vertical component."
    },
    {
      "question_number": 19,
      "question": "A device used do dump lift from an aircraft is.",
      "options": {
        "A": "leading edge flaps.",
        "B": "trailing edge flaps.",
        "C": "spoiler."
      },
      "correct_answer": "C",
      "explanation": "Spoilers are sometimes called 'lift dumps'."
    },
    {
      "question_number": 20,
      "question": "The purpose of a slot in a wing is to.",
      "options": {
        "A": "provide housing for the slat.",
        "B": "speed up the airflow and increase lift.",
        "C": "act as venturi, accelerate the air and re-energise boundary layer."
      },
      "correct_answer": "C",
      "explanation": "A slot is to act as venturi, accelerate the air and re-energise boundary layer."
    },
    {
      "question_number": 21,
      "question": "Large flap deployment.",
      "options": {
        "A": "causes increased span wise flow towards tips on wing upper surface.",
        "B": "causes increased span wise flow towards tips on wing lower surface.",
        "C": "has no effect on span wise flow."
      },
      "correct_answer": "B",
      "explanation": "Flaps increase the pressure differential between top and bottom surfaces, increase tip vortices and span wise flow."
    },
    {
      "question_number": 22,
      "question": "Which part of the wing of a swept-wing aircraft stalls first?",
      "options": {
        "A": "Tip stalls first.",
        "B": "Both stall together.",
        "C": "Root stalls first."
      },
      "correct_answer": "A",
      "explanation": "The tip of a swept wing stalls first."
    },
    {
      "question_number": 23,
      "question": "During flight, an aircraft is yawing to the right. The aircraft would have a tendency to fly.",
      "options": {
        "A": "right wing low.",
        "B": "left wing low.",
        "C": "nose up."
      },
      "correct_answer": "A",
      "explanation": "The leading wing (left wing) has increased lift, causing it to rise."
    },
    {
      "question_number": 24,
      "question": "In the reversed camber horizontal stabilizer.",
      "options": {
        "A": "there is an increased tail plane up-force.",
        "B": "the elevator causes tail down movement i.e. increased tail plane down force.",
        "C": "there is an increased tailplane down-force."
      },
      "correct_answer": "C",
      "explanation": "The lower cambered surface produces a down-force on the tail."
    },
    {
      "question_number": 25,
      "question": "When the trailing edge flap is extended.",
      "options": {
        "A": "CP moves rearward.",
        "B": "the CP moves forward but the CG does not change.",
        "C": "the CP moves forward and the pitching moment changes to nose up."
      },
      "correct_answer": "A",
      "explanation": "CP moves rearwards when the flap is extended."
    },
    {
      "question_number": 26,
      "question": "With a drop in ambient temperature, an aircraft service ceiling will.",
      "options": {
        "A": "rise.",
        "B": "not be affected.",
        "C": "lower."
      },
      "correct_answer": "A",
      "explanation": "As ambient temperature drops, density increases and aircraft performance increases."
    },
    {
      "question_number": 27,
      "question": "What type of flap is this?",
      "options": {
        "A": "Split flap.",
        "B": "Plain flap.",
        "C": "Fowler flap."
      },
      "correct_answer": "A",
      "explanation": "Split flap."
    },
    {
      "question_number": 28,
      "question": "Servo tabs.",
      "options": {
        "A": "enable the pilot to bring the control surface back to neutral.",
        "B": "move in such a way as to help move the control surface.",
        "C": "provide artificial feel."
      },
      "correct_answer": "B",
      "explanation": "A&P Technician Airframe Textbook Pg.1-29."
    },
    {
      "question_number": 29,
      "question": "Spring Tabs.",
      "options": {
        "A": "provide artificial feel.",
        "B": "enable the pilot to bring the control surface back to neutral.",
        "C": "move in such a way as to help move the control surface."
      },
      "correct_answer": "C",
      "explanation": "A&P Technician Airframe Textbook Pg.1-29."
    },
    {
      "question_number": 30,
      "question": "Extending a leading edge slat will have what effect on the angle of attack of a wing?",
      "options": {
        "A": "Increase the angle of attack.",
        "B": "Decrease the angle of attack.",
        "C": "No effect on angle of attack."
      },
      "correct_answer": "B",
      "explanation": "NIL."
    },
    {
      "question_number": 31,
      "question": "To ensure that a wing stalls at the root first, stall wedges are.",
      "options": {
        "A": "installed on the wing leading edge at the wing root.",
        "B": "installed on the wing leading edge at the wing tip.",
        "C": "installed at the wing trailing edge at the wing root."
      },
      "correct_answer": "A",
      "explanation": "NIL."
    },
    {
      "question_number": 32,
      "question": "Krueger flaps make up part of the.",
      "options": {
        "A": "wing lower surface leading edge.",
        "B": "wing lower surface trailing edge.",
        "C": "wing upper surface leading edge."
      },
      "correct_answer": "A",
      "explanation": "Jeppesen A&P Technician Airframe Textbook 1-37. Automatic Flight Control Pallett Page 53 fig 1.37 (Note: lower surface when retracted, upper surface when extended.)."
    },
    {
      "question_number": 33,
      "question": "In a turn, wing spoilers may be deployed.",
      "options": {
        "A": "to assist the up going aileron.",
        "B": "in unison with both the up going and down going ailerons.",
        "C": "to act as an airbrake, interacting with the ailerons."
      },
      "correct_answer": "A",
      "explanation": "NIL."
    },
    {
      "question_number": 34,
      "question": "Dutch roll is movement in.",
      "options": {
        "A": "yaw and pitch.",
        "B": "yaw and roll.",
        "C": "pitch and roll."
      },
      "correct_answer": "B",
      "explanation": "Avionic Fundamentals Jeppesen page 291."
    },
    {
      "question_number": 35,
      "question": "What is the main purpose of a frize aileron?",
      "options": {
        "A": "Increase drag on the up going wing.",
        "B": "Decrease drag on the up going wing.",
        "C": "Help pilot overcome aerodynamic loads."
      },
      "correct_answer": "B",
      "explanation": "The Frise aileron increases drag on the up-going aileron, which is on the downgoing wing. And vice versa on the other aileron."
    },
    {
      "question_number": 36,
      "question": "Flap asymmetry causes the aircraft to.",
      "options": {
        "A": "nose down.",
        "B": "go one wing down.",
        "C": "nose up."
      },
      "correct_answer": "B",
      "explanation": "NIL."
    },
    {
      "question_number": 37,
      "question": "If an aircraft moves in yaw, what axis is it moving about?",
      "options": {
        "A": "Longitudinal.",
        "B": "Lateral.",
        "C": "Normal."
      },
      "correct_answer": "C",
      "explanation": "NIL."
    },
    {
      "question_number": 38,
      "question": "If an aircraft is aerodynamically stable.",
      "options": {
        "A": "aircraft returns to trimmed attitude.",
        "B": "CofP moves back.",
        "C": "aircraft becomes too sensitive."
      },
      "correct_answer": "A",
      "explanation": "NIL."
    },
    {
      "question_number": 39,
      "question": "What are ground spoilers used for?",
      "options": {
        "A": "To assist the aircraft coming to a stop.",
        "B": "To slow the aircraft.",
        "C": "To dump lift."
      },
      "correct_answer": "C",
      "explanation": "NIL."
    },
    {
      "question_number": 40,
      "question": "Mass balance weights are used to.",
      "options": {
        "A": "balance the trailing edge of flying control surfaces.",
        "B": "counteract flutter on control surfaces.",
        "C": "balance the tabs."
      },
      "correct_answer": "B",
      "explanation": "NIL."
    },
    {
      "question_number": 41,
      "question": "What is a slot used for?",
      "options": {
        "A": "Increased angle of attack during approach.",
        "B": "Increase the speed of the airflow.",
        "C": "To reinforce the boundary layer."
      },
      "correct_answer": "C",
      "explanation": "Automatic Flight Control Pallett Page 53."
    },
    {
      "question_number": 42,
      "question": "Angle of Attack is the angle between cord line and.",
      "options": {
        "A": "horizontal axis.",
        "B": "relative air flow.",
        "C": "tip path plane."
      },
      "correct_answer": "B",
      "explanation": "Automatic Flight Control Pallett Page 3."
    },
    {
      "question_number": 43,
      "question": "A high lift device is used for.",
      "options": {
        "A": "take-off only.",
        "B": "take-off and landing.",
        "C": "landing only."
      },
      "correct_answer": "B",
      "explanation": "Automatic Flight Control Pallett Page 50."
    },
    {
      "question_number": 44,
      "question": "How is a spoiler interconnected to other flight control systems?",
      "options": {
        "A": "Spoiler to elevator.",
        "B": "Spoiler to aileron.",
        "C": "Spoiler to flap."
      },
      "correct_answer": "B",
      "explanation": "Automatic Flight Control Pallett Page 54."
    },
    {
      "question_number": 45,
      "question": "What is aileron droop?",
      "options": {
        "A": "The droop of ailerons with no hydraulics on.",
        "B": "The leading edge of both ailerons presented to the airflow.",
        "C": "One aileron lowered."
      },
      "correct_answer": "A",
      "explanation": "NIL."
    },
    {
      "question_number": 46,
      "question": "Earths atmosphere is.",
      "options": {
        "A": "3/5 oxygen, 2/5 nitrogen.",
        "B": "4/5 oxygen, 1/5 nitrogen.",
        "C": "1/5 oxygen, 4/5 nitrogen."
      },
      "correct_answer": "C",
      "explanation": "NIL."
    },
    {
      "question_number": 47,
      "question": "An anti-balance tab is used.",
      "options": {
        "A": "to relieve stick loads.",
        "B": "for trimming the aircraft.",
        "C": "to give more feel to the controls."
      },
      "correct_answer": "C",
      "explanation": "Jeppesen A&P Technician Airframe Textbook 1-29."
    },
    {
      "question_number": 48,
      "question": "The fin helps to give.",
      "options": {
        "A": "directional stability about the normal axis.",
        "B": "directional stability about the longitudinal axis.",
        "C": "longitudinal stability about the normal axis."
      },
      "correct_answer": "A",
      "explanation": "Jeppesen A&P Technician Airframe Textbook 1-22."
    },
    {
      "question_number": 49,
      "question": "If an aircraft moves in roll, it is moving about the.",
      "options": {
        "A": "longitudinal axis.",
        "B": "normal axis.",
        "C": "lateral axis."
      },
      "correct_answer": "A",
      "explanation": "Mechanics of flight by A.C. Kermode page 241."
    },
    {
      "question_number": 50,
      "question": "What effect does lowering the flaps for take-off have?",
      "options": {
        "A": "Increases lift & reduces drag.",
        "B": "Increases lift and drag.",
        "C": "Increase lift only."
      },
      "correct_answer": "B",
      "explanation": "Avionics Fundamentals. Jeppesen Page 244."
    },
    {
      "question_number": 51,
      "question": "What effect does lowering flaps for takeoff have?",
      "options": {
        "A": "Reduces takeoff speeds only.",
        "B": "Reduces landing speeds only.",
        "C": "Reduces takeoff and landing speeds."
      },
      "correct_answer": "A",
      "explanation": "Avionics Fundamentals. Jeppesen Page 244."
    },
    {
      "question_number": 52,
      "question": "When the flaps are lowered.",
      "options": {
        "A": "the lift vector moves rearward.",
        "B": "there is no effect on the lift vector.",
        "C": "the lift vector moves forward."
      },
      "correct_answer": "A",
      "explanation": "Automatic Flight Control, Pallett Page 51."
    },
    {
      "question_number": 53,
      "question": "At take-off, if the flaps are lowered there is a.",
      "options": {
        "A": "large increase in lift and drag.",
        "B": "large increase in lift and small increase in drag.",
        "C": "small increase in lift and drag."
      },
      "correct_answer": "A",
      "explanation": "Avionics Fundamentals. Jeppesen Page 244."
    },
    {
      "question_number": 54,
      "question": "Wing spoilers be used.",
      "options": {
        "A": "to assist the respective down going aileron in a turn.",
        "B": "as ground spoilers on landing.",
        "C": "to assist the elevators."
      },
      "correct_answer": "B",
      "explanation": "Automatic Flight Control. Pallett page 55. A&P Technician Airframe Textbook by Jeppesen. 1-14."
    },
    {
      "question_number": 55,
      "question": "Differential aileron control will.",
      "options": {
        "A": "cause a nose down moment.",
        "B": "prevent yawing in conjunction with rudder input.",
        "C": "cause a nose up moment."
      },
      "correct_answer": "B",
      "explanation": "NIL."
    },
    {
      "question_number": 56,
      "question": "Dutch Roll affects.",
      "options": {
        "A": "pitch and yaw simultaneously.",
        "B": "yaw and roll simultaneously.",
        "C": "pitch and roll simultaneously."
      },
      "correct_answer": "B",
      "explanation": "Automatic Flight Control. Pallett page 26."
    },
    {
      "question_number": 57,
      "question": "Which of the following are primary control surfaces?",
      "options": {
        "A": "Elevators, ailerons, rudder.",
        "B": "Roll spoilers, elevators, tabs.",
        "C": "Elevators, roll spoilers, tabs."
      },
      "correct_answer": "A",
      "explanation": "NIL."
    },
    {
      "question_number": 58,
      "question": "A split flap.",
      "options": {
        "A": "forms part of the trailing edge's lower surface when retracted.",
        "B": "forms part of the leading edge's lower surface when retracted.",
        "C": "forms part of the trailing edge's upper surface when retracted."
      },
      "correct_answer": "A",
      "explanation": "Jeppesen A&P Airframe Technician Textbook Page1-30 /31."
    },
    {
      "question_number": 59,
      "question": "An anti-servo tab.",
      "options": {
        "A": "assists the pilot to move the controls back to neutral.",
        "B": "moves in the opposite direction to the control surface to assist the pilot.",
        "C": "moves in the same direction as the control surface to assist the pilot."
      },
      "correct_answer": "A",
      "explanation": "NIL."
    },
    {
      "question_number": 60,
      "question": "Slats.",
      "options": {
        "A": "keep the boundary layer from separating for longer.",
        "B": "increase the overall surface area and lift effect of wing.",
        "C": "act as an air brake."
      },
      "correct_answer": "A",
      "explanation": "Jeppesen A & P technician airframe textbook page 1-32."
    },
    {
      "question_number": 61,
      "question": "Due to the change of lift forces resulting from the extension of flaps in flight.",
      "options": {
        "A": "nose should be lowered, reducing AOA.",
        "B": "nose should be raised, increasing AOA.",
        "C": "nose should remain in the same position, maintaining same AOA."
      },
      "correct_answer": "A",
      "explanation": "The main purpose of flaps is to increase lift so that the pilot can lower the nose, increase decent angle and get a better view of the runway."
    },
    {
      "question_number": 62,
      "question": "Flight spoilers.",
      "options": {
        "A": "can be deployed on the down going wing in a turn to increase lift on that wing.",
        "B": "can be used to decrease lift to allow controlled decent without reduction of airspeed.",
        "C": "can be used with differential ailerons to reduce adverse yaw in a turn."
      },
      "correct_answer": "B",
      "explanation": "NIL."
    },
    {
      "question_number": 63,
      "question": "If the aircraft is flying nose heavy, which direction would you move the elevator trim tab?",
      "options": {
        "A": "Up to move elevator down.",
        "B": "Up to move elevator up.",
        "C": "Down to move elevator up."
      },
      "correct_answer": "C",
      "explanation": "NIL."
    },
    {
      "question_number": 64,
      "question": "Wing tip vortices are strongest when.",
      "options": {
        "A": "flying high speed straight and level flight.",
        "B": "flying into a headwind.",
        "C": "flying slowly at high angles of attack."
      },
      "correct_answer": "C",
      "explanation": "NIL."
    },
    {
      "question_number": 65,
      "question": "Aerodynamic balance.",
      "options": {
        "A": "will reduce aerodynamic loading.",
        "B": "will cause CP to move forward of hinge and cause overbalance.",
        "C": "will cause CP to move towards the trailing edge and cause instability."
      },
      "correct_answer": "A",
      "explanation": "NIL."
    },
    {
      "question_number": 66,
      "question": "A balance tab.",
      "options": {
        "A": "effectively increases the area of the control surface.",
        "B": "assists the pilot to move the controls.",
        "C": "is used to trim the appropriate axis of the aircraft."
      },
      "correct_answer": "B",
      "explanation": "Jeppesen A & P Technician Textbook pg 1-29."
    },
    {
      "question_number": 67,
      "question": "Elevons combine the functions of both.",
      "options": {
        "A": "rudder and elevator.",
        "B": "elevator and aileron.",
        "C": "rudder and aileron."
      },
      "correct_answer": "B",
      "explanation": "Jeppesen A&P Technician Airframe Textbook Page 1-16 Fig 1-36."
    },
    {
      "question_number": 68,
      "question": "Flutter can be reduced by using.",
      "options": {
        "A": "a horn balance.",
        "B": "mass balancing.",
        "C": "servo tabs."
      },
      "correct_answer": "B",
      "explanation": "NIL."
    },
    {
      "question_number": 69,
      "question": "An elevator provides control about the.",
      "options": {
        "A": "longitudinal axis.",
        "B": "lateral axis.",
        "C": "horizontal stabilizer."
      },
      "correct_answer": "B",
      "explanation": "NIL."
    },
    {
      "question_number": 70,
      "question": "The outboard ailerons on some large aircraft.",
      "options": {
        "A": "are isolated at high speeds.",
        "B": "are isolated to improve sensitivity.",
        "C": "are isolated at low speeds."
      },
      "correct_answer": "A",
      "explanation": "NIL."
    },
    {
      "question_number": 71,
      "question": "Which wing increases drag when the ailerons are moved?",
      "options": {
        "A": "Both wings increase drag but the wing with the up-going aileron increases more.",
        "B": "Both wings have an equal increase in drag.",
        "C": "Both wings increase drag but the wing with the down-going aileron increases more."
      },
      "correct_answer": "C",
      "explanation": "Jeppesen A & P Technician Airframe Textbook page 1-26."
    },
    {
      "question_number": 72,
      "question": "Which flap will increase wing area and camber?",
      "options": {
        "A": "Slot.",
        "B": "Split.",
        "C": "Fowler."
      },
      "correct_answer": "C",
      "explanation": "Jeppesen A&P Technician Airframe Textbook Page 20."
    },
    {
      "question_number": 73,
      "question": "Wing loading of an aircraft.",
      "options": {
        "A": "varies with dynamic loading due to air currents.",
        "B": "is independent of altitude.",
        "C": "decreases with density."
      },
      "correct_answer": "B",
      "explanation": "Wing loading = aircraft weight/wing area."
    },
    {
      "question_number": 74,
      "question": "An automatic slat will lift by itself when the angle of attack is.",
      "options": {
        "A": "high.",
        "B": "high or low.",
        "C": "low."
      },
      "correct_answer": "A",
      "explanation": "NIL."
    },
    {
      "question_number": 75,
      "question": "On aircraft fitted with spoilers for lateral control, roll to the right is caused by.",
      "options": {
        "A": "left spoilers extending, right spoilers remaining retracted.",
        "B": "right spoilers extending, left spoilers remaining retracted.",
        "C": "left and right spoilers extending."
      },
      "correct_answer": "B",
      "explanation": "NIL."
    },
    {
      "question_number": 76,
      "question": "A split flap increases lift by increasing.",
      "options": {
        "A": "the angle of attachment of the lower hinged portion.",
        "B": "the surface area.",
        "C": "the camber of the top surface."
      },
      "correct_answer": "A",
      "explanation": "Jeppesen A & P Technician Airframe Textbook page 1-30."
    },
    {
      "question_number": 77,
      "question": "When the trailing edge flaps are lowered, the aircraft will.",
      "options": {
        "A": "pitch nose up.",
        "B": "pitch nose down.",
        "C": "sink."
      },
      "correct_answer": "B",
      "explanation": "Due to the centre of pressure moving."
    },
    {
      "question_number": 78,
      "question": "In aileron control.",
      "options": {
        "A": "the up going aileron moves further than down going aileron.",
        "B": "the down going aileron moves further than up going aileron.",
        "C": "it is assisted by the rudder."
      },
      "correct_answer": "A",
      "explanation": "NIL."
    },
    {
      "question_number": 79,
      "question": "The aircraft is controlled about the lateral axis by the.",
      "options": {
        "A": "ailerons.",
        "B": "elevator.",
        "C": "rudder."
      },
      "correct_answer": "B",
      "explanation": "NIL."
    },
    {
      "question_number": 80,
      "question": "The aircraft is controlled about the normal axis by the.",
      "options": {
        "A": "ailerons.",
        "B": "elevator.",
        "C": "rudder."
      },
      "correct_answer": "C",
      "explanation": "NIL."
    },
    {
      "question_number": 81,
      "question": "Dutch roll is.",
      "options": {
        "A": "a combined yawing and rolling motion.",
        "B": "primarily a pitching instability.",
        "C": "a type of slow roll."
      },
      "correct_answer": "A",
      "explanation": "NIL."
    },
    {
      "question_number": 82,
      "question": "The aircraft is controlled about the longitudinal axis by the.",
      "options": {
        "A": "ailerons.",
        "B": "elevator.",
        "C": "rudder."
      },
      "correct_answer": "A",
      "explanation": "NIL."
    },
    {
      "question_number": 83,
      "question": "Ruddervators when moved, will move.",
      "options": {
        "A": "opposite to each other only.",
        "B": "together only.",
        "C": "either opposite each other or together, depending on the selection."
      },
      "correct_answer": "C",
      "explanation": "Jeppesen A&P Technician Airframe Textbook Page 16."
    },
    {
      "question_number": 84,
      "question": "As a consequence of the C of G being close to its aft limit.",
      "options": {
        "A": "the stick forces will be high in fore and aft pitch, due to the high longitudinal stability.",
        "B": "the stick forces to manoeuvre longitudinally will be low due to the low stability.",
        "C": "the stick forces when pitching the nose down will be very high."
      },
      "correct_answer": "C",
      "explanation": "NIL."
    },
    {
      "question_number": 85,
      "question": "What is the term used for the amount of water in the atmosphere?",
      "options": {
        "A": "Relative humidity.",
        "B": "Absolute humidity.",
        "C": "Dew point."
      },
      "correct_answer": "B",
      "explanation": "NIL."
    },
    {
      "question_number": 86,
      "question": "An anti-balance tab is moved.",
      "options": {
        "A": "via a fixed linkage.",
        "B": "hydraulically.",
        "C": "when the C.G. changes."
      },
      "correct_answer": "A",
      "explanation": "NIL."
    },
    {
      "question_number": 87,
      "question": "A servo tab is operated.",
      "options": {
        "A": "directly by the pilot to produce forces which in turn move the main control surfaces.",
        "B": "automatically, and moves in the same direction as the main control surfaces.",
        "C": "by a trim wheel and moves in the opposite direction to the main control surfaces when moved."
      },
      "correct_answer": "A",
      "explanation": "Jeppesen A&P Technician Airframe Textbook Page 23."
    },
    {
      "question_number": 88,
      "question": "On an aircraft with an all-moving tailplane, pitch up is caused by.",
      "options": {
        "A": "decreasing tailplane incidence.",
        "B": "up movement of the elevator trim tab.",
        "C": "increasing tailplane incidence."
      },
      "correct_answer": "A",
      "explanation": "NIL."
    },
    {
      "question_number": 89,
      "question": "When checking full range of control surface movement, they must be positioned by.",
      "options": {
        "A": "moving them by hand directly until against the primary stops.",
        "B": "moving them by hand directly until against the secondary stops.",
        "C": "operating the control cabin controls until the system is against the primary stops."
      },
      "correct_answer": "C",
      "explanation": "NIL."
    },
    {
      "question_number": 90,
      "question": "An excess of aerodynamic balance would move the control surface centre of pressure.",
      "options": {
        "A": "rearwards, resulting in too much assistance.",
        "B": "rearwards, resulting in loss of assistance.",
        "C": "forwards, resulting in an unstable overbalance."
      },
      "correct_answer": "C",
      "explanation": "NIL."
    },
    {
      "question_number": 91,
      "question": "A flying control mass balance weight.",
      "options": {
        "A": "keeps the control surface C of G as close to the trailing edge as possible.",
        "B": "tends to move the control surface C of G close to the hinge line.",
        "C": "ensures that the C of G always acts to aid the pilot thus relieving control column load."
      },
      "correct_answer": "B",
      "explanation": "NIL."
    },
    {
      "question_number": 92,
      "question": "The type of flap which extends rearwards when lowered is called a.",
      "options": {
        "A": "plain flap.",
        "B": "split flap.",
        "C": "Fowler flap."
      },
      "correct_answer": "C",
      "explanation": "NIL."
    },
    {
      "question_number": 93,
      "question": "Which of the following trailing edge flaps give an increase in wing area?",
      "options": {
        "A": "Split flap.",
        "B": "Fowler flap.",
        "C": "Slotted flap."
      },
      "correct_answer": "B",
      "explanation": "NIL."
    },
    {
      "question_number": 94,
      "question": "Which of the following is not a primary flying control?",
      "options": {
        "A": "Elevator.",
        "B": "Tailplane.",
        "C": "Rudder."
      },
      "correct_answer": "B",
      "explanation": "NIL."
    },
    {
      "question_number": 95,
      "question": "A leading edge slat is a device for.",
      "options": {
        "A": "increasing the stalling angle of the wing.",
        "B": "decreasing the stalling angle of the wing.",
        "C": "decreasing wing drag."
      },
      "correct_answer": "A",
      "explanation": "NIL."
    },
    {
      "question_number": 96,
      "question": "A Krueger flap is.",
      "options": {
        "A": "a flap which extends rearwards but does not lower.",
        "B": "a leading edge flap which hinges forward.",
        "C": "a leading edge slat which extends forward."
      },
      "correct_answer": "B",
      "explanation": "NIL."
    },
    {
      "question_number": 97,
      "question": "A tab which assists the pilot to move a flying control by moving automatically in the opposite direction to the control surface is called a.",
      "options": {
        "A": "servo tab.",
        "B": "geared balance tab.",
        "C": "trim tab."
      },
      "correct_answer": "B",
      "explanation": "NIL."
    },
    {
      "question_number": 98,
      "question": "What is attached to the rear of the vertical stabilizer?",
      "options": {
        "A": "Elevator.",
        "B": "Aileron.",
        "C": "Rudder."
      },
      "correct_answer": "C",
      "explanation": "NIL."
    },
    {
      "question_number": 99,
      "question": "What is fitted on the aircraft to enable the pilot to reduce his speed rapidly in event of severe turbulence, or speed tending to rise above the Never Exceed Limit?",
      "options": {
        "A": "Lift dumpers.",
        "B": "Air brakes.",
        "C": "Wheel brakes."
      },
      "correct_answer": "B",
      "explanation": "NIL."
    },
    {
      "question_number": 100,
      "question": "When spoilers are used asymmetrically, they combine with.",
      "options": {
        "A": "ailerons.",
        "B": "rudder.",
        "C": "elevators."
      },
      "correct_answer": "A",
      "explanation": "NIL."
    },
    {
      "question_number": 101,
      "question": "What is used to correct any tendency of the aircraft to move towards an undesirable flight attitude?",
      "options": {
        "A": "Trim tabs.",
        "B": "Spring tabs.",
        "C": "Balance tabs."
      },
      "correct_answer": "A",
      "explanation": "NIL."
    },
    {
      "question_number": 102,
      "question": "The layer of air over the surface of an aerofoil which is slower moving, in relation to the rest of the airflow, is known as.",
      "options": {
        "A": "none of the above are correct.",
        "B": "camber layer.",
        "C": "boundary layer."
      },
      "correct_answer": "C",
      "explanation": "NIL."
    },
    {
      "question_number": 103,
      "question": "A control surface which forms a slot when deployed is called a.",
      "options": {
        "A": "slat.",
        "B": "slot.",
        "C": "flap."
      },
      "correct_answer": "A",
      "explanation": "NIL."
    },
    {
      "question_number": 104,
      "question": "Asymmetric flaps will cause.",
      "options": {
        "A": "the aircraft to descend.",
        "B": "the aircraft to ascend.",
        "C": "one wing to rise."
      },
      "correct_answer": "C",
      "explanation": "NIL."
    },
    {
      "question_number": 105,
      "question": "When airflow velocity over an upper cambered surface of an aerofoil decreases, what takes place?",
      "options": {
        "A": "Pressure decreases, lift increases.",
        "B": "Pressure increases, lift decreases.",
        "C": "Pressure increases, lift increases."
      },
      "correct_answer": "B",
      "explanation": "NIL."
    },
    {
      "question_number": 106,
      "question": "What is a controlling factor of turbulence and skin friction?",
      "options": {
        "A": "Countersunk rivets used on skin exterior.",
        "B": "Aspect ratio.",
        "C": "Fineness ratio."
      },
      "correct_answer": "A",
      "explanation": "NIL."
    },
    {
      "question_number": 107,
      "question": "Changes in aircraft weight.",
      "options": {
        "A": "cause corresponding changes in total drag due to the associated lift change.",
        "B": "will not affect total drag since it is dependant only upon speed.",
        "C": "will only affect total drag if the lift is kept constant."
      },
      "correct_answer": "A",
      "explanation": "NIL."
    },
    {
      "question_number": 108,
      "question": "When an aircraft stalls.",
      "options": {
        "A": "lift increases and drag decreases.",
        "B": "lift and drag increase.",
        "C": "lift decreases and drag increases."
      },
      "correct_answer": "C",
      "explanation": "NIL."
    },
    {
      "question_number": 109,
      "question": "Spoiler panels are positioned so that when deployed.",
      "options": {
        "A": "roll will not occur.",
        "B": "pitch trim is not affected.",
        "C": "no yaw takes place."
      },
      "correct_answer": "B",
      "explanation": "NIL."
    },
    {
      "question_number": 110,
      "question": "The aircraft stalling speed will.",
      "options": {
        "A": "only change if the MTWA were changed.",
        "B": "be unaffected by aircraft weight changes since it is dependant upon the angle of attack.",
        "C": "increase with an increase in weight."
      },
      "correct_answer": "C",
      "explanation": "NIL."
    },
    {
      "question_number": 111,
      "question": "In a bank and turn.",
      "options": {
        "A": "extra lift is not required if thrust is increased.",
        "B": "extra lift is not required.",
        "C": "extra lift is required."
      },
      "correct_answer": "C",
      "explanation": "NIL."
    },
    {
      "question_number": 112,
      "question": "The method employed to mass balance control surfaces is to.",
      "options": {
        "A": "fit bias strips to the trailing edge of the surfaces.",
        "B": "attach weights forward of the hinge line.",
        "C": "allow the leading edge of the surface to project into the airflow."
      },
      "correct_answer": "B",
      "explanation": "NIL."
    },
    {
      "question_number": 113,
      "question": "Control surface flutter may be caused by.",
      "options": {
        "A": "excessive play in trim tab attachments.",
        "B": "high static friction in trim tab control tabs.",
        "C": "incorrect angular movement of trim tabs."
      },
      "correct_answer": "A",
      "explanation": "NIL."
    },
    {
      "question_number": 114,
      "question": "A differential aileron control system results in.",
      "options": {
        "A": "aileron drag being reduced on the inner wing in a turn.",
        "B": "aileron drag being reduced on the outer wing in a turn.",
        "C": "aileron drag being compensated by small rudder movements."
      },
      "correct_answer": "B",
      "explanation": "NIL."
    },
    {
      "question_number": 115,
      "question": "The primary function of a flap is.",
      "options": {
        "A": "to trim the aircraft longitudinally.",
        "B": "to alter the position of the centre of gravity.",
        "C": "to alter the lift of an aerofoil."
      },
      "correct_answer": "C",
      "explanation": "Jeppesen A & P Technician Airframe Textbook page 1-30."
    },
    {
      "question_number": 116,
      "question": "The angle of attack at which stall occurs.",
      "options": {
        "A": "can be varied by using flaps and slats.",
        "B": "depends on the weight of the aircraft.",
        "C": "cannot be varied, it is always constant."
      },
      "correct_answer": "A",
      "explanation": "NIL."
    },
    {
      "question_number": 117,
      "question": "The stalling speed of an aircraft.",
      "options": {
        "A": "is increased when it is heavier.",
        "B": "does not change.",
        "C": "is increased when it is lighter."
      },
      "correct_answer": "A",
      "explanation": "NIL."
    },
    {
      "question_number": 118,
      "question": "A wing flap which has dropped or partially extended on one wing in flight will lead to.",
      "options": {
        "A": "a fixed banked attitude which would be corrected by use of the rudder.",
        "B": "a pitching moment which would be corrected by used of the elevators.",
        "C": "a steady rolling tendency which would be corrected by use of the ailerons."
      },
      "correct_answer": "C",
      "explanation": "NIL."
    },
    {
      "question_number": 119,
      "question": "With an increase in the amount of flap deployment, the stalling angle of a wing.",
      "options": {
        "A": "remains the same.",
        "B": "increases.",
        "C": "decreases."
      },
      "correct_answer": "C",
      "explanation": "NIL."
    },
    {
      "question_number": 120,
      "question": "Aerodynamic balance of a control surface may be achieved.",
      "options": {
        "A": "by a horn at the extremity of the surface forward of the hinge line.",
        "B": "by weights added to the control surface aft of the hinge line.",
        "C": "by a trimming strip at the trailing edge of the surface."
      },
      "correct_answer": "A",
      "explanation": "Jeppesen A&P Technician Airframe Textbook Page 24 Para 7."
    },
    {
      "question_number": 121,
      "question": "A control surface is provided with aerodynamic balancing to.",
      "options": {
        "A": "assist the pilot in moving the control.",
        "B": "increase stability.",
        "C": "decrease the drag when the control is deflected."
      },
      "correct_answer": "A",
      "explanation": "Jeppesen A&P Technician Airframe Textbook Page 24 Para 7."
    },
    {
      "question_number": 122,
      "question": "Downward displacement of an aileron.",
      "options": {
        "A": "increases the angle at which its wing stalls.",
        "B": "decreases the angle at which its wing will stall.",
        "C": "has no effect on its wing stalling angle, it only affects the stalling speed on that wing."
      },
      "correct_answer": "B",
      "explanation": "NIL."
    },
    {
      "question_number": 123,
      "question": "Due to the tailplane angle of attack change, the flap-induced downwash on the tailplane.",
      "options": {
        "A": "will tend to cause an aircraft nose-up pitch.",
        "B": "may cause a nose-down or nose-up pitch depending upon the initial tailplane load.",
        "C": "will tend to cause an aircraft nose down pitch."
      },
      "correct_answer": "A",
      "explanation": "NIL."
    },
    {
      "question_number": 124,
      "question": "Due to the change in lift coefficient accompanying extension of the flaps, to maintain the lift constant it would be necessary to.",
      "options": {
        "A": "raise the nose.",
        "B": "lower the nose.",
        "C": "keep the pitch attitude constant."
      },
      "correct_answer": "B",
      "explanation": "NIL."
    },
    {
      "question_number": 125,
      "question": "The extension to the rudder (shaded portion shown on the diagram), is provided to.",
      "options": {
        "A": "make the pilot aware of the aerodynamic forces encountered when moving the control.",
        "B": "provide aerodynamic assistance for the pilot when moving the rudder.",
        "C": "prevent control surface flutter."
      },
      "correct_answer": "B",
      "explanation": "Jeppesen A&P Technician Airframe Textbook Page 25 Para 7."
    },
    {
      "question_number": 126,
      "question": "A differential aileron control is one which gives.",
      "options": {
        "A": "the down-going aileron more travel than the up-going one.",
        "B": "equal aileron travel in each direction, but variable for stick movement.",
        "C": "a larger aileron up travel than down."
      },
      "correct_answer": "C",
      "explanation": "NIL."
    },
    {
      "question_number": 127,
      "question": "Which leading edge device improves the laminar flow over the wing?",
      "options": {
        "A": "Flap and slat.",
        "B": "Slat.",
        "C": "Flap."
      },
      "correct_answer": "B",
      "explanation": "NIL."
    },
    {
      "question_number": 128,
      "question": "The balance tab is an auxiliary surface fitted to a main control surface.",
      "options": {
        "A": "operating automatically to assist the pilot in moving the controls.",
        "B": "operated independently at which point in the length of cable the tensiometer is applied.",
        "C": "operating automatically to provide feel to the controls."
      },
      "correct_answer": "A",
      "explanation": "NIL."
    },
    {
      "question_number": 129,
      "question": "Aerodynamic balancing of flight controls is achieved by.",
      "options": {
        "A": "placing a weight ahead of the hinge point.",
        "B": "placing a weight in the leading edge of the control surface.",
        "C": "providing a portion of the control surface ahead of the hinge point."
      },
      "correct_answer": "C",
      "explanation": "AL/3-24 para 4.2."
    },
    {
      "question_number": 130,
      "question": "Aerodynamic balance is used to.",
      "options": {
        "A": "reduce the control load to zero.",
        "B": "make the flying controls easier to move.",
        "C": "prevent flutter of the flying controls."
      },
      "correct_answer": "B",
      "explanation": "NIL."
    },
    {
      "question_number": 131,
      "question": "A horn balance is.",
      "options": {
        "A": "a rod projecting forward from the control surface with a weight on the end.",
        "B": "a rod projecting upward from the main control surface to which the control cables are attached.",
        "C": "a projection of the outer edge of the control surface forward of the hinge line."
      },
      "correct_answer": "C",
      "explanation": "Jeppesen A&P Technician Airframe Textbook Page 16."
    },
    {
      "question_number": 132,
      "question": "A control surface is mass balanced by.",
      "options": {
        "A": "the attachment of weights acting on the hinge line.",
        "B": "fitting a balance tab.",
        "C": "the attachment of weights acting forward of the hinge line."
      },
      "correct_answer": "C",
      "explanation": "NIL."
    },
    {
      "question_number": 133,
      "question": "The purpose of anti-balance tabs is to.",
      "options": {
        "A": "relieve stick loads.",
        "B": "trim the aircraft.",
        "C": "give more feel to the control column."
      },
      "correct_answer": "C",
      "explanation": "NIL."
    },
    {
      "question_number": 134,
      "question": "You have adjusted the elevator trim tab to correct for nose heavy. What was the direction of travel of the trim tab?",
      "options": {
        "A": "The elevator trim tab has moved down.",
        "B": "The elevator trim tab has moved up.",
        "C": "The port elevator tab has moved up and starboard moved down."
      },
      "correct_answer": "A",
      "explanation": "NIL."
    },
    {
      "question_number": 135,
      "question": "The tropopause exists at about.",
      "options": {
        "A": "18,000 ft.",
        "B": "30,000 ft.",
        "C": "36,000 ft."
      },
      "correct_answer": "C",
      "explanation": "NIL."
    },
    {
      "question_number": 136,
      "question": "Induced drag curve characteristics of a slender delta wing are such that there is.",
      "options": {
        "A": "an increase in gradient with wing speed.",
        "B": "no change in gradient with wing speed.",
        "C": "decrease in gradient with wing speed."
      },
      "correct_answer": "C",
      "explanation": "NIL."
    },
    {
      "question_number": 137,
      "question": "If an aircraft is yawing left, the trim tab on the rudder would be positioned.",
      "options": {
        "A": "to the right, moving the rudder left.",
        "B": "to the centre.",
        "C": "to the left, moving the rudder right."
      },
      "correct_answer": "C",
      "explanation": "NIL."
    },
    {
      "question_number": 138,
      "question": "Instability giving roll and yaw.",
      "options": {
        "A": "is dutch roll.",
        "B": "is longitudinal stability.",
        "C": "is lateral stability."
      },
      "correct_answer": "A",
      "explanation": "NIL."
    },
    {
      "question_number": 139,
      "question": "Vortex generators are fitted to.",
      "options": {
        "A": "move transition point rearwards.",
        "B": "move transition point forwards.",
        "C": "advance the onset of flow separation."
      },
      "correct_answer": "B",
      "explanation": "NIL."
    },
    {
      "question_number": 140,
      "question": "Leading edge flaps.",
      "options": {
        "A": "increase stalling angle of the wing.",
        "B": "decrease stalling angle of the wing.",
        "C": "do not change the stalling angle."
      },
      "correct_answer": "A",
      "explanation": "NIL."
    },
    {
      "question_number": 141,
      "question": "Krueger flaps are on.",
      "options": {
        "A": "the leading edge.",
        "B": "either the leading or trailing edge.",
        "C": "the trailing edge."
      },
      "correct_answer": "A",
      "explanation": "NIL."
    },
    {
      "question_number": 142,
      "question": "Sweepback will.",
      "options": {
        "A": "decrease lateral stability.",
        "B": "not affect lateral stability.",
        "C": "increase lateral stability."
      },
      "correct_answer": "C",
      "explanation": "NIL."
    },
    {
      "question_number": 143,
      "question": "A plain flap.",
      "options": {
        "A": "does not increase the wing area on deployment.",
        "B": "is attached to the leading edge of the wing.",
        "C": "forms part of lower trailing edge."
      },
      "correct_answer": "A",
      "explanation": "NIL."
    },
    {
      "question_number": 144,
      "question": "A split flap, when deployed.",
      "options": {
        "A": "is used only on high speed aircraft.",
        "B": "increases lift without a corresponding increase in drag.",
        "C": "increases drag with little lift coefficient increase, from intermediate to fully down."
      },
      "correct_answer": "C",
      "explanation": "NIL."
    },
    {
      "question_number": 145,
      "question": "A flying control mass balance weight.",
      "options": {
        "A": "keeps the control surface C of G as close to the trailing edge as possible.",
        "B": "tends to move the control surface C of G close to the hinge line.",
        "C": "tends to move the control surface C of G forward of the hinge line."
      },
      "correct_answer": "B",
      "explanation": "NIL."
    },
    {
      "question_number": 146,
      "question": "An elevator controls the aircraft motion in.",
      "options": {
        "A": "yaw.",
        "B": "roll.",
        "C": "pitch."
      },
      "correct_answer": "C",
      "explanation": "NIL."
    },
    {
      "question_number": 147,
      "question": "Air above Mach 0.7 is.",
      "options": {
        "A": "compressible only when above the speed of sound.",
        "B": "incompressible.",
        "C": "compressible."
      },
      "correct_answer": "C",
      "explanation": "Aircraft Flight Barnard and Philpot, Second Edition Page123. Mechanics of Flight AC Kermode 10th Edition Page 385."
    },
    {
      "question_number": 148,
      "question": "Supersonic air passing through a divergent duct causes the.",
      "options": {
        "A": "pressure to increase, velocity to increase.",
        "B": "pressure to increase, velocity to decrease.",
        "C": "pressure to decrease, velocity to increase."
      },
      "correct_answer": "C",
      "explanation": "Mechanics of Flight AC Kermode 10th Edition Page 340."
    },
    {
      "question_number": 149,
      "question": "An aircraft flying below the tropopause descends at a constant True Airspeed. Its Mach. No. will.",
      "options": {
        "A": "not change.",
        "B": "decrease.",
        "C": "increase."
      },
      "correct_answer": "B",
      "explanation": "Speed of sound INCREASES with DECREASING altitude, so mach number will decrease."
    },
    {
      "question_number": 150,
      "question": "A nose down change of trim (tuck-under) occurs due to shock induced.",
      "options": {
        "A": "tip stall on a delta wing aircraft.",
        "B": "root stall on a delta wing aircraft.",
        "C": "tip stall on a straight wing aircraft."
      },
      "correct_answer": "B",
      "explanation": "Pallett Automatic Flight Control 2nd Edition Page 45."
    },
    {
      "question_number": 151,
      "question": "A symmetrical aerofoil is accelerating through Mach 1 with an angle of attack of 0°. A shock wave will form.",
      "options": {
        "A": "on the upper and lower surface and will move aft until the point of maximum camber.",
        "B": "on the upper and lower surface and will move aft.",
        "C": "on the upper surface only and move aft."
      },
      "correct_answer": "B",
      "explanation": "Shockwaves form on upper and lower surfaces BEGINNING at point of max curvature, gradually moving back."
    },
    {
      "question_number": 152,
      "question": "Shock stall.",
      "options": {
        "A": "occurs at high speeds.",
        "B": "is a flap down stall and occurs at high speeds.",
        "C": "occurs at low speeds."
      },
      "correct_answer": "A",
      "explanation": "Shock stall (or shock induced stall) is caused by the formation of shock waves in the transonic speed range."
    },
    {
      "question_number": 153,
      "question": "As you approach supersonic speed.",
      "options": {
        "A": "thrust is reduced.",
        "B": "total drag is increased.",
        "C": "lift is reduced."
      },
      "correct_answer": "B",
      "explanation": "An additional drag - wave drag - is added to the total drag."
    },
    {
      "question_number": 154,
      "question": "Mach trim in some aircraft assists.",
      "options": {
        "A": "lateral stability.",
        "B": "vertical stability.",
        "C": "longitudinal stability."
      },
      "correct_answer": "C",
      "explanation": "Mach trim is used to correct the longitudinal trim upset during the transonic speed range."
    },
    {
      "question_number": 155,
      "question": "Before an aircraft reaches critical mach.",
      "options": {
        "A": "the nose pitches up because the CP moves Forward.",
        "B": "the aircraft buffets because the CP moves to the shock wave.",
        "C": "the nose pitches down because the CP moves rear."
      },
      "correct_answer": "C",
      "explanation": "Mechanics of Flight 10th edition Barnard and Philpott Pg 341."
    },
    {
      "question_number": 156,
      "question": "On a standard day, at which altitude will the speed of sound be the greatest?",
      "options": {
        "A": "20,000 ft.",
        "B": "10,000 ft.",
        "C": "Sea level."
      },
      "correct_answer": "C",
      "explanation": "NIL."
    },
    {
      "question_number": 157,
      "question": "Which of the following will increase the Critical Mach Number of an aerofoil?",
      "options": {
        "A": "Using a thin airfoil and sweeping the wings back.",
        "B": "Decreasing the fineness ratio of the wings.",
        "C": "Increasing the aspect ratio of the wings."
      },
      "correct_answer": "A",
      "explanation": "NIL."
    },
    {
      "question_number": 158,
      "question": "As an aircraft accelerates through the transonic region, the centre of pressure tends to.",
      "options": {
        "A": "turn into a shock wave.",
        "B": "move rearward.",
        "C": "move forward."
      },
      "correct_answer": "B",
      "explanation": "NIL."
    },
    {
      "question_number": 159,
      "question": "Supersonic air going through an incipient shock wave will decrease its speed and.",
      "options": {
        "A": "decrease temperature and increase density.",
        "B": "increase temperature and decrease density.",
        "C": "increase temperature and increase density."
      },
      "correct_answer": "C",
      "explanation": "Mechanics of Flight AC Kermode 10th Edition Page 326 fig 11.4."
    },
    {
      "question_number": 160,
      "question": "An increase in mach number will cause the.",
      "options": {
        "A": "CofP to move rearwards giving more downwash on the tail plane.",
        "B": "CofP to move forwards giving less downwash on the tail plane.",
        "C": "CofP to move rearwards giving less downwash on the tail plane."
      },
      "correct_answer": "C",
      "explanation": "Automatic Flight Control, Pallett. Page 50."
    },
    {
      "question_number": 161,
      "question": "At speeds above Mach 1, shockwaves will form above and below the wing.",
      "options": {
        "A": "at the trailing edge.",
        "B": "at both the leading edge and the trailing edge.",
        "C": "at the leading edge."
      },
      "correct_answer": "B",
      "explanation": "NIL."
    },
    {
      "question_number": 162,
      "question": "Above the critical mach number, the drag coefficient.",
      "options": {
        "A": "increases.",
        "B": "remains the same.",
        "C": "decreases."
      },
      "correct_answer": "A",
      "explanation": "NIL."
    },
    {
      "question_number": 163,
      "question": "Mach trim counters.",
      "options": {
        "A": "longitudinal instability.",
        "B": "vertical instability.",
        "C": "lateral instability."
      },
      "correct_answer": "A",
      "explanation": "Automatic Flight Control Pallett page 231 and 50."
    },
    {
      "question_number": 164,
      "question": "At high Mach Numbers above Mach 2.2, some aircraft metals.",
      "options": {
        "A": "such as aluminium, become brittle.",
        "B": "lose their strength due to the kinetic heating effect.",
        "C": "will shrink due to the extreme pressures involved."
      },
      "correct_answer": "B",
      "explanation": "NIL."
    },
    {
      "question_number": 165,
      "question": "Mach trim operates.",
      "options": {
        "A": "along the longitudinal axis.",
        "B": "along the lateral axis.",
        "C": "to reduce Dutch roll."
      },
      "correct_answer": "A",
      "explanation": "NIL."
    },
    {
      "question_number": 166,
      "question": "To increase critical mach number.",
      "options": {
        "A": "the wings are swept.",
        "B": "elevons are fitted.",
        "C": "tailerons are fitted."
      },
      "correct_answer": "A",
      "explanation": "NIL."
    },
    {
      "question_number": 167,
      "question": "When approaching the speed of sound the.",
      "options": {
        "A": "pressure above the wing exceeds the pressure below the wing in places.",
        "B": "pressure above the wing can never exceed the pressure below the wing.",
        "C": "pressure above the wing equals the pressure below the wing."
      },
      "correct_answer": "A",
      "explanation": "NIL."
    },
    {
      "question_number": 168,
      "question": "Airspeeds above the speed of sound, but not exceeding 4 times the speed of sound are.",
      "options": {
        "A": "supersonic.",
        "B": "hypersonic.",
        "C": "hyposonic."
      },
      "correct_answer": "A",
      "explanation": "NIL."
    },
    {
      "question_number": 169,
      "question": "An aircraft experiences a large loss of lift and a big increase in drag in straight and level flight, what would be the most probable cause?",
      "options": {
        "A": "Atmospheric conditions.",
        "B": "Aircraft reached its critical mach number.",
        "C": "Severe head winds."
      },
      "correct_answer": "B",
      "explanation": "NIL."
    },
    {
      "question_number": 170,
      "question": "A Mach Trimmer is a device which.",
      "options": {
        "A": "prevents the aircraft from exceeding its critical Mach No.",
        "B": "automatically compensates for trim changes in the transonic region.",
        "C": "switches out trim control to prevent damage in the transonic speed range."
      },
      "correct_answer": "B",
      "explanation": "NIL."
    },
    {
      "question_number": 171,
      "question": "Mach trim usually operates between.",
      "options": {
        "A": "0.9 mach and 0.99 mach.",
        "B": "0.7 and 0.8 mach.",
        "C": "0.6 mach 0.7 mach."
      },
      "correct_answer": "B",
      "explanation": "NIL."
    },
    {
      "question_number": 172,
      "question": "Mach trimming is initiated by an input signal from the.",
      "options": {
        "A": "IRS.",
        "B": "vertical gyro.",
        "C": "CADC."
      },
      "correct_answer": "B",
      "explanation": "NIL."
    },
    {
      "question_number": 173,
      "question": "Mach trim prevents.",
      "options": {
        "A": "the nose dropping in a low speed turn.",
        "B": "the nose dropping at high speed.",
        "C": "the nose lifting at high speed."
      },
      "correct_answer": "B",
      "explanation": "NIL."
        }
    ]