[
  {
    "question_number": 1,
    "question": "The most commonly used type of resin is:",
    "options": {
      "a": "Epoxy resin",
      "b": "Polyester resin",
      "c": "Phenolic resin"
    },
    "correct_answer": "a",
    "explanation": "Epoxy resin is the standard for aerospace composites due to its excellent adhesion, mechanical strength, and resistance to environmental degradation."
  },
  {
    "question_number": 2,
    "question": "A metallic ring test produces dull thud sound if:",
    "options": {
      "a": "There is no delamination",
      "b": "There is delamination",
      "c": "There is scratch"
    },
    "correct_answer": "b",
    "explanation": "In a tap test, a clear ringing sound indicates a solid bond, while a dull thud or dead sound indicates a void or delamination."
  },
  {
    "question_number": 3,
    "question": "Deep scratch that penetrates through the clad can be tested using:",
    "options": {
      "a": "Tap test",
      "b": "Caustic soda solution",
      "c": "Ultrasonic"
    },
    "correct_answer": "b",
    "explanation": "Caustic soda applied to a scratch on Alclad aluminum will bubble/turn black if it has penetrated the protective pure aluminum layer into the alloy core."
  },
  {
    "question_number": 4,
    "question": "One of the following is the common cleaning solvent used on composite repair:",
    "options": {
      "a": "Water",
      "b": "Skydrol",
      "c": "Methyl ethyl ketone"
    },
    "correct_answer": "c",
    "explanation": "Methyl Ethyl Ketone (MEK) is a standard aggressive solvent used for cleaning surfaces prior to bonding, though Acetone is also common."
  },
  {
    "question_number": 5,
    "question": "The consistency of a potting compound resin can be controlled by adding:",
    "options": {
      "a": "Micro-balloon",
      "b": "Fiberglass fabric",
      "c": "Foam adhesive"
    },
    "correct_answer": "a",
    "explanation": "Micro-balloons are lightweight fillers added to resin to increase viscosity, create potting compounds, and reduce density."
  },
  {
    "question_number": 6,
    "question": "One of the disadvantages of aramid fiber is:",
    "options": {
      "a": "Brittleness",
      "b": "Toughness",
      "c": "Hygroscopic"
    },
    "correct_answer": "c",
    "explanation": "Aramid (Kevlar) fibers absorb moisture (hygroscopic), which can lead to weight gain and potential matrix degradation if not sealed properly."
  },
  {
    "question_number": 7,
    "question": "Foam adhesive can be used to bond:",
    "options": {
      "a": "Core to core",
      "b": "Core to face sheet",
      "c": "Face sheet plies"
    },
    "correct_answer": "a",
    "explanation": "Foaming adhesives expand during cure and are primarily used to splice honeycomb core segments together (core-to-core bonding)."
  },
  {
    "question_number": 8,
    "question": "Which processing material should be directly laid over the repair plies?",
    "options": {
      "a": "Bleeder cloth",
      "b": "Perforated parting film",
      "c": "Solid parting film"
    },
    "correct_answer": "b",
    "explanation": "Perforated parting film (release film) is placed directly on the wet laminate to allow excess resin and volatiles to escape into the bleeder."
  },
  {
    "question_number": 9,
    "question": "During bagging process, if the bleeder cloth is smaller than the solid parting film:",
    "options": {
      "a": "The air and vapor can easily move out of the repair",
      "b": "The air and vapor will be trapped in the repair",
      "c": "Heat will be lost"
    },
    "correct_answer": "b",
    "explanation": "The air path must extend to the vacuum port. If the solid film seals off the bleeder from the breather, air and volatiles become trapped."
  },
  {
    "question_number": 10,
    "question": "Which one of the following repairs require thickness and electrical transitivity test?",
    "options": {
      "a": "Control surface",
      "b": "Fuselage",
      "c": "Radome"
    },
    "correct_answer": "c",
    "explanation": "Radomes must be transparent to radar waves; improper repair thickness or material can block or distort signals (transmissivity)."
  },
  {
    "question_number": 11,
    "question": "A removable metallic panel used to effect uniform pressure and to make a repair surface smooth is:",
    "options": {
      "a": "Bleeder ply",
      "b": "Caul plate",
      "c": "Repair ply"
    },
    "correct_answer": "b",
    "explanation": "A caul plate (often aluminum) is placed over the layup to distribute pressure evenly and provide a smooth surface finish."
  },
  {
    "question_number": 12,
    "question": "Which fabric type is difficult to cut?",
    "options": {
      "a": "Fiberglass",
      "b": "Carbon",
      "c": "Aramid"
    },
    "correct_answer": "c",
    "explanation": "Aramid (Kevlar) is tough and tends to fuzz rather than shear, requiring special scissors with serrated blades."
  },
  {
    "question_number": 13,
    "question": "Which one of the following may cause electrical arc?",
    "options": {
      "a": "Fiberglass",
      "b": "Carbon",
      "c": "Aramid"
    },
    "correct_answer": "b",
    "explanation": "Carbon fiber is electrically conductive. If it contacts metals like aluminum (galvanic corrosion) or exposed wiring, it can cause arcing."
  },
  {
    "question_number": 14,
    "question": "One of the following is a manufacturing defect:",
    "options": {
      "a": "Sonic Vibration damage",
      "b": "Resin starvation",
      "c": "Foreign object damage"
    },
    "correct_answer": "b",
    "explanation": "Resin starvation is a process error occurring during manufacture/cure, whereas vibration and FOD are in-service damages."
  },
  {
    "question_number": 15,
    "question": "A core which is spoiled with a skydrol should be:",
    "options": {
      "a": "Cleaned with methyl ethyl ketone",
      "b": "Washed with clean water",
      "c": "Cut and removed"
    },
    "correct_answer": "c",
    "explanation": "Skydrol (hydraulic fluid) contaminates the core and prevents bonding. It cannot be fully cleaned out, so the affected core must be removed."
  },
  {
    "question_number": 16,
    "question": "The type of ultrasonic inspection in which the transmitter and the receiver are in one unit:",
    "options": {
      "a": "Pulse echo",
      "b": "Through transmission",
      "c": "Catch/pitch"
    },
    "correct_answer": "a",
    "explanation": "In Pulse Echo ultrasonic testing, a single transducer both sends the sound wave and listens for the reflection (echo)."
  },
  {
    "question_number": 17,
    "question": "The type of layup which uses dry fabric impregnated in the shop is called:",
    "options": {
      "a": "Prepreg",
      "b": "Wet",
      "c": "Tape"
    },
    "correct_answer": "b",
    "explanation": "A 'Wet layup' involves manually applying liquid resin to dry fabric reinforcement."
  },
  {
    "question_number": 18,
    "question": "Which one of the following layup is symmetrical and balanced?",
    "options": {
      "a": "+45,-45, 0, 0,-45, +45",
      "b": "-45, 0, 0,-45",
      "c": "90,-45, 0, 90,-45, 0"
    },
    "correct_answer": "a",
    "explanation": "Option A is symmetrical because the top half mirrors the bottom half around the center line. It is balanced because every +45 ply has a corresponding -45 ply."
  },
  {
    "question_number": 19,
    "question": "The minimum vacuum pressure required for a good composite layup bonding is:",
    "options": {
      "a": "2\" Hg",
      "b": "22\" Hg",
      "c": "222\" Hg"
    },
    "correct_answer": "b",
    "explanation": "22 inches of mercury (Hg) is a standard minimum vacuum level to ensuring proper compaction and consolidation of repair plies."
  },
  {
    "question_number": 20,
    "question": "Prepreg materials should be transported with _____ to prevent curing:",
    "options": {
      "a": "Water ice",
      "b": "Dry ice",
      "c": "Wet ice"
    },
    "correct_answer": "b",
    "explanation": "Dry ice (frozen carbon dioxide) provides the deep freeze temperatures required to stop the curing reaction of prepregs during transport."
  },
  {
    "question_number": 21,
    "question": "During hot bonding, the temperature is kept constant throughout the:",
    "options": {
      "a": "Ramp up",
      "b": "Soak",
      "c": "Ramp down"
    },
    "correct_answer": "b",
    "explanation": "The 'soak' (or dwell) cycle is the period where the temperature is held constant to allow the resin to cross-link and cure."
  },
  {
    "question_number": 22,
    "question": "A hybrid composite in which tows of two or more constituent types of fibres are mixed in the same layer is called:",
    "options": {
      "a": "Inter-ply",
      "b": "Intra-ply",
      "c": "Peel ply"
    },
    "correct_answer": "b",
    "explanation": "Intra-ply hybrids mix different fibers (e.g., carbon and aramid) within the same fabric ply. Inter-ply hybrids alternate layers of different fabrics."
  },
  {
    "question_number": 23,
    "question": "Which one of the following techniques is used to remove entrapped air that causes porosity in wet layup laminates?",
    "options": {
      "a": "Double vacuum debulking",
      "b": "Secondary bonding",
      "c": "Fabric impregnation"
    },
    "correct_answer": "a",
    "explanation": "Double vacuum debulking (DVD) is a process used to withdraw air from within the laminate layers before curing pressure is applied."
  }
]