[
    {
        "question_number": 1,
        "question": "Which of the following is the best way to store B-staged epoxies?",
        "options": {
            "a": "Refrigeration Containers",
            "b": "Cabinets with room temperature",
            "c": "Working benches",
            "d": "Autoclave"
        },
        "correct_answer": "a",
        "explanation": "B-staged epoxies (prepregs) must be stored in refrigeration (freezers) to retard the curing process and maintain their shelf life."
    },
    {
        "question_number": 2,
        "question": "The maximum time allowed for storing a material at low temperature is called _____?",
        "options": {
            "a": "Mechanical life",
            "b": "Cure cycle",
            "c": "Storage Life",
            "d": "Handling life"
        },
        "correct_answer": "c",
        "explanation": "Storage life (or Shelf Life) defines how long a material remains usable when stored under specific conditions (usually frozen)."
    },
    {
        "question_number": 3,
        "question": "Which of the following are PPE (Personal protective equipment)?",
        "options": {
            "a": "Eye protection equipment",
            "b": "Skin protection equipment",
            "c": "Respiratory protection equipment",
            "d": "All the above"
        },
        "correct_answer": "d",
        "explanation": "Composite repair involves chemicals, dust, and particulates, requiring eye, skin, and respiratory protection."
    },
    {
        "question_number": 4,
        "question": "\"ALWAYS CHECK THE MSDS SHEET... IF YOU DO NOT OBEY, YOU CAN BE INJURED.\" The above expression in the manual must be considered as a _________?",
        "options": {
            "a": "Caution",
            "b": "Warning",
            "c": "Notes",
            "d": "Flag notes"
        },
        "correct_answer": "b",
        "explanation": "In aviation manuals, a 'Warning' indicates a hazard that may cause personal injury or death, whereas a 'Caution' typically refers to equipment damage."
    },
    {
        "question_number": 5,
        "question": "Which of the following are among the most common damages in composites?",
        "options": {
            "a": "Porosity",
            "b": "Delamination",
            "c": "Fiber breakage and Fiber-matrix deboned",
            "d": "All the above"
        },
        "correct_answer": "d",
        "explanation": "Composite structures can suffer from various defects including voids (porosity), separation of layers (delamination), and structural breakage."
    },
    {
        "question_number": 6,
        "question": "Which of the following statement is correct regarding damage limitation?",
        "options": {
            "a": "Damage limitation is the process of minimizing the extent of damage.",
            "b": "For damage limitation, one common method is to use non-destructive testing (NDT) to identify and assess damage.",
            "c": "Composite materials typically are not more susceptible to damage than metallic materials.",
            "d": "a and b are the answers"
        },
        "correct_answer": "d",
        "explanation": "NDT (Non-Destructive Testing) is the critical method used to limit damage propagation by accurately identifying the scope of the defect before repair. and Damage limitation is the process of minimizing the extent of damage."
    },
    {
        "question_number": 7,
        "question": "During a tap test composite inspection method, areas that are disbonded or delaminated will make a ___ sound.",
        "options": {
            "a": "Dull",
            "b": "Sharp",
            "c": "a and b",
            "d": "All the above"
        },
        "correct_answer": "a",
        "explanation": "A solid composite structure rings 'sharp', while a 'dull' or 'thud' sound indicates a void, delamination, or disbond absorbing the vibration."
    },
    {
        "question_number": 8,
        "question": "___ are required to drill precision holes in composite structures.",
        "options": {
            "a": "Lower speeds, and higher feeds",
            "b": "Higher speeds, and lower feeds",
            "c": "Lower speeds, and higher pressure",
            "d": "All"
        },
        "correct_answer": "b",
        "explanation": "High rotation speeds and low feed rates are used in composites to prevent delamination and fraying of the fibers."
    },
    {
        "question_number": 9,
        "question": "Which of the followings are advantages of composite materials?",
        "options": {
            "a": "Light weight",
            "b": "Resistance to corrosion and fatigue damage",
            "c": "Reduced machining and easy to form",
            "d": "All the above"
        },
        "correct_answer": "d",
        "explanation": "Composites offer high strength-to-weight ratios, do not corrode like metals, and have excellent fatigue resistance."
    },
    {
        "question_number": 10,
        "question": "When individual fiberglass filaments are twisted, they are called?",
        "options": {
            "a": "Tows",
            "b": "Yarns",
            "c": "Tapes",
            "d": "Fabrics"
        },
        "correct_answer": "b",
        "explanation": "Filaments twisted together form a 'yarn'. Untwisted bundles of filaments are typically called 'tows' (common in Carbon fiber)."
    },
    {
        "question_number": 11,
        "question": "Which of the following statement is incorrect regarding Warp fibers?",
        "options": {
            "a": "Warp is the longitudinal Fibers of a fabric.",
            "b": "The warp is the high-strength direction, due to the straightness of the Fibers.",
            "c": "A warp clock is used to describe direction of Fibers on a diagram.",
            "d": "None of the above"
        },
        "correct_answer": "d",
        "explanation": "Statements a, b, and c are all correct definitions of Warp fibers. Therefore, 'None of the above' is the correct choice for which statement is *incorrect*."
    },
    {
        "question_number": 12,
        "question": "The most common used dry Fibers for the aviation industry are:",
        "options": {
            "a": "Fiberglass",
            "b": "Carbon Fiber",
            "c": "Aramid (Kevlar)",
            "d": "All the above"
        },
        "correct_answer": "d",
        "explanation": "These three materials represent the primary reinforcement fibers used in modern aerospace composites."
    },
    {
        "question_number": 13,
        "question": "___ is often referred to as the matrix of a composite.",
        "options": {
            "a": "The Fibers",
            "b": "The Resin",
            "c": "The Tapes",
            "d": "The Tow"
        },
        "correct_answer": "b",
        "explanation": "The resin is the 'matrix' that holds the reinforcement fibers together and transfers the load between them."
    },
    {
        "question_number": 14,
        "question": "The most common type of thermoset resin used for aircraft construction is ___.",
        "options": {
            "a": "Cement",
            "b": "Fabrics",
            "c": "Epoxy",
            "d": "Tapes"
        },
        "correct_answer": "c",
        "explanation": "Epoxy resins are the standard for structural aerospace parts due to their superior mechanical properties and adhesion."
    },
    {
        "question_number": 15,
        "question": "Which of the following statement is correct regarding Prepreg?",
        "options": {
            "a": "Prepreg materials must be stored in a freezer at a temperature below 0\u00b0F to retard the curing process.",
            "b": "Prepreg must be cured with an elevated temperature (250 or 350\u00b0F).",
            "c": "Prepreg materials are in a B-stage level of cure for better handling characteristics.",
            "d": "All the above"
        },
        "correct_answer": "d",
        "explanation": "Prepregs are 'B-staged' (partially cured) to allow for handling, must be frozen to stop curing (A), and require heat to finish curing (B)."
    },
    {
        "question_number": 16,
        "question": "____ are added to give the resin the correct rheologic properties such as viscosity and sag resistance.",
        "options": {
            "a": "Thixotropic Agents",
            "b": "Adhesives",
            "c": "Dust particles",
            "d": "Debris"
        },
        "correct_answer": "a",
        "explanation": "Thixotropic agents (like Cab-o-sil) thicken the resin to prevent it from dripping or sagging on vertical surfaces."
    },
    {
        "question_number": 17,
        "question": "______ are used in the repair of composite parts as filler materials and have the advantage of lower temperature cure cycles.",
        "options": {
            "a": "Film Adhesives",
            "b": "Paste Adhesives",
            "c": "Foaming Adhesives",
            "d": "Prepregs"
        },
        "correct_answer": "b",
        "explanation": "Paste adhesives are commonly used for potting, filling gaps, and bonding where film adhesives are impractical."
    },
    {
        "question_number": 18,
        "question": "A structural panel concept that consists of two relatively thin, parallel face sheets bonded to and separated by a relatively thick, lightweight core is called?",
        "options": {
            "a": "Sandwich construction",
            "b": "Solid laminate",
            "c": "Bolted repair",
            "d": "Scarf sanded"
        },
        "correct_answer": "a",
        "explanation": "Sandwich construction (often using honeycomb core) increases stiffness significantly without adding much weight."
    },
    {
        "question_number": 19,
        "question": "Which of the following is NOT a processing material (consumable)?",
        "options": {
            "a": "Caul Plate",
            "b": "Bleeder Ply",
            "c": "Prepreg carbon Fiber",
            "d": "Perforated Release Film"
        },
        "correct_answer": "c",
        "explanation": "Prepreg carbon fiber is the structural material (the part itself), whereas bleeders and release films are disposable processing materials used during the cure."
    },
    {
        "question_number": 20,
        "question": "Which type of composite Layups repair procedure would be performed @ room temperature?",
        "options": {
            "a": "Wet Layups",
            "b": "Prepreg",
            "c": "a and b",
            "d": "All the above"
        },
        "correct_answer": "a",
        "explanation": "Wet layups mix dry fiber with liquid resin and can cure at room temperature. Prepregs almost always require elevated heat to cure."
    },
    {
        "question_number": 21,
        "question": "_______ is a process in which the part to be repaired is completely enclosed in a vacuum bag.",
        "options": {
            "a": "Single Side Vacuum Bagging",
            "b": "Envelope Bagging",
            "c": "Heat Transfer in Repairs",
            "d": "Thermal Conductivity"
        },
        "correct_answer": "b",
        "explanation": "Envelope bagging wraps the bag material around the entire component (front and back) to ensure a complete seal."
    },
    {
        "question_number": 22,
        "question": "________ is a junction of two different metals used to convert measured electrical potential to a temperature.",
        "options": {
            "a": "Shrink Tape",
            "b": "C-Clamps",
            "c": "Shot bags and Weights",
            "d": "Thermocouple"
        },
        "correct_answer": "d",
        "explanation": "A thermocouple works on the Seebeck effect, creating a voltage proportional to temperature at the junction of two dissimilar metals."
    },
    {
        "question_number": 23,
        "question": "Which of the following is incorrect regarding composite repairs?",
        "options": {
            "a": "Resin injection repairs are used on lightly loaded structures for small damages.",
            "b": "Laminated repairs are usually done using the smallest ply-first taper sequence.",
            "c": "After the patch has cured, a conducting mesh and finish coat should be applied if needed.",
            "d": "Clean the surface with any solvent and rough cloth."
        },
        "correct_answer": "d",
        "explanation": "This is incorrect. Surfaces must be cleaned with approved solvents and lint-free cloths to avoid introducing contaminants or lint into the bond line."
    },
    {
        "question_number": 24,
        "question": "______ is a high-performance surface preparation chemical for adhesive bonding of aluminium alloys, steel, titanium, and composites.",
        "options": {
            "a": "Boegel",
            "b": "MEK",
            "c": "ACETON",
            "d": "Soap"
        },
        "correct_answer": "a",
        "explanation": "Boegel (often referring to Sol-Gel kits like AC-130) is a chemical conversion coating used to promote adhesion on metals and composites."
    },
    {
        "question_number": 25,
        "question": "In the aviation industry, plastics have been used for:",
        "options": {
            "a": "Windshields",
            "b": "Windows",
            "c": "Interior furnishings",
            "d": "All the above"
        },
        "correct_answer": "d",
        "explanation": "Plastics (acrylics, polycarbonates, thermoplastics) are widely used for transparencies and non-structural interior components."
    },
    {
        "question_number": 26,
        "question": "What are the outstanding properties of plastics in aviation?",
        "options": {
            "a": "High strength to weight ratio",
            "b": "Durability and impact resistance",
            "c": "Heat resistance",
            "d": "All the above"
        },
        "correct_answer": "d",
        "explanation": "Plastics are valued in aviation for their combination of low weight, durability, and resistance to environmental factors."
    },
    {
        "question_number": 27,
        "question": "Due to its fuzzy property, it is hard to cut _____, so we have to use special cutters.",
        "options": {
            "a": "Carbon Fiber",
            "b": "Fiberglass",
            "c": "Kevlar (Aramid)",
            "d": "Boron"
        },
        "correct_answer": "c",
        "explanation": "Kevlar (Aramid) is known for being difficult to cut because the fibers tend to fray or 'fuzz' rather than shear cleanly, requiring special serrated scissors."
    },
    {
        "question_number": 28,
        "question": "Which of the following hand tools do technicians use for composite work?",
        "options": {
            "a": "Scissors",
            "b": "Utility knife",
            "c": "Hammers",
            "d": "Both a and b"
        },
        "correct_answer": "d",
        "explanation": "Scissors and utility knives are the primary hand tools used for cutting dry fabric, prepreg, and vacuum bagging materials."
    }
]