[
    {
        "question_number": 1,
        "question": "Which one of the following fabric types absorb moisture and require drying before use",
        "options": {
            "a": "Carbon fiber",
            "b": "Glass fabric",
            "c": "Aramid"
        },
        "correct_answer": "c",
        "explanation": "Aramid (Kevlar\u00ae) is hygroscopic\u2014parts can absorb water (reports up to ~8% by weight), so they must be protected and dried before use."
    },
    {
        "question_number": 2,
        "question": "Which one of the following has a manufacturer specified expiry date?",
        "options": {
            "a": "Core material",
            "b": "Dry fabric material",
            "c": "Prepreg material"
        },
        "correct_answer": "c",
        "explanation": "Uncured prepregs have manufacturer-defined time limits\u2014storage life (typically 6\u201312 months at \u22640 \u00b0F) and mechanical/handling life at room temp\u2014and must be tracked and discarded if exceeded. "
    },
    {
        "question_number": 3,
        "question": "The resin sweep-fair procedure is used to",
        "options": {
            "a": "repair broken fibers",
            "b": "improve or make areas smoother",
            "c": "clean repair area before core installation"
        },
        "correct_answer": "b",
        "explanation": "ET-AF02.3 \u2014 Page 66 of 107 It says poor surface quality is corrected by a subsequent fill-and-fair operation (i.e., sweep-fair for smoothing). "
    },
    {
        "question_number": 4,
        "question": "Untwisted bundle of continuous filaments or fiber strings are known as :",
        "options": {
            "a": "Yarn",
            "b": "Roving",
            "c": "Tow"
        },
        "correct_answer": "c",
        "explanation": "Untwisted bundle of continuous filaments = tow (yarns may be twisted; rovings/tows are untwisted). See PDF pp. 29\u201330"
    },
    {
        "question_number": 5,
        "question": "The heating and insulation requirement is determined through",
        "options": {
            "a": "Thermal survey",
            "b": "Thermocouple testing",
            "c": "Curing cycle"
        },
        "correct_answer": "a",
        "explanation": "n the section on Advanced Hot Bonding with Multi\u2011Zone Heaters, the document explains that:Traditional hot\u2011bonding systems require a thermal survey to understand how heat flows through the structure."
    },
    {
        "question_number": 6,
        "question": "A sandwich construction of a composite part has ____ facings.",
        "options": {
            "a": "One",
            "b": "Two",
            "c": "Three"
        },
        "correct_answer": "b",
        "explanation": "A core is sandwiched between two facings."
    },
    {
        "question_number": 7,
        "question": "Aircraft canopies and windshields are made of",
        "options": {
            "a": "Carbon fiber",
            "b": "Aluminum sheet",
            "c": "Transparent plastics"
        },
        "correct_answer": "c",
        "explanation": "Transparent plastics are used for visibility."
    },
    {
        "question_number": 8,
        "question": "How much resin and hardener is used for a given weight of Carbon fabric?",
        "options": {
            "a": "1.3 times the fabric weight",
            "b": "An equal amount to the weight of the fabric",
            "c": "As much amount as possible"
        },
        "correct_answer": "a",
        "explanation": "None of the above.Your notes call out an optimum ~60:40 fiber:resin (by weight) laminate. That means the resin (incl. hardener) should be about 0.67\u00d7 the fabric weight, not equal to it and certainly not 1.3\u00d7. The procedure also says to weigh the fabric to determine the resin mix needed. "
    },
    {
        "question_number": 9,
        "question": "If temperature reading changes while you press the thermocouple between your fingers, then them",
        "options": {
            "a": "works properly",
            "b": "is defective",
            "c": "may have wire breakage"
        },
        "correct_answer": "a",
        "explanation": "Indicates the sensor is active."
    },
    {
        "question_number": 10,
        "question": "During the cure cycle, on which of the following stages is temperature kept consis",
        "options": {
            "a": "Ramp up",
            "b": "Ramp down",
            "c": "Soaking"
        },
        "correct_answer": "c",
        "explanation": "Soaking maintains constant temperature."
    },
    {
        "question_number": 11,
        "question": "Given a 2 inch diameter circular damage on a composite panel which requires thr the final size of the repaired area would be",
        "options": {
            "a": "3 inch diameter",
            "b": "5inch diameter",
            "c": "8 inch diameter"
        },
        "correct_answer": "b",
        "explanation": "Repair overlapping increases the size."
    },
    {
        "question_number": 12,
        "question": "The maximum accumulated time allowed at room temperature between removal from the freezer and preg is known as",
        "options": {
            "a": "Shelf life",
            "b": "Mechanical life",
            "c": "Handling life"
        },
        "correct_answer": "b",
        "explanation": "The notes define: \u201cThe maximum time allowed for material at room temperature before the material cures is called the mechanical life,\u201d and it\u2019s measured from removal from the freezer until return."
    },
    {
        "question_number": 13,
        "question": "Thawing is necessary to:",
        "options": {
            "a": "Melt the frozen prepreg itself before using it for repair",
            "b": "Melt the package of the prepreg before opening it.",
            "c": "A process of melting the ice in the refrigerator."
        },
        "correct_answer": "b",
        "explanation": "Thawing softens the resin."
    },
    {
        "question_number": 14,
        "question": "Solid parting film which is larger than the bleeder cloth",
        "options": {
            "a": "Helps build good negative pressure",
            "b": "Prevents the flow of air and volatiles out of the repair",
            "c": "Gives uniform pressure to the repair."
        },
        "correct_answer": "b",
        "explanation": "If a solid release (parting) film overhangs the bleeder, it can block contact between breather and bleeder. Since the breather must contact the bleeder to provide a path for air/volatiles, the overhanging solid film can choke that path and stop outgassing."
    },
    {
        "question_number": 15,
        "question": "One of the following is not the function of resin",
        "options": {
            "a": "Resists out of plane loads",
            "b": "Prevents the fibers from buckling",
            "c": "Serves as the main load carrying part of a composite"
        },
        "correct_answer": "c",
        "explanation": "In these notes, fibers are the primary load-carrying element; the matrix (resin) supports/bonds fibers, transfers load, keeps orientation, and provides environmental resistance\u2014it\u2019s not the main load bearer"
    },
    {
        "question_number": 16,
        "question": "One of the following is used to allow volatiles to escape from between the adhesive and the repair p",
        "options": {
            "a": "Breather cloth",
            "b": "Bleeder cloth",
            "c": "Positioning fabric"
        },
        "correct_answer": "b",
        "explanation": "he notes say the bleeder ply creates a path for air and volatiles to escape from the repair and collects excess resin"
    },
    {
        "question_number": 17,
        "question": "How much resin and hardener is used for a given weight of Carbon fabric?",
        "options": {
            "a": "1.3 times the fabric weight",
            "b": "An equal amount to the weight of the fabric",
            "c": "As much amount as possible"
        },
        "correct_answer": "a",
        "explanation": "Duplicate of question 8 and 13."
    },
    {
        "question_number": 18,
        "question": "Most of the resin matrices used for composite manufacturing and repair",
        "options": {
            "a": "are thermosetting",
            "b": "are thermoplastic",
            "c": "undergo reversible reaction"
        },
        "correct_answer": "a",
        "explanation": "The notes state thermosetting resins are the most widely used and prepreg/tape in aerospace is typically impregnated with thermosetting resins (e.g., epoxies)."
    },
    {
        "question_number": 19,
        "question": "Which type of core splicing requires high temperature to cure?",
        "options": {
            "a": "Foaming adhesive",
            "b": "Potting compound",
            "c": "Peg splicing"
        },
        "correct_answer": "a",
        "explanation": "Foaming adhesives need heat."
    }
]