[
  {
    "question_number": 1,
    "question": "Ohm's Law is expressed as:",
    "options": {
      "A": "V = IR",
      "B": "I = E/R",
      "C": "R = V/I"
    },
    "correct_answer": "A",
    "explanation": "Ohm's Law states that the voltage (V) across a conductor is directly proportional to the current (I) flowing through it, and the constant of proportionality is the resistance (R). This is most commonly expressed as V = IR."
  },
  {
    "question_number": 2,
    "question": "Terminal voltage compared to cell voltage is:",
    "options": {
      "A": "Greater than",
      "B": "Less than",
      "C": "Equal to"
    },
    "correct_answer": "B",
    "explanation": "Terminal voltage is typically less than the cell's electromotive force (EMF) or open-circuit voltage due to the voltage drop across the cell's internal resistance when current flows."
  },
  {
    "question_number": 3,
    "question": "The unit of inductance is:",
    "options": {
      "A": "Ohm",
      "B": "Henry",
      "C": "Farad"
    },
    "correct_answer": "B",
    "explanation": "The Henry (H) is the SI unit of inductance, named after Joseph Henry. Ohm is for resistance, and Farad is for capacitance."
  },
  {
    "question_number": 4,
    "question": "The best conductor is:",
    "options": {
      "A": "Copper",
      "B": "Silver",
      "C": "Gold"
    },
    "correct_answer": "B",
    "explanation": "Silver has the highest electrical conductivity of all metals. While copper and gold are excellent conductors and more commonly used due to cost, silver is superior."
  },
  {
    "question_number": 5,
    "question": "Magnitude of induced EMF depends on:",
    "options": {
      "A": "Rate of change of flux",
      "B": "Resistance",
      "C": "Capacitance"
    },
    "correct_answer": "A",
    "explanation": "Faraday's Law of Induction states that the magnitude of the induced electromotive force (EMF) in a circuit is directly proportional to the rate of change of magnetic flux through the circuit."
  },
  {
    "question_number": 6,
    "question": "The basis for transformer operation is:",
    "options": {
      "A": "Mutual inductance",
      "B": "Capacitance",
      "C": "Resistance"
    },
    "correct_answer": "A",
    "explanation": "Transformers operate on the principle of mutual inductance, where a changing current in one coil induces an electromotive force (voltage) in an adjacent coil through a shared magnetic field."
  },
  {
    "question_number": 7,
    "question": "Resistance of pure metal with temperature:",
    "options": {
      "A": "Decreases",
      "B": "Increases",
      "C": "Remains constant"
    },
    "correct_answer": "B",
    "explanation": "For most pure metals, resistance increases with temperature. This is because higher temperatures cause atoms to vibrate more, hindering the flow of electrons."
  },
  {
    "question_number": 8,
    "question": "A possible cause of spark in a DC generator is:",
    "options": {
      "A": "Brush",
      "B": "Coil",
      "C": "Magnet"
    },
    "correct_answer": "A",
    "explanation": "Sparking at the brushes of a DC generator or motor is a common issue, often caused by poor commutation, worn brushes, or incorrect brush positioning, leading to arcing as the brushes lose contact with commutator segments."
  },
  {
    "question_number": 9,
    "question": "The space around a magnet is a:",
    "options": {
      "A": "Electric field",
      "B": "Magnetic field",
      "C": "Gravitational field"
    },
    "correct_answer": "B",
    "explanation": "A magnetic field is the area around a magnet where magnetic forces can be observed. It exerts forces on other magnets and moving electric charges."
  },
  {
    "question_number": 10,
    "question": "The unit of quantity of electricity is:",
    "options": {
      "A": "Ampere",
      "B": "Coulomb",
      "C": "Volt"
    },
    "correct_answer": "B",
    "explanation": "The Coulomb (C) is the SI unit of electric charge (quantity of electricity). Ampere is for current, and Volt is for voltage."
  },
  {
    "question_number": 11,
    "question": "Voltage output of a generator is controlled by:",
    "options": {
      "A": "Varying the current of the field",
      "B": "Changing the load",
      "C": "Adjusting the speed"
    },
    "correct_answer": "A",
    "explanation": "In most generators, the output voltage is primarily controlled by varying the strength of the magnetic field, which is achieved by adjusting the current flowing through the field winding."
  },
  {
    "question_number": 12,
    "question": "If total resistance of a series circuit is reduced by half, current will:",
    "options": {
      "A": "Decrease",
      "B": "Increase four times",
      "C": "Remain the same"
    },
    "correct_answer": "B",
    "explanation": "According to Ohm's Law (I = V/R), if the resistance (R) is halved while voltage (V) remains constant, the current (I) would double. The option 'Increase four times' might be an error in the provided options or imply a relationship to power (P = I^2R), but for current itself, it should double."
  },
  {
    "question_number": 13,
    "question": "When battery cells are connected in series, the total voltage is:",
    "options": {
      "A": "The sum of individual cells",
      "B": "Half of individual cells",
      "C": "Equal to one cell"
    },
    "correct_answer": "A",
    "explanation": "When battery cells are connected in series, their voltages add up to provide a higher total voltage, while the current capacity remains the same as that of a single cell."
  },
  {
    "question_number": 14,
    "question": "Flow of electric current is through:",
    "options": {
      "A": "Lead",
      "B": "Load",
      "C": "Source"
    },
    "correct_answer": "B",
    "explanation": "Electric current flows from the source, through the conductors, and performs work by flowing through the load (the component or device that consumes electrical energy)."
  },
  {
    "question_number": 15,
    "question": "Resistor color code (Brown, Red, Yellow, Gold) value is:",
    "options": {
      "A": "1,200 Ω ± 5%",
      "B": "12,000 Ω ± 5%",
      "C": "120,000 Ω ± 5%"
    },
    "correct_answer": "C",
    "explanation": "According to the resistor color code: Brown is 1, Red is 2, Yellow is the multiplier 10^4 (for four zeros), and Gold is the tolerance of ±5%. Therefore, the value is 12 x 10^4 Ω = 120,000 Ω ± 5%."
  },
  {
    "question_number": 16,
    "question": "Calculation for 120kΩ ± 5% is:",
    "options": {
      "A": "120 Ω",
      "B": "1,200 Ω",
      "C": "120,000 Ω"
    },
    "correct_answer": "C",
    "explanation": "The 'k' in 120kΩ stands for 'kilo', which means 1,000. So, 120 kΩ = 120 x 1,000 Ω = 120,000 Ω."
  },
  {
    "question_number": 17,
    "question": "Which of the following is true?",
    "options": {
      "A": "The total current is equal to individual branches",
      "B": "The total voltage is equal to individual branches",
      "C": "The total resistance is equal to individual branches"
    },
    "correct_answer": "B",
    "explanation": "In a parallel circuit, the voltage across each branch is the same and equal to the total voltage supplied by the source. Option A is true for series circuits, and Option C is not generally true for either series or parallel circuits."
  },
  {
    "question_number": 18,
    "question": "Which of the following doesn't affect capacitance?",
    "options": {
      "A": "Distance between plates",
      "B": "Area of plates",
      "C": "Temperature of the material"
    },
    "correct_answer": "C",
    "explanation": "Capacitance primarily depends on the physical geometry of the capacitor (area of plates and distance between them) and the dielectric constant of the material between the plates. While temperature can have a minor indirect effect on dielectric properties, it is not a primary factor determining capacitance like geometry or dielectric material type."
  },
  {
    "question_number": 19,
    "question": "Which of the following doesn't affect the quality of magnetic materials?",
    "options": {
      "A": "Thermocouples",
      "B": "Temperature",
      "C": "Material composition"
    },
    "correct_answer": "A",
    "explanation": "Thermocouples are devices used to measure temperature; they do not inherently affect the magnetic properties of materials. Temperature (e.g., Curie point) and material composition are crucial factors that determine magnetic qualities."
  },
  {
    "question_number": 20,
    "question": "Thermocouples are:",
    "options": {
      "A": "Magnetic",
      "B": "Electric",
      "C": "Primarily thermal"
    },
    "correct_answer": "C",
    "explanation": "Thermocouples are devices that convert thermal energy (temperature difference) into electrical energy (voltage) based on the Seebeck effect. Their fundamental operation is rooted in temperature measurement and conversion."
  },
  {
    "question_number": 21,
    "question": "To measure resistance, you should:",
    "options": {
      "A": "Remove power supply",
      "B": "Increase voltage",
      "C": "Short the circuit"
    },
    "correct_answer": "A",
    "explanation": "To accurately measure resistance using an ohmmeter, the circuit or component must be de-energized. Applying voltage to an ohmmeter can damage it or provide inaccurate readings."
  },
  {
    "question_number": 22,
    "question": "Two atoms with different neutrons are called:",
    "options": {
      "A": "Isotopes",
      "B": "Ions",
      "C": "Elements"
    },
    "correct_answer": "A",
    "explanation": "Isotopes are atoms of the same element (same number of protons) but with different numbers of neutrons, resulting in different atomic masses."
  },
  {
    "question_number": 23,
    "question": "What happens to inductive reactance if frequency increases?",
    "options": {
      "A": "Decreases",
      "B": "Increases",
      "C": "Remains constant"
    },
    "correct_answer": "B",
    "explanation": "Inductive reactance (XL) is directly proportional to frequency (f) and inductance (L), given by the formula XL = 2πfL. Therefore, if frequency increases, inductive reactance increases."
  },
  {
    "question_number": 24,
    "question": "Capacitor unit is:",
    "options": {
      "A": "Ohm",
      "B": "Farad",
      "C": "Henry"
    },
    "correct_answer": "B",
    "explanation": "The Farad (F) is the SI unit of capacitance, representing the ability of a component to store an electric charge. Ohm is for resistance, and Henry is for inductance."
  },
  {
    "question_number": 25,
    "question": "Current is:",
    "options": {
      "A": "The flow of electric charge",
      "B": "The resistance of a circuit",
      "C": "The voltage drop"
    },
    "correct_answer": "A",
    "explanation": "Electric current is defined as the rate of flow of electric charge (typically electrons) through a conductor."
  },
  {
    "question_number": 26,
    "question": "A semiconductor has:",
    "options": {
      "A": "Free ions in the outermost shell",
      "B": "Few free electrons",
      "C": "No charge carriers"
    },
    "correct_answer": "B",
    "explanation": "Semiconductors have electrical conductivity between that of a conductor and an insulator. They have a limited number of free electrons (and holes) that can carry current, unlike conductors which have many, or insulators which have virtually none."
  },
  {
    "question_number": 27,
    "question": "Ethanol is related to:",
    "options": {
      "A": "Food",
      "B": "Alcohol",
      "C": "Water"
    },
    "correct_answer": "B",
    "explanation": "Ethanol is a chemical compound with the chemical formula , commonly known as ethyl alcohol or grain alcohol, and is the principal type of alcohol found in alcoholic beverages."
  },
  {
    "question_number": 28,
    "question": "Atomic mass is:",
    "options": {
      "A": "Atomic weight + Neutron",
      "B": "Protons + Neutrons",
      "C": "Electrons + Protons"
    },
    "correct_answer": "B",
    "explanation": "The atomic mass number (mass number) of an atom is the total number of protons and neutrons in its nucleus."
  },
  {
    "question_number": 29,
    "question": "If two negative charges approach together:",
    "options": {
      "A": "Attraction",
      "B": "Repulsion",
      "C": "No effect"
    },
    "correct_answer": "B",
    "explanation": "According to the fundamental law of electrostatics, like charges repel each other, while opposite charges attract."
  },
  {
    "question_number": 30,
    "question": "A photovoltaic cell operates with:",
    "options": {
      "A": "Heat",
      "B": "Light",
      "C": "Sound"
    },
    "correct_answer": "B",
    "explanation": "Photovoltaic cells (solar cells) convert light energy directly into electrical energy through the photovoltaic effect."
  },
  {
    "question_number": 31,
    "question": "Shock depends on:",
    "options": {
      "A": "Amount of current passing through",
      "B": "Voltage only",
      "C": "Resistance only"
    },
    "correct_answer": "A",
    "explanation": "The severity of an electric shock is primarily determined by the amount of current that flows through the body, although voltage and resistance are factors that determine that current (I=V/R)."
  },
  {
    "question_number": 32,
    "question": "Electricity is about:",
    "options": {
      "A": "Generation, distribution, and utilization of electric energy",
      "B": "Only generation of power",
      "C": "Only distribution of power"
    },
    "correct_answer": "A",
    "explanation": "The field of electricity encompasses the entire process from producing electrical power (generation), delivering it to consumers (distribution), and its practical application (utilization)."
  },
  {
    "question_number": 33,
    "question": "Photoelectric effect is related to:",
    "options": {
      "A": "Pressure",
      "B": "Light",
      "C": "Temperature"
    },
    "correct_answer": "B",
    "explanation": "The photoelectric effect is the emission of electrons when light shines on a material. It is a fundamental concept in quantum physics, explaining how light interacts with matter."
  }
]
