[
    {
      "question_number": 1,
      "question": "If an aircraft in turbulence returns to its initial position, what type of stability does it exhibit?",
      "options": {
        "A": "Longitudinal stability",
        "B": "Static stability",
        "C": "Neutral stability"
      },
      "correct_answer": "B",
      "explanation": "Static stability is exhibited when the aircraft returns to its initial position after turbulence, indicating that the aircraft resists disturbances and returns to equilibrium."
    },
    {
      "question_number": 2,
      "question": "What is the factor associated with inherent straight flight?",
      "options": {
        "A": "0",
        "B": "1",
        "C": "2"
      },
      "correct_answer": "B",
      "explanation": "The factor associated with inherent straight flight is 1, likely referring to a design characteristic ensuring the aircraft naturally maintains straight flight."
    },
    {
      "question_number": 3,
      "question": "Where are lower fences typically located to reduce induced drag?",
      "options": {
        "A": "Near the wingtips",
        "B": "Near the center span",
        "C": "At the trailing edge"
      },
      "correct_answer": "B",
      "explanation": "Lower fences are typically placed near the center span of the wing to manage airflow and reduce induced drag."
    },
    {
      "question_number": 4,
      "question": "What happens when the centrix force is greater than the horizontal component during normal cruising speed?",
      "options": {
        "A": "The aircraft moves inward from the horizontal plane",
        "B": "The aircraft moves outward from the horizontal plane",
        "C": "The aircraft maintains a straight path"
      },
      "correct_answer": "B",
      "explanation": "When the centrix force is greater than the horizontal component, the aircraft will move outward due to the imbalance of forces."
    },
    {
      "question_number": 5,
      "question": "About which axis does an airplane rotate when it rotates around its vertical axis?",
      "options": {
        "A": "Longitudinal axis",
        "B": "Lateral axis",
        "C": "Vertical axis"
      },
      "correct_answer": "C",
      "explanation": "An airplane rotates about its vertical axis during yaw motion, confirming the vertical axis as the correct answer."
    },
    {
      "question_number": 6,
      "question": "What control surface causes pitching descents at the lateral axis?",
      "options": {
        "A": "Aileron",
        "B": "Rudder",
        "C": "Elevator"
      },
      "correct_answer": "C",
      "explanation": "The elevator controls pitch, which occurs about the lateral axis of the aircraft, causing pitching descents."
    },
    {
      "question_number": 7,
      "question": "What control surface controls yaw position in the vertical axis?",
      "options": {
        "A": "Elevator",
        "B": "Rudder",
        "C": "Aileron"
      },
      "correct_answer": "B",
      "explanation": "The rudder controls yaw, which is rotation about the vertical axis."
    },
    {
      "question_number": 8,
      "question": "What does a positive dihedral angle contribute to?",
      "options": {
        "A": "Longitudinal stability",
        "B": "Lateral stability",
        "C": "Vertical stability"
      },
      "correct_answer": "B",
      "explanation": "A positive dihedral angle helps the aircraft recover from rolls, enhancing lateral stability."
    },
    {
      "question_number": 9,
      "question": "Where are flaps typically located on the wing?",
      "options": {
        "A": "Leading edge",
        "B": "Outboard of the wing at the trailing edge",
        "C": "Inboard of the wing at the leading edge"
      },
      "correct_answer": "B",
      "explanation": "Flaps are typically located outboard at the trailing edge to increase lift during takeoff and landing."
    },
    {
      "question_number": 10,
      "question": "What does further level flight correspond to?",
      "options": {
        "A": "Curved flight path",
        "B": "Straight flight path",
        "C": "Descending flight path"
      },
      "correct_answer": "B",
      "explanation": "Level flight without climbing or descending corresponds to a straight flight path."
    },
    {
      "question_number": 11,
      "question": "What does the climb angle refer to?",
      "options": {
        "A": "Angle between the horizon plane and the flight path during climb",
        "B": "Angle between the wing and the horizon",
        "C": "Angle of attack during climb"
      },
      "correct_answer": "A",
      "explanation": "The climb angle is the angle between the horizon and the aircraft's flight path during ascent."
    },
    {
      "question_number": 12,
      "question": "What does the glide angle refer to?",
      "options": {
        "A": "Angle between the horizon plane and the flight path during glide",
        "B": "Angle of descent relative to the vertical axis",
        "C": "Angle between the wing and the horizon"
      },
      "correct_answer": "A",
      "explanation": "The glide angle is the angle between the horizon and the flight path during a glide."
    },
    {
      "question_number": 13,
      "question": "What does increasing the surface area of a wing typically achieve?",
      "options": {
        "A": "Reduces lift",
        "B": "Increases drag only",
        "C": "Powers the flap"
      },
      "correct_answer": "C",
      "explanation": "Increasing the wing's surface area, often via flaps, enhances the flap's ability to generate lift."
    },
    {
      "question_number": 14,
      "question": "What do higher lift devices, such as power flaps, primarily do?",
      "options": {
        "A": "Decrease lift",
        "B": "Increase drag",
        "C": "Increase lift"
      },
      "correct_answer": "C",
      "explanation": "Power flaps are designed to increase lift, especially during takeoff and landing."
    },
    {
      "question_number": 15,
      "question": "What is true about the Center of Pressure (CP) and Center of Gravity (CG)?",
      "options": {
        "A": "CG is the point of aerodynamic force, CP is the center of weight",
        "B": "CP is the point of aerodynamic force, CG is the center of weight",
        "C": "Both CP and CG are the same point"
      },
      "correct_answer": "B",
      "explanation": "CP is where aerodynamic forces act, and CG is the balance point of the aircraft's weight."
    },
    {
      "question_number": 16,
      "question": "Which fixed control surface affects the vertical axis?",
      "options": {
        "A": "Elevator",
        "B": "Aileron",
        "C": "Rudder"
      },
      "correct_answer": "C",
      "explanation": "The rudder controls yaw, which occurs about the vertical axis."
    },
    {
      "question_number": 17,
      "question": "Which fixed control surface affects the longitudinal axis, influencing speed and altitude?",
      "options": {
        "A": "Rudder",
        "B": "Aileron",
        "C": "Elevator"
      },
      "correct_answer": "C",
      "explanation": "The elevator controls pitch, affecting speed and altitude along the longitudinal axis."
    },
    {
      "question_number": 18,
      "question": "What is the primary purpose of a maneuver in relation to thrust?",
      "options": {
        "A": "To reduce thrust",
        "B": "To maintain a thrust point",
        "C": "To increase drag"
      },
      "correct_answer": "B",
      "explanation": "A maneuver aims to maintain a specific thrust point for controlled flight."
    },
    {
      "question_number": 19,
      "question": "What is the purpose of trim tabs on an aircraft?",
      "options": {
        "A": "To increase drag",
        "B": "To assist the pilot",
        "C": "To reduce lift"
      },
      "correct_answer": "B",
      "explanation": "Trim tabs help reduce the control forces the pilot needs to apply to maintain a steady flight attitude."
    },
    {
      "question_number": 20,
      "question": "What is the purpose of a vortex generator?",
      "options": {
        "A": "To reduce energy",
        "B": "To add energy to the airflow",
        "C": "To decrease lift"
      },
      "correct_answer": "B",
      "explanation": "Vortex generators add energy to the airflow to delay flow separation and improve control."
    },
    {
      "question_number": 21,
      "question": "Which of the following is a type of lift effect?",
      "options": {
        "A": "Induced drag",
        "B": "Parasitic drag",
        "C": "Skin friction drag"
      },
      "correct_answer": "A",
      "explanation": "Induced drag is directly caused by the generation of lift, unlike the other drag types which are less directly related."
    },
    {
      "question_number": 22,
      "question": "What happens when one float is operated downward on an aircraft?",
      "options": {
        "A": "The aircraft yaws",
        "B": "The aircraft pitches",
        "C": "The aircraft rolls"
      },
      "correct_answer": "C",
      "explanation": "Operating one float downward (likely referring to an aileron or similar control) causes a roll, as this creates a lift differential between wings."
    },
    {
      "question_number": 23,
      "question": "What does the Mach number represent?",
      "options": {
        "A": "Ratio of true airspeed to the speed of sound",
        "B": "Ratio of lift to drag",
        "C": "Ratio of thrust to weight"
      },
      "correct_answer": "A",
      "explanation": "Mach number is the ratio of true airspeed to the speed of sound in the surrounding medium."
    },
    {
      "question_number": 24,
      "question": "What happens to lift and drag at supersonic speeds due to the decrease in air density?",
      "options": {
        "A": "Both increase",
        "B": "Both decrease",
        "C": "Lift increases, drag decreases"
      },
      "correct_answer": "B",
      "explanation": "At supersonic speeds, the lower air density reduces both lift and drag."
    }
  ]