[
  {
    "question_number": 1,
    "question": "The usable time of a pre-preg material after being removed from cold storage (at room temperature) before curing is initiated is its...?",
    "options": {
      "a": "Shelf Life",
      "b": "Mechanical Life",
      "c": "Service Life"
    },
    "correct_answer": "b",
    "explanation": "Mechanical life (also known as pot life or work life) is the time a mixed resin or pre-preg remains usable at room temperature before it begins to cure."
  },
  {
    "question_number": 2,
    "question": "The longitudinal distance between fasteners in the same row is called...?",
    "options": {
      "a": "Pitch",
      "b": "Edge Margin",
      "c": "Transverse Pitch"
    },
    "correct_answer": "a",
    "explanation": "Pitch is the center-to-center distance between adjacent fasteners in the same row."
  },
  {
    "question_number": 3,
    "question": "The distance from the center of a rivet to the nearest edge of the sheet is called...?",
    "options": {
      "a": "Pitch",
      "b": "Edge Margin",
      "c": "Rivet Diameter"
    },
    "correct_answer": "b",
    "explanation": "Edge margin (or edge distance) is the distance from the center of the first rivet to the edge of the sheet, critical for preventing tear-out."
  },
  {
    "question_number": 4,
    "question": "What is a commonly specified size for a stop-drill hole used to halt a crack?",
    "options": {
      "a": "0.125 inch (1/8\")",
      "b": "0.50 inch (1/2\")",
      "c": "0.25 inch (1/4\")"
    },
    "correct_answer": "c",
    "explanation": "Stop-drilling a hole at the tip of a crack distributes the stress. The required size can vary, but 0.25 inch was the answer specified in the provided list."
  },
  {
    "question_number": 5,
    "question": "What is the minimum edge margin for a countersunk rivet, where 'D' is the rivet diameter?",
    "options": {
      "a": "2 D",
      "b": "2½ D",
      "c": "3 D"
    },
    "correct_answer": "b",
    "explanation": "Countersunk rivets require a larger edge margin (typically 2.5D) than universal head rivets (2D) to accommodate the countersunk portion."
  },
  {
    "question_number": 6,
    "question": "Which type of damage is generally not allowed on a pressurized fuselage without a proper repair?",
    "options": {
      "a": "Shallow scratch (within limits)",
      "b": "Puncture",
      "c": "Small dent (within limits)"
    },
    "correct_answer": "b",
    "explanation": "A puncture breaches the pressure vessel, compromising its integrity, and is considered severe damage requiring immediate repair."
  },
  {
    "question_number": 7,
    "question": "How is a shallow scratch, which has not removed material below minimum thickness, typically repaired?",
    "options": {
      "a": "Burnishing",
      "b": "Stop-drilling",
      "c": "Patching"
    },
    "correct_answer": "a",
    "explanation": "Burnishing smooths the edges of a very shallow scratch to reduce stress concentration, followed by restoring the protective (e.g., alodine/paint) finish."
  },
  {
    "question_number": 8,
    "question": "What document provides the correct and safe handling procedures for a chemical?",
    "options": {
      "a": "SRM (Structural Repair Manual)",
      "b": "AMM (Aircraft Maintenance Manual)",
      "c": "MSDS (Material Safety Data Sheet)"
    },
    "correct_answer": "c",
    "explanation": "The Material Safety Data Sheet (MSDS), or simply Safety Data Sheet (SDS), details health hazards, PPE, and safe handling procedures for a substance."
  },
  {
    "question_number": 9,
    "question": "What type of damage is commonly caused by exposure to weather and environmental elements?",
    "options": {
      "a": "Fatigue",
      "b": "Corrosion",
      "c": "Abrasion"
    },
    "correct_answer": "b",
    "explanation": "Corrosion is the electrochemical degradation of a material (like aluminum) due to its reaction with the environment (e.g., moisture, salt)."
  },
  {
    "question_number": 10,
    "question": "Which of the following types of mechanical damage can remove protective layers and lead to corrosion?",
    "options": {
      "a": "Scratch & abrasion",
      "b": "Delamination",
      "c": "Oil staining"
    },
    "correct_answer": "a",
    "explanation": "Scratches and abrasion can remove protective coatings (paint, primer, or cladding), exposing the base metal to environmental elements that cause corrosion."
  },
  {
    "question_number": 11,
    "question": "What is a typical optimum radius specified for the corners of a structural cutout repair?",
    "options": {
      "a": "0.1 inch",
      "b": "0.5 inch",
      "c": "1.0 inch"
    },
    "correct_answer": "b",
    "explanation": "A generous radius (such as 0.5 inch, or as specified in the SRM) is required at the corners of a cutout to reduce stress concentration."
  },
  {
    "question_number": 12,
    "question": "In a flush patch repair, what is the correct thickness for the filler plate?",
    "options": {
      "a": "Slightly thinner than the skin",
      "b": "Equal to the skin thickness",
      "c": "Slightly thicker than the skin"
    },
    "correct_answer": "b",
    "explanation": "The filler plate must be the same material and thickness as the original skin to properly fill the cutout and maintain structural continuity."
  },
  {
    "question_number": 13,
    "question": "Which aluminum alloy, known for its good fatigue resistance, is most commonly used for aircraft skin?",
    "options": {
      "a": "6061-T6",
      "b": "7075-T6",
      "c": "2024-T3"
    },
    "correct_answer": "c",
    "explanation": "2024-T3 is widely used for fuselage skins and structures due to its high strength-to-weight ratio and excellent fatigue resistance."
  },
  {
    "question_number": 14,
    "question": "A repair that restores structural strength but does not meet the full durability and fatigue life requirements is known as a...?",
    "options": {
      "a": "Permanent Repair",
      "b": "Time-Limited Repair",
      "c": "Cosmetic Repair"
    },
    "correct_answer": "b",
    "explanation": "A time-limited repair is safe for flight but must be inspected or replaced after a specific time or number of flight cycles."
  },
  {
    "question_number": 15,
    "question": "Which of the following is *not* a valid reason to issue a revision for a technical manual (like an SRM or AMM)?",
    "options": {
      "a": "To correct an error in a procedure",
      "b": "To incorporate a new, approved design change",
      "c": "A change in the airline's internal flight schedule"
    },
    "correct_answer": "c",
    "explanation": "Manuals are revised for technical reasons (errors, design changes, new procedures), not for an individual operator's internal scheduling."
  },
  {
    "question_number": 16,
    "question": "An area on the aircraft (like near a static port) that must be kept clean because it could affect critical instruments is defined as a...?",
    "options": {
      "a": "Critical Area",
      "b": "No-Step Zone",
      "c": "Pressurized Zone"
    },
    "correct_answer": "a",
    "explanation": "A critical area is one where cleanliness or condition is vital for the correct operation of flight instruments or systems (e.g., static ports, angle of attack sensors)."
  },
  {
    "question_number": 17,
    "question": "A high-strength fastener system consisting of a threaded pin and a swaged collar, where the pin is often held with a hex-drive, is known as a...?",
    "options": {
      "a": "Hex-drive fastener (e.g., Hi-Lok)",
      "b": "Blind rivet (e.g., CherryMax)",
      "c": "Solid shank rivet"
    },
    "correct_answer": "a",
    "explanation": "This describes a pin-and-collar system like a Hi-Lok, where the pin has a hex (Allen) recess to prevent rotation while the collar is installed."
  },
  {
    "question_number": 18,
    "question": "Fasteners installed in an integral fuel tank (wet wing) must have _______ applied to prevent leaks.",
    "options": {
      "a": "Sealant",
      "b": "Primer",
      "c": "Lubricant"
    },
    "correct_answer": "a",
    "explanation": "A fuel-resistant sealant (e.g., polysulfide) is applied to all fasteners and seams in an integral fuel tank to ensure it is fuel-tight."
  },
  {
    "question_number": 19,
    "question": "Why is the doubler (patch) for an external repair often tapered at its edges?",
    "options": {
      "a": "For aerodynamic reasons",
      "b": "To save weight",
      "c": "To make it easier to rivet"
    },
    "correct_answer": "a",
    "explanation": "Tapering the edges of an external patch (doubler) reduces parasitic drag by smoothing the airflow over the repair."
  },
  {
    "question_number": 20,
    "question": "Primary Structure is defined as structure that is essential for carrying what types of loads?",
    "options": {
      "a": "Only passenger and cargo (payload) loads",
      "b": "Major ground, flight, and pressure loads",
      "c": "Only loads from non-structural components"
    },
    "correct_answer": "b",
    "explanation": "Primary structure (e.g., spars, frames, pressurized skin) is structure that, if it fails, would cause catastrophic failure of the aircraft."
  },
  {
    "question_number": 21,
    "question": "What type of damage is caused by repeated cyclic loading, often below the material's ultimate tensile strength?",
    "options": {
      "a": "Corrosion",
      "b": "Fatigue",
      "c": "Abrasion"
    },
    "correct_answer": "b",
    "explanation": "Fatigue is the weakening of a material caused by repeatedly applied loads (cycles), leading to crack initiation and propagation."
  },
  {
    "question_number": 22,
    "question": "Which of the following is *not* needed to calculate the required edge margin for a rivet?",
    "options": {
      "a": "Rivet diameter",
      "b": "Type of rivet (e.g., countersunk or universal)",
      "c": "Length of the drill bit"
    },
    "correct_answer": "c",
    "explanation": "Edge margin is a multiple of the rivet diameter (e.g., 2D or 2.5D), but the length of the tool used to drill the hole is irrelevant."
  },
  {
    "question_number": 23,
    "question": "According to the provided data, what is the specified gap between a filler plate and the surrounding material in a repair?",
    "options": {
      "a": "0.001\" - 0.005\"",
      "b": "0.030\" - 0.070\"",
      "c": "0.100\" - 0.150\""
    },
    "correct_answer": "b",
    "explanation": "A specific gap (specified here as 0.030-0.070 inch) is required around the filler plate, often to prevent binding and allow space for sealant."
  },
  {
    "question_number": 24,
    "question": "A coin tap test (or acoustic tap test) is a common inspection method used to detect...?",
    "options": {
      "a": "Fatigue cracks in metal",
      "b": "Delamination or disbond in composite structures",
      "c": "Incorrect bolt torque"
    },
    "correct_answer": "b",
    "explanation": "A tap test relies on sound: a clear, sharp 'ring' indicates a good bond, while a 'dull' or 'flat' sound indicates a delamination or disbond."
  },
  {
    "question_number": 25,
    "question": "What chemical conversion coating is commonly applied to aluminum to inhibit corrosion and improve paint adhesion?",
    "options": {
      "a": "Alodine (or Chromate Conversion)",
      "b": "MEK (Methyl Ethyl Ketone)",
      "c": "Polysulfide Sealant"
    },
    "correct_answer": "a",
    "explanation": "Alodine (a brand name) is a chemical process that creates a passive chromate conversion coating on aluminum to protect it from corrosion."
  },
  {
    "question_number": 26,
    "question": "In a repair manual, an advisory instruction like \"Use thermocouple to measure temperature\" is an example of a...?",
    "options": {
      "a": "Warning (which involves personnel safety)",
      "b": "Caution (which involves equipment safety)",
      "c": "Note (which provides helpful information)"
    },
    "correct_answer": "c",
    "explanation": "A 'Note' provides explanatory information or a suggestion. A 'Warning' is for preventing injury/death. A 'Caution' is for preventing equipment damage."
  },
  {
    "question_number": 27,
    "question": "If a specified material is unavailable and the manual lists no substitutes, what is the correct action?",
    "options": {
      "a": "Use any similar material from stock",
      "b": "Contact the manufacturer (e.g., Boeing/Airbus) for disposition",
      "c": "Document the substitution and proceed with the repair"
    },
    "correct_answer": "b",
    "explanation": "Unauthorized material substitutions are not allowed. The manufacturer (Type Certificate Holder) must be contacted for an approved alternative."
  },
  {
    "question_number": 28,
    "question": "What method is used to prepare a thin sheet (e.g., less than 0.040\") for a flush rivet?",
    "options": {
      "a": "Machine countersinking",
      "b": "Dimpling",
      "c": "Using a standard universal head rivet"
    },
    "correct_answer": "b",
    "explanation": "Machine countersinking thin sheet would remove too much material. Instead, the sheet is 'dimpled' (formed) to accept the flush head."
  },
  {
    "question_number": 29,
    "question": "Which of the following is a dangerous and incorrect practice when mixing strong acids?",
    "options": {
      "a": "Always Add Acid (AAA) to water, slowly",
      "b": "Add water quickly to the acid",
      "c": "Wearing safety goggles and gloves"
    },
    "correct_answer": "b",
    "explanation": "Adding water to acid can generate intense heat (exothermic reaction), causing it to boil and splash. The correct procedure is to 'Always Add Acid' (AAA) to water."
  },
  {
    "question_number": 30,
    "question": "What is the typical minimum edge margin (or edge distance) for a countersunk rivet, where 'D' is the rivet diameter?",
    "options": {
      "a": "1½ D",
      "b": "2 D",
      "c": "2½ D"
    },
    "correct_answer": "c",
    "explanation": "Countersunk rivets require a larger edge margin (typically 2.5D) than universal head rivets (2D) to ensure sufficient strength around the countersink."
  }
]