[
  {
    "question_number": 1,
    "question": "What number drill bit is equivalent to a 3/16\" drill bit?",
    "options": {
      "a": "#20",
      "b": "#10",
      "c": "#30"
    },
    "correct_answer": "b",
    "explanation": "A 3/16\" (0.1875\") drill bit is equivalent to a #10 (0.1935\") number drill bit in many standard charts."
  },
  {
    "question_number": 2,
    "question": "What is the standard procedure for removing a solid rivet?",
    "options": {
      "a": "Drill the shank completely through.",
      "b": "Use a puller to extract the head.",
      "c": "Drill the head and punch the shank out."
    },
    "correct_answer": "c",
    "explanation": "The correct method is to drill the center of the head with a drill bit smaller than the shank, then pop the head off and punch the remaining shank out."
  },
  {
    "question_number": 3,
    "question": "In which SPM (Standard Practices Manual) chapter would you typically find section 36-00-02?",
    "options": {
      "a": "Chapter 36",
      "b": "Chapter 00",
      "c": "Chapter 02"
    },
    "correct_answer": "a",
    "explanation": "The SPM is organized by ATA chapters; a section number starting with '36' (e.g., 36-00-02) is found in Chapter 36."
  },
  {
    "question_number": 4,
    "question": "According to the SPM, what does Chapter 54 cover?",
    "options": {
      "a": "Landing Gear",
      "b": "Engine inaccessible pylon",
      "c": "Crown Area"
    },
    "correct_answer": "b",
    "explanation": "SPM Chapter 54 corresponds to ATA Chapter 54, which covers Nacelles/Pylons, including areas like the engine inaccessible pylon."
  },
  {
    "question_number": 5,
    "question": "If the original fastener is unavailable, which SPM section provides substitution guidance?",
    "options": {
      "a": "51-40-03",
      "b": "36-00-02",
      "c": "54-00-00"
    },
    "correct_answer": "a",
    "explanation": "SPM Chapter 51 is the general structures chapter; section 51-40-03 typically deals with fastener substitution rules."
  },
  {
    "question_number": 6,
    "question": "Which area of an aircraft is generally considered *least* prone to corrosion?",
    "options": {
      "a": "Bilge area",
      "b": "Galley",
      "c": "Crown area"
    },
    "correct_answer": "c",
    "explanation": "The crown area (top of the fuselage) is generally dry and less prone to collecting moisture and contaminants compared to the bilge, galleys, or lavatories."
  },
  {
    "question_number": 7,
    "question": "For electrochemical corrosion to occur, two necessary conditions are:",
    "options": {
      "a": "High heat and high pressure.",
      "b": "An electrical potential difference and an electrolyte (contact).",
      "c": "Low humidity and mechanical vibration."
    },
    "correct_answer": "b",
    "explanation": "Electrochemical corrosion requires an anode, a cathode (creating an electrical potential difference), and an electrolyte (a conductive medium) to connect them."
  },
  {
    "question_number": 8,
    "question": "What is the correct order of preference when selecting a replacement part or fastener?",
    "options": {
      "a": "Alternative -> Equivalent -> Initial",
      "b": "Initial -> Alternative -> Equivalent",
      "c": "Initial -> Equivalent -> Alternative"
    },
    "correct_answer": "c",
    "explanation": "The first choice is always the 'Initial' part. If unavailable, an 'Equivalent' part is preferred. An 'Alternative' part is the last choice."
  },
  {
    "question_number": 9,
    "question": "When assessing elliptical damage (e.g., corrosion), the 'B' dimension typically represents the:",
    "options": {
      "a": "Width of the minor axis",
      "b": "Length of the major axis",
      "c": "Depth of the damage"
    },
    "correct_answer": "a",
    "explanation": "In damage assessment, 'A' usually denotes the major (longest) axis, and 'B' denotes the minor (shortest) axis or width."
  },
  {
    "question_number": 10,
    "question": "What is the diameter of the fastener identified by the part number BCB30 Myk7x?",
    "options": {
      "a": "1/8\"",
      "b": "3/16\"",
      "c": "1/4\""
    },
    "correct_answer": "b",
    "explanation": "In many fastener part numbering systems, the 'Myk' or similar code often relates to diameter. In this context, it signifies a 3/16\" diameter."
  },
  {
    "question_number": 11,
    "question": "Corrosion is primarily caused by which two types of attack?",
    "options": {
      "a": "Mechanical stress and UV radiation",
      "b": "Fretting and metal fatigue",
      "c": "Direct chemical attack and electrochemical attack"
    },
    "correct_answer": "c",
    "explanation": "Corrosion is the degradation of a material, which occurs through direct chemical attack (e.g., by an acid) or, more commonly in aircraft, electrochemical attack (like rusting)."
  },
  {
    "question_number": 12,
    "question": "Fretting corrosion is most commonly observed between parts made of:",
    "options": {
      "a": "Highly malleable metals",
      "b": "Composite (non-metallic) structures",
      "c": "Extremely brittle materials"
    },
    "correct_answer": "a",
    "explanation": "Fretting occurs between two contacting surfaces, often malleable metals, that are under load and subject to slight relative motion or vibration."
  },
  {
    "question_number": 13,
    "question": "What tool is used to transfer the location of a hole from an existing surface to a new (unknown) surface?",
    "options": {
      "a": "A drill stop",
      "b": "A hole duplicator",
      "c": "A reamer"
    },
    "correct_answer": "b",
    "explanation": "A hole duplicator (or 'hole finder') is specifically designed to accurately transfer the center of an existing hole to an overlapping piece of material."
  },
  {
    "question_number": 14,
    "question": "What tool is used to prevent a drill bit from excessive penetration into the material?",
    "options": {
      "a": "A drill stop",
      "b": "A drill bushing",
      "c": "A pilot drill"
    },
    "correct_answer": "a",
    "explanation": "A drill stop is a collar attached to the drill bit to control the depth of the hole and prevent the chuck or bit from damaging the material."
  },
  {
    "question_number": 15,
    "question": "What is one of the most commonly used aluminum alloys in aircraft structures?",
    "options": {
      "a": "6061-T6",
      "b": "2024-T3",
      "c": "3003-H14"
    },
    "correct_answer": "b",
    "explanation": "2024-T3 aluminum alloy is widely used for aircraft skins and structural members due to its high strength-to-weight ratio and good fatigue resistance."
  },
  {
    "question_number": 16,
    "question": "What is the extreme form of intergranular corrosion, characterized by the lifting of metal layers?",
    "options": {
      "a": "Pitting",
      "b": "Exfoliation",
      "c": "Fretting"
    },
    "correct_answer": "b",
    "explanation": "Exfoliation is an advanced stage of intergranular corrosion where the corrosion products build up along grain boundaries, forcing the metal layers to separate and swell."
  },
  {
    "question_number": 17,
    "question": "What color code typically identifies a 2nd (second) oversize fastener collar?",
    "options": {
      "a": "Red",
      "b": "Blue",
      "c": "Yellow"
    },
    "correct_answer": "b",
    "explanation": "In many fastener systems, collars are color-coded by size. Blue often designates the 2nd oversize collar."
  },
  {
    "question_number": 18,
    "question": "What is the *first* step in the damage assessment process?",
    "options": {
      "a": "Repair procedure",
      "b": "Measurement of damage",
      "c": "Identification of the damage type"
    },
    "correct_answer": "c",
    "explanation": "Before a repair can be measured or selected, the type of damage (e.g., corrosion, crack, dent) must first be correctly identified."
  },
  {
    "question_number": 19,
    "question": "When searching for a repair procedure in the manual, the correct search order is from:",
    "options": {
      "a": "General (SPM) to Specific (SRM)",
      "b": "Specific (SRM chapter) to General (SRM 51)",
      "c": "Newest (SB) to Oldest (SRM)"
    },
    "correct_answer": "b",
    "explanation": "You first look for a specific repair in the dedicated SRM chapter (e.g., Ch 54 for Pylon). If no specific repair exists, you consult the general structural repair chapter (Ch 51)."
  },
  {
    "question_number": 20,
    "question": "When removing a damaged rivet by drilling, the drill bit used should ideally be:",
    "options": {
      "a": "Exactly the same size as the shank diameter.",
      "b": "1/32\" larger than the shank diameter.",
      "c": "1/32\" (or slightly) less than the shank diameter."
    },
    "correct_answer": "c",
    "explanation": "Using a drill bit slightly smaller than the shank (e.g., 1/32\" less) ensures you only remove the rivet head/shank material without enlarging the hole in the structure."
  },
  {
    "question_number": 21,
    "question": "During material selection for a repair, which of the following is *not* considered a *physical* or *mechanical* property?",
    "options": {
      "a": "Strength-to-weight ratio",
      "b": "Cost",
      "c": "Corrosion resistance"
    },
    "correct_answer": "b",
    "explanation": "Strength and corrosion resistance are inherent physical/mechanical properties of a material. Cost is an economic consideration, not a physical one."
  },
  {
    "question_number": 22,
    "question": "Which aircraft station measurement is used to identify locations to the right or left of the center fuselage?",
    "options": {
      "a": "Water Line (WL)",
      "b": "Fuselage Station (FS)",
      "c": "Buttock Line (BL)"
    },
    "correct_answer": "c",
    "explanation": "Buttock Lines (BL) are vertical planes measured laterally (left or right) from the aircraft's longitudinal centerline."
  },
  {
    "question_number": 23,
    "question": "During the installation of a standard Hi-Lok fastener, which tool is *not* used?",
    "options": {
      "a": "A puller",
      "b": "An Allen (hex) key",
      "c": "A ratchet or wrench"
    },
    "correct_answer": "a",
    "explanation": "A Hi-Lok is installed by holding the pin with an Allen key and tightening the collar with a ratchet until it shears off. A 'puller' is used for blind rivets, not Hi-Loks."
  }
]