[
  {
    "question_number": 1,
    "question": "What will result if an oil filter becomes completely blocked",
    "options": {
      "a": "Oil will flow at a reduced rate through the system",
      "b": "Oil flow to the engine will stop",
      "c": "Oil will flow at the normal rate through the system"
    },
    "correct_answer": "c",
    "explanation": "Oil filters are equipped with a bypass valve. If the filter becomes blocked, the valve opens, allowing unfiltered oil to continue flowing to the engine to prevent oil starvation."
  },
  {
    "question_number": 2,
    "question": "An advantage of the centrifugal flow compressor is its high",
    "options": {
      "a": "peak efficiency",
      "b": "ram efficiency",
      "c": "pressure rise per stage"
    },
    "correct_answer": "c",
    "explanation": "Centrifugal compressors are known for achieving a high pressure rise in a single stage, making them simple and robust."
  },
  {
    "question_number": 3,
    "question": "Which type of fuel control is used on most of today's turbine engines",
    "options": {
      "a": "Hydromechanical or electronic",
      "b": "Mechanical. Option",
      "c": "Electronic"
    },
    "correct_answer": "a",
    "explanation": "Modern turbine engines use either hydromechanical fuel controls, electronic controls (like FADEC), or a combination of both."
  },
  {
    "question_number": 4,
    "question": "As subsonic air flows through a convergent nozzle the velocity",
    "options": {
      "a": "decreases",
      "b": "remains constant",
      "c": "Increases"
    },
    "correct_answer": "c",
    "explanation": "For subsonic flow, a convergent nozzle constricts the flow, causing the velocity to increase and the pressure to decrease (Bernoulli's principle)."
  },
  {
    "question_number": 5,
    "question": "The purpose of the LP fuel pump is to",
    "options": {
      "a": "pump fuel from the aircraft fuel tanks to the engine",
      "b": "ensure the fuel flow governor gets enough fuel",
      "c": "ensure the H.P fuel pump does not cavitate"
    },
    "correct_answer": "c",
    "explanation": "The low-pressure (LP) boost pump ensures that the high-pressure (HP) pump has a steady supply of fuel and prevents cavitation (vapor bubbles)."
  },
  {
    "question_number": 6,
    "question": "The basic gas turbine engine is divided into two main sections: the cold section and th",
    "options": {
      "a": "The hot section includes the combustor, turbine, and exhaust",
      "b": "The hot section includes the combustor, diffuser, and exhaust",
      "c": "The cold section includes the engine inlet, compressor, and turbine sections"
    },
    "correct_answer": "a",
    "explanation": "The hot section of a gas turbine engine consists of the parts exposed to high temperatures: the combustor, turbine, and exhaust."
  },
  {
    "question_number": 7,
    "question": "How is engine oil usually cooled",
    "options": {
      "a": "By ram air. Option C",
      "b": "By bleed air",
      "c": "By a fuel/oil cooler"
    },
    "correct_answer": "c",
    "explanation": "Engine oil is most commonly cooled by a fuel/oil heat exchanger, which transfers heat from the oil to the fuel."
  },
  {
    "question_number": 8,
    "question": "Engine anti-ice is taken from the",
    "options": {
      "a": "A. turbine",
      "b": "H.P compressor",
      "c": "LP compressor"
    },
    "correct_answer": "b",
    "explanation": "Hot bleed air for engine anti-icing is taken from the high-pressure (HP) compressor section."
  },
  {
    "question_number": 9,
    "question": "What is one purpose of the stator blades in the compressor section",
    "options": {
      "a": "Stabilize the pressure of the airflow",
      "b": "Increase the velocity of the airflow",
      "c": "Control the direction of the airflow"
    },
    "correct_answer": "c",
    "explanation": "Stator vanes are stationary airfoils that control the direction of the airflow between the rotating stages of an axial compressor, converting velocity into pressure."
  },
  {
    "question_number": 10,
    "question": "Normal fuel/air ratio for successful combustion is",
    "options": {
      "a": "25:1",
      "b": "10:1",
      "c": "15:1"
    },
    "correct_answer": "c",
    "explanation": "The stoichiometric (chemically ideal) fuel/air ratio for kerosene-based jet fuel is approximately 15:1 by mass."
  },
  {
    "question_number": 11,
    "question": "An H.M.U receives its signals from",
    "options": {
      "a": "thrust lever resolvers",
      "b": "ADC",
      "c": "E.E.C."
    },
    "correct_answer": "a",
    "explanation": "A hydromechanical unit (HMU) is mechanically linked to the thrust levers in the cockpit."
  },
  {
    "question_number": 12,
    "question": "Vibration pick-ups are located",
    "options": {
      "a": "on the fan/compressor case",
      "b": "on both fan and turbine cases",
      "c": "on the turbine case"
    },
    "correct_answer": "b",
    "explanation": "Vibration sensors are placed on both the fan/compressor case and the turbine case to monitor the health of both the N1 and N2 spools."
  },
  {
    "question_number": 13,
    "question": "What are the two main functional components in a centrifugal compressor",
    "options": {
      "a": "Impeller and diffuser",
      "b": "Bucket and expander",
      "c": "Turbine and compressor"
    },
    "correct_answer": "a",
    "explanation": "A centrifugal compressor increases air pressure by passing it through a rotating impeller and then a stationary diffuser."
  },
  {
    "question_number": 14,
    "question": "In a gas turbine engine, turbine section",
    "options": {
      "a": "velocity decreases and pressure increases",
      "b": "velocity increases and pressure decreases",
      "c": "temperature decreases along with pressure and velocity"
    },
    "correct_answer": "b",
    "explanation": "As the hot gas expands through the turbine, its pressure and temperature decrease, causing its velocity to increase and drive the turbine blades."
  },
  {
    "question_number": 15,
    "question": "What section provides proper mixing of the fuel and efficient burning of the gases",
    "options": {
      "a": "Combustion section and compressor section",
      "b": "Combustion section only",
      "c": "Diffuser section and combustion section"
    },
    "correct_answer": "b",
    "explanation": "The combustion section is specifically designed to mix fuel and air and to burn the resulting mixture efficiently."
  },
  {
    "question_number": 16,
    "question": "On an axial flow, dual compressor forward fan engine, the fan turns the same speed as the",
    "options": {
      "a": "low pressure turbine",
      "b": "forward turbine wheel",
      "c": "high pressure compressor"
    },
    "correct_answer": "a",
    "explanation": "The fan and the low-pressure compressor are part of the N1 spool, which is driven by the low-pressure turbine."
  },
  {
    "question_number": 17,
    "question": "At what point in an axial flow turbojet engine will the highest gas pressures",
    "options": {
      "a": "At the compressor outlet",
      "b": "Within the burner section",
      "c": "At the turbine entrance"
    },
    "correct_answer": "a",
    "explanation": "The highest gas pressure is found at the outlet of the compressor section, just before the air enters the combustion chamber."
  },
  {
    "question_number": 18,
    "question": "What will be the position of VSV at engine start",
    "options": {
      "a": "Open",
      "b": "Closed",
      "c": "Slightly open"
    },
    "correct_answer": "a",
    "explanation": "Variable Stator Vanes (VSVs) are typically in the open position at engine start to prevent compressor stall at low RPMs."
  },
  {
    "question_number": 19,
    "question": "A jet engine derives its thrust by",
    "options": {
      "a": "reaction of the propelling gases",
      "b": "impingement of the propelling gases on the outside air",
      "c": "drawing air into the compressor"
    },
    "correct_answer": "a",
    "explanation": "Jet engines operate on Newton's Third Law of Motion. The force required to accelerate the mass of air through the engine creates an equal and opposite reaction force, which is thrust."
  },
  {
    "question_number": 20,
    "question": "How is the N1 measured on a double spool engine",
    "options": {
      "a": "speed probes from the shafts",
      "b": "Tachometer connected to the external gearbox",
      "c": "Tachometer connected to the internal gearbox"
    },
    "correct_answer": "a",
    "explanation": "N1 speed is typically measured by magnetic or optical speed probes that sense the rotation of the N1 shaft."
  },
  {
    "question_number": 21,
    "question": "Which one is the source of turbine case cooling",
    "options": {
      "a": "fan air",
      "b": "H.P compressor air",
      "c": "LP compressor air"
    },
    "correct_answer": "a",
    "explanation": "Fan air is often used for turbine case cooling as it is cooler and at a lower pressure than compressor bleed air."
  },
  {
    "question_number": 22,
    "question": "What power out does aircraft the A.P.U supplies",
    "options": {
      "a": "electrics",
      "b": "pneumatics and electrics",
      "c": "pneumatics"
    },
    "correct_answer": "b",
    "explanation": "An APU's primary function is to provide both electrical power for the aircraft systems and pneumatic power (bleed air) for engine starting and air conditioning."
  },
  {
    "question_number": 23,
    "question": "Why do turbine engine ignition systems require high energy",
    "options": {
      "a": "To ignite the fuel under conditions of high altitude and low temperatures",
      "b": "To ignite the fuel under conditions of high altitude and high temperatures",
      "c": "Because the applied voltage is much greater"
    },
    "correct_answer": "a",
    "explanation": "A high-energy spark is required to reliably ignite the fuel-air mixture in the challenging conditions of high altitude (low air density) and cold temperatures."
  },
  {
    "question_number": 24,
    "question": "What is the primary purpose of the oil breather system that is used on turbine engines",
    "options": {
      "a": "Allows aeration of the oil for better lubrication because of the air/oil mist",
      "b": "Prevents foaming of the oil",
      "c": "Provides a proper oil spray pattern from the main bearing oil jets"
    },
    "correct_answer": "b",
    "explanation": "The breather system vents excess air pressure from the bearing compartments, separating the air from the scavenged oil to prevent foaming."
  },
  {
    "question_number": 25,
    "question": "An A.PU consists of",
    "options": {
      "a": "a power compressor and directly connected turbine",
      "b": "a power compressor and load compressor, gearbox",
      "c": "a load compressor and free turbine"
    },
    "correct_answer": "a",
    "explanation": "A typical APU consists of a power section (compressor and turbine on a single shaft) and a gearbox to drive accessories."
  },
  {
    "question_number": 26,
    "question": "When is ignition used",
    "options": {
      "a": "At high altitudes",
      "b": "For continuous relight",
      "c": "For relight and start up"
    },
    "correct_answer": "c",
    "explanation": "The ignition system is used for the initial engine start-up on the ground and for in-flight relights if the engine flames out."
  },
  {
    "question_number": 27,
    "question": "Self sustaining RPM means that",
    "options": {
      "a": "The engine can accelerate to full power in under 5 seconds",
      "b": "There is sufficient power for ground maneuvering",
      "c": "The engine will run independently without help"
    },
    "correct_answer": "c",
    "explanation": "Self-sustaining RPM is the minimum speed at which the engine's compressor supplies enough air to the turbine to continue running without starter assistance."
  },
  {
    "question_number": 28,
    "question": "What type of oil system is usually found on turbine engines",
    "options": {
      "a": "Dry sump, pressure, and spray",
      "b": "Dry sump, dip, and splash",
      "c": "Wet sump, spray, and splash"
    },
    "correct_answer": "a",
    "explanation": "Turbine engines almost exclusively use a dry sump system with pressure and spray lubrication to handle the high altitudes and maneuvering."
  },
  {
    "question_number": 29,
    "question": "An A.P.U is usually rotated during start by",
    "options": {
      "a": "an electric starter",
      "b": "a pneumatic starter",
      "c": "a turbine impingement system"
    },
    "correct_answer": "a",
    "explanation": "Most modern APUs utilize an electric starter, often integrated into the APU's generator."
  },
  {
    "question_number": 30,
    "question": "Last chance' filters in a lubrication system are serviced during",
    "options": {
      "a": "line maintenance",
      "b": "routine oil change",
      "c": "engine overhaul"
    },
    "correct_answer": "c",
    "explanation": "Last chance filters are critical components that are typically serviced during a full engine overhaul to ensure their integrity."
  },
  {
    "question_number": 31,
    "question": "Which one is a secondary function of engine oil",
    "options": {
      "a": "Cools, seals, prevents corrosion",
      "b": "Cools, seals, prevents corrosion, cushions shock loads",
      "c": "Cools and seals"
    },
    "correct_answer": "b",
    "explanation": "While cooling and sealing are primary functions, preventing corrosion and cushioning shock loads are important secondary functions of engine oil."
  },
  {
    "question_number": 32,
    "question": "In a twin spool compressor system, the first stage turbine drives the",
    "options": {
      "a": "N2 compressor",
      "b": "N1 and N2 compressors",
      "c": "N1 compressor"
    },
    "correct_answer": "c",
    "explanation": "In a twin-spool engine, the low-pressure (N1) turbine drives the low-pressure (N1) compressor and fan."
  },
  {
    "question_number": 33,
    "question": "Acoustic linings made from composite materials are used in what section",
    "options": {
      "a": "Not used to suppress noise",
      "b": "Gold section only",
      "c": "Cold Section"
    },
    "correct_answer": "c",
    "explanation": "Acoustic linings are used in the cold section (intake and bypass duct) of a turbine engine to absorb and reduce fan noise."
  },
  {
    "question_number": 34,
    "question": "What is the purpose of the fuel/oil heat exchanger",
    "options": {
      "a": "To cool the fuel before it enters the engine",
      "b": "To heat the oil before it enters the engine",
      "c": "To cool the oil before it enters the engine"
    },
    "correct_answer": "c",
    "explanation": "The fuel/oil heat exchanger cools the oil by transferring heat to the fuel, which is then used in combustion."
  },
  {
    "question_number": 35,
    "question": "What is the purpose of a gas turbine engine's diffuser section",
    "options": {
      "a": "To increase air pressure and decrease velocity",
      "b": "To decrease air pressure and increase velocity",
      "c": "To mix fuel and air"
    },
    "correct_answer": "a",
    "explanation": "The diffuser section slows down the airflow, increasing its pressure before it enters the combustion chamber."
  }
]
