[
    {
      "question_number": 1,
      "question": "What are the four primary forces acting on an aircraft in flight?",
      "options": {
        "a": "Lift, Drag, Thrust, Weight",
        "b": "Lift, Friction, Gravity, Power",
        "c": "Thrust, Drag, Gravity, Momentum"
      },
      "correct_answer": "a",
      "explanation": "The four primary forces acting on an aircraft are Lift (upward force from wings), Drag (friction from air), Thrust (forward force from engines), and Weight (downward force due to gravity)."
    },
    {
      "question_number": 2,
      "question": "How is the aspect ratio of a wing calculated?",
      "options": {
        "a": "Span divided by mean chord",
        "b": "Area divided by span",
        "c": "Chord divided by span"
      },
      "correct_answer": "a",
      "explanation": "Aspect ratio (A) is calculated by dividing the wing span by the mean chord or alternatively as the square of the span divided by the wing area (A = Span²/Area)."
    },
    {
      "question_number": 3,
      "question": "What is the relationship between aspect ratio and induced drag?",
      "options": {
        "a": "Induced drag is directly proportional to aspect ratio",
        "b": "Induced drag is inversely proportional to aspect ratio",
        "c": "Induced drag is independent of aspect ratio"
      },
      "correct_answer": "b",
      "explanation": "Induced drag is inversely proportional to aspect ratio, as shown in the formula: Induced drag = kC_L²/(πA)qS, where A is the aspect ratio."
    },
    {
      "question_number": 4,
      "question": "Which wing planform is aerodynamically the most efficient?",
      "options": {
        "a": "Rectangular",
        "b": "Elliptical",
        "c": "Pointed"
      },
      "correct_answer": "b",
      "explanation": "The elliptical wing planform is the most efficient as it produces uniform lift distribution and minimal induced drag for a given aspect ratio."
    },
    {
      "question_number": 5,
      "question": "Why does a rectangular wing tend to stall at the root first?",
      "options": {
        "a": "Higher local lift coefficients at the root",
        "b": "Lower local lift coefficients at the root",
        "c": "Uniform lift distribution across the span"
      },
      "correct_answer": "a",
      "explanation": "A rectangular wing has higher local lift coefficients at the root due to lower downwash, causing the root to stall first."
    },
    {
      "question_number": 6,
      "question": "What is the effect of sweepback on the lift coefficient (CL_max)?",
      "options": {
        "a": "Increases CL_max",
        "b": "Reduces CL_max",
        "c": "No effect on CL_max"
      },
      "correct_answer": "b",
      "explanation": "Sweepback reduces CL_max due to premature flow separation at the wing tips, as explained in the document."
    },
    {
      "question_number": 7,
      "question": "What is the primary reason for using sweepback in high-speed aircraft?",
      "options": {
        "a": "To increase lift",
        "b": "To reduce drag at high speeds",
        "c": "To improve low-speed handling"
      },
      "correct_answer": "b",
      "explanation": "Sweepback is used to reduce drag at high speeds, particularly in the transonic and supersonic regimes."
    },
    {
      "question_number": 8,
      "question": "What causes tip stalling in a highly tapered wing?",
      "options": {
        "a": "High local lift coefficients at the tip",
        "b": "Low local lift coefficients at the tip",
        "c": "Uniform lift distribution"
      },
      "correct_answer": "a",
      "explanation": "Highly tapered wings have high local lift coefficients just inboard of the tip, leading to tip stalling."
    },
    {
      "question_number": 9,
      "question": "What is the main advantage of a crescent wing planform?",
      "options": {
        "a": "Prevents tip stalling",
        "b": "Increases low-speed lift",
        "c": "Reduces structural weight"
      },
      "correct_answer": "a",
      "explanation": "The crescent wing prevents tip stalling by reducing boundary layer outflow at the tips."
    },
    {
      "question_number": 10,
      "question": "How does a forward swept wing (FSW) affect stall characteristics?",
      "options": {
        "a": "Stalls at the tip first",
        "b": "Stalls at the root first",
        "c": "No effect on stall"
      },
      "correct_answer": "b",
      "explanation": "A forward swept wing tends to stall at the root first, improving control at the stall."
    },
    {
      "question_number": 11,
      "question": "What is the primary disadvantage of a tailless delta wing?",
      "options": {
        "a": "Increased CL_max",
        "b": "Reduced CL_max",
        "c": "Improved low-speed handling"
      },
      "correct_answer": "b",
      "explanation": "A tailless delta wing has a reduced CL_max due to the upward deflection of the trailing edge acting as an elevator."
    },
    {
      "question_number": 12,
      "question": "What is the glide angle dependent on?",
      "options": {
        "a": "Thrust-to-weight ratio",
        "b": "Lift-to-drag ratio",
        "c": "Wing loading"
      },
      "correct_answer": "b",
      "explanation": "The glide angle is determined by the lift-to-drag ratio (Tan θ = 1/(L/D))."
    },
    {
      "question_number": 13,
      "question": "What force is primarily responsible for an aircraft's climb?",
      "options": {
        "a": "Lift",
        "b": "Thrust",
        "c": "Weight"
      },
      "correct_answer": "b",
      "explanation": "Thrust is primarily responsible for climb, as it overcomes drag and the component of weight along the climb path (T = D + W sin θ)."
    },
    {
      "question_number": 14,
      "question": "What is the rate of climb (ROC) dependent on?",
      "options": {
        "a": "Excess power",
        "b": "Lift coefficient",
        "c": "Drag coefficient"
      },
      "correct_answer": "a",
      "explanation": "Rate of climb is dependent on excess power (ROC = (TV - DV)/W), where TV is power available and DV is power required."
    },
    {
      "question_number": 15,
      "question": "In steady-state flight, how are the four forces arranged?",
      "options": {
        "a": "Lift equals drag, thrust equals weight",
        "b": "Lift equals weight, thrust equals drag",
        "c": "Lift equals thrust, drag equals weight"
      },
      "correct_answer": "b",
      "explanation": "In steady-state flight, lift equals weight and thrust equals drag to maintain equilibrium."
    },
    {
      "question_number": 16,
      "question": "What is centripetal force in the context of an aircraft turn?",
      "options": {
        "a": "Vertical component of lift",
        "b": "Horizontal component of lift",
        "c": "Thrust force"
      },
      "correct_answer": "b",
      "explanation": "Centripetal force in a turn is the horizontal component of lift, which acts toward the center of the turn."
    },
    {
      "question_number": 17,
      "question": "How is centripetal force calculated for an aircraft turn?",
      "options": {
        "a": "W V² / (g r)",
        "b": "W V / (g r)",
        "c": "W g / (V² r)"
      },
      "correct_answer": "a",
      "explanation": "Centripetal force is calculated as W V² / (g r), where W is weight, V is velocity, g is gravity, and r is the radius of the turn."
    },
    {
      "question_number": 18,
      "question": "What is the purpose of a stall protection system?",
      "options": {
        "a": "To increase lift",
        "b": "To prevent the aircraft from stalling",
        "c": "To reduce drag"
      },
      "correct_answer": "b",
      "explanation": "Stall protection systems are designed to prevent the aircraft from entering a stall by warning or automatically correcting high angles of attack."
    },
    {
      "question_number": 19,
      "question": "What is the primary function of high lift devices like flaps?",
      "options": {
        "a": "Increase drag",
        "b": "Increase lift at low speeds",
        "c": "Reduce stall speed"
      },
      "correct_answer": "b",
      "explanation": "High lift devices like flaps increase lift at low speeds, allowing for slower takeoff and landing speeds."
    },
    {
      "question_number": 20,
      "question": "What is the effect of deploying spoilers on a wing?",
      "options": {
        "a": "Increase lift, decrease drag",
        "b": "Decrease lift, increase drag",
        "c": "Increase lift, increase drag"
      },
      "correct_answer": "b",
      "explanation": "Spoilers decrease lift and increase drag, used for roll control or to slow the aircraft."
    },
    {
      "question_number": 21,
      "question": "What is the purpose of vortex generators?",
      "options": {
        "a": "Reduce lift",
        "b": "Control boundary layer separation",
        "c": "Increase drag"
      },
      "correct_answer": "b",
      "explanation": "Vortex generators energize the boundary layer to delay separation and improve control at high angles of attack."
    },
    {
      "question_number": 22,
      "question": "What is the effect of wing fences?",
      "options": {
        "a": "Increase spanwise flow",
        "b": "Reduce spanwise flow",
        "c": "Increase induced drag"
      },
      "correct_answer": "b",
      "explanation": "Wing fences reduce spanwise flow, helping to prevent tip stalling on swept wings."
    },
    {
      "question_number": 23,
      "question": "What is static stability in an aircraft?",
      "options": {
        "a": "Tendency to return to equilibrium after disturbance",
        "b": "Ability to maintain constant speed",
        "c": "Resistance to oscillations"
      },
      "correct_answer": "a",
      "explanation": "Static stability refers to the aircraft's tendency to return to its original position after a disturbance."
    },
    {
      "question_number": 24,
      "question": "What is dynamic stability in an aircraft?",
      "options": {
        "a": "Ability to dampen oscillations over time",
        "b": "Resistance to initial displacement",
        "c": "Constant flight path maintenance"
      },
      "correct_answer": "a",
      "explanation": "Dynamic stability refers to the aircraft's ability to dampen oscillations over time after a disturbance."
    },
    {
      "question_number": 25,
      "question": "What provides directional stability in an aircraft?",
      "options": {
        "a": "Horizontal stabilizer",
        "b": "Vertical stabilizer (fin)",
        "c": "Wing dihedral"
      },
      "correct_answer": "b",
      "explanation": "The vertical stabilizer (fin) provides directional stability by creating a restoring moment after a yaw disturbance."
    },
    {
      "question_number": 26,
      "question": "What is the purpose of the horizontal stabilizer?",
      "options": {
        "a": "Provide lateral stability",
        "b": "Provide longitudinal stability",
        "c": "Control yaw"
      },
      "correct_answer": "b",
      "explanation": "The horizontal stabilizer provides longitudinal stability by creating a restoring moment after a pitch disturbance."
    },
    {
      "question_number": 27,
      "question": "How does dihedral contribute to lateral stability?",
      "options": {
        "a": "Increases lift on the lower wing during sideslip",
        "b": "Reduces lift on the lower wing during sideslip",
        "c": "Increases drag during sideslip"
      },
      "correct_answer": "a",
      "explanation": "Dihedral increases lift on the lower wing during a sideslip, creating a restoring roll moment."
    },
    {
      "question_number": 28,
      "question": "What is the effect of a T-tail configuration?",
      "options": {
        "a": "Improves pitch control in turbulent air",
        "b": "Reduces rudder effectiveness",
        "c": "Increases drag at low speeds"
      },
      "correct_answer": "a",
      "explanation": "A T-tail places the horizontal stabilizer above turbulent wing wake, improving pitch control."
    },
    {
      "question_number": 29,
      "question": "What is the primary function of ailerons?",
      "options": {
        "a": "Control pitch",
        "b": "Control roll",
        "c": "Control yaw"
      },
      "correct_answer": "b",
      "explanation": "Ailerons control roll by creating differential lift on the wings."
    },
    {
      "question_number": 30,
      "question": "What is the role of the rudder in an aircraft?",
      "options": {
        "a": "Control pitch",
        "b": "Control yaw",
        "c": "Control roll"
      },
      "correct_answer": "b",
      "explanation": "The rudder controls yaw by creating a side force to rotate the aircraft about the normal axis."
    },
    {
      "question_number": 31,
      "question": "What are elevons used for?",
      "options": {
        "a": "Combined pitch and roll control",
        "b": "Combined yaw and roll control",
        "c": "Combined pitch and yaw control"
      },
      "correct_answer": "a",
      "explanation": "Elevons on delta-wing aircraft provide both pitch and roll control by moving symmetrically or asymmetrically."
    },
    {
      "question_number": 32,
      "question": "What is the function of a stabilator?",
      "options": {
        "a": "Fixed horizontal stabilizer",
        "b": "All-moving horizontal stabilizer",
        "c": "Yaw control surface"
      },
      "correct_answer": "b",
      "explanation": "A stabilator is an all-moving horizontal stabilizer that controls pitch by changing its angle of attack."
    },
    {
      "question_number": 33,
      "question": "What is the advantage of a canard design?",
      "options": {
        "a": "Increases drag",
        "b": "Reduces drag by contributing to lift",
        "c": "Improves yaw control"
      },
      "correct_answer": "b",
      "explanation": "A canard contributes to total lift, reducing drag compared to a conventional tailplane."
    },
    {
      "question_number": 34,
      "question": "What is adverse yaw?",
      "options": {
        "a": "Yaw in the direction of the turn",
        "b": "Yaw opposite to the direction of the turn",
        "c": "Yaw caused by rudder deflection"
      },
      "correct_answer": "b",
      "explanation": "Adverse yaw is the yawing moment opposite to the intended turn direction due to increased drag on the upward aileron."
    },
    {
      "question_number": 35,
      "question": "How do Frise ailerons reduce adverse yaw?",
      "options": {
        "a": "Increase drag on the down-going aileron",
        "b": "Increase drag on the up-going aileron",
        "c": "Reduce lift on the up-going aileron"
      },
      "correct_answer": "b",
      "explanation": "Frise ailerons protrude into the airstream when raised, increasing drag on the up-going aileron to counteract adverse yaw."
    },
    {
      "question_number": 36,
      "question": "What is Dutch roll?",
      "options": {
        "a": "Combined pitch and roll motion",
        "b": "Combined yaw and roll motion",
        "c": "Combined pitch and yaw motion"
      },
      "correct_answer": "b",
      "explanation": "Dutch roll is a combined yaw and roll motion, more pronounced in swept-wing aircraft."
    },
    {
      "question_number": 37,
      "question": "What is the purpose of trim tabs?",
      "options": {
        "a": "Assist in moving primary control surfaces",
        "b": "Maintain control deflection for balanced flight",
        "c": "Increase lift during takeoff"
      },
      "correct_answer": "b",
      "explanation": "Trim tabs maintain control deflection to keep the aircraft in balanced flight without pilot effort."
    },
    {
      "question_number": 38,
      "question": "How do balance tabs assist the pilot?",
      "options": {
        "a": "Increase control surface load",
        "b": "Reduce control surface load",
        "c": "Maintain neutral control position"
      },
      "correct_answer": "b",
      "explanation": "Balance tabs move opposite to the primary control surface, reducing the pilot's effort to move it."
    },
    {
      "question_number": 39,
      "question": "What is the function of a servo tab?",
      "options": {
        "a": "Acts as a power booster for control surfaces",
        "b": "Provides yaw control",
        "c": "Increases drag"
      },
      "correct_answer": "a",
      "explanation": "Servo tabs act as a power booster, requiring pilot effort only to move the tab, which then moves the primary control surface."
    },
    {
      "question_number": 40,
      "question": "How does a spring tab assist at high speeds?",
      "options": {
        "a": "Reduces control surface deflection",
        "b": "Provides progressive aerodynamic assistance",
        "c": "Increases control surface load"
      },
      "correct_answer": "b",
      "explanation": "Spring tabs provide increasing aerodynamic assistance with higher airspeed, aiding control surface movement."
    },
    {
      "question_number": 41,
      "question": "What is the Mach number?",
      "options": {
        "a": "Ratio of aircraft speed to local speed of sound",
        "b": "Ratio of lift to drag",
        "c": "Ratio of thrust to weight"
      },
      "correct_answer": "a",
      "explanation": "Mach number is the ratio of the aircraft's true airspeed to the local speed of sound at that altitude."
    },
    {
      "question_number": 42,
      "question": "What is the speed of sound at sea level on a standard day?",
      "options": {
        "a": "661 mph",
        "b": "761 mph",
        "c": "861 mph"
      },
      "correct_answer": "b",
      "explanation": "On a standard day at sea level (15°C), the speed of sound is approximately 761 mph."
    },
    {
      "question_number": 43,
      "question": "What characterizes subsonic flight?",
      "options": {
        "a": "Airflow is compressible",
        "b": "Airflow is incompressible",
        "c": "Shock waves form"
      },
      "correct_answer": "b",
      "explanation": "Subsonic flight is characterized by incompressible airflow, with minimal changes in pressure and density."
    },
    {
      "question_number": 44,
      "question": "What is the transonic flight range?",
      "options": {
        "a": "Mach 0.75 to Mach 1.2",
        "b": "Mach 1.2 to Mach 5.0",
        "c": "Mach 0.5 to Mach 0.75"
      },
      "correct_answer": "a",
      "explanation": "Transonic flight occurs between Mach 0.75 and Mach 1.2, where both subsonic and supersonic airflow coexist."
    },
    {
      "question_number": 45,
      "question": "What is the critical Mach number (M_crit)?",
      "options": {
        "a": "Speed at which the aircraft reaches Mach 1",
        "b": "Speed at which airflow over the wing reaches Mach 1",
        "c": "Speed at which shock waves disappear"
      },
      "correct_answer": "b",
      "explanation": "The critical Mach number is the aircraft speed at which airflow over the wing first reaches Mach 1."
    },
    {
      "question_number": 46,
      "question": "Why do thin wings have a higher critical Mach number?",
      "options": {
        "a": "They produce more lift",
        "b": "Airflow accelerates less over the camber",
        "c": "They generate more drag"
      },
      "correct_answer": "b",
      "explanation": "Thin wings cause less acceleration of airflow over the camber, delaying the onset of Mach 1 and increasing M_crit."
    },
    {
      "question_number": 47,
      "question": "Stall inducers may be fitted to a wing",
      "options": {
        "a": "at the root to cause the root to stall first",
        "b": "at the tip to cause the root to stall first",
        "c": "at the root to cause the tip to stall first"
      },
      "correct_answer": "a",
      "explanation": "Stall inducers (or stall strips) are placed at the root of the wing to trip up the airflow just before full stall to ensure the wing stalls first at the root (and maintains the aileron authority even with a partially stalled wing)."
    },
    {
      "question_number": 48,
      "question": "What is the primary effect of a shock wave on a wing?",
      "options": {
        "a": "Increases lift",
        "b": "Increases drag and decreases lift",
        "c": "Reduces drag"
      },
      "correct_answer": "b",
      "explanation": "A shock wave causes a rapid rise in pressure, increasing drag and reducing lift due to flow separation."
    },
    {
      "question_number": 49,
      "question": "What is compressibility buffet?",
      "options": {
        "a": "Vibration due to shock waves",
        "b": "Vibration due to engine failure",
        "c": "Vibration due to low-speed stall"
      },
      "correct_answer": "a",
      "explanation": "Compressibility buffet is the violent vibration caused by shock waves forming on the wing at transonic speeds."
    },
    {
      "question_number": 50,
      "question": "What is the purpose of a supercritical wing?",
      "options": {
        "a": "Increase lift at low speeds",
        "b": "Reduce drag in transonic flight",
        "c": "Improve yaw control"
      },
      "correct_answer": "b",
      "explanation": "A supercritical wing is designed to reduce drag and delay shock wave formation in transonic flight."
    },
    {
      "question_number": 51,
      "question": "What happens to the center of pressure when a shock wave forms?",
      "options": {
        "a": "Moves forward",
        "b": "Moves aft",
        "c": "Remains unchanged"
      },
      "correct_answer": "b",
      "explanation": "Shock wave formation causes the center of pressure to move aft, affecting the pitching moment."
    },
    {
      "question_number": 52,
      "question": "What is the effect of a bow wave in supersonic flight?",
      "options": {
        "a": "Increases lift",
        "b": "Eliminates transonic effects",
        "c": "Increases drag"
      },
      "correct_answer": "b",
      "explanation": "A bow wave in supersonic flight attaches to the leading edge, eliminating many adverse transonic effects."
    },
    {
      "question_number": 53,
      "question": "What is the primary role of slats in high lift devices?",
      "options": {
        "a": "Increase drag",
        "b": "Increase lift by delaying airflow separation",
        "c": "Reduce stall speed"
      },
      "correct_answer": "b",
      "explanation": "Slats increase lift by delaying airflow separation at high angles of attack."
    },
    {
      "question_number": 54,
      "question": "What is the effect of deploying lift dumpers after landing?",
      "options": {
        "a": "Increase lift",
        "b": "Decrease lift and increase drag",
        "c": "Improve yaw control"
      },
      "correct_answer": "b",
      "explanation": "Lift dumpers reduce lift and increase drag to aid in slowing the aircraft after landing."
    },
    {
      "question_number": 55,
      "question": "What is the purpose of saw-tooth leading edges?",
      "options": {
        "a": "Increase drag",
        "b": "Control spanwise flow",
        "c": "Reduce lift"
      },
      "correct_answer": "b",
      "explanation": "Saw-tooth leading edges control spanwise flow and reduce the risk of tip stalling on swept wings."
    },
    {
      "question_number": 56,
      "question": "What is the benefit of a high aspect ratio wing at low speeds?",
      "options": {
        "a": "Increased induced drag",
        "b": "Reduced induced drag",
        "c": "Increased structural weight"
      },
      "correct_answer": "b",
      "explanation": "High aspect ratio wings reduce induced drag, improving efficiency at low speeds."
    },
    {
      "question_number": 57,
      "question": "What is the primary disadvantage of a low aspect ratio wing?",
      "options": {
        "a": "High induced drag",
        "b": "Low induced drag",
        "c": "Poor high-speed performance"
      },
      "correct_answer": "a",
      "explanation": "Low aspect ratio wings produce high induced drag, reducing efficiency at low speeds."
    },
    {
      "question_number": 58,
      "question": "What is the effect of increasing the angle of attack on a swept wing?",
      "options": {
        "a": "Reduces spanwise flow",
        "b": "Increases spanwise flow",
        "c": "No effect on spanwise flow"
      },
      "correct_answer": "b",
      "explanation": "Increasing the angle of attack on a swept wing increases spanwise flow, contributing to tip stalling."
    },
    {
      "question_number": 59,
      "question": "What is the ram's horn vortex associated with?",
      "options": {
        "a": "Forward swept wings",
        "b": "Swept-back wings",
        "c": "Rectangular wings"
      },
      "correct_answer": "b",
      "explanation": "The ram's horn vortex forms on swept-back wings due to leading-edge separation and spanwise flow."
    },
    {
      "question_number": 60,
      "question": "What is the primary advantage of a slender delta wing?",
      "options": {
        "a": "Low drag at supersonic speeds",
        "b": "High lift at low speeds",
        "c": "Improved yaw stability"
      },
      "correct_answer": "a",
      "explanation": "Slender delta wings provide low drag at supersonic speeds due to their low aspect ratio and sharp leading edges."
    },
    {
      "question_number": 61,
      "question": "What is vortex lift on a slender delta wing?",
      "options": {
        "a": "Lift from trailing edge vortices",
        "b": "Lift from leading edge vortices",
        "c": "Lift from wing tip vortices"
      },
      "correct_answer": "b",
      "explanation": "Vortex lift on a slender delta wing is generated by controlled leading-edge vortices, increasing lift."
    },
    {
      "question_number": 62,
      "question": "What is the purpose of variable wing sweep in polymorphic aircraft?",
      "options": {
        "a": "Improve low-speed efficiency",
        "b": "Optimize performance at high and low speeds",
        "c": "Increase structural weight"
      },
      "correct_answer": "b",
      "explanation": "Variable wing sweep allows aircraft to optimize performance for both high-speed and low-speed flight."
    },
    {
      "question_number": 63,
      "question": "What happens to the rate of descent in a glide when power is unavailable?",
      "options": {
        "a": "Depends on lift coefficient",
        "b": "Minimized at minimum power required speed",
        "c": "Independent of airspeed"
      },
      "correct_answer": "b",
      "explanation": "Rate of descent is minimized at the speed where power required is least, as RD = VD/W."
    },
    {
      "question_number": 64,
      "question": "What is the glide ratio?",
      "options": {
        "a": "Ratio of height loss to distance covered",
        "b": "Ratio of lift to weight",
        "c": "Ratio of thrust to drag"
      },
      "correct_answer": "a",
      "explanation": "Glide ratio is the ratio of height loss to horizontal distance covered during a glide."
    },
    {
      "question_number": 65,
      "question": "What is the effect of a rearward center of gravity on longitudinal stability?",
      "options": {
        "a": "Increases stability",
        "b": "Decreases stability",
        "c": "No effect"
      },
      "correct_answer": "b",
      "explanation": "A rearward center of gravity reduces longitudinal stability by decreasing the restoring moment."
    },
    {
      "question_number": 66,
      "question": "What is the effect of high wings on lateral stability?",
      "options": {
        "a": "Reduces stability",
        "b": "Increases stability",
        "c": "No effect"
      },
      "correct_answer": "b",
      "explanation": "High wings increase lateral stability by generating a restoring moment during sideslip."
    },
    {
      "question_number": 67,
      "question": "What is the purpose of an offset vertical stabilizer in single-engine aircraft?",
      "options": {
        "a": "Counteract propeller torque",
        "b": "Increase yaw stability",
        "c": "Reduce drag"
      },
      "correct_answer": "a",
      "explanation": "An offset vertical stabilizer counters the yawing moment caused by rotating airflow from the propeller."
    },
    {
      "question_number": 68,
      "question": "What is the effect of a deep stall in a T-tail aircraft?",
      "options": {
        "a": "Improves pitch control",
        "b": "Renders pitch control ineffective",
        "c": "Increases lift"
      },
      "correct_answer": "b",
      "explanation": "In a deep stall, turbulent airflow over a T-tail can render pitch control ineffective."
    },
    {
      "question_number": 69,
      "question": "What is the purpose of a stick push system in T-tail aircraft?",
      "options": {
        "a": "Increase stall speed",
        "b": "Recover from high angles of attack",
        "c": "Improve roll control"
      },
      "correct_answer": "b",
      "explanation": "A stick push system automatically recovers T-tail aircraft from excessive angles of attack to prevent deep stall."
    },
    {
      "question_number": 70,
      "question": "What is the effect of differential ailerons on adverse yaw?",
      "options": {
        "a": "Increases adverse yaw",
        "b": "Reduces adverse yaw",
        "c": "No effect"
      },
      "correct_answer": "b",
      "explanation": "Differential ailerons reduce adverse yaw by moving the down-going aileron less than the up-going one, balancing drag."
    },
    {
      "question_number": 71,
      "question": "What is the role of roll spoilers in large aircraft?",
      "options": {
        "a": "Assist in pitch control",
        "b": "Assist in roll control",
        "c": "Assist in yaw control"
      },
      "correct_answer": "b",
      "explanation": "Roll spoilers assist in roll control by deploying asymmetrically with ailerons to reduce lift on one wing."
    },
    {
      "question_number": 72,
      "question": "What is the effect of a variable incidence stabilizer?",
      "options": {
        "a": "Controls yaw",
        "b": "Provides pitch trim",
        "c": "Increases drag"
      },
      "correct_answer": "b",
      "explanation": "A variable incidence stabilizer adjusts its angle to provide pitch trim."
    },
    {
      "question_number": 73,
      "question": "What is the primary disadvantage of a canard design?",
      "options": {
        "a": "Increased drag",
        "b": "Reduced directional control at stall",
        "c": "Poor high-speed performance"
      },
      "correct_answer": "b",
      "explanation": "A canard design may reduce directional control at stall due to turbulent airflow affecting the fin."
    },
    {
      "question_number": 74,
      "question": "What is the purpose of control surface bias?",
      "options": {
        "a": "Increase lift",
        "b": "Compensate for design-induced moments",
        "c": "Reduce drag"
      },
      "correct_answer": "b",
      "explanation": "Control surface bias compensates for design-induced moments, such as engine torque in single-engine aircraft."
    },
    {
      "question_number": 75,
      "question": "What is the effect of anti-balance tabs?",
      "options": {
        "a": "Reduce pilot effort",
        "b": "Increase pilot effort for feel",
        "c": "Increase lift"
      },
      "correct_answer": "b",
      "explanation": "Anti-balance tabs move in the same direction as the control surface, increasing pilot effort to provide feel and prevent over-stressing."
    },
    {
      "question_number": 76,
      "question": "What is the primary advantage of a fixed trim tab?",
      "options": {
        "a": "Adjustable in flight",
        "b": "Simple and effective for specific conditions",
        "c": "Reduces drag"
      },
      "correct_answer": "b",
      "explanation": "Fixed trim tabs are simple and effective for specific flight conditions but can only be adjusted on the ground."
    },
    {
      "question_number": 77,
      "question": "What is the effect of a shock stall?",
      "options": {
        "a": "Increases lift",
        "b": "Reduces lift and increases drag",
        "c": "Improves control effectiveness"
      },
      "correct_answer": "b",
      "explanation": "A shock stall occurs when shock-induced separation reduces lift and increases drag at transonic speeds."
    },
    {
      "question_number": 78,
      "question": "What is the purpose of a Krueger flap?",
      "options": {
        "a": "Increase drag",
        "b": "Increase lift at low speeds",
        "c": "Control yaw"
      },
      "correct_answer": "b",
      "explanation": "Krueger flaps, a type of leading-edge flap, increase lift at low speeds for takeoff and landing."
    },
    {
      "question_number": 79,
      "question": "What is the effect of leading-edge separation on a delta wing?",
      "options": {
        "a": "Reduces lift",
        "b": "Increases lift via vortex lift",
        "c": "Increases drag only"
      },
      "correct_answer": "b",
      "explanation": "Leading-edge separation on a delta wing creates vortices that increase lift, known as vortex lift."
    },
    {
      "question_number": 80,
      "question": "What is the primary function of speed brakes?",
      "options": {
        "a": "Increase lift",
        "b": "Increase drag to slow the aircraft",
        "c": "Control roll"
      },
      "correct_answer": "b",
      "explanation": "Speed brakes increase drag to slow the aircraft, often used during descent or landing."
    },
    {
      "question_number": 81,
      "question": "What is the effect of a high taper ratio on wing efficiency?",
      "options": {
        "a": "Increases efficiency",
        "b": "Decreases efficiency",
        "c": "No effect"
      },
      "correct_answer": "b",
      "explanation": "A high taper ratio (e.g., rectangular wing) decreases efficiency due to non-uniform lift distribution."
    },
    {
      "question_number": 82,
      "question": "What is the primary benefit of a polymorphic aircraft design?",
      "options": {
        "a": "Improved low-speed handling",
        "b": "Optimized performance across speed ranges",
        "c": "Reduced structural weight"
      },
      "correct_answer": "b",
      "explanation": "Polymorphic aircraft with variable wing sweep optimize performance for both high and low speeds."
    },
    {
      "question_number": 83,
      "question": "What is the effect of a low taper ratio on stall characteristics?",
      "options": {
        "a": "Promotes root stall",
        "b": "Promotes tip stall",
        "c": "No effect"
      },
      "correct_answer": "b",
      "explanation": "A low taper ratio (highly tapered wing) promotes tip stall due to high local lift coefficients near the tip."
    },
    {
      "question_number": 84,
      "question": "What is the primary disadvantage of a rectangular wing planform?",
      "options": {
        "a": "High induced drag",
        "b": "Low induced drag",
        "c": "Poor structural efficiency"
      },
      "correct_answer": "a",
      "explanation": "Rectangular wings have high induced drag due to non-uniform lift distribution, making them less efficient."
    },
    {
      "question_number": 85,
      "question": "What is the effect of sweepback on drag at high angles of attack?",
      "options": {
        "a": "Decreases drag",
        "b": "Increases induced drag",
        "c": "No effect"
      },
      "correct_answer": "b",
      "explanation": "Sweepback increases induced drag at high angles of attack due to increased downwash."
    },
    {
      "question_number": 86,
      "question": "What is the primary advantage of a delta wing in supersonic flight?",
      "options": {
        "a": "High lift at low speeds",
        "b": "Low drag",
        "c": "Improved roll control"
      },
      "correct_answer": "b",
      "explanation": "Delta wings have low drag in supersonic flight due to their low aspect ratio and sharp leading edges."
    },
    {
      "question_number": 87,
      "question": "What is the effect of a canard foreplane stalling before the main wing?",
      "options": {
        "a": "Increases drag",
        "b": "Causes a nose-down moment",
        "c": "Increases lift"
      },
      "correct_answer": "b",
      "explanation": "A canard stalling before the main wing causes a nose-down moment, aiding stall recovery."
    },
    {
      "question_number": 88,
      "question": "What is the primary purpose of stall wedges?",
      "options": {
        "a": "Increase drag",
        "b": "Promote root stall",
        "c": "Reduce lift"
      },
      "correct_answer": "b",
      "explanation": "Stall wedges promote root stall to maintain aileron effectiveness during partial stall conditions."
    },
    {
      "question_number": 89,
      "question": "What is the effect of a high-speed aileron on a large aircraft?",
      "options": {
        "a": "Operates at low speeds only",
        "b": "Operates at high speeds to prevent wing twist",
        "c": "Increases drag"
      },
      "correct_answer": "b",
      "explanation": "High-speed ailerons (inboard) operate at high speeds to prevent wing twist and aileron reversal."
    },
    {
      "question_number": 90,
      "question": "What is the purpose of a yaw damper?",
      "options": {
        "a": "Reduce Dutch roll",
        "b": "Increase yaw control",
        "c": "Improve pitch stability"
      },
      "correct_answer": "a",
      "explanation": "A yaw damper reduces Dutch roll by automatically counteracting yaw/roll oscillations."
    },
    {
      "question_number": 91,
      "question": "What is the effect of a forward center of gravity on longitudinal stability?",
      "options": {
        "a": "Decreases stability",
        "b": "Increases stability",
        "c": "No effect"
      },
      "correct_answer": "b",
      "explanation": "A forward center of gravity increases longitudinal stability by increasing the restoring moment."
    },
    {
      "question_number": 92,
      "question": "What is the primary function of ruddervators?",
      "options": {
        "a": "Combined pitch and roll control",
        "b": "Combined yaw and pitch control",
        "c": "Combined roll and yaw control"
      },
      "correct_answer": "b",
      "explanation": "Ruddervators on V-tail aircraft provide combined yaw and pitch control."
    },
    {
      "question_number": 93,
      "question": "What is the effect of a high lift coefficient on a delta wing?",
      "options": {
        "a": "Increases drag significantly",
        "b": "Reduces drag",
        "c": "No effect on drag"
      },
      "correct_answer": "a",
      "explanation": "A high lift coefficient on a delta wing significantly increases drag due to the flat CL curve."
    },
    {
      "question_number": 94,
      "question": "What is the purpose of a flap track fairing?",
      "options": {
        "a": "Increase lift",
        "b": "Reduce drag",
        "c": "Control yaw"
      },
      "correct_answer": "b",
      "explanation": "Flap track fairings reduce drag by streamlining the flap mechanisms."
    },
    {
      "question_number": 95,
      "question": "What is the effect of a shock wave on control surface effectiveness?",
      "options": {
        "a": "Increases effectiveness",
        "b": "Reduces effectiveness",
        "c": "No effect"
      },
      "correct_answer": "b",
      "explanation": "Shock waves reduce control surface effectiveness due to flow separation and turbulence."
    },
    {
      "question_number": 96,
      "question": "What is the primary advantage of a high wing configuration?",
      "options": {
        "a": "Improved roll stability",
        "b": "Reduced drag",
        "c": "Increased lift"
      },
      "correct_answer": "a",
      "explanation": "High wing configurations improve roll stability by generating a restoring moment during sideslip."
    },
    {
      "question_number": 97,
      "question": "What is the effect of a swept wing on landing speed?",
      "options": {
        "a": "Reduces landing speed",
        "b": "Increases landing speed",
        "c": "No effect"
      },
      "correct_answer": "b",
      "explanation": "Swept wings have lower usable lift coefficients, requiring higher landing speeds."
    },
    {
      "question_number": 98,
      "question": "What is the purpose of a winglet?",
      "options": {
        "a": "Increase lift",
        "b": "Reduce induced drag",
        "c": "Improve yaw control"
      },
      "correct_answer": "b",
      "explanation": "Winglets reduce induced drag by minimizing wingtip vortices."
    },
    {
      "question_number": 99,
      "question": "What is the effect of a transonic shock wave on drag?",
      "options": {
        "a": "Reduces drag",
        "b": "Increases drag significantly",
        "c": "No effect"
      },
      "correct_answer": "b",
      "explanation": "A transonic shock wave increases drag significantly due to wave drag and boundary layer separation."
    },
    {
      "question_number": 100,
      "question": "What is the primary function of a horizontal stabilizer in a canard design?",
      "options": {
        "a": "Provides downward force",
        "b": "Provides upward force",
        "c": "Controls yaw"
      },
      "correct_answer": "b",
      "explanation": "In a canard design, the horizontal stabilizer (foreplane) provides upward force, contributing to total lift."
    },
    {
      "question_number": 101,
      "question": "What is the effect of a high angle of attack on a slender delta wing?",
      "options": {
        "a": "Reduces lift",
        "b": "Increases lift via vortex lift",
        "c": "No effect"
      },
      "correct_answer": "b",
      "explanation": "A high angle of attack on a slender delta wing increases lift through controlled leading-edge vortices (vortex lift)."
    },
    {
      "question_number": 102,
      "question": "What is the primary purpose of a balance tab?",
      "options": {
        "a": "Maintain control deflection",
        "b": "Assist in moving control surfaces",
        "c": "Increase drag"
      },
      "correct_answer": "b",
      "explanation": "Balance tabs assist in moving control surfaces by reducing the pilot's effort."
    },
    {
      "question_number": 103,
      "question": "What is the effect of a low aspect ratio wing on stalling angle?",
      "options": {
        "a": "Reduces stalling angle",
        "b": "Increases stalling angle",
        "c": "No effect"
      },
      "correct_answer": "b",
      "explanation": "Low aspect ratio wings have a higher stalling angle due to increased induced downwash."
    },
    {
      "question_number": 104,
      "question": "What is the primary advantage of a T-tail in terms of rudder effectiveness?",
      "options": {
        "a": "Reduces rudder effectiveness",
        "b": "Increases rudder effectiveness",
        "c": "No effect"
      },
      "correct_answer": "b",
      "explanation": "A T-tail increases rudder effectiveness due to the end plate effect of the horizontal stabilizer."
    },
    {
      "question_number": 105,
      "question": "What is the effect of a forward swept wing on vortex behavior?",
      "options": {
        "a": "Vortex develops outward to the tip",
        "b": "Vortex develops inward to the root",
        "c": "No vortex formation"
      },
      "correct_answer": "b",
      "explanation": "In a forward swept wing, the ram's horn vortex develops inward toward the root, unlike swept-back wings."
    },
    {
      "question_number": 106,
      "question": "What is the primary function of a trim/balance tab?",
      "options": {
        "a": "Increase drag",
        "b": "Combine trimming and control assistance",
        "c": "Reduce lift"
      },
      "correct_answer": "b",
      "explanation": "A trim/balance tab combines the functions of trimming the aircraft and assisting in control surface movement."
    },
    {
      "question_number": 107,
      "question": "What is the effect of a supercritical wing on lift at low speeds?",
      "options": {
        "a": "Increases lift",
        "b": "Reduces lift",
        "c": "No effect"
      },
      "correct_answer": "b",
      "explanation": "A supercritical wing produces less lift at low speeds, requiring high lift devices like flaps and slats."
    },
    {
      "question_number": 108,
      "question": "What is the primary purpose of a leading-edge slot?",
      "options": {
        "a": "Increase drag",
        "b": "Delay airflow separation",
        "c": "Reduce lift"
      },
      "correct_answer": "b",
      "explanation": "Leading-edge slots delay airflow separation, increasing lift at high angles of attack."
    },
    {
      "question_number": 109,
      "question": "What is the effect of a swept wing on aileron effectiveness at high angles of attack?",
      "options": {
        "a": "Increases effectiveness",
        "b": "Decreases effectiveness",
        "c": "No effect"
      },
      "correct_answer": "b",
      "explanation": "Swept wings experience reduced aileron effectiveness at high angles of attack due to spanwise flow and vortex formation."
    },
    {
      "question_number": 110,
      "question": "What is the primary advantage of an elliptical wing planform?",
      "options": {
        "a": "Low structural weight",
        "b": "Minimum induced drag",
        "c": "High stall angle"
      },
      "correct_answer": "b",
      "explanation": "An elliptical wing planform minimizes induced drag due to uniform lift distribution."
    },
    {
      "question_number": 111,
      "question": "What is the effect of a high-speed shock wave on the boundary layer?",
      "options": {
        "a": "Energizes the boundary layer",
        "b": "Causes boundary layer separation",
        "c": "No effect"
      },
      "correct_answer": "b",
      "explanation": "A high-speed shock wave causes boundary layer separation, increasing drag and reducing lift."
    },
    {
      "question_number": 112,
      "question": "What is the primary purpose of a flaperon?",
      "options": {
        "a": "Combine flap and aileron functions",
        "b": "Increase drag only",
        "c": "Control yaw"
      },
      "correct_answer": "a",
      "explanation": "Flaperons combine the functions of flaps (increasing lift) and ailerons (controlling roll)."
    }
  ]