[
  {
    "question_number": 1,
    "question": "The primary purpose of cladding on an aluminum alloy (Clad Al) is to protect against:",
    "options": {
      "a": "Wearing",
      "b": "Corrosion",
      "c": "Structural failure"
    },
    "correct_answer": "b",
    "explanation": "As noted, 'Clad Al' is primarily associated with 'Corrosion'. Cladding is a layer of pure aluminum applied to protect the stronger alloy core from corrosion."
  },
  {
    "question_number": 2,
    "question": "Which of the following are common methods for shaping metal parts?",
    "options": {
      "a": "Forming and Extrusion",
      "b": "Cladding and Reaming",
      "c": "Filing and Punching"
    },
    "correct_answer": "a",
    "explanation": "The notes list 'Formed & Extrusion' as a topic, which are both common manufacturing processes for shaping metal."
  },
  {
    "question_number": 3,
    "question": "When drilling for universal rivet removal, the drill bit size should ideally be:",
    "options": {
      "a": "1/32\" less than the rivet diameter",
      "b": "1/32\" greater than the rivet diameter",
      "c": "The same diameter as the rivet"
    },
    "correct_answer": "a",
    "explanation": "The notes specify '1/32\" less than' for 'Universal rivet Removal' to avoid damaging the hole."
  },
  {
    "question_number": 4,
    "question": "What is the correct order of preference for selecting fasteners?",
    "options": {
      "a": "Initial (Original), Equivalent, Alternative",
      "b": "Alternative, Equivalent, Initial (Original)",
      "c": "Equivalent, Alternative, Initial (Original)"
    },
    "correct_answer": "a",
    "explanation": "The notes list the fastener preference in order as 'Initial - Equivalent - Alternative'."
  },
  {
    "question_number": 5,
    "question": "When selecting an 'Alternative' fastener, what is the most critical factor to consider?",
    "options": {
      "a": "It must be cheaper than the original",
      "b": "It must be dimensionally and functionally interchangeable",
      "c": "It must be a different color for identification"
    },
    "correct_answer": "b",
    "explanation": "The note 'Alternative fastener ...' implies a comparison. In aircraft standards, an alternative must be an approved interchangeable part."
  },
  {
    "question_number": 6,
    "question": "What process is used to achieve minimum clearance and a precise fit for high-performance fasteners?",
    "options": {
      "a": "Close ream",
      "b": "Center punch",
      "c": "Paint removal"
    },
    "correct_answer": "a",
    "explanation": "The notes directly associate 'Minimum clearance' with 'Close ream'."
  },
  {
    "question_number": 7,
    "question": "Unlike a solid rivet, which of the following is considered a removable fastener?",
    "options": {
      "a": "A high-shear pin",
      "b": "A threaded bolt and nut",
      "c": "A permanent installation"
    },
    "correct_answer": "b",
    "explanation": "The topic is 'Removable fastener'. Unlike permanent rivets, bolts and nuts are designed to be removed without being destroyed."
  },
  {
    "question_number": 8,
    "question": "Bearing, Bending, and Torsion are all examples of:",
    "options": {
      "a": "Types of stress",
      "b": "Rivet removal tools",
      "c": "Damage classifications"
    },
    "correct_answer": "a",
    "explanation": "The notes list 'Bearing', 'Bending', and 'Torsion' as sub-points under 'combination of tension & combination stress'."
  },
  {
    "question_number": 9,
    "question": "A 'Dent' is a type of damage characterized by:",
    "options": {
      "a": "A shallow mark or line",
      "b": "Chemical deterioration",
      "c": "A local depression reducing the cross-sectional area"
    },
    "correct_answer": "c",
    "explanation": "The notes associate 'Dent' with a reduction in 'Cross sectional area'."
  },
  {
    "question_number": 10,
    "question": "What is a necessary first step before scratch removal on a painted aluminum surface?",
    "options": {
      "a": "Paint removal",
      "b": "Center punching",
      "c": "Applying cladding"
    },
    "correct_answer": "a",
    "explanation": "The notes explicitly state 'Scratch removal of Al' is preceded by 'Paint removal'."
  },
  {
    "question_number": 11,
    "question": "Which is the correct sequence for the rivet removal procedure noted?",
    "options": {
      "a": "Drill, Center punch, File, Punch out",
      "b": "File, Center punch, Drill, Punch out",
      "c": "File, Center punch, Punch out, Drill"
    },
    "correct_answer": "b",
    "explanation": "The notes list the procedure as: '1. File, 2. Center punch, 3. drill, 4. punch out'."
  },
  {
    "question_number": 12,
    "question": "The distance between adjacent rivets in the same row is known as:",
    "options": {
      "a": "Rivet pitch",
      "b": "Edge distance",
      "c": "Rivet gauge"
    },
    "correct_answer": "a",
    "explanation": "The notes define 'Rivet Neighbouring' with the term 'Rivet pitch'."
  },
  {
    "question_number": 13,
    "question": "Damage that is insignificant and can be left as-is, or corrected by a minimum rework procedure, is called:",
    "options": {
      "a": "Repairable damage",
      "b": "Allowable damage",
      "c": "Replacement damage"
    },
    "correct_answer": "b",
    "explanation": "The notes associate 'Allowable damage' (which is circled) with 'Minimum rework & procedure'."
  },
  {
    "question_number": 14,
    "question": "Which of the following is *not* a basic principle of sheet metal repair?",
    "options": {
      "a": "Maintain original strength",
      "b": "Maintain aerodynamic smoothness",
      "c": "Maximize the weight of the repair"
    },
    "correct_answer": "c",
    "explanation": "The notes identify 'Maximum Weight' as *not* a basic principle of repair. Repairs should be light and strong."
  },
  {
    "question_number": 15,
    "question": "What are the three standard classifications of damage?",
    "options": {
      "a": "Repairable, Allowable, Replacement",
      "b": "Scratch, Dent, Gouge",
      "c": "Bearing, Bending, Torsion"
    },
    "correct_answer": "a",
    "explanation": "The notes list the 'Classification of damage' as 'repairable, allowable, replacement'."
  },
  {
    "question_number": 16,
    "question": "Using fewer than the optimum number of fasteners in a joint will most likely compromise its:",
    "options": {
      "a": "Shear strength",
      "b": "Corrosion resistance",
      "c": "Electrical bonding"
    },
    "correct_answer": "a",
    "explanation": "The notes link 'less than optimum no of fastener' directly to 'Shear Strength'."
  },
  {
    "question_number": 17,
    "question": "When selecting a material for a repair, a primary rule is to:",
    "options": {
      "a": "Use a lighter material",
      "b": "Duplicate the original material's strength",
      "c": "Use the most corrosion-resistant alloy available"
    },
    "correct_answer": "b",
    "explanation": "The notes for 'Material Selection' explicitly state 'Original Strength duplicate'."
  },
  {
    "question_number": 18,
    "question": "In a standard rivet part number, what does the first number (like the '4' in 4N) typically indicate?",
    "options": {
      "a": "Rivet diameter in 1/32\"",
      "b": "Rivet length in 1/16\"",
      "c": "Head style code"
    },
    "correct_answer": "a",
    "explanation": "The note '4 indicates 4N' and 'A1 diameter' alludes to rivet identification. The '4' in an AN rivet part number indicates the diameter in 32nds of an inch (4/32\")."
  },
  {
    "question_number": 19,
    "question": "A common visual indication of a loose rivet is:",
    "options": {
      "a": "A crack in the paint around the head",
      "b": "A perfectly formed shop head",
      "c": "A smooth, unblemished surface"
    },
    "correct_answer": "a",
    "explanation": "The notes list 'Head paint crack' as an 'indication' for a 'loose rivet'."
  },
  {
    "question_number": 20,
    "question": "A part that is 'unserviceable' and 'permanent' (not removed during service) must typically be:",
    "options": {
      "a": "Repaired immediately",
      "b": "Discarded and replaced",
      "c": "Reamed for a larger fastener"
    },
    "correct_answer": "b",
    "explanation": "A part that is 'Unserviceable' is, by definition, not repairable and must be replaced."
  }
]
