
[
  {
    "question_number": 1,
    "question": "What tool is used for Window Pane measurement?",
    "options": {
      "a": "Optical micrometer",
      "b": "Feeler gauge",
      "c": "Vernier caliper"
    },
    "correct_answer": "a",
    "explanation": "The note explicitly lists 'Optical micrometer' for 'Window Pane measurement'."
  },
  {
    "question_number": 2,
    "question": "Which of the following is listed as an 'Extra critical Area'?",
    "options": {
      "a": "Pitot static tube",
      "b": "Main landing gear",
      "c": "Cargo door"
    },
    "correct_answer": "a",
    "explanation": "The note lists 'pitot static tube, angle of attack sensor' under 'Extra critical Areas'."
  },
  {
    "question_number": 3,
    "question": "Control surface balancing is NOT necessarily affected by:",
    "options": {
      "a": "Control surface painting",
      "b": "Control surface removal",
      "c": "Control surface inspection"
    },
    "correct_answer": "b",
    "explanation": "The note has 'B' circled for 'control surface removal' under the question 'Necessarily does not affect'."
  },
  {
    "question_number": 4,
    "question": "What component connects the fuselage skin to the frame?",
    "options": {
      "a": "Shear tie",
      "b": "Intercostal",
      "c": "Stringer"
    },
    "correct_answer": "a",
    "explanation": "The note lists 'Shear tie' as the answer for 'Connect fuselage skin to frame'."
  },
  {
    "question_number": 5,
    "question": "What component connects two frames and is used for reinforcement?",
    "options": {
      "a": "Intercostal",
      "b": "Bulkhead",
      "c": "Shear tie"
    },
    "correct_answer": "a",
    "explanation": "The note states 'Intercostal' for 'Connect 2 frames, & used for reinforcement'."
  },
  {
    "question_number": 6,
    "question": "A bulkhead is typically used to handle what?",
    "options": {
      "a": "Concentrated load",
      "b": "Torsional load",
      "c": "Shear stress"
    },
    "correct_answer": "a",
    "explanation": "The note pairs 'Concentrated load' with 'Bulkhead'."
  },
  {
    "question_number": 7,
    "question": "What is the correct Countersunk Hole thickness?",
    "options": {
      "a": "1/2",
      "b": "2/3",
      "c": "1/3"
    },
    "correct_answer": "b",
    "explanation": "The note has 'B. 2/3' circled for this question."
  },
  {
    "question_number": 8,
    "question": "What is the specified cut-out radius?",
    "options": {
      "a": "0.5",
      "b": "1.0",
      "c": "0.25"
    },
    "correct_answer": "a",
    "explanation": "The note lists '0.5' for 'Cut out radius'."
  },
  {
    "question_number": 9,
    "question": "If A/Y >= 30 for a pitot static tube, it is considered:",
    "options": {
      "a": "Allowable",
      "b": "Non Allowable",
      "c": "Allowable after inspection"
    },
    "correct_answer": "a",
    "explanation": "The note has 'A. Allowable' circled."
  },
  {
    "question_number": 10,
    "question": "What is the color of a 5/32 Cleco Plier?",
    "options": {
      "a": "Black",
      "b": "Silver",
      "c": "Gold"
    },
    "correct_answer": "a",
    "explanation": "The note pairs 'Diameter 5/32 Cleco Plier Color' with 'Black'."
  },
  {
    "question_number": 12,
    "question": "What is the drill bit size for a 3/16 fastener?",
    "options": {
      "a": "10",
      "b": "16",
      "c": "20"
    },
    "correct_answer": "a",
    "explanation": "The note lists 'A. 10' for 'Size of drill bit 3/16'."
  },
  {
    "question_number": 13,
    "question": "Which formula is shown in the notes?",
    "options": {
      "a": "2D + 2T",
      "b": "D + 2T",
      "c": "2D + T"
    },
    "correct_answer": "a",
    "explanation": "The note explicitly writes '2D + 2T' and shows a diagram with '2T' and '2D'."
  },
  {
    "question_number": 14,
    "question": "For an external skin repair, what process is applied to the doubler?",
    "options": {
      "a": "Chamfering",
      "b": "Anodizing",
      "c": "Shot peening"
    },
    "correct_answer": "a",
    "explanation": "The note asks 'what will happen to the doubler' and answers with 'Chamfering'."
  },
  {
    "question_number": 15,
    "question": "Aerodynamic smoothness is achieved when the fastener head is:",
    "options": {
      "a": "Flush to the skin surface",
      "b": "Raised from the skin surface",
      "c": "Coated with sealant"
    },
    "correct_answer": "a",
    "explanation": "The note states 'Aerodynamic smoothness flush from the head' and 'To the skin surface'."
  },
  {
    "question_number": 17,
    "question": "What is used to fill a gap between two riveted skins?",
    "options": {
      "a": "Shim",
      "b": "Sealant",
      "c": "Filler"
    },
    "correct_answer": "a",
    "explanation": "The note pairs 'Gap b/n two riveted skin' with 'Shim'."
  },
  {
    "question_number": 18,
    "question": "A repair washer is used for what?",
    "options": {
      "a": "Initial counter sunk hole",
      "b": "A temporary patch",
      "c": "A cracked frame"
    },
    "correct_answer": "a",
    "explanation": "The note lists 'repair washer' under 'Initial counter sunk hole'."
  },
  {
    "question_number": 19,
    "question": "What is the primary material used to stop a leak?",
    "options": {
      "a": "Sealant",
      "b": "Shim",
      "c": "A repair washer"
    },
    "correct_answer": "a",
    "explanation": "The note pairs 'leak' with 'Sealant'."
  },
  {
    "question_number": 20,
    "question": "What is the size of the doubler based on?",
    "options": {
      "a": "Filler",
      "b": "Initial skin (thickness)",
      "c": "Fastener type"
    },
    "correct_answer": "b",
    "explanation": "The note has 'B. Initial skin' circled for 'Size of the doubler'."
  },
  {
    "question_number": 21,
    "question": "A doubler's critical row fastener must not be common to what?",
    "options": {
      "a": "Stringer",
      "b": "Frame",
      "c": "Bulkhead"
    },
    "correct_answer": "a",
    "explanation": "The note states 'Doubler must not be common to Stringer'."
  },
  {
    "question_number": 22,
    "question": "What component directs air to the engine fan section?",
    "options": {
      "a": "Inlet Cowl",
      "b": "Radome",
      "c": "Wing Spar"
    },
    "correct_answer": "a",
    "explanation": "The note pairs 'direct air to the engine fan section' with 'Inlet Cowl'."
  },
  {
    "question_number": 23,
    "question": "What component is spanwise similar to a beam?",
    "options": {
      "a": "Wing Spar",
      "b": "Intercostal",
      "c": "Floor beam"
    },
    "correct_answer": "a",
    "explanation": "The note states 'Spanwise similar to beam' and 'Wing Spar'."
  },
  {
    "question_number": 24,
    "question": "Zone 400 in aircraft maintenance typically refers to:",
    "options": {
      "a": "Engine",
      "b": "Landing Gear",
      "c": "Fuselage"
    },
    "correct_answer": "a",
    "explanation": "The note lists 'Zone 400' and 'Engine' together."
  },
  {
    "question_number": 25,
    "question": "Aerodynamic smoothness areas are detailed in which ATA chapter?",
    "options": {
      "a": "Chapter 51",
      "b": "Chapter 25",
      "c": "Chapter 32"
    },
    "correct_answer": "a",
    "explanation": "The note pairs 'aerodynamic areas' with 'Chapter 51'."
  },
  {
    "question_number": 26,
    "question": "An interference fit fastener is a type of:",
    "options": {
      "a": "Permanent fastener",
      "b": "Temporary fastener",
      "c": "Quick-release fastener"
    },
    "correct_answer": "a",
    "explanation": "The note lists 'Permanent fastener' and 'Interferance fit' together."
  },
  {
    "question_number": 27,
    "question": "What is the first step in a General skin repair procedure?",
    "options": {
      "a": "Access to damaged area",
      "b": "Clean the damaged area",
      "c": "Inspect the damage"
    },
    "correct_answer": "a",
    "explanation": "The note states '1st step to General skin repair procedure' is 'Access to damaged area'."
  },
  {
    "question_number": 28,
    "question": "Abrasion & Scratch are types of:",
    "options": {
      "a": "Damage (Corrosion/repair)",
      "b": "Fasteners",
      "c": "Repair methods"
    },
    "correct_answer": "a",
    "explanation": "The note lists 'Corrode repair' and then 'Abrasion & Scratch'."
  },
  {
    "question_number": 29,
    "question": "Countersunk & Dimple are methods to achieve what?",
    "options": {
      "a": "A flush surface",
      "b": "A non-flush surface",
      "c": "A sealed joint"
    },
    "correct_answer": "a",
    "explanation": "The note pairs 'Flush' with 'Countersunk & Dimple'."
  },
  {
    "question_number": 30,
    "question": "What is a Radome?",
    "options": {
      "a": "A (radar) dome",
      "b": "A type of engine",
      "c": "A fuselage frame"
    },
    "correct_answer": "a",
    "explanation": "The note lists 'Radom', which is a common term for a radar dome."
  },
  {
    "question_number": 31,
    "question": "What is the color for a 3/32 Cleco?",
    "options": {
      "a": "Silver",
      "b": "Brown",
      "c": "Black"
    },
    "correct_answer": "a",
    "explanation": "The note in Section 41 lists '3/32 - 40 Silver'."
  },
  {
    "question_number": 32,
    "question": "What is the color for a 4/32 (1/8) Cleco?",
    "options": {
      "a": "Brown",
      "b": "Silver",
      "c": "Gold"
    },
    "correct_answer": "a",
    "explanation": "The note in Section 41 lists '4/32 - 30 Brown'."
  },
  {
    "question_number": 33,
    "question": "What is the color for a 5/32 Cleco?",
    "options": {
      "a": "Black",
      "b": "Gold",
      "c": "Silver"
    },
    "correct_answer": "a",
    "explanation": "The note in Section 41 lists '5/32 - 20 Black'. This also matches question 10."
  },
  {
    "question_number": 34,
    "question": "What is the color for a 6/32 (3/16) Cleco?",
    "options": {
      "a": "Gold",
      "b": "Black",
      "c": "Brown"
    },
    "correct_answer": "a",
    "explanation": "The note in Section 41 lists '6/32 - 10 Gold'."
  }
]

