[
    {
      "question_number": 1,
      "question": "What is the primary purpose of increasing drag during landing?",
      "options": {
        "a": "To slow the aircraft to a safe speed",
        "b": "To increase thrust",
        "c": "To enhance lift",
        "d": "To reduce turbulence"
      },
      "correct_answer": "a",
      "explanation": "Increasing drag slows the aircraft to a safe speed for landing by counteracting airspeed."
    },
    {
      "question_number": 2,
      "question": "Which control surface adjusts an aircraft's pitch?",
      "options": {
        "a": "Aileron",
        "b": "Rudder",
        "c": "Elevator",
        "d": "Flap"
      },
      "correct_answer": "c",
      "explanation": "The elevator, located at the rear, controls pitch by adjusting the angle of attack."
    },
    {
      "question_number": 3,
      "question": "What is the term for combined aileron and elevator functions?",
      "options": {
        "a": "Flaperon",
        "b": "Elevon",
        "c": "Ruddervator",
        "d": "Spoiler"
      },
      "correct_answer": "b",
      "explanation": "Elevons combine aileron and elevator inputs, often used in tailless aircraft."
    },
    {
      "question_number": 4,
      "question": "Which component is part of the wing assembly?",
      "options": {
        "a": "Rudder",
        "b": "Leading-edge slats",
        "c": "Horizontal stabilizer",
        "d": "Elevator"
      },
      "correct_answer": "b",
      "explanation": "Leading-edge slats are part of the wing, enhancing lift during low-speed operations."
    },
    {
      "question_number": 5,
      "question": "What is the primary control surface for yaw?",
      "options": {
        "a": "Aileron",
        "b": "Elevator",
        "c": "Rudder",
        "d": "Flap"
      },
      "correct_answer": "c",
      "explanation": "The rudder, on the vertical stabilizer, controls yaw by directing the nose left or right."
    },
    {
      "question_number": 6,
      "question": "Ailerons are used to roll an aircraft left or right.",
      "options": {
        "a": "True",
        "b": "False"
      },
      "correct_answer": "a",
      "explanation": "Ailerons on the wings move oppositely to create differential lift, causing roll."
    },
    {
      "question_number": 7,
      "question": "What does 'canard' refer to in aircraft design?",
      "options": {
        "a": "Engine placement",
        "b": "Wing configuration",
        "c": "Landing gear",
        "d": "Fuselage shape"
      },
      "correct_answer": "b",
      "explanation": "A canard is a forward wing placed ahead of the main wing for stability and control."
    },
    {
      "question_number": 8,
      "question": "What does UAV stand for?",
      "options": {
        "a": "Uncharted Aerial Vehicle",
        "b": "Unmanned Aerial Vehicle",
        "c": "Universal Aircraft Vehicle",
        "d": "Unpowered Air Vehicle"
      },
      "correct_answer": "b",
      "explanation": "UAVs are unmanned aerial vehicles, controlled remotely or autonomously."
    },
    {
      "question_number": 9,
      "question": "Which is not a secondary flight control?",
      "options": {
        "a": "Flaps",
        "b": "Spoilers",
        "c": "Ailerons",
        "d": "Slats"
      },
      "correct_answer": "c",
      "explanation": "Ailerons are primary controls for roll, while flaps, spoilers, and slats are secondary."
    },
    {
      "question_number": 10,
      "question": "Spoilers are sometimes called lift dumpers.",
      "options": {
        "a": "True",
        "b": "False"
      },
      "correct_answer": "a",
      "explanation": "Spoilers disrupt airflow to reduce lift, aiding descent or landing, hence called lift dumpers."
    },
    {
      "question_number": 11,
      "question": "If an aircraft’s left wing points down, its transverse axis is __________ to the ground.",
      "options": {
        "a": "Parallel",
        "b": "Perpendicular",
        "c": "Angled",
        "d": "Opposite"
      },
      "correct_answer": "b",
      "explanation": "The transverse axis, wingtip to wingtip, is perpendicular to the ground in this orientation."
    },
    {
      "question_number": 12,
      "question": "Rotation about the longitudinal axis is called:",
      "options": {
        "a": "Pitch",
        "b": "Yaw",
        "c": "Roll",
        "d": "Slip"
      },
      "correct_answer": "c",
      "explanation": "Roll is rotation about the longitudinal axis, from nose to tail."
    },
    {
      "question_number": 13,
      "question": "The rudder is part of which aircraft section?",
      "options": {
        "a": "Wing",
        "b": "Empennage",
        "c": "Fuselage",
        "d": "Undercarriage"
      },
      "correct_answer": "b",
      "explanation": "The rudder is mounted on the vertical stabilizer, part of the empennage."
    },
    {
      "question_number": 14,
      "question": "Which is not part of the flight control system?",
      "options": {
        "a": "Elevators",
        "b": "Ailerons",
        "c": "Radar",
        "d": "Flaps"
      },
      "correct_answer": "c",
      "explanation": "Radar is for navigation/detection, not flight control, unlike elevators, ailerons, and flaps."
    },
    {
      "question_number": 15,
      "question": "What does FBW stand for?",
      "options": {
        "a": "Fly-by-Wire",
        "b": "Fuel-by-Wire",
        "c": "Force-by-Wire",
        "d": "Flight-by-Wire"
      },
      "correct_answer": "a",
      "explanation": "Fly-by-Wire uses electronic signals to control flight surfaces, replacing manual controls."
    },
    {
      "question_number": 16,
      "question": "Why are flaps deflected downward?",
      "options": {
        "a": "To reduce lift",
        "b": "To increase drag only",
        "c": "To increase wing curvature",
        "d": "To decrease stall speed"
      },
      "correct_answer": "c",
      "explanation": "Downward flap deflection increases wing curvature, boosting lift at low speeds."
    },
    {
      "question_number": 17,
      "question": "Which axis runs from wingtip to wingtip?",
      "options": {
        "a": "Longitudinal",
        "b": "Vertical",
        "c": "Transverse",
        "d": "Lateral"
      },
      "correct_answer": "c",
      "explanation": "The transverse axis, also called lateral, runs wingtip to wingtip, controlling pitch."
    },
    {
      "question_number": 18,
      "question": "Airbrakes primarily increase:",
      "options": {
        "a": "Lift",
        "b": "Drag",
        "c": "Thrust",
        "d": "Pitch"
      },
      "correct_answer": "b",
      "explanation": "Airbrakes extend to increase drag, slowing the aircraft during descent or landing."
    },
    {
      "question_number": 19,
      "question": "What are the three critical flight dynamics parameters?",
      "options": {
        "a": "Roll, pitch, yaw",
        "b": "Lift, drag, thrust",
        "c": "Yaw, slip, roll",
        "d": "Pitch, bank, slip"
      },
      "correct_answer": "a",
      "explanation": "Roll, pitch, and yaw describe rotations about the aircraft’s principal axes."
    },
    {
      "question_number": 20,
      "question": "What occurs when an aircraft yaws about its center of gravity?",
      "options": {
        "a": "Increased lift",
        "b": "Sideslip angle",
        "c": "Pitch change",
        "d": "Roll motion"
      },
      "correct_answer": "b",
      "explanation": "Yawing creates a sideslip angle, misaligning the aircraft’s path and nose direction."
    },
    {
      "question_number": 21,
      "question": "Which parameter indicates flow viscosity?",
      "options": {
        "a": "Mach Number",
        "b": "Reynolds Number",
        "c": "Knudsen Number",
        "d": "Prandtl Number"
      },
      "correct_answer": "b",
      "explanation": "Reynolds Number measures flow viscosity, indicating laminar or turbulent flow."
    },
    {
      "question_number": 22,
      "question": "Which is not an aerodynamic coefficient?",
      "options": {
        "a": "Lift coefficient",
        "b": "Drag coefficient",
        "c": "Temperature",
        "d": "Pressure coefficient"
      },
      "correct_answer": "c",
      "explanation": "Temperature is not a coefficient; lift, drag, and pressure coefficients describe aerodynamic forces."
    },
    {
      "question_number": 23,
      "question": "Which statement about yaw is incorrect?",
      "options": {
        "a": "It occurs about the vertical axis",
        "b": "Positive yaw is nose to starboard",
        "c": "It is measured in Hertz",
        "d": "It changes aircraft direction"
      },
      "correct_answer": "c",
      "explanation": "Yaw is measured in degrees or radians per second, not Hertz."
    },
    {
      "question_number": 24,
      "question": "Flight dynamics focuses on aircraft efficiency.",
      "options": {
        "a": "True",
        "b": "False"
      },
      "correct_answer": "b",
      "explanation": "Flight dynamics studies stability and control, not directly efficiency."
    },
    {
      "question_number": 25,
      "question": "What is the equilibrium roll angle called?",
      "options": {
        "a": "Angle of attack",
        "b": "Zero bank angle",
        "c": "Sideslip angle",
        "d": "Pitch angle"
      },
      "correct_answer": "b",
      "explanation": "Zero bank angle, or wings level, is the equilibrium roll position."
    },
    {
      "question_number": 26,
      "question": "What is the dominant force in spacecraft flight dynamics?",
      "options": {
        "a": "Lift",
        "b": "Drag",
        "c": "Gravitational force",
        "d": "Thrust"
      },
      "correct_answer": "c",
      "explanation": "Gravitational force dominates spacecraft dynamics due to minimal aerodynamic effects."
    },
    {
      "question_number": 27,
      "question": "Control systems adjust orientation about the:",
      "options": {
        "a": "Center of mass",
        "b": "Center of gravity",
        "c": "Wing root",
        "d": "Nose"
      },
      "correct_answer": "b",
      "explanation": "Control systems rotate the aircraft about its center of gravity for pitch, roll, and yaw."
    },
    {
      "question_number": 28,
      "question": "Pitching adjusts lift by changing the angle of attack.",
      "options": {
        "a": "True",
        "b": "False"
      },
      "correct_answer": "a",
      "explanation": "Pitching alters the angle of attack, modifying lift generated by the wings."
    },
    {
      "question_number": 29,
      "question": "Which force is not involved in spacecraft flight dynamics?",
      "options": {
        "a": "Gravitational force",
        "b": "Propulsive force",
        "c": "Electromagnetic force",
        "d": "Lift"
      },
      "correct_answer": "c",
      "explanation": "Electromagnetic force is not typically part of spacecraft flight dynamics."
    },
    {
      "question_number": 30,
      "question": "What are major sources of aerodynamic force changes?",
      "options": {
        "a": "Wing and tail angle of attack",
        "b": "Thrust and drag",
        "c": "Flap and spoiler deflection",
        "d": "Rudder and elevator angle"
      },
      "correct_answer": "a",
      "explanation": "Wing and vertical tail angles of attack significantly affect aerodynamic forces."
    },
    {
      "question_number": 31,
      "question": "Streamlining reduces which force?",
      "options": {
        "a": "Lift",
        "b": "Drag",
        "c": "Thrust",
        "d": "Weight"
      },
      "correct_answer": "b",
      "explanation": "Streamlining minimizes drag, improving airspeed and efficiency."
    },
    {
      "question_number": 32,
      "question": "The vertical tail’s angle of attack is also called:",
      "options": {
        "a": "Angle of incidence",
        "b": "Sideslip angle",
        "c": "Bank angle",
        "d": "Pitch angle"
      },
      "correct_answer": "b",
      "explanation": "The vertical tail’s angle of attack is known as the sideslip angle, or beta."
    },
    {
      "question_number": 33,
      "question": "Which system includes actuators?",
      "options": {
        "a": "Navigation",
        "b": "Communication",
        "c": "Control",
        "d": "Propulsion"
      },
      "correct_answer": "c",
      "explanation": "Actuators in control systems convert signals into mechanical motion for flight surfaces."
    },
    {
      "question_number": 34,
      "question": "Excessive dihedral can cause:",
      "options": {
        "a": "Pitch instability",
        "b": "Dutch roll",
        "c": "Yaw divergence",
        "d": "Lift reduction"
      },
      "correct_answer": "b",
      "explanation": "Excessive dihedral may lead to Dutch roll, a yaw-roll oscillation."
    },
    {
      "question_number": 35,
      "question": "Which surface is key for spin recovery?",
      "options": {
        "a": "Aileron",
        "b": "Rudder",
        "c": "Elevator",
        "d": "Flap"
      },
      "correct_answer": "b",
      "explanation": "The rudder counters yaw in a spin, aiding recovery."
    },
    {
      "question_number": 36,
      "question": "Wing sweep primarily increases:",
      "options": {
        "a": "Lift",
        "b": "Critical Mach number",
        "c": "Drag",
        "d": "Stall speed"
      },
      "correct_answer": "b",
      "explanation": "Wing sweep delays shock wave formation, increasing the critical Mach number."
    },
    {
      "question_number": 37,
      "question": "The tail typically provides:",
      "options": {
        "a": "Thrust",
        "b": "Lift",
        "c": "Stability and control",
        "d": "Drag only"
      },
      "correct_answer": "c",
      "explanation": "The tail ensures stability and control in pitch and yaw."
    },
    {
      "question_number": 38,
      "question": "Elevators control:",
      "options": {
        "a": "Roll",
        "b": "Yaw",
        "c": "Pitch",
        "d": "Slip"
      },
      "correct_answer": "c",
      "explanation": "Elevators adjust pitch by raising or lowering the aircraft’s nose."
    },
    {
      "question_number": 39,
      "question": "Which is not a tail component?",
      "options": {
        "a": "Rudder",
        "b": "Elevator",
        "c": "Aileron",
        "d": "Vertical stabilizer"
      },
      "correct_answer": "c",
      "explanation": "Ailerons are on the wings, not the tail."
    },
    {
      "question_number": 40,
      "question": "A canard’s wake may affect the:",
      "options": {
        "a": "Engine",
        "b": "Rudder",
        "c": "Flaps",
        "d": "Spoilers"
      },
      "correct_answer": "a",
      "explanation": "A canard’s wake can disrupt airflow into the engine, risking a stall."
    },
    {
      "question_number": 41,
      "question": "Supersonic wave drag is reduced by:",
      "options": {
        "a": "Area rule",
        "b": "Wing sweep",
        "c": "Flaps",
        "d": "Spoilers"
      },
      "correct_answer": "a",
      "explanation": "Area ruling minimizes cross-sectional area changes to reduce wave drag."
    },
    {
      "question_number": 42,
      "question": "What reduces lift during landing?",
      "options": {
        "a": "Flaps",
        "b": "Spoilers",
        "c": "Ailerons",
        "d": "Rudder"
      },
      "correct_answer": "b",
      "explanation": "Spoilers disrupt airflow, reducing lift to aid landing."
    },
    {
      "question_number": 43,
      "question": "What is the benefit of a canard design?",
      "options": {
        "a": "Reduced drag",
        "b": "Increased lift contribution",
        "c": "Improved yaw control",
        "d": "Lower stall speed"
      },
      "correct_answer": "b",
      "explanation": "Canards contribute to lift, reducing the main wing’s load."
    },
    {
      "question_number": 44,
      "question": "What motion does the rudder primarily affect?",
      "options": {
        "a": "Pitch",
        "b": "Roll",
        "c": "Yaw",
        "d": "Slip"
      },
      "correct_answer": "c",
      "explanation": "The rudder controls yaw, rotating the nose left or right."
    },
    {
      "question_number": 45,
      "question": "Which control enhances lift at low speeds?",
      "options": {
        "a": "Spoiler",
        "b": "Flap",
        "c": "Rudder",
        "d": "Aileron"
      },
      "correct_answer": "b",
      "explanation": "Flaps increase lift by altering wing shape for takeoff and landing."
    },
    {
      "question_number": 46,
      "question": "Thrust in gliding flight is typically:",
      "options": {
        "a": "Zero",
        "b": "Equal to drag",
        "c": "Greater than lift",
        "d": "Variable"
      },
      "correct_answer": "a",
      "explanation": "Gliding flight relies on gravity, with no thrust from engines."
    },
    {
      "question_number": 47,
      "question": "The glide angle’s tangent equals:",
      "options": {
        "a": "Lift-to-drag ratio",
        "b": "Drag-to-lift ratio",
        "c": "Thrust-to-weight ratio",
        "d": "Weight-to-lift ratio"
      },
      "correct_answer": "b",
      "explanation": "The glide angle’s tangent is the drag-to-lift ratio, determining descent steepness."
    },
    {
      "question_number": 48,
      "question": "In steady level flight, which is true?",
      "options": {
        "a": "Thrust equals drag",
        "b": "Lift equals drag",
        "c": "Thrust exceeds lift",
        "d": "Drag exceeds weight"
      },
      "correct_answer": "a",
      "explanation": "Thrust balances drag, and lift equals weight in steady level flight."
    },
    {
      "question_number": 49,
      "question": "What describes an aircraft’s response to pilot inputs?",
      "options": {
        "a": "Stability",
        "b": "Controllability",
        "c": "Maneuverability",
        "d": "Efficiency"
      },
      "correct_answer": "b",
      "explanation": "Controllability is how well an aircraft responds to pilot commands."
    },
    {
      "question_number": 50,
      "question": "A yaw damper enhances stability for:",
      "options": {
        "a": "Pitch",
        "b": "Dutch roll",
        "c": "Roll",
        "d": "Slip"
      },
      "correct_answer": "b",
      "explanation": "A yaw damper reduces Dutch roll, a yaw-roll oscillation."
    },
    {
      "question_number": 51,
      "question": "What do airbrakes affect most?",
      "options": {
        "a": "Lift",
        "b": "Drag",
        "c": "Pitch",
        "d": "Roll"
      },
      "correct_answer": "b",
      "explanation": "Airbrakes increase drag to slow the aircraft."
    },
    {
      "question_number": 52,
      "question": "The axis for pitch control is:",
      "options": {
        "a": "Longitudinal",
        "b": "Transverse",
        "c": "Vertical",
        "d": "Diagonal"
      },
      "correct_answer": "b",
      "explanation": "Pitch occurs about the transverse axis, controlled by elevators."
    },
    {
      "question_number": 53,
      "question": "Flaps increase wing curvature to:",
      "options": {
        "a": "Reduce drag",
        "b": "Increase lift",
        "c": "Decrease lift",
        "d": "Increase drag only"
      },
      "correct_answer": "b",
      "explanation": "Flaps enhance lift by increasing wing curvature at low speeds."
    },
    {
      "question_number": 54,
      "question": "Which is not a flight control component?",
      "options": {
        "a": "Flaps",
        "b": "Ailerons",
        "c": "Radar",
        "d": "Elevators"
      },
      "correct_answer": "c",
      "explanation": "Radar is for detection, not control, unlike flaps, ailerons, and elevators."
    },
    {
      "question_number": 55,
      "question": "Where is the rudder located?",
      "options": {
        "a": "Wing",
        "b": "Empennage",
        "c": "Fuselage",
        "d": "Nose"
      },
      "correct_answer": "b",
      "explanation": "The rudder is on the vertical stabilizer, part of the empennage."
    },
    {
      "question_number": 56,
      "question": "What is rotation about the nose-to-tail axis?",
      "options": {
        "a": "Pitch",
        "b": "Roll",
        "c": "Yaw",
        "d": "Slip"
      },
      "correct_answer": "b",
      "explanation": "Roll is rotation about the longitudinal axis."
    },
    {
      "question_number": 57,
      "question": "Which is a primary flight control?",
      "options": {
        "a": "Spoiler",
        "b": "Flap",
        "c": "Aileron",
        "d": "Slat"
      },
      "correct_answer": "c",
      "explanation": "Ailerons are primary controls for roll, unlike secondary controls like spoilers."
    },
    {
      "question_number": 58,
      "question": "What is the main effect of airbrakes?",
      "options": {
        "a": "Increase lift",
        "b": "Increase drag",
        "c": "Reduce weight",
        "d": "Increase thrust"
      },
      "correct_answer": "b",
      "explanation": "Airbrakes increase drag to decelerate the aircraft."
    },
    {
      "question_number": 59,
      "question": "The transverse axis controls:",
      "options": {
        "a": "Yaw",
        "b": "Roll",
        "c": "Pitch",
        "d": "Slip"
      },
      "correct_answer": "c",
      "explanation": "The transverse axis, wingtip to wingtip, governs pitch motion."
    },
    {
      "question_number": 60,
      "question": "What is adverse yaw?",
      "options": {
        "a": "Yaw aiding the turn",
        "b": "Yaw opposing the turn",
        "c": "Yaw caused by flaps",
        "d": "Yaw from spoilers"
      },
      "correct_answer": "b",
      "explanation": "Adverse yaw occurs when the nose yaws opposite the turn due to aileron drag."
    },
    {
      "question_number": 61,
      "question": "How do Frise ailerons reduce adverse yaw?",
      "options": {
        "a": "Increase lift",
        "b": "Increase drag on the up aileron",
        "c": "Reduce drag overall",
        "d": "Balance lift"
      },
      "correct_answer": "b",
      "explanation": "Frise ailerons extend the up aileron into airflow, adding drag to counter adverse yaw."
    },
    {
      "question_number": 62,
      "question": "What is Dutch roll?",
      "options": {
        "a": "Pitch and roll oscillation",
        "b": "Yaw and roll oscillation",
        "c": "Yaw and pitch oscillation",
        "d": "Roll and slip oscillation"
      },
      "correct_answer": "b",
      "explanation": "Dutch roll is a combined yaw and roll motion, often in swept-wing aircraft."
    },
    {
      "question_number": 63,
      "question": "What do trim tabs do?",
      "options": {
        "a": "Increase lift",
        "b": "Maintain control balance",
        "c": "Reduce drag",
        "d": "Control roll"
      },
      "correct_answer": "b",
      "explanation": "Trim tabs hold control surfaces to balance flight without pilot effort."
    },
    {
      "question_number": 64,
      "question": "How do balance tabs assist pilots?",
      "options": {
        "a": "Increase control effort",
        "b": "Reduce control effort",
        "c": "Enhance lift",
        "d": "Reduce drag"
      },
      "correct_answer": "b",
      "explanation": "Balance tabs move opposite the control surface, easing pilot effort."
    },
    {
      "question_number": 65,
      "question": "What is a servo tab’s function?",
      "options": {
        "a": "Increase drag",
        "b": "Boost control movement",
        "c": "Reduce lift",
        "d": "Control yaw"
      },
      "correct_answer": "b",
      "explanation": "Servo tabs amplify pilot input to move larger control surfaces."
    },
    {
      "question_number": 66,
      "question": "What is the Mach number?",
      "options": {
        "a": "Speed relative to sound",
        "b": "Lift-to-drag ratio",
        "c": "Thrust-to-weight ratio",
        "d": "Angle of attack"
      },
      "correct_answer": "a",
      "explanation": "Mach number is the aircraft’s speed divided by the local speed of sound."
    },
    {
      "question_number": 67,
      "question": "Speed of sound at sea level (standard day) is approximately:",
      "options": {
        "a": "661 mph",
        "b": "761 mph",
        "c": "861 mph",
        "d": "961 mph"
      },
      "correct_answer": "b",
      "explanation": "At 15°C, the speed of sound at sea level is about 761 mph."
    },
    {
      "question_number": 68,
      "question": "Subsonic flight is characterized by:",
      "options": {
        "a": "Compressible flow",
        "b": "Incompressible flow",
        "c": "Shock waves",
        "d": "Supersonic flow"
      },
      "correct_answer": "b",
      "explanation": "Subsonic flight assumes incompressible flow with minimal density changes."
    },
    {
      "question_number": 69,
      "question": "Transonic flight occurs between:",
      "options": {
        "a": "Mach 0.5–0.75",
        "b": "Mach 0.75–1.2",
        "c": "Mach 1.2–5.0",
        "d": "Mach 5.0+"
      },
      "correct_answer": "b",
      "explanation": "Transonic flight spans Mach 0.75 to 1.2, with mixed subsonic/supersonic flow."
    },
    {
      "question_number": 70,
      "question": "Critical Mach number is when:",
      "options": {
        "a": "Aircraft reaches Mach 1",
        "b": "Wing airflow reaches Mach 1",
        "c": "Shock waves vanish",
        "d": "Drag decreases"
      },
      "correct_answer": "b",
      "explanation": "Critical Mach number is when airflow over the wing first hits Mach 1."
    },
    {
      "question_number": 71,
      "question": "Thin wings have a higher critical Mach number because:",
      "options": {
        "a": "They increase lift",
        "b": "Airflow accelerates less",
        "c": "They reduce drag",
        "d": "They enhance stability"
      },
      "correct_answer": "b",
      "explanation": "Thin wings cause less airflow acceleration, delaying Mach 1 onset."
    },
    {
      "question_number": 72,
      "question": "Stall inducers are placed at the wing:",
      "options": {
        "a": "Tip",
        "b": "Root",
        "c": "Midspan",
        "d": "Trailing edge"
      },
      "correct_answer": "b",
      "explanation": "Stall inducers at the root ensure root-first stalling, preserving aileron control."
    },
    {
      "question_number": 73,
      "question": "Shock waves on a wing cause:",
      "options": {
        "a": "Increased lift",
        "b": "Increased drag, reduced lift",
        "c": "Reduced drag",
        "d": "No effect"
      },
      "correct_answer": "b",
      "explanation": "Shock waves raise drag and reduce lift due to flow separation."
    },
    {
      "question_number": 74,
      "question": "Compressibility buffet results from:",
      "options": {
        "a": "Engine vibration",
        "b": "Shock waves",
        "c": "Low-speed stall",
        "d": "Control surface flutter"
      },
      "correct_answer": "b",
      "explanation": "Compressibility buffet is vibration from shock waves at transonic speeds."
    },
    {
      "question_number": 75,
      "question": "A supercritical wing is designed to:",
      "options": {
        "a": "Increase low-speed lift",
        "b": "Reduce transonic drag",
        "c": "Enhance yaw control",
        "d": "Lower stall speed"
      },
      "correct_answer": "b",
      "explanation": "Supercritical wings minimize drag by delaying shock wave formation."
    },
    {
      "question_number": 76,
      "question": "Shock wave formation moves the center of pressure:",
      "options": {
        "a": "Forward",
        "b": "Aft",
        "c": "Upward",
        "d": "Unchanged"
      },
      "correct_answer": "b",
      "explanation": "Shock waves shift the center of pressure aft, altering pitching moments."
    },
    {
      "question_number": 77,
      "question": "In supersonic flight, a bow wave:",
      "options": {
        "a": "Increases lift",
        "b": "Reduces transonic effects",
        "c": "Increases drag",
        "d": "Reduces stability"
      },
      "correct_answer": "b",
      "explanation": "A bow wave attaches to the leading edge, mitigating transonic issues."
    },
    {
      "question_number": 78,
      "question": "Slats primarily:",
      "options": {
        "a": "Increase drag",
        "b": "Delay airflow separation",
        "c": "Reduce lift",
        "d": "Control roll"
      },
      "correct_answer": "b",
      "explanation": "Slats extend the leading edge to delay separation, boosting lift."
    },
    {
      "question_number": 79,
      "question": "Lift dumpers after landing:",
      "options": {
        "a": "Increase lift",
        "b": "Reduce lift, increase drag",
        "c": "Enhance stability",
        "d": "Reduce drag"
      },
      "correct_answer": "b",
      "explanation": "Lift dumpers (spoilers) reduce lift and increase drag to slow the aircraft."
    },
    {
      "question_number": 80,
      "question": "Saw-tooth leading edges are used to:",
      "options": {
        "a": "Increase lift",
        "b": "Control spanwise flow",
        "c": "Reduce drag",
        "d": "Enhance roll"
      },
      "correct_answer": "b",
      "explanation": "Saw-tooth edges manage spanwise flow to prevent tip stalls on swept wings."
    },
    {
      "question_number": 81,
      "question": "High aspect ratio wings at low speeds:",
      "options": {
        "a": "Increase induced drag",
        "b": "Reduce induced drag",
        "c": "Increase stall speed",
        "d": "Reduce lift"
      },
      "correct_answer": "b",
      "explanation": "High aspect ratio wings lower induced drag, improving low-speed efficiency."
    },
    {
      "question_number": 82,
      "question": "Low aspect ratio wings have:",
      "options": {
        "a": "Low induced drag",
        "b": "High induced drag",
        "c": "No induced drag",
        "d": "High lift"
      },
      "correct_answer": "b",
      "explanation": "Low aspect ratio wings generate high induced drag, reducing efficiency."
    },
    {
      "question_number": 83,
      "question": "Increasing angle of attack on a swept wing:",
      "options": {
        "a": "Reduces spanwise flow",
        "b": "Increases spanwise flow",
        "c": "Has no effect",
        "d": "Increases lift only"
      },
      "correct_answer": "b",
      "explanation": "Higher angles of attack increase spanwise flow, risking tip stalls."
    },
    {
      "question_number": 84,
      "question": "The ram’s horn vortex is linked to:",
      "options": {
        "a": "Rectangular wings",
        "b": "Swept-back wings",
        "c": "Forward swept wings",
        "d": "Delta wings"
      },
      "correct_answer": "b",
      "explanation": "Swept-back wings create ram’s horn vortices due to spanwise flow."
    },
    {
      "question_number": 85,
      "question": "Slender delta wings excel in:",
      "options": {
        "a": "Low-speed lift",
        "b": "Supersonic low drag",
        "c": "Yaw stability",
        "d": "Roll control"
      },
      "correct_answer": "b",
      "explanation": "Slender delta wings minimize drag at supersonic speeds."
    },
    {
      "question_number": 86,
      "question": "Vortex lift on a delta wing comes from:",
      "options": {
        "a": "Trailing edge",
        "b": "Leading edge",
        "c": "Wingtip",
        "d": "Root"
      },
      "correct_answer": "b",
      "explanation": "Leading-edge vortices on delta wings enhance lift, called vortex lift."
    },
    {
      "question_number": 87,
      "question": "Variable wing sweep benefits:",
      "options": {
        "a": "Low-speed efficiency",
        "b": "High and low-speed performance",
        "c": "Structural weight",
        "d": "Drag increase"
      },
      "correct_answer": "b",
      "explanation": "Variable sweep optimizes performance across speed ranges."
    },
    {
      "question_number": 88,
      "question": "Rate of descent in a glide is minimized at:",
      "options": {
        "a": "Maximum lift speed",
        "b": "Minimum power speed",
        "c": "Stall speed",
        "d": "Cruise speed"
      },
      "correct_answer": "b",
      "explanation": "Minimum power speed minimizes descent rate in a glide."
    },
    {
      "question_number": 89,
      "question": "Glide ratio measures:",
      "options": {
        "a": "Lift to drag",
        "b": "Height loss to distance",
        "c": "Thrust to weight",
        "d": "Drag to lift"
      },
      "correct_answer": "b",
      "explanation": "Glide ratio is the distance covered per unit of height lost."
    },
    {
      "question_number": 90,
      "question": "A rearward center of gravity affects:",
      "options": {
        "a": "Longitudinal stability",
        "b": "Lateral stability",
        "c": "Yaw control",
        "d": "Roll control"
      },
      "correct_answer": "a",
      "explanation": "A rearward CG reduces longitudinal stability."
    },
    {
      "question_number": 91,
      "question": "High wings improve:",
      "options": {
        "a": "Lateral stability",
        "b": "Longitudinal stability",
        "c": "Drag reduction",
        "d": "Lift increase"
      },
      "correct_answer": "a",
      "explanation": "High wings enhance lateral stability via a restoring moment."
    },
    {
      "question_number": 92,
      "question": "An offset vertical stabilizer counters:",
      "options": {
        "a": "Propeller torque",
        "b": "Wing drag",
        "c": "Lift imbalance",
        "d": "Pitch moment"
      },
      "correct_answer": "a",
      "explanation": "An offset stabilizer balances yaw from propeller torque."
    },
    {
      "question_number": 93,
      "question": "A deep stall in a T-tail aircraft:",
      "options": {
        "a": "Improves pitch control",
        "b": "Disrupts pitch control",
        "c": "Increases lift",
        "d": "Reduces drag"
      },
      "correct_answer": "b",
      "explanation": "Turbulent flow in a deep stall hinders T-tail pitch control."
    },
    {
      "question_number": 94,
      "question": "A stick push system helps T-tail aircraft by:",
      "options": {
        "a": "Increasing stall speed",
        "b": "Recovering from high angles",
        "c": "Enhancing roll",
        "d": "Reducing drag"
      },
      "correct_answer": "b",
      "explanation": "Stick push lowers the nose to recover from high angles of attack."
    },
    {
      "question_number": 95,
      "question": "Differential ailerons reduce:",
      "options": {
        "a": "Lift",
        "b": "Adverse yaw",
        "c": "Drag",
        "d": "Roll rate"
      },
      "correct_answer": "b",
      "explanation": "Differential ailerons minimize adverse yaw by balancing drag."
    },
    {
      "question_number": 96,
      "question": "Roll spoilers in large aircraft aid:",
      "options": {
        "a": "Pitch control",
        "b": "Roll control",
        "c": "Yaw control",
        "d": "Lift increase"
      },
      "correct_answer": "b",
      "explanation": "Roll spoilers enhance roll by reducing lift on one wing."
    },
    {
      "question_number": 97,
      "question": "A variable incidence stabilizer adjusts:",
      "options": {
        "a": "Yaw",
        "b": "Pitch trim",
        "c": "Roll",
        "d": "Drag"
      },
      "correct_answer": "b",
      "explanation": "It changes angle to trim pitch, balancing the aircraft."
    },
    {
      "question_number": 98,
      "question": "A canard’s disadvantage at stall is:",
      "options": {
        "a": "Increased drag",
        "b": "Reduced directional control",
        "c": "Higher lift",
        "d": "Lower drag"
      },
      "correct_answer": "b",
      "explanation": "Canard stall may disrupt airflow to the fin, reducing yaw control."
    },
    {
      "question_number": 99,
      "question": "Control surface bias compensates for:",
      "options": {
        "a": "Lift",
        "b": "Design-induced moments",
        "c": "Drag",
        "d": "Thrust"
      },
      "correct_answer": "b",
      "explanation": "Bias offsets moments like engine torque for balanced flight."
    },
    {
      "question_number": 100,
      "question": "Anti-balance tabs increase:",
      "options": {
        "a": "Pilot effort",
        "b": "Lift",
        "c": "Drag reduction",
        "d": "Control ease"
      },
      "correct_answer": "a",
      "explanation": "Anti-balance tabs add resistance for pilot feel and safety."
    },
    {
      "question_number": 101,
      "question": "Fixed trim tabs are adjusted:",
      "options": {
        "a": "In flight",
        "b": "On the ground",
        "c": "Automatically",
        "d": "By autopilot"
      },
      "correct_answer": "b",
      "explanation": "Fixed trim tabs are set on the ground for specific conditions."
    },
    {
      "question_number": 102,
      "question": "A shock stall causes:",
      "options": {
        "a": "Increased lift",
        "b": "Reduced lift, increased drag",
        "c": "No effect",
        "d": "Improved control"
      },
      "correct_answer": "b",
      "explanation": "Shock stall from flow separation reduces lift and raises drag."
    },
    {
      "question_number": 103,
      "question": "Krueger flaps are used to:",
      "options": {
        "a": "Increase drag",
        "b": "Increase low-speed lift",
        "c": "Control yaw",
        "d": "Reduce lift"
      },
      "correct_answer": "b",
      "explanation": "Krueger flaps extend the leading edge to boost low-speed lift."
    },
    {
      "question_number": 104,
      "question": "Leading-edge separation on a delta wing:",
      "options": {
        "a": "Reduces lift",
        "b": "Increases vortex lift",
        "c": "Increases drag only",
        "d": "Has no effect"
      },
      "correct_answer": "b",
      "explanation": "Separation creates vortices, enhancing lift on delta wings."
    },
    {
      "question_number": 105,
      "question": "Speed brakes primarily:",
      "options": {
        "a": "Increase lift",
        "b": "Increase drag",
        "c": "Control roll",
        "d": "Enhance stability"
      },
      "correct_answer": "b",
      "explanation": "Speed brakes increase drag to slow the aircraft."
    },
    {
      "question_number": 106,
      "question": "A high taper ratio wing is less efficient due to:",
      "options": {
        "a": "Low drag",
        "b": "Non-uniform lift",
        "c": "High lift",
        "d": "Low weight"
      },
      "correct_answer": "b",
      "explanation": "High taper (e.g., rectangular) wings have uneven lift, reducing efficiency."
    },
    {
      "question_number": 107,
      "question": "Polymorphic aircraft optimize:",
      "options": {
        "a": "Low-speed handling",
        "b": "Performance across speeds",
        "c": "Weight reduction",
        "d": "Lift only"
      },
      "correct_answer": "b",
      "explanation": "Variable geometry (e.g., sweep) suits both high and low speeds."
    },
    {
      "question_number": 108,
      "question": "A low taper ratio wing promotes:",
      "options": {
        "a": "Root stall",
        "b": "Tip stall",
        "c": "Uniform stall",
        "d": "No stall"
      },
      "correct_answer": "b",
      "explanation": "Low taper (tapered wings) increases tip loading, causing tip stalls."
    },
    {
      "question_number": 109,
      "question": "Rectangular wings have:",
      "options": {
        "a": "Low induced drag",
        "b": "High induced drag",
        "c": "High lift",
        "d": "Low weight"
      },
      "correct_answer": "b",
      "explanation": "Rectangular wings produce high induced drag due to uneven lift."
    },
    {
      "question_number": 110,
      "question": "Sweepback at high angles of attack:",
      "options": {
        "a": "Reduces drag",
        "b": "Increases induced drag",
        "c": "Has no effect",
        "d": "Increases lift"
      },
      "correct_answer": "b",
      "explanation": "Sweepback increases induced drag at high angles due to downwash."
    },
    {
      "question_number": 111,
      "question": "Delta wings in supersonic flight have:",
      "options": {
        "a": "High drag",
        "b": "Low drag",
        "c": "High lift",
        "d": "Low stability"
      },
      "correct_answer": "b",
      "explanation": "Delta wings minimize drag at supersonic speeds with sharp edges."
    },
    {
      "question_number": 112,
      "question": "A canard stalling before the main wing causes:",
      "options": {
        "a": "Nose-up moment",
        "b": "Nose-down moment",
        "c": "Increased drag",
        "d": "No effect"
      },
      "correct_answer": "b",
      "explanation": "Canard stall reduces its lift, pitching the nose down for recovery."
    }
  ]