[
  {
    "question_number": 1,
    "question": "Which of the following is not correct?",
    "options": {
      "a": "high-performance aircraft, gyroscopic instruments were designed for operation from aircraft pneumatic systems",
      "b": "Electric gyros are often preferred in high-performance aircraft.",
      "c": "Pneumatic gyro systems can lose efficiency at high altitudes."
    },
    "correct_answer": "a",
    "explanation": "Statement 'a' is not correct. Electric systems are generally preferred in high-performance aircraft because pneumatic air-driven systems lose efficiency and cannot provide stable gyro speeds at high altitudes where air density is low. Statements 'b' and 'c' are correct principles of gyroscopic instrument operation."
  },
  {
    "question_number": 2,
    "question": "Which of the following statements is true?",
    "options": {
      "a": "Vertical Gyro is driven by a 115 VAC, 400-Hz, single-phase source in the airplane.",
      "b": "Vertical Gyro is driven by a 28 VDC source in the airplane.",
      "c": "Vertical Gyro is driven by a hydraulic system in the airplane."
    },
    "correct_answer": "a",
    "explanation": "The correct statement is 'a'. 115 Volts AC at 400 Hz is a standard power supply for many avionics, including electrically driven Vertical Gyros. DC voltage and hydraulic power are used for other systems but not typically for powering a Vertical Gyro."
  },
  {
    "question_number": 3,
    "question": "Which of the following correctly describes a Vertical Gyro?",
    "options": {
      "a": "The Vertical Gyro is an electrically driven gyro that spins about horizontal axis.",
      "b": "The Vertical Gyro is an electrically driven gyro that spins about vertical axis.",
      "c": "The Vertical Gyro is a pneumatically driven gyro that spins about vertical axis."
    },
    "correct_answer": "b",
    "explanation": "A Vertical Gyro VG, which provides the reference for an attitude indicator, is defined by its rotor spinning on a vertical axis relative to the aircraft. This allows it to maintain a stable reference to measure pitch and roll. A horizontal axis is characteristic of a Directional Gyro."
  },
  {
    "question_number": 4,
    "question": "How does a pendulous vane erection system function?",
    "options": {
      "a": "In pendulous Vane Unit erection system, when the gyro rotates out of plane; air tends to port out of one side more than another.",
      "b": "In a pendulous vane system, weights are used to mechanically re-level the gyroscope.",
      "c": "In a pendulous vane system, magnetic sensors detect tilt and signal a torque motor."
    },
    "correct_answer": "a",
    "explanation": "The correct description is that when the gyro tilts, the pendulous vanes cause air to vent unevenly from ports, creating a corrective pressure that precesses the gyro back to vertical. It does not use shifting weights or magnetic sensors for its primary operation."
  },
  {
    "question_number": 5,
    "question": "Which of the following statements about a Gyro Horizon is NOT correct?",
    "options": {
      "a": "The rotor of Gyro horizon is oriented in the vertical plane.",
      "b": "The rotor of a Gyro Horizon spins about a vertical axis.",
      "c": "A Gyro horizon provides an indication of the aircraft's pitch and roll."
    },
    "correct_answer": "a",
    "explanation": "Statement 'a' is not correct. The rotor of a Gyro Horizon Attitude Indicator spins in a HORIZONTAL plane; its *spin axis* is what is oriented vertically. This vertical axis provides the stable platform against which attitude changes are measured. Statements 'b' and 'c' are correct."
  },
  {
    "question_number": 6,
    "question": "Which of the following is not correct about ring laser gyro?",
    "options": {
      "a": "It uses a spinning mechanical rotor for its operation.",
      "b": "It uses a beam of light for its operation.",
      "c": "It has no moving parts."
    },
    "correct_answer": "a",
    "explanation": "Statement 'a' is not correct. A ring laser gyro RLG is a solid-state instrument that uses beams of light to detect rotation; its key feature is that it has no moving parts and does not use a spinning mechanical rotor."
  },
  {
    "question_number": 7,
    "question": "Which of the following correctly defines a gyroscope's freedom of motion?",
    "options": {
      "a": "A freedom of gyro rotor about an axis perpendicular through its center is Spinning freedom.",
      "b": "The freedom for the gyro to move about its pitch axis is known as Veering freedom.",
      "c": "The freedom for the gyro to move about its yaw axis is known as Tilting freedom."
    },
    "correct_answer": "a",
    "explanation": "Spinning freedom is the correct term for the rotation of the gyro rotor about its own axis. The other statements incorrectly match the terms; movement about the pitch axis is tilting, and movement about the yaw axis is veering."
  },
  {
    "question_number": 8,
    "question": "Which of the following statements is true?",
    "options": {
      "a": "In pitch-bank compensation, roll switch is disconnected during turn.",
      "b": "In pitch-bank compensation, the gyro is caged during a turn.",
      "c": "In pitch-bank compensation, the erection system is made more sensitive during a turn."
    },
    "correct_answer": "a",
    "explanation": "Statement 'a' is true. During turns, an erection system can induce errors. A pitch-bank compensation system temporarily disconnects the roll erection mechanism to prevent these false indications."
  },
  {
    "question_number": 9,
    "question": "How do attitude signals travel in a remote vertical gyro system?",
    "options": {
      "a": "In vertical gyro system operation, whenever a change of aircraft attitude occurs, signals flow from Pitch and roll synchros of vertical gyroscope to Synchros of the indicator to Servomotors of the indicator.",
      "b": "In a vertical gyro system, signals are sent via a direct mechanical linkage from the gyro to the indicator.",
      "c": "In a vertical gyro system, air pressure signals are sent through tubes from the gyro to the indicator."
    },
    "correct_answer": "a",
    "explanation": "The correct signal path involves synchros on the remote gyro converting mechanical motion into electrical signals, which are then transmitted to receiving synchros and servomotors that drive the cockpit display."
  },
  {
    "question_number": 10,
    "question": "Which of the following instrument indicates the pitch and bank attitude of an aircraft?",
    "options": {
      "a": "Turn Coordinator",
      "b": "Directional Gyro",
      "c": "Gyro horizon"
    },
    "correct_answer": "c",
    "explanation": "The Gyro horizon, also known as the Attitude Indicator, is the instrument specifically designed to display the aircraft's pitch nose up/down and bank wings left/right attitude. A Directional Gyro shows heading, and a Turn Coordinator shows the rate of turn."
  },
  {
    "question_number": 11,
    "question": "Which of the following is correct about a rate gyroscope?",
    "options": {
      "a": "It requires no erecting device.",
      "b": "It requires a complex erecting device.",
      "c": "It has three degrees of freedom."
    },
    "correct_answer": "a",
    "explanation": "Statement 'a' is correct. A rate gyro measures the rate of rotation and does not need to maintain a fixed position in space, so it does not require an erecting device to correct for drift. A rate gyro is constrained and has fewer than three degrees of freedom."
  },
  {
    "question_number": 12,
    "question": "How does an erection cut-out method work on some electric gyro horizons?",
    "options": {
      "a": "The erection cut-out method is one applied to certain types of electric gyro horizon and operates automatically whenever the aircraft banks more than 10 degrees in either direction.",
      "b": "The erection cut-out method requires the pilot to manually disable the system before any turn.",
      "c": "The erection cut-out method only operates during takeoff to allow the gyro to spool up correctly."
    },
    "correct_answer": "a",
    "explanation": "This system is designed to automatically disable the gyro's erection mechanism during steep turns often defined as >10° bank to prevent turning forces from inducing errors in the attitude display. It is an automatic, not manual, process and functions during flight, not just on takeoff."
  },
  {
    "question_number": 13,
    "question": "What is the purpose of a gyro erection system for a vertical gyroscope?",
    "options": {
      "a": "To spin the gyro rotor at its operational speed.",
      "b": "to erect gyroscope to its Vertical position.",
      "c": "To provide power to the gyro."
    },
    "correct_answer": "b",
    "explanation": "The specific purpose of the erection system is to sense and correct for any drift, continuously re-aligning the gyroscope's spin axis to the true vertical, as defined by gravity."
  },
  {
    "question_number": 14,
    "question": "How many degrees of freedom does a free gyroscope rotor have?",
    "options": {
      "a": "1",
      "b": "2",
      "c": "3"
    },
    "correct_answer": "c",
    "explanation": "A free gyroscope has 3 degrees of freedom, which allows it to maintain its orientation in space regardless of the movement of its support. These are spinning, tilting pitch, and veering yaw. Gyros with fewer degrees of freedom are constrained and are known as rate gyros."
  },
  {
    "question_number": 15,
    "question": "Which of the following statements is true?",
    "options": {
      "a": "A freedom of gyro rotor about a vertical axis perpendicular to both the spin and tilt axes is Veering freedom.",
      "b": "A freedom of gyro rotor about its spin axis is called Tilting freedom.",
      "c": "A freedom of gyro rotor about a horizontal gimbal is called Spinning freedom."
    },
    "correct_answer": "a",
    "explanation": "Veering freedom is the correct term for rotation about the vertical axis yaw. The other statements are incorrect; freedom about the spin axis is Spinning freedom, and freedom about a horizontal gimbal is Tilting freedom."
  },
  {
    "question_number": 16,
    "question": "What are the two main categories of erection system?",
    "options": {
      "a": "mechanical and electrical",
      "b": "pneumatic and hydraulic",
      "c": "analog and digital"
    },
    "correct_answer": "a",
    "explanation": "Erection systems, which align gyroscopes, are generally classified by their operating principle as either mechanical e.g., using pendulous vanes and air ports or electrical e.g., using level switches and torque motors."
  },
  {
    "question_number": 17,
    "question": "Number of Rate gyro required to detect rate of turn of turn around the 3 axis of aircraft?",
    "options": {
      "a": "1",
      "b": "2",
      "c": "3"
    },
    "correct_answer": "c",
    "explanation": "To detect the rate of turn around all three axes pitch, roll, and yaw, a total of 3 rate gyros are required, with one oriented for each axis."
  },
  {
    "question_number": 18,
    "question": "Which of the following statements is true?",
    "options": {
      "a": "Remotely Vertical Gyro is an electrically driven gyro It supplies the reference for the automatic flight control and flight instruments of the aircraft.",
      "b": "A Remotely Vertical Gyro is a backup system that only provides data to the co-pilot's instruments.",
      "c": "A Remotely Vertical Gyro is a mechanical device that requires no electricity."
    },
    "correct_answer": "a",
    "explanation": "Statement 'a' is true. A remote VG serves as a centralized, high-quality attitude reference for the entire aircraft, providing essential data to both the pilot's flight instruments and other complex systems like the autopilot. It is a primary system, not a backup, and is electrically driven."
  },
  {
    "question_number": 19,
    "question": "Which of the following instrument is controlled by Gyroscope?",
    "options": {
      "a": "Airspeed indicator",
      "b": "Altimeter",
      "c": "Attitude indicator"
    },
    "correct_answer": "c",
    "explanation": "The Attitude indicator operates using a gyroscope to provide a stable reference and display the aircraft's pitch and bank. The Altimeter and Airspeed Indicator are both pressure instruments that operate using static and pitot pressure, respectively; they do not use gyroscopes."
  },
  {
    "question_number": 20,
    "question": "Acceleration error result is ________ indication.",
    "options": {
      "a": "pitch",
      "b": "roll",
      "c": "yaw"
    },
    "correct_answer": "a",
    "explanation": "Acceleration error, which occurs during linear acceleration or deceleration, primarily results in a false pitch indication as the erection system misinterprets the force."
  },
  {
    "question_number": 21,
    "question": "The Vertical Gyro is an electrically driven gyro that spins about the ________.",
    "options": {
      "a": "vertical axis",
      "b": "horizontal axis",
      "c": "lateral axis"
    },
    "correct_answer": "a",
    "explanation": "A Vertical Gyro provides an attitude reference by spinning on a vertical axis. A gyro that spins on a horizontal axis is typically a directional gyro."
  },
  {
    "question_number": 22,
    "question": "The angular change in direction of the plane of rotation under the influence of an applied force at a point 90° away in the direction of rotation is known as ________.",
    "options": {
      "a": "Precession",
      "b": "Rigidity",
      "c": "Nutation"
    },
    "correct_answer": "a",
    "explanation": "This principle is the definition of Precession. Rigidity is a gyro's resistance to changing its plane of rotation."
  },
  {
    "question_number": 23,
    "question": "Freedom of a gyroscope about an axis perpendicular through its center is known as ________ freedom.",
    "options": {
      "a": "Spinning",
      "b": "Tilting",
      "c": "Veering"
    },
    "correct_answer": "a",
    "explanation": "The rotation of the rotor itself is defined as Spinning freedom. Tilting and veering refer to the movement of the gimbals."
  },
  {
    "question_number": 24,
    "question": "Which of the following instruments has its rotor canted upward at 30°?",
    "options": {
      "a": "turn coordinator",
      "b": "Attitude Indicator",
      "c": "Directional Gyro"
    },
    "correct_answer": "a",
    "explanation": "The turn coordinator is designed with its gyro canted upwards. This allows it to sense both the rate of turn and the rate of roll."
  },
  {
    "question_number": 25,
    "question": "A Turn and Bank indicator shows the ________.",
    "options": {
      "a": "rate of turn and bank and/or slip indication",
      "b": "aircraft's pitch and bank attitude",
      "c": "aircraft's magnetic heading"
    },
    "correct_answer": "a",
    "explanation": "The primary function of a Turn and Bank indicator is to display the rate of turn and bank and/or slip indication. The needle shows the rate, while the ball indicates slip or skid."
  },
  {
    "question_number": 26,
    "question": "A free gyroscope has how many degrees of freedom?",
    "options": {
      "a": "3",
      "b": "2",
      "c": "1"
    },
    "correct_answer": "a",
    "explanation": "A free gyroscope has 3 degrees of freedom spinning, tilting, and veering, which allows it to maintain a fixed orientation in space."
  },
  {
    "question_number": 27,
    "question": "The number of Rate gyros required to detect the rate of turn around the 3 axes of an aircraft is ________.",
    "options": {
      "a": "3",
      "b": "2",
      "c": "1"
    },
    "correct_answer": "a",
    "explanation": "To measure the rate of rotation around all three aircraft axes pitch, roll, and yaw, 3 separate rate gyros are required."
  },
  {
    "question_number": 28,
    "question": "Which one of the following statements is NOT correct?",
    "options": {
      "a": "dry pump are light in weight and required lubrication",
      "b": "Dry pumps are typically lighter than wet pumps.",
      "c": "Dry pumps use self-lubricating carbon vanes."
    },
    "correct_answer": "a",
    "explanation": "Statement 'a' is not correct because the defining characteristic of a dry pump is that it does NOT require lubrication. The other statements are true."
  },
  {
    "question_number": 29,
    "question": "Which one of the following statements is NOT correct?",
    "options": {
      "a": "Ring laser are rugged and has short service life",
      "b": "Ring laser gyros are rugged because they have no moving parts.",
      "c": "Ring laser gyros have a long service life."
    },
    "correct_answer": "a",
    "explanation": "Statement 'a' is not correct. While ring laser gyros are rugged, they are known for having a very long service life, not a short one."
  },
  {
    "question_number": 30,
    "question": "Pressing a fast erection switch ________ the supply voltage to the erection system.",
    "options": {
      "a": "increases",
      "b": "decreases",
      "c": "does not affect"
    },
    "correct_answer": "a",
    "explanation": "The fast erection switch temporarily increases the supply voltage to the torque motors, causing the gyro to align to its reference position much more quickly."
  },
  {
    "question_number": 31,
    "question": "Which one of the following statements is correct?",
    "options": {
      "a": "Ring laser gyro uses beam of light for its operation",
      "b": "A ring laser gyro uses a spinning mechanical rotor.",
      "c": "A ring laser gyro is less reliable than a mechanical gyro."
    },
    "correct_answer": "a",
    "explanation": "Statement 'a' is correct. A ring laser gyro operates using two counter-rotating beams of light. It has no spinning parts and is generally more reliable."
  },
  {
    "question_number": 32,
    "question": "Erection cutout occurs when the bank angle is more than ________.",
    "options": {
      "a": "10° of bank",
      "b": "5° of bank",
      "c": "20° of bank"
    },
    "correct_answer": "a",
    "explanation": "The erection mechanism is typically disabled or 'cut out' when the aircraft exceeds a 10° of bank to prevent turning forces from causing display errors."
  },
  {
    "question_number": 33,
    "question": "A ________ occurs whenever the gyroscope as a whole is displaced with its gimbal rings not mutually at right angles to each other.",
    "options": {
      "a": "gimbal error",
      "b": "gimbal lock",
      "c": "rate error"
    },
    "correct_answer": "a",
    "explanation": "This condition is known as a gimbal error, where the non-perpendicular alignment of gimbals leads to inaccuracies. Gimbal lock is a more severe case where a degree of freedom is lost."
  },
  {
    "question_number": 34,
    "question": "The erection system of a vertical gyroscope brings the gyro back to the ________ axis.",
    "options": {
      "a": "vertical",
      "b": "horizontal",
      "c": "longitudinal"
    },
    "correct_answer": "a",
    "explanation": "The function of the erection system is to ensure the gyro's spin axis remains aligned with the true vertical axis, as defined by gravity."
  },
  {
    "question_number": 35,
    "question": "In a pneumatic erection system, when the gyro rotates out of plane, ________.",
    "options": {
      "a": "air tends to port out of one side more than another",
      "b": "the gyro's speed increases to compensate",
      "c": "an electrical motor reverses direction"
    },
    "correct_answer": "a",
    "explanation": "This describes the operating principle of a simple pneumatic erection system, where a tilt causes an uneven venting of air that creates a corrective force."
  },
  {
    "question_number": 36,
    "question": "Which one of the following statements is correct?",
    "options": {
      "a": "pitch and roll signal from vertical gyro send to indication gyro to the servomotor",
      "b": "Only a roll signal is sent from the vertical gyro to the servomotor.",
      "c": "A mechanical cable sends the pitch and roll signal to the indicator."
    },
    "correct_answer": "a",
    "explanation": "Statement 'a' is correct. The remote vertical gyro generates both pitch and roll signals that are sent to the indicator's servomotors."
  },
  {
    "question_number": 37,
    "question": "An erection mechanism uses ________ systems.",
    "options": {
      "a": "mechanical and electrical",
      "b": "only mechanical",
      "c": "only hydraulic"
    },
    "correct_answer": "a",
    "explanation": "Erection mechanisms are classified by their operating principle as either mechanical and electrical."
  },
  {
    "question_number": 38,
    "question": "The ways of producing airflow over a pneumatic gyro wheel are ________.",
    "options": {
      "a": "suction and pressure",
      "b": "only suction",
      "c": "only pressure"
    },
    "correct_answer": "a",
    "explanation": "The airflow needed to spin a pneumatic gyro can be created by either pulling air through the instrument with a vacuum suction system or pushing air through with a pressure pump."
  }
]