[
  {
    "question_number": 1,
    "question": "An instrument that measures the height of an aircraft above a given pressure level.",
    "options": {
      "a": "Altimeter",
      "b": "Heading Indicator",
      "c": "Vertical Speed Indicator"
    },
    "correct_answer": "a",
    "explanation": "An altimeter is specifically designed to measure the height of an aircraft above a given pressure level. The Heading Indicator measures the aircraft's heading, and the Vertical Speed Indicator shows the rate of climb or descent."
  },
  {
    "question_number": 2,
    "question": "Indicates whether the aircraft is climbing, descending, or in level flight.",
    "options": {
      "a": "Altimeter",
      "b": "Heading Indicator",
      "c": "Vertical Speed Indicator"
    },
    "correct_answer": "c",
    "explanation": "The Vertical Speed Indicator is designed to indicate whether the aircraft is climbing, descending, or in level flight. The Altimeter measures height, and the Heading Indicator shows the aircraft's direction."
  },
  {
    "question_number": 3,
    "question": "A sensitive differential pressure gauge which measures and indicates the difference between pitot and static pressure.",
    "options": {
      "a": "Vertical Speed Indicator",
      "b": "Airspeed Indicator",
      "c": "Turn Coordinator"
    },
    "correct_answer": "b",
    "explanation": "The Airspeed Indicator uses the difference between pitot and static pressure to measure airspeed. The Vertical Speed Indicator measures climb/descent rate, and the Turn Coordinator indicates turn rate."
  },
  {
    "question_number": 4,
    "question": "Also known as directional gyro.",
    "options": {
      "a": "Heading Indicator",
      "b": "Vertical Speed Indicator",
      "c": "Attitude Indicator"
    },
    "correct_answer": "a",
    "explanation": "The Heading Indicator is also known as a directional gyro. The Vertical Speed Indicator measures climb/descent, and the Attitude Indicator shows roll and pitch."
  },
  {
    "question_number": 5,
    "question": "This is where you need to align your Heading Indicator.",
    "options": {
      "a": "Magnetic Compass",
      "b": "Inclinometer",
      "c": "Vacuum System"
    },
    "correct_answer": "a",
    "explanation": "The Heading Indicator is aligned with the Magnetic Compass. The Inclinometer measures turn coordination, and the Vacuum System powers certain instruments."
  },
  {
    "question_number": 6,
    "question": "Uses a pointer called a turn needle.",
    "options": {
      "a": "Turn Coordinator",
      "b": "Turn and Slip Indicator",
      "c": "Inclinometer"
    },
    "correct_answer": "a",
    "explanation": "The Turn Coordinator uses a turn needle to indicate turn rate. The Turn and Slip Indicator and Inclinometer serve different purposes related to turn coordination."
  },
  {
    "question_number": 7,
    "question": "Provides information relating to the quality of the turn.",
    "options": {
      "a": "Turn Needle",
      "b": "Vacuum System",
      "c": "Inclinometer"
    },
    "correct_answer": "c",
    "explanation": "The Inclinometer provides information on turn quality. The Turn Needle is part of the Turn Coordinator, and the Vacuum System powers instruments."
  },
  {
    "question_number": 8,
    "question": "Yellow arc on air speed indicator indicates",
    "options": {
      "a": "Take-off and precautionary ranges",
      "b": "Maximum and minimum limits",
      "c": "Operation is prohibited"
    },
    "correct_answer": "a",
    "explanation": "The yellow arc indicates take-off and precautionary ranges. The red arc shows maximum limits, and the operation is prohibited in the red line area."
  },
  {
    "question_number": 9,
    "question": "In direct sensing instrument system:",
    "options": {
      "a": "The sensor and the indicator are in one case",
      "b": "The sensor and the indicator are remotely located",
      "c": "Synchrogenerator and motor can be used"
    },
    "correct_answer": "a",
    "explanation": "In a direct sensing system, the sensor and indicator are in one case. Remote systems use separate locations, and synchrogenerator/motor are for indirect systems."
  },
  {
    "question_number": 10,
    "question": "Refers to the principle that a wheel with a heavy weights rim spun rapidly will remain in a fixed position in the plane in which it is spinning.",
    "options": {
      "a": "Rigidity in Space",
      "b": "Precession",
      "c": "Deviation"
    },
    "correct_answer": "a",
    "explanation": "Rigidity in Space describes this principle. Precession is the gyro's response to force, and Deviation is a compass error."
  },
  {
    "question_number": 11,
    "question": "The tilting or turning of a gyro in response to pressure",
    "options": {
      "a": "Rigidity in Space",
      "b": "Precession",
      "c": "Deviation"
    },
    "correct_answer": "b",
    "explanation": "Precession is the tilting or turning of a gyro due to pressure. Rigidity in Space maintains position, and Deviation is a compass error."
  },
  {
    "question_number": 12,
    "question": "The Turn Coordinator is electrically powered.",
    "options": {
      "a": "True",
      "b": "False"
    },
    "correct_answer": "a",
    "explanation": "The Turn Coordinator is typically electrically powered. False would imply it uses another power source like vacuum."
  },
  {
    "question_number": 13,
    "question": "A mechanical instrument designed to facilitate the use of the magnetic compass.",
    "options": {
      "a": "Heading Indicator",
      "b": "Vertical Speed Indicator",
      "c": "Attitude Indicator"
    },
    "correct_answer": "a",
    "explanation": "The Heading Indicator facilitates magnetic compass use. The Vertical Speed Indicator measures climb/descent, and the Attitude Indicator shows roll and pitch."
  },
  {
    "question_number": 14,
    "question": "Displays the rate of turn and roll information, as well as the quality and coordination of the turn.",
    "options": {
      "a": "Vertical Speed Indicator",
      "b": "Attitude Indicator",
      "c": "Turn Coordinator"
    },
    "correct_answer": "c",
    "explanation": "The Turn Coordinator displays turn rate, roll, and coordination. The Vertical Speed Indicator measures climb/descent, and the Attitude Indicator shows orientation."
  },
  {
    "question_number": 15,
    "question": "Informs the pilot of the orientation of the aircraft relative to the Earth’s horizon.",
    "options": {
      "a": "Heading Indicator",
      "b": "Vertical Speed Indicator",
      "c": "Attitude Indicator"
    },
    "correct_answer": "c",
    "explanation": "The Attitude Indicator informs the pilot of orientation relative to the horizon. The Heading Indicator shows direction, and the Vertical Speed Indicator shows climb/descent."
  },
  {
    "question_number": 16,
    "question": "A gyroscopic instrument designed to facilitate the use of the magnetic compass.",
    "options": {
      "a": "Heading Indicator",
      "b": "Vertical Speed Indicator",
      "c": "Attitude Indicator"
    },
    "correct_answer": "a",
    "explanation": "The Heading Indicator is a gyroscopic instrument aiding the magnetic compass. The Vertical Speed Indicator measures climb/descent, and the Attitude Indicator shows orientation."
  },
  {
    "question_number": 17,
    "question": "An instrument that measures the height of an aircraft above a given pressure level.",
    "options": {
      "a": "Altimeter",
      "b": "Heading Indicator",
      "c": "Vertical Speed Indicator"
    },
    "correct_answer": "a",
    "explanation": "An altimeter measures height above a pressure level. The Heading Indicator shows direction, and the Vertical Speed Indicator indicates climb/descent rate."
  },
  {
    "question_number": 18,
    "question": "Indicates whether the aircraft is climbing, descending, or in level flight.",
    "options": {
      "a": "Altimeter",
      "b": "Heading Indicator",
      "c": "Vertical Speed Indicator"
    },
    "correct_answer": "c",
    "explanation": "The Vertical Speed Indicator indicates climb, descent, or level flight. The Altimeter measures height, and the Heading Indicator shows direction."
  },
  {
    "question_number": 19,
    "question": "A sensitive differential pressure gauge which measures and indicates the difference between pilot and static pressure.",
    "options": {
      "a": "Vertical Speed Indicator",
      "b": "Airspeed Indicator",
      "c": "Turn Coordinator"
    },
    "correct_answer": "b",
    "explanation": "The Airspeed Indicator measures the difference between pitot and static pressure. The Vertical Speed Indicator shows climb/descent, and the Turn Coordinator indicates turn rate."
  },
  {
    "question_number": 20,
    "question": "Flight Data Recorder (FDR), also known as the 'Black box' is typically installed",
    "options": {
      "a": "In the tail section of an aircraft, where it is less likely to be damaged in an accident",
      "b": "In the cabin to be easily accessed",
      "c": "In the cockpit for the use by the pilots during an accident"
    },
    "correct_answer": "a",
    "explanation": "The FDR is installed in the tail for protection. The cabin and cockpit locations are less secure and not designed for this purpose."
  },
  {
    "question_number": 21,
    "question": "Which of the following facilitate communication or information exchange between the aircraft and ground stations?",
    "options": {
      "a": "VHF and HF radios",
      "b": "TCAS",
      "c": "EGPWS"
    },
    "correct_answer": "a",
    "explanation": "VHF and HF radios facilitate communication. TCAS is for collision avoidance, and EGPWS is for terrain awareness."
  },
  {
    "question_number": 22,
    "question": "Which radio communication system is used for long distance voice communications?",
    "options": {
      "a": "Interphone system",
      "b": "HF",
      "c": "VHF"
    },
    "correct_answer": "b",
    "explanation": "HF is used for long-distance voice communications. The Interphone system is for internal use, and VHF is for shorter ranges."
  },
  {
    "question_number": 23,
    "question": "Bar magnet is pulled by the Earth's magnetic field to the north and downward",
    "options": {
      "a": "Rigidity in Space",
      "b": "Magnetic Dip",
      "c": "Deviation"
    },
    "correct_answer": "b",
    "explanation": "Magnetic Dip describes the downward pull. Rigidity in Space is a gyro property, and Deviation is a compass error."
  },
  {
    "question_number": 24,
    "question": "An error that occurs on an East or west heading",
    "options": {
      "a": "Turning Error",
      "b": "Acceleration Error",
      "c": "Pitch Error"
    },
    "correct_answer": "b",
    "explanation": "Acceleration Error occurs on East or West headings. Turning Error occurs on North/South turns, and Pitch Error relates to pitch movement."
  },
  {
    "question_number": 25,
    "question": "An error that occurs when turning to or from a North or South heading",
    "options": {
      "a": "Turning Error",
      "b": "Acceleration Error",
      "c": "Pitch Error"
    },
    "correct_answer": "a",
    "explanation": "Turning Error occurs on North or South headings. Acceleration Error is for East/West, and Pitch Error relates to pitch movement."
  },
  {
    "question_number": 26,
    "question": "This instrument senses the roll and pitch motion of the aircraft.",
    "options": {
      "a": "Attitude Indicator",
      "b": "Turn Coordinator",
      "c": "Heading Indicator"
    },
    "correct_answer": "a",
    "explanation": "The Attitude Indicator senses roll and pitch. The Turn Coordinator shows turn rate, and the Heading Indicator shows direction."
  },
  {
    "question_number": 27,
    "question": "The angular difference between the true and magnetic north",
    "options": {
      "a": "Precession",
      "b": "Deviation",
      "c": "Variation"
    },
    "correct_answer": "c",
    "explanation": "Variation is the angular difference between true and magnetic north. Precession is a gyro effect, and Deviation is a local compass error."
  },
  {
    "question_number": 28,
    "question": "The aircraft compass is oriented to the",
    "options": {
      "a": "True North",
      "b": "Magnetic North",
      "c": "North East"
    },
    "correct_answer": "b",
    "explanation": "The aircraft compass is oriented to Magnetic North. True North is a geographic reference, and North East is not a standard orientation."
  }
]