[
  {
    "question_number": 1,
    "question": "What are the four main parts of an autopilot?",
    "options": {
      "a": "Computer, Controller, sensors, ac power",
      "b": "Sensors, computer, controller, servos",
      "c": "controller, servos, computer, switches"
    },
    "correct_answer": "b",
    "explanation": "The four fundamental components of an autopilot system are: Sensors (like gyros) to detect the aircraft's attitude, a Computer to process the sensor data, a Controller for the pilot to select modes, and Servos (actuators) to physically move the flight controls. Option 'a' is incorrect because AC power is a power source, not a core functional component. Option 'c' is incorrect because 'switches' are part of the controller, and 'servos' is the more accurate term for the actuators."
  },
  {
    "question_number": 2,
    "question": "An Underwater Locater Beacon (ULB) is activated when",
    "options": {
      "a": "It comes into contact with water or submerged in water",
      "b": "When the switch is on by impact",
      "c": "When the switch is activated by the pilot"
    },
    "correct_answer": "a",
    "explanation": "The ULB, also known as a 'pinger', is specifically designed with a water-sensitive switch that activates the beacon upon immersion. Option 'b' is incorrect because while the Flight Data Recorder itself may be activated by impact forces, the underwater beacon is activated by water. Option 'c' is incorrect as it is an automatic safety feature not intended for manual pilot activation."
  },
  {
    "question_number": 3,
    "question": "Refers to the principle that a wheel with a heavy weights rim spun rapidly will remain in a fixed position in the plane in which it is spinning.",
    "options": {
      "a": "Rigidity in Space",
      "b": "Precession",
      "c": "Deviation"
    },
    "correct_answer": "a",
    "explanation": "This is the definition of Rigidity in Space (or gyroscopic inertia), a fundamental principle of how gyroscopes work. Option 'b', Precession, is the deflection of a gyro 90 degrees to the direction of an applied force. Option 'c', Deviation, is a type of magnetic compass error caused by the aircraft's own magnetic fields."
  },
  {
    "question_number": 4,
    "question": "Also known as directional gyro.",
    "options": {
      "a": "Heading Indicator",
      "b": "Vertical Speed Indicator",
      "c": "Attitude Indicator"
    },
    "correct_answer": "a",
    "explanation": "The Heading Indicator is a gyroscopic instrument also known as a Directional Gyro (DG). Option 'b', the Vertical Speed Indicator (VSI), shows the rate of climb or descent. Option 'c', the Attitude Indicator (AI), shows the aircraft's orientation relative to the horizon."
  },
  {
    "question_number": 5,
    "question": "Indicates whether the aircraft is climbing, descending, or in level flight.",
    "options": {
      "a": "Altimeter",
      "b": "Heading Indicator",
      "c": "Vertical Speed Indicator"
    },
    "correct_answer": "c",
    "explanation": "The Vertical Speed Indicator (VSI) directly measures and displays the rate of climb or descent, with a reading of zero indicating level flight. Option 'a', the Altimeter, indicates altitude above a certain level. Option 'b', the Heading Indicator, shows the aircraft's magnetic heading."
  },
  {
    "question_number": 6,
    "question": "An error that occurs on an East or west heading",
    "options": {
      "a": "Turning Error",
      "b": "Acceleration Error",
      "c": "Pitch Error"
    },
    "correct_answer": "b",
    "explanation": "Acceleration Error in a magnetic compass is most pronounced on East or West headings due to the vertical component of the Earth's magnetic field (magnetic dip). Option 'a', Turning Error, is most significant when turning to or from North or South headings. Option 'c', Pitch Error, is not a standard term for this type of magnetic compass error."
  },
  {
    "question_number": 7,
    "question": "which of the following instruments are part of the Basic 'T' grouping",
    "options": {
      "a": "Airspeed, Attitude (Artificial horizon), Altimeter, Heding Indicator",
      "b": "Attitude, Altimeter, Heding Indicator, Turn and Bank",
      "c": "Airspeed, vertical speed, Altimeter, Heding Indicator"
    },
    "correct_answer": "a",
    "explanation": "The standard Basic 'T' instrument layout places the Attitude Indicator at the top center, the Airspeed Indicator to the left, the Altimeter to the right, and the Heading Indicator directly below the Attitude Indicator, forming a 'T'. Options 'b' and 'c' incorrectly include the Turn and Bank indicator or the Vertical Speed Indicator in the primary 'T' scan."
  },
  {
    "question_number": 8,
    "question": "This is where you need to align your Heading Indicator.",
    "options": {
      "a": "Magnetic Compass",
      "b": "Inclinometer",
      "c": "Vacuum System"
    },
    "correct_answer": "a",
    "explanation": "The Heading Indicator, being a gyroscope, suffers from precession and must be periodically realigned with the primary magnetic direction reference, which is the Magnetic Compass. Option 'b', the Inclinometer, shows the quality of a turn (slip or skid). Option 'c', the Vacuum System, is a power source for the gyro but not a directional reference."
  },
  {
    "question_number": 9,
    "question": "Navigation lights on aircraft",
    "options": {
      "a": "are used to Identify position and direction of aircraft",
      "b": "Indicate altitude",
      "c": "Are installed only on the left side of the wing"
    },
    "correct_answer": "a",
    "explanation": "Navigation lights (a red light on the left wing, green on the right, and white on the tail) are used to determine the position and direction of travel of an aircraft at night. Option 'b' is incorrect; lights do not indicate altitude. Option 'c' is incorrect as lights are required on both wingtips and the tail."
  },
  {
    "question_number": 10,
    "question": "Which of the following facilitate communication or information exchange between the aircraft and ground stations,",
    "options": {
      "a": "VHF and HF radios",
      "b": "TCAS",
      "c": "EGPWS"
    },
    "correct_answer": "a",
    "explanation": "VHF (Very High Frequency) and HF (High Frequency) radios are the primary systems used for voice and data communication between an aircraft and ground stations. Option 'b', TCAS (Traffic Collision Avoidance System), communicates with other aircraft. Option 'c', EGPWS (Enhanced Ground Proximity Warning System), is a terrain awareness system and does not communicate with ground stations."
  },
  {
    "question_number": 11,
    "question": "Displays the rate of turn and roll information, as well as the quality and coordination of the turn.",
    "options": {
      "a": "Vertical Speed Indicator",
      "b": "Attitude Indicator",
      "c": "Turn Coordinator"
    },
    "correct_answer": "c",
    "explanation": "The Turn Coordinator displays both the rate of turn and rate of roll. It also contains an inclinometer (the ball) which indicates the quality (coordination) of the turn. Option 'a', the VSI, shows rate of climb/descent. Option 'b', the Attitude Indicator, shows pitch and bank angle, not the rate of turn or quality."
  },
  {
    "question_number": 12,
    "question": "yellow arc on air speed indicator indicates",
    "options": {
      "a": "Take-off and precautionary ranges",
      "b": "Maximum and minimum limits",
      "c": "Operation is prohibited"
    },
    "correct_answer": "a",
    "explanation": "The yellow arc on an Airspeed Indicator is the precautionary range, where flight should only be conducted in smooth air. It is formally called the 'Structural Cruising Range'. Option 'b' is too general. Option 'c' describes the red line (Vne - Never Exceed Speed), not the yellow arc."
  },
  {
    "question_number": 13,
    "question": "The tilting or turning of a gyro in response to pressure",
    "options": {
      "a": "Rigidity in Space",
      "b": "Precession",
      "c": "Deviation"
    },
    "correct_answer": "b",
    "explanation": "This is the definition of Precession, where an applied force to a spinning gyroscope results in a movement 90 degrees in the direction of rotation from the point of application. Option 'a', Rigidity in Space, is the principle that a gyro resists changes to its orientation. Option 'c', Deviation, is a magnetic compass error."
  },
  {
    "question_number": 14,
    "question": "The angular difference between the true and magnetic north",
    "options": {
      "a": "Precession",
      "b": "Deviation",
      "c": "Variation"
    },
    "correct_answer": "c",
    "explanation": "This is the definition of Magnetic Variation (sometimes called declination). It's the angle between True North and Magnetic North. Option 'b', Deviation, is the error caused by the aircraft's own magnetic fields. Option 'a', Precession, is a principle of gyroscopes."
  },
  {
    "question_number": 15,
    "question": "VHF radio communication supplies",
    "options": {
      "a": "Voice and data Line-of-sight communication",
      "b": "Long distance communication between ground station and Aircraft",
      "c": "Voice only"
    },
    "correct_answer": "a",
    "explanation": "VHF (Very High Frequency) radio waves travel in straight lines and are limited by the horizon, which is known as line-of-sight communication; modern systems can carry both voice and data (ACARS). Option 'b' is incorrect; long-distance, over-the-horizon communication is the function of HF radio. Option 'c' is incorrect as VHF can also carry data."
  },
  {
    "question_number": 16,
    "question": "The rate of turn is too slow for the angle of bank",
    "options": {
      "a": "Slip",
      "b": "Skid",
      "c": "Coordinated Turn"
    },
    "correct_answer": "a",
    "explanation": "A slip occurs when the aircraft is banked too much for the rate of turn, causing it to slide down toward the inside of the turn. The ball in the turn coordinator will be on the same side as the bank. Option 'b', a skid, is the opposite, where the rate of turn is too great for the bank angle. Option 'c', a Coordinated Turn, is a balanced turn with no slip or skid."
  },
  {
    "question_number": 17,
    "question": "A mechanical instrument designed to facilitate the use of the magnetic compass.",
    "options": {
      "a": "Heading Indicator",
      "b": "Vertical Speed Indicator",
      "c": "Attitude Indicator"
    },
    "correct_answer": "a",
    "explanation": "The Heading Indicator (or Directional Gyro) is designed to provide a stable heading reference that is easier to read and less prone to the errors (like oscillation and turning errors) of the magnetic compass. It doesn't replace the compass but makes using its information easier. The VSI and Attitude Indicator serve different purposes (rate of climb and aircraft attitude, respectively)."
  },
  {
    "question_number": 18,
    "question": "Compass error due to disturbances of magnetic fields.",
    "options": {
      "a": "Magnetic Dip",
      "b": "Deviation",
      "c": "Variation"
    },
    "correct_answer": "b",
    "explanation": "Deviation is the compass error caused by the magnetic fields generated by the aircraft's own structure and electrical systems. Option 'c', Variation, is the error between True North and Magnetic North. Option 'a', Magnetic Dip, is the vertical pull of the Earth's magnetic field, which causes turning and acceleration errors."
  },
  {
    "question_number": 19,
    "question": "HF communication has a frequency range of",
    "options": {
      "a": "118-299.975MHz.",
      "b": "2 to 29.999MHz",
      "c": "118-136.975"
    },
    "correct_answer": "b",
    "explanation": "The High Frequency (HF) band is internationally defined as being from 3 to 30 MHz. Option 'b' falls within this definition. Options 'a' and 'c' describe ranges within the Very High Frequency (VHF) band, which is used for line-of-sight communication."
  },
  {
    "question_number": 20,
    "question": "A sensitive differential pressure gauge which measures and indicates the difference between pitot and static pressure.",
    "options": {
      "a": "Vertical Speed Indicator",
      "b": "Airspeed Indicator",
      "c": "Turn Coordinator"
    },
    "correct_answer": "b",
    "explanation": "This is the exact definition of how an Airspeed Indicator works. It measures the difference between dynamic pressure (from the pitot tube) and static pressure (from the static port) to calculate and display airspeed. Option 'a', the VSI, uses only static pressure with a calibrated leak. Option 'c', the Turn Coordinator, is a gyroscopic instrument."
  },
  {
    "question_number": 21,
    "question": "An error that occurs when turning to or from a North or South heading",
    "options": {
      "a": "Turning Error",
      "b": "Acceleration Error",
      "c": "Pitch Error"
    },
    "correct_answer": "a",
    "explanation": "Magnetic compass Turning Errors (or Northerly/Southerly Turning Errors) are most pronounced when turning from a North or South heading, caused by magnetic dip. Option 'b', Acceleration Error, is most pronounced on East or West headings. Option 'c', Pitch Error, is not a standard term for this phenomenon."
  },
  {
    "question_number": 22,
    "question": "Uses an artificial horizon and miniature airplane to depict the position of your airplane in relation to the true horizon.",
    "options": {
      "a": "Attitude Indicator",
      "b": "Turn Coordinator",
      "c": "Heading Indicator"
    },
    "correct_answer": "a",
    "explanation": "This describes the function of the Attitude Indicator (AI), which is also commonly called an Artificial Horizon. It gives the pilot a visual representation of the aircraft's pitch and bank attitude. The Turn Coordinator (b) shows the rate of turn/roll, and the Heading Indicator (c) shows direction."
  },
  {
    "question_number": 23,
    "question": "An instrument that measures the height of an aircraft above a given pressure level.",
    "options": {
      "a": "Altimeter",
      "b": "Heading Indicator",
      "c": "Vertical Speed Indicator"
    },
    "correct_answer": "a",
    "explanation": "This is the definition of an Altimeter. It's a barometer that measures static air pressure and displays it as altitude above a selected pressure datum. The Heading Indicator (b) shows direction, and the Vertical Speed Indicator (c) shows the rate of change of altitude."
  },
  {
    "question_number": 24,
    "question": "Bar magnet is pulled by the Earth's magnetic field to the north and downward",
    "options": {
      "a": "Rigidity in Space",
      "b": "Magnetic Dip",
      "c": "Deviation"
    },
    "correct_answer": "b",
    "explanation": "This describes Magnetic Dip, the tendency of a compass needle to point down towards the magnetic pole in addition to pointing horizontally towards it. This vertical component is what causes compass turning and acceleration errors. Rigidity in Space (a) is a gyro property. Deviation (c) is a compass error from the aircraft's own magnetism."
  },
  {
    "question_number": 25,
    "question": "The rate of turn is too great for the angle of bank",
    "options": {
      "a": "Slip",
      "b": "Skid",
      "c": "Coordinated Turn"
    },
    "correct_answer": "b",
    "explanation": "A skid occurs when the rate of turn is too great for the angle of bank, causing the aircraft to slide to the outside of the turn. The ball in the turn coordinator will be on the opposite side of the bank. Option 'a', a slip, is the opposite, where the bank is too great for the rate of turn. Option 'c' is a balanced turn."
  },
  {
    "question_number": 26,
    "question": "Flight Data Recorder (FDR), also known as the 'black box' is typically installed",
    "options": {
      "a": "In the tail section of an aircraft, where it is less likely to be damaged in an accident",
      "b": "In the cabin to be easily accessed",
      "c": "In the cockpit for the use by the pilots during an accident"
    },
    "correct_answer": "a",
    "explanation": "Flight recorders are installed in the tail section (empennage) because crash statistics show this area is the most survivable in an accident, increasing the chances of recovering the data. Options 'b' and 'c' are incorrect because easy access and pilot use are not the primary considerations for placement; survivability is paramount."
  },
  {
    "question_number": 27,
    "question": "This instrument senses the roll and pitch motion of the aircraft.",
    "options": {
      "a": "Attitude Indicator",
      "b": "Turn Coordinator",
      "c": "Heading Indicator"
    },
    "correct_answer": "a",
    "explanation": "The Attitude Indicator's gyroscope is designed to sense movement in both the pitch (nose up/down) and roll (wing up/down) axes to display the aircraft's attitude. The Turn Coordinator (b) senses the rate of roll and yaw. The Heading Indicator (c) senses yaw to show direction."
  },
  {
    "question_number": 28,
    "question": "Compass error due to disturbances of magnetic fields.",
    "options": {
      "a": "Magnetic Dip",
      "b": "Deviation",
      "c": "Variation"
    },
    "correct_answer": "b",
    "explanation": "Deviation is the compass error caused by the magnetic fields generated by the aircraft's own structure and electrical systems. Option 'c', Variation, is the error between True North and Magnetic North. Option 'a', Magnetic Dip, is the vertical pull of the Earth's magnetic field, which causes turning and acceleration errors."
  },
  {
    "question_number": 29,
    "question": "Provides information relating to the quality of the turn",
    "options": {
      "a": "Turn Needle",
      "b": "Vacuum System",
      "c": "Inclinometer"
    },
    "correct_answer": "c",
    "explanation": "The Inclinometer, which is the ball in a liquid-filled tube at the bottom of a Turn and Bank Indicator or Turn Coordinator, indicates the quality of the turn. If the ball is centered, the turn is coordinated. If it is off-center, the aircraft is in a slip or a skid. The Turn Needle (a) shows the rate of turn, not the quality. The Vacuum System (b) is a power source."
  },
  {
    "question_number": 30,
    "question": "In the basic Desynn system the rotor in the indicator is",
    "options": {
      "a": "Electromagnet",
      "b": "permanent magnet",
      "c": "nonmagnetic"
    },
    "correct_answer": "b",
    "explanation": "A DC Selsyn or 'Desynn' remote indicating system uses a transmitter with a resistive toroidal winding and a DC-powered indicator. The indicator's rotor is a simple permanent magnet that aligns itself with the magnetic field created by the indicator's stator coils. It is not an electromagnet (a) or nonmagnetic (c)."
  },
  {
    "question_number": 31,
    "question": "In direct sensing instrument system:",
    "options": {
      "a": "the sensor and the indicator are in one case.",
      "b": "the sensor and the indicator are remotely located.",
      "c": "synchro generator and motor can be used."
    },
    "correct_answer": "a",
    "explanation": "A direct sensing system is one where the sensing mechanism and the display are housed in the same instrument case, such as a basic pressure altimeter. Option 'b' describes a remote sensing system. Option 'c' describes a specific type of remote sensing system, not a direct one."
  },
  {
    "question_number": 32,
    "question": "The operating range (height) of Radio Altimeter is",
    "options": {
      "a": "-20-2500 ft",
      "b": "2000-20000ft",
      "c": "200-250ft"
    },
    "correct_answer": "a",
    "explanation": "A radio altimeter (or radar altimeter) is designed for high accuracy at low altitudes and typically operates from approximately -20 feet to 2,500 feet above the ground (AGL). The other ranges are incorrect; they are too high for the intended function of a radio altimeter, which is primarily for approach and landing."
  },
  {
    "question_number": 33,
    "question": "What is the output of a differential synchro system?",
    "options": {
      "a": "Sum of the two inputs",
      "b": "Sum or difference of the two inputs",
      "c": "difference of the two inputs"
    },
    "correct_answer": "b",
    "explanation": "A differential synchro (transmitter or receiver) is used to modify the signal from a synchro transmitter. Depending on how it's connected, it can either add its own angle to the transmitter's angle or subtract it, making its output the sum or difference of the two angular inputs. It is not limited to only the sum (a) or only the difference (c)."
  },
  {
    "question_number": 34,
    "question": "Informs the pilot of the orientation of the aircraft relative to the Earth's horizon.",
    "options": {
      "a": "Heading Indicator",
      "b": "Vertical Speed Indicator",
      "c": "Attitude Indicator"
    },
    "correct_answer": "c",
    "explanation": "The Attitude Indicator (AI) provides a direct visual representation of the aircraft's pitch (nose up/down) and bank (wings left/right) orientation relative to the horizon. The Heading Indicator (a) shows direction, and the Vertical Speed Indicator (b) shows the rate of climb or descent."
  },
  {
    "question_number": 35,
    "question": "The communication system that provides the crew and ground staff to communicate each other with interior and exterior capability is:-",
    "options": {
      "a": "service interphone system",
      "b": "cabin interphone system",
      "c": "Passenger Address system"
    },
    "correct_answer": "a",
    "explanation": "The Service Interphone system is designed for this purpose, providing jacks at various exterior and interior locations (like wheel wells, cargo bays, and cockpit) to allow maintenance ground crew to talk with the flight crew. The Cabin Interphone (b) is for communication within the cabin (e.g., flight attendants to cockpit). The Passenger Address system (c) is for one-way announcements to passengers."
  },
  {
    "question_number": 36,
    "question": "The purpose of a localizer signal in the ILS system is to",
    "options": {
      "a": "align the airplane with the center line of the runways",
      "b": "help pilots descend at the proper angle to the runway",
      "c": "to ensure a safe flight path and maintain separation from another airplane"
    },
    "correct_answer": "a",
    "explanation": "The localizer provides lateral (left-right) guidance to align the aircraft with the runway centerline. Option 'b' describes the function of the glideslope, which provides vertical guidance. Option 'c' describes the function of Air Traffic Control and systems like TCAS, not the localizer."
  },
  {
    "question_number": 37,
    "question": "The aircraft compass is oriented to the ________.",
    "options": {
      "a": "True North",
      "b": "Magnetic North",
      "c": "Norh East"
    },
    "correct_answer": "b",
    "explanation": "An aircraft's basic magnetic compass is a simple magnet that aligns itself with the lines of the Earth's magnetic field, therefore pointing to Magnetic North. Pilots must apply corrections for Variation (difference between magnetic and true north) and Deviation (local magnetic fields) to determine True North (a). North East (c) is a direction, not a pole the compass aligns with."
  },
  {
    "question_number": 38,
    "question": "The instrument that displays the aircraft's altitude above a given pressure level is called",
    "options": {
      "a": "Altimeter",
      "b": "Airspeed Indicator",
      "c": "Vertical Speed Indicator"
    },
    "correct_answer": "a",
    "explanation": "The Altimeter measures the static air pressure and converts it to altitude above a selected pressure level, typically sea level. The Airspeed Indicator (b) measures airspeed, and the Vertical Speed Indicator (c) shows the rate of climb or descent."
  }
]
