[
  {
    "question_number": 1,
    "question": "Which force always acts vertically towards the center of the Earth?",
    "options": {
      "a": "Thrust",
      "b": "Weight",
      "c": "Drag"
    },
    "correct_answer": "b",
    "explanation": "Weight is the force due to gravity, always acting downward towards the Earth's center."
  },
  {
    "question_number": 2,
    "question": "What force opposes drag in flight?",
    "options": {
      "a": "Lift",
      "b": "Thrust",
      "c": "Weight"
    },
    "correct_answer": "b",
    "explanation": "Thrust, produced by the engines, opposes drag to maintain or increase airspeed."
  },
  {
    "question_number": 3,
    "question": "In level, unaccelerated flight, which two forces are equal?",
    "options": {
      "a": "Thrust and weight",
      "b": "Lift and weight",
      "c": "Drag and weight"
    },
    "correct_answer": "b",
    "explanation": "In level, unaccelerated flight, lift equals weight to maintain altitude."
  },
  {
    "question_number": 4,
    "question": "What force decreases as fuel is consumed?",
    "options": {
      "a": "Weight",
      "b": "Thrust",
      "c": "Lift"
    },
    "correct_answer": "a",
    "explanation": "Weight decreases as fuel is burned, reducing the aircraft's mass."
  },
  {
    "question_number": 5,
    "question": "What is the definition of thrust?",
    "options": {
      "a": "A force produced by the engine pushing forward",
      "b": "The force opposing lift",
      "c": "The force acting perpendicular to flight direction"
    },
    "correct_answer": "a",
    "explanation": "Thrust is the forward force generated by the aircraft's engines."
  },
  {
    "question_number": 6,
    "question": "When the aircraft is accelerating, what is true about the forces?",
    "options": {
      "a": "Thrust is less than drag",
      "b": "Thrust equals drag",
      "c": "Thrust is greater than drag"
    },
    "correct_answer": "c",
    "explanation": "For acceleration, thrust exceeds drag to increase airspeed."
  },
  {
    "question_number": 7,
    "question": "Which type of flight path involves balanced lift and weight?",
    "options": {
      "a": "Steep climb",
      "b": "Straight and level flight",
      "c": "Glide"
    },
    "correct_answer": "b",
    "explanation": "Straight and level flight requires lift to equal weight for steady altitude."
  },
  {
    "question_number": 8,
    "question": "What is the key factor in determining the rate of climb (ROC)?",
    "options": {
      "a": "Power excess",
      "b": "Airframe weight",
      "c": "Wing area"
    },
    "correct_answer": "a",
    "explanation": "Power excess (available power minus required power) drives the rate of climb."
  },
  {
    "question_number": 9,
    "question": "What is the relationship between thrust and drag in steady-level flight?",
    "options": {
      "a": "Thrust is greater than drag",
      "b": "Thrust equals drag",
      "c": "Thrust is less than drag"
    },
    "correct_answer": "b",
    "explanation": "In steady-level flight, thrust balances drag to maintain constant speed."
  },
  {
    "question_number": 10,
    "question": "What does the ROC (Rate of Climb) depend on?",
    "options": {
      "a": "Airspeed",
      "b": "Power excess",
      "c": "Fuel capacity"
    },
    "correct_answer": "b",
    "explanation": "ROC depends on power excess, enabling the aircraft to gain altitude."
  },
  {
    "question_number": 11,
    "question": "What angle determines the steepness of a climb?",
    "options": {
      "a": "AOA (Angle of Attack)",
      "b": "Angle of Climb",
      "c": "Bank Angle"
    },
    "correct_answer": "b",
    "explanation": "The angle of climb defines the steepness of the ascent path."
  },
  {
    "question_number": 12,
    "question": "What is the primary goal during a glide?",
    "options": {
      "a": "Maximize altitude loss",
      "b": "Minimize rate of descent",
      "c": "Maintain constant speed"
    },
    "correct_answer": "b",
    "explanation": "Minimizing the rate of descent extends glide distance and time."
  },
  {
    "question_number": 13,
    "question": "Which equation represents lift during a climb?",
    "options": {
      "a": "L = W cos θ",
      "b": "L = W sin θ",
      "c": "L = D cos θ"
    },
    "correct_answer": "a",
    "explanation": "Lift equals the weight component perpendicular to the climb path, L = W cos θ."
  },
  {
    "question_number": 14,
    "question": "What happens to thrust when descending at constant speed?",
    "options": {
      "a": "Thrust equals lift",
      "b": "Thrust decreases",
      "c": "Thrust equals drag"
    },
    "correct_answer": "b",
    "explanation": "Thrust decreases in a descent as gravity aids forward motion."
  },
  {
    "question_number": 15,
    "question": "What type of turn is characterized by a constant bank angle?",
    "options": {
      "a": "Shallow turn",
      "b": "Steep turn",
      "c": "Medium turn"
    },
    "correct_answer": "b",
    "explanation": "Steep turns maintain a constant, significant bank angle."
  },
  {
    "question_number": 16,
    "question": "What is the effect of increasing bank angle during a turn?",
    "options": {
      "a": "Decrease in load factor",
      "b": "Increase in load factor",
      "c": "No change in load factor"
    },
    "correct_answer": "b",
    "explanation": "Increasing bank angle raises the load factor to sustain the turn."
  },
  {
    "question_number": 17,
    "question": "What force provides the centripetal force in a turn?",
    "options": {
      "a": "Drag",
      "b": "Weight",
      "c": "Horizontal component of lift"
    },
    "correct_answer": "c",
    "explanation": "The horizontal component of lift provides centripetal force for turning."
  },
  {
    "question_number": 18,
    "question": "At what point does an aircraft stall?",
    "options": {
      "a": "When thrust is less than drag",
      "b": "When the critical AOA is exceeded",
      "c": "When fuel runs out"
    },
    "correct_answer": "b",
    "explanation": "A stall occurs when the critical angle of attack is exceeded, disrupting lift."
  },
  {
    "question_number": 19,
    "question": "What happens to stall speed with an increase in load factor?",
    "options": {
      "a": "Increases",
      "b": "Decreases",
      "c": "Stays the same"
    },
    "correct_answer": "a",
    "explanation": "Higher load factor increases stall speed due to greater lift requirements."
  },
  {
    "question_number": 20,
    "question": "Which device increases both lift and drag?",
    "options": {
      "a": "Flap",
      "b": "Spoiler",
      "c": "Elevator"
    },
    "correct_answer": "a",
    "explanation": "Flaps increase lift for low-speed flight but also add drag."
  },
  {
    "question_number": 21,
    "question": "What is the function of slats?",
    "options": {
      "a": "Increase stall AOA",
      "b": "Decrease drag",
      "c": "Increase glide ratio"
    },
    "correct_answer": "a",
    "explanation": "Slats extend the wing’s leading edge, increasing the stall angle of attack."
  },
  {
    "question_number": 22,
    "question": "What is the purpose of spoilers?",
    "options": {
      "a": "Increase lift",
      "b": "Decrease lift and increase drag",
      "c": "Increase pitch control"
    },
    "correct_answer": "b",
    "explanation": "Spoilers disrupt airflow to reduce lift and increase drag, aiding descent."
  },
  {
    "question_number": 23,
    "question": "What effect do wing fences have?",
    "options": {
      "a": "Prevent wingtip stall",
      "b": "Improve spanwise airflow",
      "c": "Decrease camber"
    },
    "correct_answer": "b",
    "explanation": "Wing fences reduce spanwise flow, preventing tip stalls on swept wings."
  },
  {
    "question_number": 24,
    "question": "Which surface controls roll?",
    "options": {
      "a": "Elevator",
      "b": "Rudder",
      "c": "Aileron"
    },
    "correct_answer": "c",
    "explanation": "Ailerons, on the wings, control roll by creating differential lift."
  },
  {
    "question_number": 25,
    "question": "Which control surface provides yaw control?",
    "options": {
      "a": "Elevator",
      "b": "Rudder",
      "c": "Flaps"
    },
    "correct_answer": "b",
    "explanation": "The rudder, on the vertical stabilizer, controls yaw."
  },
  {
    "question_number": 26,
    "question": "What does the rudder control?",
    "options": {
      "a": "Pitch",
      "b": "Yaw",
      "c": "Roll"
    },
    "correct_answer": "b",
    "explanation": "The rudder adjusts the aircraft’s yaw, directing the nose left or right."
  },
  {
    "question_number": 27,
    "question": "Which aerodynamic device controls pitch?",
    "options": {
      "a": "Elevator",
      "b": "Aileron",
      "c": "Rudder"
    },
    "correct_answer": "a",
    "explanation": "Elevators, on the tail, control pitch by raising or lowering the nose."
  },
  {
    "question_number": 28,
    "question": "What stability concept involves returning to the original position after displacement?",
    "options": {
      "a": "Static stability",
      "b": "Dynamic stability",
      "c": "Positive stability"
    },
    "correct_answer": "a",
    "explanation": "Static stability is the tendency to return to equilibrium after a disturbance."
  },
  {
    "question_number": 29,
    "question": "What type of stability describes oscillations that decrease over time?",
    "options": {
      "a": "Negative dynamic stability",
      "b": "Positive dynamic stability",
      "c": "Neutral stability"
    },
    "correct_answer": "b",
    "explanation": "Positive dynamic stability means oscillations dampen over time."
  },
  {
    "question_number": 30,
    "question": "What type of stability occurs when the ball moves away after displacement?",
    "options": {
      "a": "Negative stability",
      "b": "Neutral stability",
      "c": "Positive stability"
    },
    "correct_answer": "a",
    "explanation": "Negative stability causes divergence from equilibrium after disturbance."
  },
  {
    "question_number": 31,
    "question": "What is the load factor (n) in level flight?",
    "options": {
      "a": "Less than 1",
      "b": "1",
      "c": "Greater than 1"
    },
    "correct_answer": "b",
    "explanation": "In level flight, load factor is 1, as lift equals weight."
  },
  {
    "question_number": 32,
    "question": "How do flaps affect landing distance?",
    "options": {
      "a": "Increase it",
      "b": "Decrease it",
      "c": "Have no effect"
    },
    "correct_answer": "b",
    "explanation": "Flaps allow slower landing speeds, reducing landing distance."
  },
  {
    "question_number": 33,
    "question": "What is the main use of speed brakes?",
    "options": {
      "a": "Increase lift",
      "b": "Reduce speed during descent",
      "c": "Improve takeoff performance"
    },
    "correct_answer": "b",
    "explanation": "Speed brakes increase drag to slow the aircraft during descent."
  },
  {
    "question_number": 34,
    "question": "What is the purpose of trim tabs?",
    "options": {
      "a": "Increase lift",
      "b": "Reduce pilot workload",
      "c": "Increase drag"
    },
    "correct_answer": "b",
    "explanation": "Trim tabs maintain control surface positions, easing pilot effort."
  },
  {
    "question_number": 35,
    "question": "What is a high-lift device?",
    "options": {
      "a": "Rudder",
      "b": "Flap",
      "c": "Spoiler"
    },
    "correct_answer": "b",
    "explanation": "Flaps are high-lift devices, increasing lift for takeoff and landing."
  },
  {
    "question_number": 36,
    "question": "What aerodynamic feature improves low-speed lift?",
    "options": {
      "a": "Wingtip devices",
      "b": "Slats",
      "c": "Ailerons"
    },
    "correct_answer": "b",
    "explanation": "Slats enhance low-speed lift by delaying airflow separation."
  },
  {
    "question_number": 37,
    "question": "What control surface moves oppositely on either wing to provide roll control?",
    "options": {
      "a": "Flaps",
      "b": "Ailerons",
      "c": "Elevators"
    },
    "correct_answer": "b",
    "explanation": "Ailerons move oppositely to create differential lift for roll."
  },
  {
    "question_number": 38,
    "question": "What is the primary function of ailerons?",
    "options": {
      "a": "Control yaw",
      "b": "Control pitch",
      "c": "Control roll"
    },
    "correct_answer": "c",
    "explanation": "Ailerons primarily control roll, tilting the aircraft side to side."
  },
  {
    "question_number": 39,
    "question": "What does the VG diagram represent?",
    "options": {
      "a": "Lift-drag ratio",
      "b": "Flight envelope",
      "c": "Power curve"
    },
    "correct_answer": "b",
    "explanation": "The VG diagram shows the flight envelope, defining safe operating limits."
  },
  {
    "question_number": 40,
    "question": "What is the main factor affecting the stall warning margin?",
    "options": {
      "a": "Engine type",
      "b": "Angle of attack",
      "c": "Altitude"
    },
    "correct_answer": "b",
    "explanation": "Angle of attack determines proximity to the critical stall point."
  },
  {
    "question_number": 41,
    "question": "Which condition results in a Dutch roll?",
    "options": {
      "a": "Excess yaw damping",
      "b": "Insufficient lateral stability",
      "c": "Excessive roll control"
    },
    "correct_answer": "b",
    "explanation": "Insufficient lateral stability causes Dutch roll, a yaw-roll oscillation."
  },
  {
    "question_number": 42,
    "question": "What type of aircraft is prone to deep stalls?",
    "options": {
      "a": "T-tail configuration",
      "b": "High-wing aircraft",
      "c": "Swept-wing aircraft"
    },
    "correct_answer": "a",
    "explanation": "T-tail aircraft risk deep stalls due to turbulent flow over the tail."
  },
  {
    "question_number": 43,
    "question": "What type of turn uses more rudder input?",
    "options": {
      "a": "Shallow turn",
      "b": "Steep turn",
      "c": "Coordinated turn"
    },
    "correct_answer": "c",
    "explanation": "Coordinated turns require rudder to counter adverse yaw, especially in steep turns."
  },
  {
    "question_number": 44,
    "question": "What is adverse yaw?",
    "options": {
      "a": "A turn in the opposite direction of input",
      "b": "Yaw caused by uneven aileron drag",
      "c": "Increased lift at low speeds"
    },
    "correct_answer": "b",
    "explanation": "Adverse yaw results from higher drag on the downward aileron during a turn."
  },
  {
    "question_number": 45,
    "question": "What is the function of a servo tab?",
    "options": {
      "a": "Increase lift",
      "b": "Assist primary control surfaces",
      "c": "Stabilize lateral flight"
    },
    "correct_answer": "b",
    "explanation": "Servo tabs reduce pilot effort by aiding primary control surface movement."
  },
  {
    "question_number": 46,
    "question": "How does dihedral improve stability?",
    "options": {
      "a": "Increases drag",
      "b": "Reduces stall speed",
      "c": "Restores level flight after a sideslip"
    },
    "correct_answer": "c",
    "explanation": "Dihedral creates a restoring roll moment during sideslip, enhancing stability."
  },
  {
    "question_number": 47,
    "question": "What factor affects lateral stability?",
    "options": {
      "a": "Sweepback",
      "b": "AOA",
      "c": "Load factor"
    },
    "correct_answer": "a",
    "explanation": "Sweepback influences lateral stability, often requiring design adjustments."
  },
  {
    "question_number": 48,
    "question": "What is the purpose of a keel effect?",
    "options": {
      "a": "Stabilize yaw",
      "b": "Improve roll control",
      "c": "Assist in level flight"
    },
    "correct_answer": "b",
    "explanation": "The keel effect aids roll control by aligning the fuselage with airflow."
  },
  {
    "question_number": 49,
    "question": "What happens to lift with an increase in angle of attack (AOA)?",
    "options": {
      "a": "Decreases",
      "b": "Increases",
      "c": "Stays constant"
    },
    "correct_answer": "b",
    "explanation": "Lift increases with angle of attack until the critical AOA is reached."
  },
  {
    "question_number": 50,
    "question": "What is the effect of adding slats during landing?",
    "options": {
      "a": "Decreases stall AOA",
      "b": "Increases lift",
      "c": "Reduces drag"
    },
    "correct_answer": "b",
    "explanation": "Slats increase lift by allowing higher angles of attack without stalling."
  }
]