[
    {
        "question_number": 1,
        "question": "Those instruments that provide information to guide an airplane in a definite course are",
        "options": {
            "A": "Navigation instruments",
            "B": "Flight instruments",
            "C": "Altimeter"
        },
        "correct_answer": "A",
        "explanation": "Navigation instruments, such as VOR, GPS, and compasses, provide information to guide an airplane along a specific course."
    },
    {
        "question_number": 2,
        "question": "Give an example of flight instruments",
        "options": {
            "A": "Attitude indicator",
            "B": "Flap position indicator",
            "C": "Tachometer"
        },
        "correct_answer": "A",
        "explanation": "The attitude indicator is a flight instrument that shows the aircraft's pitch and roll relative to the horizon, unlike flap position indicators or tachometers."
    },
    {
        "question_number": 3,
        "question": "Which of the following is not a powerplant instrument?",
        "options": {
            "A": "Oil temperature indicator",
            "B": "Exhaust Gas Temperature indicator",
            "C": "Airspeed indicator"
        },
        "correct_answer": "C",
        "explanation": "The airspeed indicator is a flight instrument, not a powerplant instrument, which includes oil temperature and exhaust gas temperature indicators."
    },
    {
        "question_number": 4,
        "question": "In a direct reading instrument",
        "options": {
            "A": "The detecting element is found inside the instrument",
            "B": "The Bourdon tube can be used as a detecting element",
            "C": "Both a and b are correct"
        },
        "correct_answer": "C",
        "explanation": "In direct reading instruments, the detecting element (e.g., a Bourdon tube for pressure) is located within the instrument itself, making both A and B correct."
    },
    {
        "question_number": 5,
        "question": "What of the following is true about absolute pressure and gauge pressure?",
        "options": {
            "A": "Absolute pressure is measured with reference to vacuum, and gauge pressure is measured with reference to atmospheric pressure",
            "B": "The absolute pressure of a fluid is equal to the sum of the gauge pressure and the atmospheric pressure",
            "C": "Both a and b are true"
        },
        "correct_answer": "C",
        "explanation": "Absolute pressure is referenced to a vacuum, gauge pressure to atmospheric pressure, and absolute pressure equals gauge pressure plus atmospheric pressure."
    },
    {
        "question_number": 6,
        "question": "Engine pressure ratio (EPR) is a measure of the differential pressure between the inlet and the exhaust pressure of an engine. Which detecting element is used for its measurement?",
        "options": {
            "A": "Bourdon tube",
            "B": "Bellows",
            "C": "Aneroid"
        },
        "correct_answer": "B",
        "explanation": "Bellows are used to measure the differential pressure for engine pressure ratio (EPR) due to their sensitivity to pressure changes."
    },
    {
        "question_number": 7,
        "question": "Which of the following is true?",
        "options": {
            "A": "Bourdon tube is a pressure measuring device usually used for high pressure measurement",
            "B": "Bourdon tube cannot be used for fluid temperature measurement",
            "C": "Both a and b are true"
        },
        "correct_answer": "C",
        "explanation": "Bourdon tubes are used for high-pressure measurements and are not suitable for fluid temperature measurement, making both A and B true."
    },
    {
        "question_number": 8,
        "question": "A solid-state sensor widely used for pressure sensing",
        "options": {
            "A": "Piezoelectric",
            "B": "Aneroid",
            "C": "Gyroscope"
        },
        "correct_answer": "A",
        "explanation": "Piezoelectric sensors are solid-state devices commonly used for pressure sensing due to their ability to generate voltage under mechanical stress."
    },
    {
        "question_number": 9,
        "question": "Disadvantage of direct reading instruments",
        "options": {
            "A": "Leakage of fluid in pax and crew area",
            "B": "Cannot be used for flight instruments",
            "C": "Cannot be used for temperature measuring instrument"
        },
        "correct_answer": "A",
        "explanation": "A key disadvantage of direct reading instruments is the potential for fluid leakage in passenger and crew areas, especially in systems using liquid-filled gauges."
    },
    {
        "question_number": 10,
        "question": "Find the wrong statement",
        "options": {
            "A": "Autosyn and Magnesyn are used for remote sensing instruments",
            "B": "Selsyn are DC operated synchros",
            "C": "Oil pressure can use synchro as a detection element"
        },
        "correct_answer": "B",
        "explanation": "Selsyn systems typically operate on AC, not DC, making B incorrect. Autosyn and Magnesyn are used for remote sensing, and synchros can be used for oil pressure detection."
    },
    {
        "question_number": 11,
        "question": "AC synchro system that uses a permanent magnet is",
        "options": {
            "A": "Autosyn",
            "B": "Selsyn",
            "C": "Magnesyn"
        },
        "correct_answer": "C",
        "explanation": "The Magnesyn system uses a permanent magnet in its AC synchro design for remote indication, unlike Autosyn or Selsyn systems."
    },
    {
        "question_number": 12,
        "question": "Bourdon tube can be part of Autosyn transmitter",
        "options": {
            "A": "True",
            "B": "False"
        },
        "correct_answer": "A",
        "explanation": "A Bourdon tube can be integrated into an Autosyn transmitter to convert pressure changes into mechanical motion for remote indication."
    },
    {
        "question_number": 13,
        "question": "Which of the following is/are non-electrical temperature measuring instruments?",
        "options": {
            "A": "Bimetallic thermometer",
            "B": "Bourdon tube type temperature gauge",
            "C": "Both A and B are correct"
        },
        "correct_answer": "A",
        "explanation": "Bimetallic thermometers are non-electrical, relying on the differential expansion of metals. Bourdon tube gauges are typically used for pressure, not temperature."
    },
    {
        "question_number": 14,
        "question": "Which one of the following is incorrect?",
        "options": {
            "A": "The principle of Wheatstone bridge is used in temperature measuring instruments",
            "B": "Wheatstone bridge is used to measure low and medium temperatures",
            "C": "Both answers are incorrect"
        },
        "correct_answer": "C",
        "explanation": "Both A and B are correct: Wheatstone bridges are used in temperature measurement (e.g., with RTDs) for low and medium temperatures."
    },
    {
        "question_number": 15,
        "question": "One of the following is a detector for temperature measuring system used for Exhaust Gas Temperature (EGT)",
        "options": {
            "A": "Thermocouple",
            "B": "Ratiometer",
            "C": "Wheatstone bridge"
        },
        "correct_answer": "A",
        "explanation": "Thermocouples are used to measure Exhaust Gas Temperature (EGT) due to their ability to handle high temperatures in turbine engines."
    },
    {
        "question_number": 16,
        "question": "The true air temperature determined by appropriate correction factor to the Total Air Temperature (TAT)",
        "options": {
            "A": "Static Air Temperature (SAT)",
            "B": "Ram Air Temperature (RAT)",
            "C": "Both a and b are correct"
        },
        "correct_answer": "A",
        "explanation": "Static Air Temperature (SAT) is the true air temperature, derived by applying a correction factor to Total Air Temperature (TAT) to account for compressibility effects."
    },
    {
        "question_number": 17,
        "question": "For a capacitance-type fuel quantity indicating system, how is the error due to temperature variation corrected?",
        "options": {
            "A": "By the bridge circuit system",
            "B": "By the dielectric effect",
            "C": "By compensator"
        },
        "correct_answer": "C",
        "explanation": "A compensator is used in capacitance-type fuel quantity systems to correct errors due to temperature variations affecting the fuel’s dielectric constant."
    },
    {
        "question_number": 18,
        "question": "When electrical power is not available on the aircraft, which method is used for fuel quantity measurement?",
        "options": {
            "A": "Using dip stick",
            "B": "By a fuel flow transmitter",
            "C": "No mechanism is available for such condition"
        },
        "correct_answer": "A",
        "explanation": "When electrical power is unavailable, a dip stick is used to manually measure fuel quantity in the tanks."
    },
    {
        "question_number": 19,
        "question": "In a mass flow fuel flow indicating system",
        "options": {
            "A": "The viscosity component represents the mass of the fuel",
            "B": "Vane-type fuel flow meter is used",
            "C": "Both are correct"
        },
        "correct_answer": "B",
        "explanation": "Mass flow fuel systems typically use vane-type fuel flow meters to measure fuel flow, not viscosity, which is unrelated to mass measurement."
    },
    {
        "question_number": 20,
        "question": "A small AC generator mounted to a reciprocating engine’s gear case or the accessory drive section of a turbine engine for measuring engine speed is",
        "options": {
            "A": "Tachometer",
            "B": "Tacho probe",
            "C": "Both a and b are incorrect"
        },
        "correct_answer": "A",
        "explanation": "A tachometer, often an AC generator, is used to measure engine speed by generating a signal proportional to RPM."
    },
    {
        "question_number": 21,
        "question": "Solid-state sensors, such as piezoelectric crystalline devices, are used",
        "options": {
            "A": "For measuring engine vibration",
            "B": "For measuring engine speed",
            "C": "For measuring EGT"
        },
        "correct_answer": "A",
        "explanation": "Piezoelectric sensors are used to measure engine vibration by detecting mechanical stress, not for engine speed or EGT."
    },
    {
        "question_number": 22,
        "question": "Sensor uses a magnetic field to measure the distance of a steel target to its sensitive surface is",
        "options": {
            "A": "Proximity sensor",
            "B": "Micro switch",
            "C": "Pressure switch"
        },
        "correct_answer": "A",
        "explanation": "A proximity sensor uses a magnetic field to detect the distance to a steel target without physical contact."
    },
    {
        "question_number": 23,
        "question": "Stall warning system",
        "options": {
            "A": "Uses Angle of Attack (AOA) sensor for detection",
            "B": "Causes control column to shake (stick shaker)",
            "C": "Both a and b are correct"
        },
        "correct_answer": "C",
        "explanation": "Stall warning systems use AOA sensors to detect impending stalls and activate a stick shaker to vibrate the control column, alerting the pilot."
    },
    {
        "question_number": 24,
        "question": "Which statement holds true regarding pitot probe?",
        "options": {
            "A": "Pitot probe contains a heating element",
            "B": "Pitot probes are mounted at the least turbulent location on the fuselage",
            "C": "Both a and b"
        },
        "correct_answer": "C",
        "explanation": "Pitot probes contain heating elements to prevent icing and are mounted in areas with minimal turbulence for accurate pressure measurements."
    },
    {
        "question_number": 25,
        "question": "To minimize detection error during maneuver, static ports are",
        "options": {
            "A": "Flush mounted to the fuselage",
            "B": "Two static ports mounted on opposite sides of fuselage are interconnected as a single static pressure source supply",
            "C": "Pressure is used"
        },
        "correct_answer": "B",
        "explanation": "Interconnecting two static ports on opposite sides of the fuselage minimizes errors during maneuvers by averaging pressure variations."
    },
    {
        "question_number": 26,
        "question": "When does the pressure altitude and true altitude become equal?",
        "options": {
            "A": "When the mean sea level altitude is 29.92 in Hg",
            "B": "When the aircraft is on ground",
            "C": "They cannot be equal"
        },
        "correct_answer": "A",
        "explanation": "Pressure altitude and true altitude are equal when the atmospheric pressure at sea level is the standard 29.92 in Hg, as per the International Standard Atmosphere."
    },
    {
        "question_number": 27,
        "question": "Which instrument utilizes both pitot and static pressure for its measurement?",
        "options": {
            "A": "Altimeter",
            "B": "Vertical speed indicator",
            "C": "Airspeed indicator"
        },
        "correct_answer": "C",
        "explanation": "The airspeed indicator uses both pitot (dynamic) and static pressure to calculate the aircraft’s speed through the air."
    },
    {
        "question_number": 28,
        "question": "What method is designed to facilitate altimeter to read high altitude figures (e.g., 25000 ft)?",
        "options": {
            "A": "Triple pointer system",
            "B": "Single pointer and counter",
            "C": "Both a and b are correct"
        },
        "correct_answer": "B",
        "explanation": "The single pointer and counter system is used in altimeters to clearly display high altitude figures, improving readability over the triple pointer system."
    },
    {
        "question_number": 29,
        "question": "A direct reading instrument that uses both airspeed capsule and altimeter",
        "options": {
            "A": "Airspeed indicator",
            "B": "Mach airspeed indicator",
            "C": "Altimeter"
        },
        "correct_answer": "B",
        "explanation": "The Mach airspeed indicator uses an airspeed capsule and an altimeter mechanism to compute Mach number by combining airspeed and altitude data."
    },
    {
        "question_number": 30,
        "question": "A true gyroscope possesses two important fundamental properties which are",
        "options": {
            "A": "Spinning of rotor and rigidity",
            "B": "Inner gimbal and outer gimbal",
            "C": "Rigidity and precession"
        },
        "correct_answer": "C",
        "explanation": "A gyroscope’s fundamental properties are rigidity (resistance to external forces) and precession (movement in response to applied forces)."
    },
    {
        "question_number": 31,
        "question": "Which of the following is false about Directional Gyro?",
        "options": {
            "A": "Uses horizontal gyro",
            "B": "Uses vertical gyro",
            "C": "Both a and b"
        },
        "correct_answer": "B",
        "explanation": "A directional gyro uses a horizontal-axis gyro to maintain heading, not a vertical gyro, making option B false."
    }
]