[
    {
        "question_number": 1,
        "question": "Which type of pressure doesn't require a reference",
        "options": {
            "a": "Absolute",
            "b": "Differential",
            "c": "Gage"
        },
        "correct_answer": "a",
        "explanation": "Absolute pressure is measured relative to a perfect vacuum and does not require a reference to another pressure."
    },
    {
        "question_number": 2,
        "question": "____is simply the measurement of one unknown pressure with reference to another unknown pressure",
        "options": {
            "a": "Differential",
            "b": "Gage",
            "c": "Absolute"
        },
        "correct_answer": "a",
        "explanation": "Differential pressure measures the difference between two unknown pressures, typically using a reference pressure."
    },
    {
        "question_number": 3,
        "question": "Which of the following is correct about bourdon tube",
        "options": {
            "a": "When high pressures need to be measured, the tube is designed to be stiff",
            "b": "When low pressures need to be measured, the tube is designed to be stiff",
            "c": "capsules are more stiff than bourdon tube"
        },
        "correct_answer": "a",
        "explanation": "A Bourdon tube is designed to be stiffer for high-pressure measurements to withstand the force without excessive deformation."
    },
    {
        "question_number": 4,
        "question": "Which of the following is correct about Magnesyn",
        "options": {
            "a": "It uses permanent magnet for its rotors",
            "b": "It uses DC current as input",
            "c": "It uses electromagnet for its rotors"
        },
        "correct_answer": "a",
        "explanation": "Magnesyn systems use a permanent magnet for their rotors, which interacts with the stator to transmit position data."
    },
    {
        "question_number": 5,
        "question": "Why is remote indication system preferred for Fuel Pressure Indication System",
        "options": {
            "a": "It is not safe to run a fuel line into the cockpit",
            "b": "To reduce magnetic interference",
            "c": "To reduce radio interference"
        },
        "correct_answer": "a",
        "explanation": "A remote indication system is preferred for fuel pressure to avoid running hazardous fuel lines into the cockpit, ensuring safety."
    },
    {
        "question_number": 6,
        "question": "At what cabin altitude will a cabin altitude warning switch close",
        "options": {
            "a": "10,000 ft. above mean sea level",
            "b": "9,500 ft. above mean sea level",
            "c": "15,000 ft. above mean sea level"
        },
        "correct_answer": "a",
        "explanation": "The cabin altitude warning switch typically closes at 10,000 ft. above mean sea level to alert the crew of potential pressurization issues."
    },
    {
        "question_number": 7,
        "question": "Which type of sensor is most suited for differential pressure measurement",
        "options": {
            "a": "Diaphragms",
            "b": "Bellows",
            "c": "Bourdon tube"
        },
        "correct_answer": "a",
        "explanation": "Diaphragms are most suited for differential pressure measurement due to their sensitivity to small pressure differences across two sides."
    },
    {
        "question_number": 8,
        "question": "____is a pressures being interpreted as power available at the engine propeller shaft",
        "options": {
            "a": "Torque Pressure",
            "b": "Control pressure",
            "c": "Manifold pressure"
        },
        "correct_answer": "c",
        "explanation": "Manifold pressure is a measure of the pressure in the engine's intake manifold, directly related to the power available at the propeller shaft."
    },
    {
        "question_number": 9,
        "question": "Which of the following is correct",
        "options": {
            "a": "The higher the pressure of the fuel air mixture going into the engine, the less power it can produce",
            "b": "The higher the pressure of the fuel air mixture going into the engine, the more power it can produce",
            "c": "The lower the pressure of the fuel air mixture going into the engine, the more power it can produce"
        },
        "correct_answer": "b",
        "explanation": "Higher pressure of the fuel-air mixture in the engine (e.g., higher manifold pressure) results in more power output due to improved combustion efficiency."
    },
    {
        "question_number": 10,
        "question": "The pressure sensor for Hydraulic Pressure Indication System is",
        "options": {
            "a": "Bourdon tube",
            "b": "Diaphragm",
            "c": "Capsule"
        },
        "correct_answer": "b",
        "explanation": "A diaphragm is commonly used as the pressure sensor in hydraulic pressure indication systems due to its sensitivity and reliability for measuring fluid pressure."
    },
    {
        "question_number": 11,
        "question": "Which of the following uses electro magnet as a rotor",
        "options": {
            "a": "Autosyn",
            "b": "Desynn",
            "c": "Magnasyn"
        },
        "correct_answer": "a",
        "explanation": "Autosyn systems use an electromagnet as a rotor, energized by AC power, to transmit position data."
    },
    {
        "question_number": 12,
        "question": "For an instrument with flange, the type of mounting used is",
        "options": {
            "a": "Flange mounting",
            "b": "Clamp-flange mounting",
            "c": "Clamp mounting"
        },
        "correct_answer": "a",
        "explanation": "An instrument with a flange typically uses flange mounting, secured with screws and nuts directly to the panel."
    },
    {
        "question_number": 13,
        "question": "The instruments which are included in a basic six grouping are",
        "options": {
            "a": "Vertical speed indicator, standby magnetic compass",
            "b": "Gyro-horizon, standby magnetic compass",
            "c": "Vertical speed indicator, Gyro-horizon"
        },
        "correct_answer": "c",
        "explanation": "The basic six grouping includes the airspeed indicator, altimeter, attitude indicator (gyro-horizon), heading indicator, turn coordinator, and vertical speed indicator."
    },
    {
        "question_number": 14,
        "question": "Which of the following is DC synchro system",
        "options": {
            "a": "Control synchro",
            "b": "Micro-desynn",
            "c": "Torque synchro"
        },
        "correct_answer": "b",
        "explanation": "Micro-desynn is a DC synchro system used for precise position indication, typically in smaller instruments."
    },
    {
        "question_number": 15,
        "question": "The instrument which are included in a basic six grouping are",
        "options": {
            "a": "Altimeter, standby magnetic compass",
            "b": "Air speed indicator, standby magnetic compass",
            "c": "Altimeter, course indicator"
        },
        "correct_answer": "c",
        "explanation": "The basic six grouping includes the altimeter, airspeed indicator, attitude indicator, heading indicator (course indicator), turn coordinator, and vertical speed indicator."
    },
    {
        "question_number": 16,
        "question": "How does the stator of a TX (Transmitter) of a synchro receive voltage",
        "options": {
            "a": "By a magnetic coupling with the rotor",
            "b": "By a physical connection with the rotor",
            "c": "By a magnetic coupling with another stator"
        },
        "correct_answer": "a",
        "explanation": "The stator of a synchro transmitter (TX) receives voltage through magnetic coupling with the rotor, which induces an AC voltage in the stator windings."
    },
    {
        "question_number": 17,
        "question": "Which of the following instrument is found on Wright Flyer of Wright Brothers",
        "options": {
            "a": "Gyro horizon",
            "b": "Primary flight display",
            "c": "Engine tachometer"
        },
        "correct_answer": "c",
        "explanation": "The Wright Flyer had a simple engine tachometer to monitor engine RPM, as it lacked advanced instruments like gyro horizons or primary flight displays."
    },
    {
        "question_number": 18,
        "question": "What are the methods of instrument mounting on the panel is/are used",
        "options": {
            "a": "Clamp mounting",
            "b": "Flange mounting",
            "c": "Flange and Clamp mounting"
        },
        "correct_answer": "c",
        "explanation": "Instrument mounting methods include both flange mounting (using screws and nuts) and clamp mounting (using clamps to secure the instrument)."
    },
    {
        "question_number": 19,
        "question": "Which of the following instruments are designed to measure operating parameters of the aircraft's engine(s)",
        "options": {
            "a": "Navigation instruments",
            "b": "Power plant instruments",
            "c": "Flight instruments"
        },
        "correct_answer": "b",
        "explanation": "Power plant instruments, such as tachometers and oil pressure gauges, are designed to measure operating parameters of the aircraft's engines."
    },
    {
        "question_number": 20,
        "question": "Which of the following instruments contribute information used by the pilot to guide the aircraft along a definite course",
        "options": {
            "a": "Horizontal situation display",
            "b": "Engine Indication and Crew Alerting System",
            "c": "Altimeter"
        },
        "correct_answer": "a",
        "explanation": "The horizontal situation display (e.g., HSI) provides navigation information to guide the aircraft along a definite course."
    },
    {
        "question_number": 21,
        "question": "Where should power plant instruments be located",
        "options": {
            "a": "On the First Officer forward instrument panel",
            "b": "On the Captain forward instrument panel",
            "c": "At the center of the forward instrument panel visible to both pilots"
        },
        "correct_answer": "c",
        "explanation": "Power plant instruments are placed at the center of the forward instrument panel to be visible to both pilots for effective monitoring."
    },
    {
        "question_number": 22,
        "question": "____serves to indicate the airspeed range over which the aircraft landing flaps may be extended in the take-off, approach and landing configurations of the aircraft",
        "options": {
            "a": "White arc",
            "b": "Red radial line",
            "c": "Yellow arc"
        },
        "correct_answer": "a",
        "explanation": "The white arc on an airspeed indicator shows the safe range for extending landing flaps during takeoff, approach, and landing."
    },
    {
        "question_number": 23,
        "question": "Which of the following instrument is found on Wright Flyer of Wright Brothers",
        "options": {
            "a": "Navigation display",
            "b": "Primary flight display",
            "c": "Anemometer"
        },
        "correct_answer": "c",
        "explanation": "The Wright Flyer used an anemometer to measure airspeed, as it lacked modern instruments like navigation or primary flight displays."
    },
    {
        "question_number": 24,
        "question": "What are the two major components of a synchro",
        "options": {
            "a": "Rotor and shaft",
            "b": "Housing and stator",
            "c": "Transmitter and receiver"
        },
        "correct_answer": "c",
        "explanation": "A synchro system consists of a transmitter (TX) and a receiver (TR), which work together to transmit positional data."
    },
    {
        "question_number": 25,
        "question": "What is the instrument mechanism system that combines all four elements of an instrument in a single case",
        "options": {
            "a": "Direct sensing instrument system",
            "b": "Contact instrument system",
            "c": "Remote sensing instrument system"
        },
        "correct_answer": "a",
        "explanation": "A direct sensing instrument system integrates all four elements (detecting, measuring, coupling, and indicating) within a single case."
    },
    {
        "question_number": 26,
        "question": "Which of the following uses permanent magnet as a rotor",
        "options": {
            "a": "Control synchro",
            "b": "Autosyn",
            "c": "Magnasyn"
        },
        "correct_answer": "c",
        "explanation": "Magnasyn systems use a permanent magnet as a rotor to transmit position data via magnetic coupling."
    },
    {
        "question_number": 27,
        "question": "What is the instrument mechanism system that has elements of an instrument in a separate location",
        "options": {
            "a": "Contact instrument system",
            "b": "Remote sensing instrument system",
            "c": "Direct sensing instrument system"
        },
        "correct_answer": "b",
        "explanation": "A remote sensing instrument system has its elements (e.g., sensor and indicator) in separate locations, connected electrically or mechanically."
    },
    {
        "question_number": 28,
        "question": "Which of the following elements of an instrument senses changes in value of the physical quantity or condition presented to it",
        "options": {
            "a": "Coupling element",
            "b": "Detecting element",
            "c": "Measuring element"
        },
        "correct_answer": "b",
        "explanation": "The detecting element senses changes in the physical quantity or condition, such as pressure or temperature, in an instrument system."
    },
    {
        "question_number": 29,
        "question": "Flange type instrument mounting has",
        "options": {
            "a": "Front or Rear end design",
            "b": "Front end mounting design",
            "c": "Rear end mounting design"
        },
        "correct_answer": "b",
        "explanation": "Flange-type instrument mounting typically uses a front-end design, secured with screws to the front of the instrument panel."
    },
    {
        "question_number": 30,
        "question": "Which of the following is AC synchro system",
        "options": {
            "a": "Differential synchro",
            "b": "Micro-desynn",
            "c": "Slab-desynn"
        },
        "correct_answer": "a",
        "explanation": "Differential synchro systems operate with AC power, used to transmit angular position differences between two synchros."
    }
]