[
    {
        "question_number": 1,
        "question": "A freedom of gyro rotor about a vertical axis perpendicular to both the spin and tilt axes is",
        "options": {
            "A": "Spinning freedom",
            "B": "Veering freedom",
            "C": "Tilting freedom"
        },
        "correct_answer": "B",
        "explanation": "Veering freedom refers to the gyro rotor's ability to rotate about a vertical axis perpendicular to both the spin axis and the tilt axis, allowing it to respond to yaw movements."
    },
    {
        "question_number": 2,
        "question": "The gyroscope of a turn-and-bank indicator contains:",
        "options": {
            "A": "Single gimbal ring",
            "B": "Two gimbal rings",
            "C": "Three gimbal rings"
        },
        "correct_answer": "A",
        "explanation": "The turn-and-bank indicator uses a single gimbal ring for its gyroscope, allowing it to measure the rate of turn about the vertical axis."
    },
    {
        "question_number": 3,
        "question": "Which one of the following devices is used for an attitude displacement pickup for signal transmission for indication in the cockpit?",
        "options": {
            "A": "A variable resistor",
            "B": "A synchro system",
            "C": "A micro switch"
        },
        "correct_answer": "B",
        "explanation": "A synchro system is used for attitude displacement pickup to transmit precise angular position data electrically to cockpit indicators."
    },
    {
        "question_number": 4,
        "question": "What is the maximum suction pressure needed for directional and vertical gyro?",
        "options": {
            "A": "No suction is needed",
            "B": "2 in Hg",
            "C": "4 in Hg"
        },
        "correct_answer": "C",
        "explanation": "Directional and vertical gyros typically require a vacuum pressure of around 4 inches of mercury (in Hg) to spin the rotor at the necessary speed for stable operation."
    },
    {
        "question_number": 5,
        "question": "Which of the following is not correct about ring laser gyro?",
        "options": {
            "A": "It produces laser beams that travel in the same directions around a closed triangular cavity",
            "B": "The wavelength of the light traveling around the loop is fixed when the platform is not moving",
            "C": "It produces laser beams that travel in opposite directions around a closed triangular cavity"
        },
        "correct_answer": "A",
        "explanation": "Ring laser gyros produce laser beams that travel in opposite directions around a closed cavity, creating interference patterns to detect rotation. Option A is incorrect as the beams do not travel in the same direction."
    },
    {
        "question_number": 6,
        "question": "Which of the following instruments is controlled by a gyroscope?",
        "options": {
            "A": "Airspeed indicator",
            "B": "Altimeter",
            "C": "Attitude indicator"
        },
        "correct_answer": "C",
        "explanation": "The attitude indicator is controlled by a gyroscope, which provides stable pitch and roll information by maintaining rigidity in space."
    },
    {
        "question_number": 7,
        "question": "In pitch-bank compensation, __________ switch is disconnected during a turn",
        "options": {
            "A": "Roll",
            "B": "Pitch",
            "C": "Yaw"
        },
        "correct_answer": "B",
        "explanation": "In pitch-bank compensation, the pitch switch is disconnected during a turn to prevent erroneous pitch corrections caused by the turn's effect on the gyro."
    },
    {
        "question_number": 8,
        "question": "Which of the following instruments indicates the pitch and bank attitude of an aircraft?",
        "options": {
            "A": "Gyro horizon",
            "B": "Slip indicator",
            "C": "Turn and bank indicator"
        },
        "correct_answer": "A",
        "explanation": "The gyro horizon, also known as the attitude indicator, displays the pitch and bank attitude of the aircraft relative to the horizon."
    },
    {
        "question_number": 9,
        "question": "On aircraft, an RLG is installed for",
        "options": {
            "A": "Each axis of flight",
            "B": "Longitudinal and vertical axis of flight",
            "C": "Longitudinal axis and lateral axis of flight"
        },
        "correct_answer": "A",
        "explanation": "Ring Laser Gyros (RLGs) are typically installed for each axis of flight (pitch, roll, and yaw) to provide precise angular rate information for all three axes."
    },
    {
        "question_number": 10,
        "question": "Why is it unnecessary for the rotor of the gyroscope to spin at a greater speed than 4500 RPM?",
        "options": {
            "A": "Because it is electrically impractical to drive the rotor",
            "B": "Because it should precess after a force is applied",
            "C": "Because it is mechanically impossible to drive the motor"
        },
        "correct_answer": "B",
        "explanation": "A gyro rotor spinning at 4500 RPM provides sufficient rigidity for accurate operation, and higher speeds are unnecessary as the gyro must precess in response to applied forces for proper function."
    },
    {
        "question_number": 11,
        "question": "Which of the following is incorrect?",
        "options": {
            "A": "Plane of rotation of a vertical gyro is vertical",
            "B": "Inside the gimbals of an electric gyro, a small squirrel cage electric motor is the rotor",
            "C": "Plane of rotation of a vertical gyro is horizontal"
        },
        "correct_answer": "A",
        "explanation": "The plane of rotation of a vertical gyro is horizontal, not vertical, to maintain alignment with the Earth's horizon. Option C is correct, making A incorrect."
    },
    {
        "question_number": 12,
        "question": "A piezoelectric dithering motor in the center of the unit vibrates to prevent lock-in of the output signal at",
        "options": {
            "A": "Low rotational speeds",
            "B": "High rotational speeds",
            "C": "Medium rotational speeds"
        },
        "correct_answer": "A",
        "explanation": "The piezoelectric dithering motor in a ring laser gyro vibrates to prevent frequency lock-in at low rotational speeds, ensuring accurate detection of small angular movements."
    },
    {
        "question_number": 13,
        "question": "What factor brings an effect to the operation of a ball type erection system?",
        "options": {
            "A": "An unbalance in the weight distribution of the rotor as the balls start displacing which will result in rotor precessing",
            "B": "Air reaction due to an unequal amount of air leaving the housing which will be felt as a force and later precess",
            "C": "The movement of the balls will be activating a signal to be transmitted as a different signal"
        },
        "correct_answer": "A",
        "explanation": "In a ball type erection system, an imbalance in weight distribution caused by the displacement of balls results in rotor precession, which helps align the gyro."
    },
    {
        "question_number": 14,
        "question": "Which of the following is the correct general procedure of gyro removal from its seating position?",
        "options": {
            "A": "1. Remove gyro. 2. Remove power from the attitude system. 3. Disconnect electrical connectors and remove gyro cables from mounting bracket",
            "B": "2, 3, 1",
            "C": "3, 2, 1"
        },
        "correct_answer": "B",
        "explanation": "The correct procedure for gyro removal is to first remove power (2), disconnect electrical connectors and cables (3), and then remove the gyro (1) to ensure safety and prevent damage."
    },
    {
        "question_number": 15,
        "question": "Which one of the following is a resistance to an external force applied to the rotating wheel of a gyroscope?",
        "options": {
            "A": "Both",
            "B": "Rigidity",
            "C": "Precession"
        },
        "correct_answer": "B",
        "explanation": "Rigidity (or gyroscopic inertia) is the property of a gyroscope that resists external forces applied to the rotating wheel, maintaining its orientation in space."
    },
    {
        "question_number": 16,
        "question": "A freedom of gyro rotor about a horizontal axis at right angles to the spin axis is",
        "options": {
            "A": "Veering freedom",
            "B": "Spinning freedom",
            "C": "Tilting freedom"
        },
        "correct_answer": "C",
        "explanation": "Tilting freedom refers to the gyro rotor's ability to rotate about a horizontal axis perpendicular to the spin axis, allowing it to respond to pitch movements."
    },
    {
        "question_number": 17,
        "question": "Which one of the following systems are rigid for pitch reference?",
        "options": {
            "A": "Rotor and inner gimbal only",
            "B": "Case of the instrument",
            "C": "Rotor, inner gimbal, and outer gimbal"
        },
        "correct_answer": "C",
        "explanation": "For pitch reference, the entire gyro system, including the rotor, inner gimbal, and outer gimbal, is designed to maintain rigidity to provide a stable reference plane."
    },
    {
        "question_number": 18,
        "question": "What is the purpose of the cathode and the anodes on a ring laser gyro?",
        "options": {
            "A": "To create vibration",
            "B": "To create potential difference for the ions to travel fast",
            "C": "To avoid frequency locking"
        },
        "correct_answer": "B",
        "explanation": "The cathode and anodes in a ring laser gyro create a potential difference to ionize the gas, enabling the laser beams to travel and generate interference patterns for rotation detection."
    },
    {
        "question_number": 19,
        "question": "To which one of the following torque motors does the pitch level switch send an electrical signal for erection purpose?",
        "options": {
            "A": "Pitch torque motor",
            "B": "Roll torque motor",
            "C": "Both"
        },
        "correct_answer": "A",
        "explanation": "The pitch level switch sends an electrical signal to the pitch torque motor to correct the gyro's orientation for pitch alignment during erection."
    },
    {
        "question_number": 20,
        "question": "Which one of the following is a disadvantage of a vacuum-driven gyroscope?",
        "options": {
            "A": "Stable addition of weight",
            "B": "Fly at higher altitudes"
        },
        "correct_answer": "B",
        "explanation": "A disadvantage of vacuum-driven gyroscopes is their reduced performance at higher altitudes, where lower air pressure reduces the vacuum system's effectiveness."
    }
]