[
    {
        "question_number": 1,
        "question": "What are the three instruments that use gyroscopes?",
        "options": {
            "a": "Gyro horizon, directional gyro, airspeed",
            "b": "Gyro horizon, directional gyro, turn-and-bank",
            "c": "Rate of climb indicator, directional gyro, turn-and-bank"
        },
        "correct_answer": "b",
        "explanation": "The three instruments that use gyroscopes are the gyro horizon (attitude indicator), directional gyro (heading indicator), and turn-and-bank indicator, which rely on gyroscopic principles for operation."
    },
    {
        "question_number": 2,
        "question": "____ pumps use lubricating oil.",
        "options": {
            "a": "Wet",
            "b": "Dry",
            "c": "Centrifugal"
        },
        "correct_answer": "a",
        "explanation": "Wet pumps use lubricating oil to reduce friction and wear in their moving parts, unlike dry pumps which do not require oil."
    },
    {
        "question_number": 3,
        "question": "Which drive system produces high rotor speeds?",
        "options": {
            "a": "Pneumatic",
            "b": "Electric",
            "c": "Hydraulic"
        },
        "correct_answer": "b",
        "explanation": "Electric drive systems are capable of producing high rotor speeds due to their precise control and high power output, making them suitable for gyroscopic instruments."
    },
    {
        "question_number": 4,
        "question": "Angular change in plane of rotation of a gyro is called ________.",
        "options": {
            "a": "Precession",
            "b": "Veering",
            "c": "Rigidity"
        },
        "correct_answer": "a",
        "explanation": "Precession is the angular change in the plane of rotation of a gyroscope when an external force is applied, causing the gyro to tilt or turn."
    },
    {
        "question_number": 5,
        "question": "Gimbal error is more pronounced in _____ axis gyros.",
        "options": {
            "a": "Vertical",
            "b": "Horizontal",
            "c": "Lateral"
        },
        "correct_answer": "a",
        "explanation": "Gimbal error is more pronounced in vertical axis gyros because the alignment of the spin axis with the earth's vertical can lead to errors during maneuvers."
    },
    {
        "question_number": 6,
        "question": "What is gimbal lock?",
        "options": {
            "a": "The gimbal lock due to earth’s magnetic attraction",
            "b": "Spin axis parallel to one of the other gimbal axes",
            "c": "Due to the rotor precession"
        },
        "correct_answer": "b",
        "explanation": "Gimbal lock occurs when the spin axis of a gyroscope becomes parallel to one of the other gimbal axes, causing a loss of one degree of freedom and limiting the gyro's ability to indicate attitude."
    },
    {
        "question_number": 7,
        "question": "The background sky in gyro horizons attached to its _______.",
        "options": {
            "a": "Outer gimbal",
            "b": "Inner gimbal",
            "c": "Gyro rotor"
        },
        "correct_answer": "b",
        "explanation": "The background sky in a gyro horizon (attitude indicator) is attached to the inner gimbal, which moves to reflect the aircraft's pitch and roll."
    },
    {
        "question_number": 8,
        "question": "Which gyro technology is implemented inside a chip?",
        "options": {
            "a": "Pneumatic gyro",
            "b": "AHARS",
            "c": "MEMS"
        },
        "correct_answer": "c",
        "explanation": "MEMS (Micro-Electro-Mechanical Systems) gyroscopes are implemented inside a chip, using tiny vibrating structures to detect angular changes."
    },
    {
        "question_number": 9,
        "question": "What is the purpose of erection systems?",
        "options": {
            "a": "To bring gyro axis vertical",
            "b": "To bring gyro axis horizontal",
            "c": "To bring gyro axis lateral"
        },
        "correct_answer": "a",
        "explanation": "Erection systems are used to align the gyro axis vertically, ensuring accurate attitude indication by counteracting precession or drift."
    },
    {
        "question_number": 10,
        "question": "Acceleration errors result in a false ______ reading.",
        "options": {
            "a": "Roll",
            "b": "Pitch",
            "c": "Yaw"
        },
        "correct_answer": "b",
        "explanation": "Acceleration errors in gyroscopic instruments, particularly the attitude indicator, typically cause false pitch readings due to inertial forces during acceleration or deceleration."
    },
    {
        "question_number": 11,
        "question": "In pitch-bank compensation, ____ switch is disconnected during turn.",
        "options": {
            "a": "YAW",
            "b": "ROLL",
            "c": "PITCH"
        },
        "correct_answer": "b",
        "explanation": "In pitch-bank compensation, the roll switch is disconnected during a turn to prevent erroneous corrections to the gyro's attitude indication."
    },
    {
        "question_number": 12,
        "question": "What component does a VG use to send roll/pitch data to indicator?",
        "options": {
            "a": "Synchro",
            "b": "Asynchro",
            "c": "Linear variable transformer"
        },
        "correct_answer": "a",
        "explanation": "A vertical gyro (VG) uses a synchro to transmit roll and pitch data to the indicator, converting mechanical motion into electrical signals."
    },
    {
        "question_number": 13,
        "question": "If attitude sphere is out of tolerance but no flag is shown, the problem may be _______.",
        "options": {
            "a": "Gimbal effect",
            "b": "Horizontal gyro erection",
            "c": "VG erection"
        },
        "correct_answer": "c",
        "explanation": "If the attitude sphere is out of tolerance but no warning flag is shown, the issue may be with the vertical gyro (VG) erection system, which fails to properly align the gyro."
    },
    {
        "question_number": 14,
        "question": "In a coordinated left turn the ball is _____.",
        "options": {
            "a": "Centered",
            "b": "Moves left side",
            "c": "Moves right side"
        },
        "correct_answer": "a",
        "explanation": "In a coordinated left turn, the ball in the turn-and-bank indicator remains centered, indicating proper coordination between aileron and rudder inputs."
    },
    {
        "question_number": 15,
        "question": "___ is used to increase instrument sensitivity.",
        "options": {
            "a": "Pitch adjustment screw",
            "b": "Rate adjustment screw",
            "c": "Roll adjustment screw"
        },
        "correct_answer": "b",
        "explanation": "The rate adjustment screw is used to fine-tune the sensitivity of instruments like the turn-and-bank indicator to ensure accurate response to turn rates."
    },
    {
        "question_number": 16,
        "question": "The air bleed hole size is adjustable. The statement is",
        "options": {
            "a": "True",
            "b": "False"
        },
        "correct_answer": "b",
        "explanation": "The air bleed hole size in vacuum-driven gyroscopic instruments is typically fixed, not adjustable, to maintain consistent suction."
    },
    {
        "question_number": 17,
        "question": "Almost all current production aircraft are equipped with at least an attitude gyro and a gyroscopic heading indicator. The statement is",
        "options": {
            "a": "True",
            "b": "False"
        },
        "correct_answer": "a",
        "explanation": "Most modern production aircraft are equipped with at least an attitude gyro (attitude indicator) and a gyroscopic heading indicator for essential flight navigation."
    },
    {
        "question_number": 18,
        "question": "What is the advantage of a venturi as a suction source for the gyro operation?",
        "options": {
            "a": "low cost and simplicity of installation and operation",
            "b": "Low weight and volume",
            "c": "High speed and accuracy"
        },
        "correct_answer": "a",
        "explanation": "A venturi provides a low-cost and simple solution for generating suction to operate vacuum-driven gyroscopic instruments."
    },
    {
        "question_number": 19,
        "question": "Which of the following gyroscopic instruments suffer from the effects of a decrease in vacuum due to the lower atmospheric pressure?",
        "options": {
            "a": "Electric driven gyro",
            "b": "vacuum-driven",
            "c": "solid state gyro"
        },
        "correct_answer": "b",
        "explanation": "Vacuum-driven gyroscopic instruments are affected by decreased vacuum at higher altitudes due to lower atmospheric pressure, reducing their performance."
    },
    {
        "question_number": 20,
        "question": "In order to bring the gyroscope to its normal operating position as quickly as possible, a_______ system is provided.",
        "options": {
            "a": "fast erection",
            "b": "inner gimbal",
            "c": "outer gimbal"
        },
        "correct_answer": "a",
        "explanation": "A fast erection system is used to quickly align the gyroscope to its normal operating position, ensuring accurate operation."
    },
    {
        "question_number": 21,
        "question": "What makes when an aircraft turns, false indications about the pitch and bank axes?",
        "options": {
            "a": "Due to atmospheric condition",
            "b": "Due to acceleration effect",
            "c": "due to 'gimballing effects'"
        },
        "correct_answer": "c",
        "explanation": "Gimballing effects during turns can cause false indications in pitch and bank axes due to the gyro's response to angular changes."
    },
    {
        "question_number": 22,
        "question": "The electrically driven gyro has full freedom in roll and It has -85 to +85 degrees freedom of pitch. The statement is",
        "options": {
            "a": "True",
            "b": "False"
        },
        "correct_answer": "a",
        "explanation": "Electrically driven gyros typically have full 360-degree freedom in roll and a pitch freedom of approximately -85 to +85 degrees, limited by gimbal design."
    },
    {
        "question_number": 23,
        "question": "________ indicator is an electromechanical unit that converts the attitude signals coming from the vertical gyro in to the roll and pitch indications.",
        "options": {
            "a": "yaw",
            "b": "the attitude",
            "c": "turn and bank"
        },
        "correct_answer": "b",
        "explanation": "The attitude indicator converts signals from the vertical gyro into roll and pitch indications, showing the aircraft's orientation."
    },
    {
        "question_number": 24,
        "question": "What will be the probable cause if attitude sphere malfunctioning and gyro flag in view?",
        "options": {
            "a": "Vertical gyro inoperative or instrument amplifier failure",
            "b": "Horizontal gyro inoperative or instrument amplifier failure",
            "c": "Electrical power failure"
        },
        "correct_answer": "a",
        "explanation": "A malfunctioning attitude sphere with a gyro flag in view likely indicates a vertical gyro inoperative or an instrument amplifier failure, triggering the warning flag."
    },
    {
        "question_number": 25,
        "question": "Which one of the following flight instrument is considered an essential primary 'blind flying' instrument?",
        "options": {
            "a": "Attitude gyro",
            "b": "turn-and-bank indicator",
            "c": "airspeed indicator"
        },
        "correct_answer": "a",
        "explanation": "The attitude gyro (attitude indicator) is considered an essential primary instrument for blind flying, as it provides critical pitch and roll information in low-visibility conditions."
    }
]