[
    {
        "question_number": 1,
        "question": "Which control surface is used for yaw damping?",
        "options": {
            "A": "Elevator",
            "B": "Rudder",
            "C": "Aileron"
        },
        "correct_answer": "B",
        "explanation": "The rudder is used for yaw damping, as it controls the aircraft's yaw motion around the vertical axis, counteracting oscillations like Dutch roll."
    },
    {
        "question_number": 2,
        "question": "Which control surface is used for yaw damping?",
        "options": {
            "A": "Rudder",
            "B": "Aileron",
            "C": "Elevator"
        },
        "correct_answer": "A",
        "explanation": "The rudder is the control surface used for yaw damping, stabilizing the aircraft's yaw axis to reduce unwanted oscillations."
    },
    {
        "question_number": 3,
        "question": "To engage go-around mode, you press ___________ button.",
        "options": {
            "A": "ALTHOLD",
            "B": "LNAV",
            "C": "TO/GA"
        },
        "correct_answer": "C",
        "explanation": "The TO/GA (Takeoff/Go-Around) button is pressed to engage go-around mode, commanding maximum thrust and appropriate flight path guidance."
    },
    {
        "question_number": 4,
        "question": "Where are the TO/GA switches located?",
        "options": {
            "A": "CDU",
            "B": "Thrust levers",
            "C": "MCP (Mode Control Panel)"
        },
        "correct_answer": "B",
        "explanation": "TO/GA switches are typically located on the thrust levers, allowing pilots to quickly engage go-around mode during critical phases of flight."
    },
    {
        "question_number": 5,
        "question": "Modern large aircraft use _________ type of autopilot servo.",
        "options": {
            "A": "Electrical",
            "B": "Electro-hydraulic",
            "C": "Pneumatic"
        },
        "correct_answer": "B",
        "explanation": "Modern large aircraft use electro-hydraulic autopilot servos, combining electrical control signals with hydraulic power for precise and powerful control surface actuation."
    },
    {
        "question_number": 6,
        "question": "The nose-down tendency of an aircraft at high Mach is called",
        "options": {
            "A": "Mach tuck",
            "B": "Pitch down",
            "C": "Critical Mach"
        },
        "correct_answer": "A",
        "explanation": "Mach tuck is the nose-down tendency of an aircraft at high Mach numbers due to shockwave formation shifting the center of lift rearward."
    },
    {
        "question_number": 7,
        "question": "During LNAV mode, ____________ gives autopilot lateral commands.",
        "options": {
            "A": "FMC",
            "B": "FCC",
            "C": "MCP"
        },
        "correct_answer": "A",
        "explanation": "In LNAV (Lateral Navigation) mode, the Flight Management Computer (FMC) provides lateral commands to the autopilot for navigation along a programmed route."
    },
    {
        "question_number": 8,
        "question": "Where do you see the pitch limit indicator (PLI)?",
        "options": {
            "A": "EADI",
            "B": "ND",
            "C": "EHSI"
        },
        "correct_answer": "A",
        "explanation": "The Pitch Limit Indicator (PLI) is displayed on the Electronic Attitude Director Indicator (EADI), showing the maximum allowable pitch to avoid stall."
    },
    {
        "question_number": 9,
        "question": "What is the purpose of autopilot synchronization?",
        "options": {
            "A": "Avoid jerks when A/P engages",
            "B": "To coordinate turn",
            "C": "Avoid jerks when A/P disengages"
        },
        "correct_answer": "A",
        "explanation": "Autopilot synchronization ensures smooth engagement by aligning control inputs, preventing abrupt movements or jerks when the autopilot is activated."
    },
    {
        "question_number": 10,
        "question": "After the aircraft reaches MCP selected altitude, the autopilot changes to _______ mode.",
        "options": {
            "A": "VS",
            "B": "Level change",
            "C": "ALTHOLD"
        },
        "correct_answer": "C",
        "explanation": "When the aircraft reaches the altitude selected on the Mode Control Panel (MCP), the autopilot switches to ALTHOLD (Altitude Hold) mode to maintain that altitude."
    },
    {
        "question_number": 11,
        "question": "The unit that controls yaw damping on B737 is __________",
        "options": {
            "A": "FCC",
            "B": "SMYD",
            "C": "FMC"
        },
        "correct_answer": "B",
        "explanation": "The Stall Management Yaw Damper (SMYD) controls yaw damping on the Boeing 737, stabilizing the aircraft against Dutch roll tendencies."
    },
    {
        "question_number": 12,
        "question": "Which unit does the stick shaker vibrate?",
        "options": {
            "A": "Control Column",
            "B": "Control Wheel",
            "C": "MCP"
        },
        "correct_answer": "A",
        "explanation": "The stick shaker vibrates the control column to provide a tactile warning to the pilot when the aircraft is approaching a stall."
    },
    {
        "question_number": 13,
        "question": "Where do you see the pitch limit indicator (PLI)?",
        "options": {
            "A": "EADI",
            "B": "EHSI",
            "C": "ND"
        },
        "correct_answer": "A",
        "explanation": "The Pitch Limit Indicator (PLI) is shown on the Electronic Attitude Director Indicator (EADI), indicating the maximum safe pitch angle to prevent a stall."
    },
    {
        "question_number": 14,
        "question": "What system controls engine thrust?",
        "options": {
            "A": "Auto throttle",
            "B": "Autopilot",
            "C": "Yaw damper"
        },
        "correct_answer": "A",
        "explanation": "The auto throttle system controls engine thrust to maintain desired airspeed or thrust settings during various phases of flight."
    },
    {
        "question_number": 15,
        "question": "Which axis is controlled in a single-axis autopilot system?",
        "options": {
            "A": "Vertical axis",
            "B": "Lateral axis",
            "C": "Longitudinal axis"
        },
        "correct_answer": "B",
        "explanation": "A single-axis autopilot system typically controls the lateral axis (roll), managing aileron inputs to maintain heading or track."
    },
    {
        "question_number": 16,
        "question": "In ____________ autopilot mode, FCC gets commands from the pilot using force transducers.",
        "options": {
            "A": "CMD",
            "B": "CWS",
            "C": "FD"
        },
        "correct_answer": "B",
        "explanation": "In Control Wheel Steering (CWS) mode, the Flight Control Computer (FCC) receives commands from the pilot via force transducers, allowing manual control with autopilot assistance."
    },
    {
        "question_number": 17,
        "question": "What is the primary purpose of yaw damper?",
        "options": {
            "A": "Autopilot pitch control",
            "B": "Reduce Dutch roll",
            "C": "Autopilot yaw control"
        },
        "correct_answer": "B",
        "explanation": "The primary purpose of the yaw damper is to reduce Dutch roll, a lateral oscillation, by automatically applying rudder inputs to stabilize the aircraft."
    },
    {
        "question_number": 18,
        "question": "When the heading cursor is put 10 degrees more than aircraft heading, command bars turn to",
        "options": {
            "A": "Right",
            "B": "Center",
            "C": "Left"
        },
        "correct_answer": "A",
        "explanation": "If the heading cursor is set 10 degrees more than the current aircraft heading, the command bars on the flight director will deflect to the right, indicating the required turn direction."
    },
    {
        "question_number": 19,
        "question": "The position feedback of an autopilot servo is provided by",
        "options": {
            "A": "Solenoid",
            "B": "Linear Variable Differential Transmitter (LVDT)",
            "C": "Servo Motor"
        },
        "correct_answer": "B",
        "explanation": "The Linear Variable Differential Transmitter (LVDT) provides position feedback for autopilot servos, ensuring precise control surface positioning."
    },
    {
        "question_number": 20,
        "question": "Which unit collects & formats data for FDR?",
        "options": {
            "A": "FDAU",
            "B": "FMC",
            "C": "CDU"
        },
        "correct_answer": "A",
        "explanation": "The Flight Data Acquisition Unit (FDAU) collects and formats data for the Flight Data Recorder (FDR), ensuring all required parameters are recorded."
    },
    {
        "question_number": 21,
        "question": "What are the components of FDS?",
        "options": {
            "A": "Steering Computer",
            "B": "Instrument Amplifier",
            "C": "Both"
        },
        "correct_answer": "C",
        "explanation": "The Flight Director System (FDS) includes both the steering computer, which processes guidance commands, and the instrument amplifier, which drives the flight director displays."
    },
    {
        "question_number": 22,
        "question": "Interchange a faulty unit (FD computer) with a working one. Problem still exists. You check the",
        "options": {
            "A": "Both",
            "B": "The faulty unit",
            "C": "Wiring"
        },
        "correct_answer": "C",
        "explanation": "If swapping the Flight Director (FD) computer does not resolve the issue, the problem likely lies in the wiring, which should be checked for faults."
    },
    {
        "question_number": 23,
        "question": "How many mandatory parameters are recorded in modern jet aircraft FDR?",
        "options": {
            "A": "20",
            "B": "10",
            "C": "More than 88"
        },
        "correct_answer": "C",
        "explanation": "Modern jet aircraft Flight Data Recorders (FDRs) are required to record more than 88 parameters, per regulatory standards, to capture comprehensive flight data."
    },
    {
        "question_number": 24,
        "question": "__________ indication uses meter movement.",
        "options": {
            "A": "Deviation bar",
            "B": "Deviation scale",
            "C": "Luberline"
        },
        "correct_answer": "A",
        "explanation": "The deviation bar, used in instruments like VOR or ILS indicators, employs meter movement to display lateral or vertical deviations from the desired path."
    },
    {
        "question_number": 25,
        "question": "Where are the GA switches located?",
        "options": {
            "A": "DFCS MCP",
            "B": "Thrust levers",
            "C": "CDU"
        },
        "correct_answer": "B",
        "explanation": "Go-Around (GA) switches are located on the thrust levers, allowing pilots to quickly initiate a go-around maneuver."
    },
    {
        "question_number": 26,
        "question": "Which of the following is not an FDS function?",
        "options": {
            "A": "Automatic pitch and roll control",
            "B": "Display of roll attitude",
            "C": "Display of pitch attitude"
        },
        "correct_answer": "A",
        "explanation": "The Flight Director System (FDS) provides guidance by displaying pitch and roll commands but does not perform automatic pitch and roll control, which is an autopilot function."
    },
    {
        "question_number": 27,
        "question": "VHF navigation (VOR/ILS) provides __________",
        "options": {
            "A": "Deviations",
            "B": "Roll attitudes",
            "C": "Pitch attitudes"
        },
        "correct_answer": "A",
        "explanation": "VHF navigation systems (VOR/ILS) provide deviation information, indicating lateral and vertical offsets from the desired navigation or approach path."
    },
    {
        "question_number": 28,
        "question": "Which indicator shows attitude commands?",
        "options": {
            "A": "PFD",
            "B": "Engine primary display",
            "C": "ND"
        },
        "correct_answer": "A",
        "explanation": "The Primary Flight Display (PFD) shows attitude commands, including pitch and roll guidance from the flight director, integrated with the attitude indicator."
    }
]