[
    {
        "question_number": 1,
        "question": "Velocity pickup is filled with an oil to",
        "options": {
            "a": "lubricate the case of the velocity pickup",
            "b": "dampen the spring action",
            "c": "to lubricate the spring"
        },
        "correct_answer": "b",
        "explanation": "Oil in a velocity pickup is used to dampen the spring action, reducing oscillations and ensuring accurate vibration measurements."
    },
    {
        "question_number": 2,
        "question": "The indication on a thermocouple-type EGT indicator is produced by",
        "options": {
            "a": "Resistance change in two dissimilar metals",
            "b": "A current generated by the temperature difference between hot and cold junction",
            "c": "A difference in voltage between two similar metals"
        },
        "correct_answer": "b",
        "explanation": "A thermocouple-type EGT indicator generates a current based on the temperature difference between the hot and cold junctions, per the Seebeck effect."
    },
    {
        "question_number": 3,
        "question": "In a magnetic drag cup tachometer, the purpose of the permanent magnet is",
        "options": {
            "a": "to create eddy current in the drag cup",
            "b": "to increase the magnetic property of the pointer",
            "c": "to increase the magnetic property of drive cable"
        },
        "correct_answer": "a",
        "explanation": "The permanent magnet in a magnetic drag cup tachometer creates eddy currents in the drag cup, which produces a torque proportional to the engine speed."
    },
    {
        "question_number": 4,
        "question": "Which of the following is correct about thermocouple",
        "options": {
            "a": "Its two junctions must be at the same temperature",
            "b": "It uses dissimilar metals",
            "c": "It uses similar metals"
        },
        "correct_answer": "b",
        "explanation": "A thermocouple uses two dissimilar metals to generate a voltage based on the temperature difference between the junctions."
    },
    {
        "question_number": 5,
        "question": "What is/are the type/s of Tachometer",
        "options": {
            "a": "Mechanical and Electrical",
            "b": "Mechanical",
            "c": "Electrical"
        },
        "correct_answer": "a",
        "explanation": "Tachometers can be mechanical (e.g., using flyweights) or electrical (e.g., using magnetic or electronic sensors) to measure engine RPM."
    },
    {
        "question_number": 6,
        "question": "The use of direct reading indicators for fuel quantity measurement is possible on",
        "options": {
            "a": "Light aircraft",
            "b": "Light aircraft and Large aircraft",
            "c": "Large aircraft"
        },
        "correct_answer": "a",
        "explanation": "Direct reading indicators, such as sight glasses, are typically used on light aircraft due to their simplicity and limited fuel system complexity."
    },
    {
        "question_number": 7,
        "question": "Which of the following is used for air temperature information when the speed of the aircraft is above 0.2 Mach",
        "options": {
            "a": "TAT (Total Air Temperature) probe",
            "b": "Bimetallic temperature gauge",
            "c": "A simple resistance-type temperature gauge"
        },
        "correct_answer": "a",
        "explanation": "Above 0.2 Mach, a Total Air Temperature (TAT) probe is used to measure air temperature, accounting for the heating effect of air compression at higher speeds."
    },
    {
        "question_number": 8,
        "question": "What is the temperature sensor that is used for Cabin air temperature indication",
        "options": {
            "a": "Thermocouple",
            "b": "Thermistor element in a hermetically sealed housing",
            "c": "Bimetallic"
        },
        "correct_answer": "b",
        "explanation": "Cabin air temperature is typically measured using a thermistor element in a hermetically sealed housing for accuracy and durability."
    },
    {
        "question_number": 9,
        "question": "In the Ratiometer temperature measuring indicator the temperature sensor is",
        "options": {
            "a": "Capacitor",
            "b": "Inductor",
            "c": "Resistor"
        },
        "correct_answer": "c",
        "explanation": "A ratiometer temperature measuring indicator uses a resistor, typically a resistance temperature detector (RTD), as the temperature sensor."
    },
    {
        "question_number": 10,
        "question": "What is the advantage of Electrical tachometer over Mechanical tachometer",
        "options": {
            "a": "Lower maintenance cost",
            "b": "Greater accuracy, lower maintenance cost",
            "c": "Greater accuracy"
        },
        "correct_answer": "b",
        "explanation": "Electrical tachometers offer greater accuracy and lower maintenance costs compared to mechanical tachometers, as they have fewer moving parts and more precise sensors."
    },
    {
        "question_number": 11,
        "question": "The voltage is produced by thermocouple is",
        "options": {
            "a": "Inversely proportional to the applied temperature",
            "b": "Has no relation with temperature",
            "c": "Directly proportional to the applied temperature"
        },
        "correct_answer": "c",
        "explanation": "The voltage produced by a thermocouple is directly proportional to the temperature difference between its hot and cold junctions."
    },
    {
        "question_number": 12,
        "question": "Which of the following is remote indication of fuel quantity",
        "options": {
            "a": "Sight glass",
            "b": "DC electric fuel quantity indicator",
            "c": "Float-type sight gauge fuel quantity indicator"
        },
        "correct_answer": "b",
        "explanation": "A DC electric fuel quantity indicator provides remote indication of fuel quantity, typically using capacitance or resistance sensors, unlike sight glasses or float-type gauges."
    },
    {
        "question_number": 13,
        "question": "Where are the hot and cold junctions located in an engine cylinder temperature indicating system",
        "options": {
            "a": "Both junctions are located at the instrument",
            "b": "Both junctions are located at the cylinder",
            "c": "The hot junction is located at the cylinder and the cold junction is located at the instrument"
        },
        "correct_answer": "c",
        "explanation": "In an engine cylinder temperature indicating system, the hot junction is at the cylinder to measure high temperatures, while the cold junction is at the instrument for reference."
    },
    {
        "question_number": 14,
        "question": "Which of the following is Electrical type temperature measuring device",
        "options": {
            "a": "Bourdon tube",
            "b": "Wheatstone bridge",
            "c": "Bimetallic thermometer"
        },
        "correct_answer": "b",
        "explanation": "A Wheatstone bridge is an electrical circuit used for temperature measurement with resistance-based sensors, unlike Bourdon tubes or bimetallic thermometers."
    },
    {
        "question_number": 15,
        "question": "What is the common connections of thermocouple",
        "options": {
            "a": "series-parallel",
            "b": "Parallel",
            "c": "series"
        },
        "correct_answer": "c",
        "explanation": "Thermocouples are commonly connected in series to increase the voltage output for more accurate temperature measurements."
    },
    {
        "question_number": 16,
        "question": "The oil quantity indicating system shows the engine oil quantity data on",
        "options": {
            "a": "Secondary engine display",
            "b": "Primary Engine display",
            "c": "primary flight display (PFD)"
        },
        "correct_answer": "a",
        "explanation": "The oil quantity indicating system typically displays data on the secondary engine display, which shows non-primary engine parameters."
    },
    {
        "question_number": 17,
        "question": "What is/are component/s of an engine oil quantity indication system",
        "options": {
            "a": "Electrical resistance sensor",
            "b": "Electrical resistance sensor, floating magnet and reed switches",
            "c": "Electrical resistance sensor and floating magnet"
        },
        "correct_answer": "b",
        "explanation": "An engine oil quantity indication system typically includes an electrical resistance sensor, a floating magnet, and reed switches to accurately measure and indicate oil levels."
    },
    {
        "question_number": 18,
        "question": "For fuel flow measurement, a reciprocating engine uses",
        "options": {
            "a": "Vane-type fuel flow meter",
            "b": "Mass flow meter",
            "c": "weight flow meter"
        },
        "correct_answer": "a",
        "explanation": "Reciprocating engines typically use a vane-type fuel flow meter to measure fuel flow, as it is suitable for their fuel system design."
    },
    {
        "question_number": 19,
        "question": "The fuel temperature indicator on B737-NG is",
        "options": {
            "a": "Thermocouple",
            "b": "Resistance ratio meter instrument",
            "c": "Bimetallic"
        },
        "correct_answer": "a",
        "explanation": "The Boeing 737-NG uses a thermocouple-based system for fuel temperature indication due to its accuracy and reliability."
    },
    {
        "question_number": 20,
        "question": "Fluid quantity can be measured in",
        "options": {
            "a": "Volume, Mass",
            "b": "Volume",
            "c": "Mass"
        },
        "correct_answer": "a",
        "explanation": "Fluid quantity can be measured in terms of volume (e.g., liters) or mass (e.g., kilograms), depending on the system and requirements."
    },
    {
        "question_number": 21,
        "question": "Which of the following is correct about oil temperature measurement",
        "options": {
            "a": "An oil temperature indication system usually uses a bourdon tube (on older aircraft)",
            "b": "In a ratio meter indication, the circuit is housed in the indicator and a diaphragm is immersed in the oil",
            "c": "In a ratio meter indication, the circuit is housed in the indicator and a capsule is immersed in the oil"
        },
        "correct_answer": "a",
        "explanation": "On older aircraft, oil temperature indication systems commonly used a Bourdon tube due to its simplicity and reliability."
    },
    {
        "question_number": 22,
        "question": "In a capacitance fuel quantity system, what parameter of the capacitors is changed as the level of the fuel in the fuel tank changes",
        "options": {
            "a": "Dielectric material",
            "b": "distance between plates of the capacitor",
            "c": "Area"
        },
        "correct_answer": "a",
        "explanation": "In a capacitance fuel quantity system, the dielectric material changes as the fuel level varies, altering the capacitance and allowing measurement of fuel quantity."
    },
    {
        "question_number": 23,
        "question": "Which of the following is not Electrical resistance thermometers",
        "options": {
            "a": "Wheatstone Bridge",
            "b": "Bimetallic thermometer",
            "c": "Ratiometer"
        },
        "correct_answer": "b",
        "explanation": "A bimetallic thermometer relies on the differential expansion of two metals and is not an electrical resistance-based device, unlike Wheatstone Bridge or ratiometer systems."
    },
    {
        "question_number": 24,
        "question": "Which thermocouple is used to measure the Exhaust gas temperature for turbine engine",
        "options": {
            "a": "Iron-constantan",
            "b": "Chromel-alumel",
            "c": "Copper-constantan"
        },
        "correct_answer": "b",
        "explanation": "Chromel-alumel thermocouples (Type K) are commonly used to measure exhaust gas temperature in turbine engines due to their high-temperature range and reliability."
    },
    {
        "question_number": 25,
        "question": "What are the vibration pickups used on Boeing aircraft",
        "options": {
            "a": "Piezoelectric accelerometer",
            "b": "Electromechanical velocity pickup and Piezoelectric accelerometer",
            "c": "Electromechanical velocity pickup"
        },
        "correct_answer": "b",
        "explanation": "Boeing aircraft typically use both electromechanical velocity pickups and piezoelectric accelerometers to monitor engine and airframe vibrations."
    },
    {
        "question_number": 26,
        "question": "The temperature of the exhaust gases can be measured at",
        "options": {
            "a": "The inlet of turbine unit",
            "b": "The exit of turbine unit",
            "c": "The exit or inlet of the turbine unit"
        },
        "correct_answer": "b",
        "explanation": "Exhaust gas temperature (EGT) is typically measured at the exit of the turbine unit to monitor the temperature of the exhaust gases."
    },
    {
        "question_number": 27,
        "question": "In an engine oil quantity indication system, which of the following moves up or down together with the level of oil in the engine oil tank",
        "options": {
            "a": "Reed switches",
            "b": "Electrical resistance",
            "c": "Floating magnet"
        },
        "correct_answer": "c",
        "explanation": "The floating magnet moves up or down with the oil level in the engine oil tank, triggering reed switches to indicate the oil quantity."
    },
    {
        "question_number": 28,
        "question": "What are formats that show on the display units of common display system (CDS)",
        "options": {
            "a": "Primary flight display (PFD), Navigation display (ND), Engine display",
            "b": "Primary flight display (PFD)",
            "c": "Primary flight display (PFD), Navigation display (ND)"
        },
        "correct_answer": "a",
        "explanation": "A common display system (CDS) typically includes the Primary Flight Display (PFD), Navigation Display (ND), and Engine Display (e.g., EICAS)."
    },
    {
        "question_number": 29,
        "question": "Which of the following components make the image data for all the display units (DU)",
        "options": {
            "a": "Graphic Generator (GG)",
            "b": "Display Electronics Unit (DEU)",
            "c": "Electronic Attitude Director Indicator (EADI)"
        },
        "correct_answer": "b",
        "explanation": "The Display Electronics Unit (DEU) generates image data for all display units on Boeing aircraft, such as PFDs, NDs, and EICAS."
    },
    {
        "question_number": 30,
        "question": "The engine indications are shown on",
        "options": {
            "a": "Center display units",
            "b": "Right display units",
            "c": "Left display units"
        },
        "correct_answer": "a",
        "explanation": "Engine indications are typically shown on the center display units, such as the EICAS or engine display, for easy access by both pilots."
    },
    {
        "question_number": 31,
        "question": "Which of the following indicates pitch & roll information",
        "options": {
            "a": "Electronic Horizontal Situation Indicator (EHSI)",
            "b": "Electronic Attitude Director Indicator (EADI)",
            "c": "Symbol generator"
        },
        "correct_answer": "b",
        "explanation": "The Electronic Attitude Director Indicator (EADI) displays pitch and roll information, showing the aircraft's attitude relative to the horizon."
    },
    {
        "question_number": 32,
        "question": "Which of the following is engine primary parameter",
        "options": {
            "a": "N2 speed",
            "b": "N1 speed",
            "c": "Fuel flow"
        },
        "correct_answer": "b",
        "explanation": "N1 speed (fan speed) is considered a primary engine parameter, as it directly relates to engine thrust and performance."
    },
    {
        "question_number": 33,
        "question": "Which of the following is engine secondary parameter",
        "options": {
            "a": "N2 speed",
            "b": "N1 speed",
            "c": "Exhaust Gas Temperature (EGT)"
        },
        "correct_answer": "c",
        "explanation": "Exhaust Gas Temperature (EGT) is a secondary engine parameter, used to monitor engine health but not directly tied to thrust like N1 speed."
    },
    {
        "question_number": 34,
        "question": "Which of the following EICAS (Engine Indication and Crew Alerting System) message requires immediate corrective action and displayed in 'red'",
        "options": {
            "a": "caution",
            "b": "Warning",
            "c": "advisory"
        },
        "correct_answer": "b",
        "explanation": "EICAS warning messages, displayed in red, require immediate corrective action due to critical conditions affecting aircraft safety."
    },
    {
        "question_number": 35,
        "question": "Flight director commands are displayed on",
        "options": {
            "a": "Symbol generator",
            "b": "Electronic Attitude Director Indicator (EADI)",
            "c": "Electronic Horizontal Situation Indicator (EHSI)"
        },
        "correct_answer": "b",
        "explanation": "Flight director commands are displayed on the Electronic Attitude Director Indicator (EADI), providing visual cues for pitch and roll to assist in flying specific headings and altitudes."
    }
]