[
    {
        "question_number": 1,
        "question": "The attitude director indicator measures",
        "options": {
            "A": "The pitch and bank attitude",
            "B": "The interception of glide slope and localizer, commanding information and slippage & skidding",
            "C": "Both"
        },
        "correct_answer": "A",
        "explanation": "The attitude director indicator (ADI) primarily measures the pitch and bank attitude of the aircraft, providing pilots with a visual representation of the aircraft's orientation relative to the horizon."
    },
    {
        "question_number": 2,
        "question": "Which gyro instrument uses the precession property of the gyroscope?",
        "options": {
            "A": "Rate of turn gyro",
            "B": "Directional gyro",
            "C": "Gyro horizon"
        },
        "correct_answer": "A",
        "explanation": "The rate of turn gyro relies on the precession property of a gyroscope to detect the rate of angular change, which is used to indicate the aircraft's turn rate."
    },
    {
        "question_number": 3,
        "question": "Which error of the magnetic compass is caused by the erratic movement of the compass?",
        "options": {
            "A": "Deviation error",
            "B": "Variation error",
            "C": "Oscillation error"
        },
        "correct_answer": "C",
        "explanation": "Oscillation error in a magnetic compass is caused by erratic movements due to turbulence or rough handling, leading to temporary fluctuations in the compass reading."
    },
    {
        "question_number": 4,
        "question": "Which aircraft moveable part has infinite operating positions?",
        "options": {
            "A": "Landing gear",
            "B": "Flight control surface",
            "C": "Cabin door"
        },
        "correct_answer": "B",
        "explanation": "Flight control surfaces, such as ailerons, elevators, and rudders, can be positioned at any point within their range of motion, allowing for infinite operating positions."
    },
    {
        "question_number": 5,
        "question": "Which position indicator operates in conjunction with a metal target and doesn’t have a direct mechanical contact with the aircraft movable part whose position is going to be measured?",
        "options": {
            "A": "Micro switch",
            "B": "Synchro",
            "C": "Proximity sensor"
        },
        "correct_answer": "C",
        "explanation": "A proximity sensor detects the position of a metal target without physical contact, using electromagnetic fields or other non-contact methods."
    },
    {
        "question_number": 6,
        "question": "Which stall warning system has a probe, paddle, and a potentiometer for sensing and transmitting the stall to the indicator?",
        "options": {
            "A": "Angle of attack sensor",
            "B": "Vibrating reed",
            "C": "Vane actuated switch"
        },
        "correct_answer": "A",
        "explanation": "An angle of attack sensor typically uses a probe or vane, often paired with a potentiometer, to measure the angle of airflow and transmit stall warnings to the indicator."
    },
    {
        "question_number": 7,
        "question": "Which type of altimeter uses electromagnetic waves for measuring the altitude of the aircraft from the earth surface?",
        "options": {
            "A": "Barometric",
            "B": "Radio",
            "C": "Satellite"
        },
        "correct_answer": "B",
        "explanation": "A radio altimeter uses electromagnetic waves (radio signals) to measure the aircraft's altitude above the ground by calculating the time it takes for the signal to return."
    },
    {
        "question_number": 8,
        "question": "The input for the barometric altimeter is",
        "options": {
            "A": "Pitot pressure",
            "B": "Static pressure",
            "C": "Total pressure"
        },
        "correct_answer": "B",
        "explanation": "A barometric altimeter relies on static pressure from the atmosphere to determine altitude based on changes in air pressure."
    },
    {
        "question_number": 9,
        "question": "The actual height above the earth’s surface is called",
        "options": {
            "A": "Pressure altitude",
            "B": "True altitude",
            "C": "Absolute altitude"
        },
        "correct_answer": "C",
        "explanation": "Absolute altitude is the actual height of the aircraft above the earth's surface, measured directly, often by a radio altimeter."
    },
    {
        "question_number": 10,
        "question": "Which component of the vertical speed indicator is the device that creates a restriction on the flow of air into and out of the case?",
        "options": {
            "A": "The dial",
            "B": "The calibrated vent",
            "C": "The capsule"
        },
        "correct_answer": "B",
        "explanation": "The calibrated vent in a vertical speed indicator restricts airflow into and out of the case, allowing the instrument to measure the rate of pressure change, which indicates climb or descent rate."
    },
    {
        "question_number": 11,
        "question": "In the airspeed indicator, the pitot pressure is given",
        "options": {
            "A": "To the inside of the capsule",
            "B": "To the case of the instrument",
            "C": "Not required"
        },
        "correct_answer": "A",
        "explanation": "In an airspeed indicator, pitot pressure is applied to the inside of the capsule, while static pressure is applied to the case, allowing the instrument to measure the differential pressure and calculate airspeed."
    },
    {
        "question_number": 12,
        "question": "Which grouping of aircraft instruments is according to the job they perform?",
        "options": {
            "A": "Flight, engine, and navigation instruments",
            "B": "Pressure, temperature, and gyroscopic instruments",
            "C": "Flight, gyro, and gauge instruments"
        },
        "correct_answer": "A",
        "explanation": "Aircraft instruments are typically classified by their function into flight instruments (e.g., altimeter, airspeed indicator), engine instruments (e.g., tachometer, oil pressure), and navigation instruments (e.g., GPS, VOR)."
    },
    {
        "question_number": 13,
        "question": "When the instrument range marking is a red arc, it means?",
        "options": {
            "A": "Precaution range",
            "B": "Normal operating range",
            "C": "Prohibited range"
        },
        "correct_answer": "C",
        "explanation": "A red arc on an instrument indicates the prohibited range, where operation could lead to unsafe conditions or damage to the aircraft."
    },
    {
        "question_number": 14,
        "question": "The instrument panel which is found in front of the crews is called?",
        "options": {
            "A": "Overhead panel",
            "B": "Primary flight instrument",
            "C": "Flight engineer panel"
        },
        "correct_answer": "B",
        "explanation": "The primary flight instruments are located on the instrument panel directly in front of the crew, providing critical flight information such as attitude, altitude, and airspeed."
    },
    {
        "question_number": 15,
        "question": "Which one of the instrument mounting methods uses four screws and nuts?",
        "options": {
            "A": "Flange",
            "B": "Clamp",
            "C": "Panel"
        },
        "correct_answer": "A",
        "explanation": "The flange mounting method typically uses four screws and nuts to secure the instrument to the panel, providing a stable and secure attachment."
    },
    {
        "question_number": 16,
        "question": "Which electrical temperature measurement is resistance change type?",
        "options": {
            "A": "Thermocouple",
            "B": "Temperature bulb",
            "C": "Wheatstone bridge"
        },
        "correct_answer": "B",
        "explanation": "A temperature bulb, such as a resistance temperature detector (RTD), operates by changing its electrical resistance in response to temperature changes."
    },
    {
        "question_number": 17,
        "question": "The rigidity of a gyro rotor is dependent on",
        "options": {
            "A": "The angular velocity of the rotor",
            "B": "The radius of gyration of the rotor",
            "C": "Both"
        },
        "correct_answer": "C",
        "explanation": "The rigidity of a gyro rotor depends on both its angular velocity (speed of rotation) and the radius of gyration (distribution of mass), which together determine its resistance to external forces."
    },
    {
        "question_number": 18,
        "question": "The purpose of the gyro horizon is to measure the ___________ of the aircraft.",
        "options": {
            "A": "Heading",
            "B": "The pitch attitude",
            "C": "The yaw attitude"
        },
        "correct_answer": "B",
        "explanation": "The gyro horizon, also known as the attitude indicator, measures the pitch and roll attitudes of the aircraft, showing its orientation relative to the horizon."
    },
    {
        "question_number": 19,
        "question": "Mach meter measures the ratio of",
        "options": {
            "A": "Pitot airspeed to manifold airspeed",
            "B": "Altimeter to airspeed",
            "C": "Airspeed to the speed of sound"
        },
        "correct_answer": "C",
        "explanation": "A Mach meter measures the ratio of the aircraft's airspeed to the speed of sound, indicating the aircraft's Mach number."
    },
    {
        "question_number": 20,
        "question": "Which one of the following synchros uses DC power for its operation?",
        "options": {
            "A": "Magnesyn",
            "B": "Autosyn",
            "C": "Selsyn"
        },
        "correct_answer": "A",
        "explanation": "The Magnesyn system uses DC power for its operation, unlike Autosyn and Selsyn, which typically use AC power for remote indication."
    },
    {
        "question_number": 21,
        "question": "Which pressure measuring device is used for measuring differential, gauge, and absolute pressure?",
        "options": {
            "A": "Diaphragm",
            "B": "Capsule",
            "C": "Bellows"
        },
        "correct_answer": "B",
        "explanation": "A capsule is a versatile pressure measuring device used to measure differential, gauge, and absolute pressures in various aircraft instruments."
    },
    {
        "question_number": 22,
        "question": "Which of the following is not an advantage of a remote-indicating pressure gauge system?",
        "options": {
            "A": "It avoids long pipe lines",
            "B": "Pressure of hazardous fluids can be measured at their source",
            "C": "Reduces number of sensors"
        },
        "correct_answer": "C",
        "explanation": "Remote-indicating pressure gauge systems do not necessarily reduce the number of sensors; they allow for remote measurement, avoiding long pipelines and enabling measurement of hazardous fluids at the source."
    },
    {
        "question_number": 23,
        "question": "Which one of the following is the location of the pitot/static probe for commercial aircraft?",
        "options": {
            "A": "At head of wing tip",
            "B": "Ahead of the fuselage nose",
            "C": "Ahead of the vertical stabilizer"
        },
        "correct_answer": "B",
        "explanation": "The pitot/static probe on commercial aircraft is typically located ahead of the fuselage nose to ensure accurate measurement of airspeed and altitude, free from turbulence caused by other aircraft parts."
    },
    {
        "question_number": 24,
        "question": "Why are instrument requirements important in aircraft?",
        "options": {
            "A": "To make the aircraft look more advanced",
            "B": "To ensure the safety and efficiency of the aircraft",
            "C": "To impress passengers"
        },
        "correct_answer": "B",
        "explanation": "Instrument requirements are critical to ensure the safety and efficiency of the aircraft by providing accurate data for navigation, control, and monitoring of aircraft systems."
    },
    {
        "question_number": 25,
        "question": "What is an altimeter used for?",
        "options": {
            "A": "To measure the airspeed of the aircraft",
            "B": "To measure the altitude of the aircraft",
            "C": "To measure the amount of fuel in the aircraft"
        },
        "correct_answer": "B",
        "explanation": "An altimeter is used to measure the altitude of the aircraft above a reference level, typically mean sea level, based on atmospheric pressure."
    },
    {
        "question_number": 26,
        "question": "Which type of lighting is used in aircraft instruments?",
        "options": {
            "A": "Neon lighting",
            "B": "LED lighting",
            "C": "Integral and wedge type lighting"
        },
        "correct_answer": "C",
        "explanation": "Aircraft instruments commonly use integral and wedge-type lighting to illuminate dials and displays, ensuring visibility in low-light conditions."
    },
    {
        "question_number": 27,
        "question": "What are the three classifications of aircraft instruments?",
        "options": {
            "A": "Engine, flight, and navigation",
            "B": "Weather, communication, and navigation",
            "C": "Fuel, electrical, and hydraulic"
        },
        "correct_answer": "A",
        "explanation": "Aircraft instruments are classified into engine (e.g., tachometer), flight (e.g., altimeter), and navigation (e.g., GPS) based on their function."
    },
    {
        "question_number": 28,
        "question": "What is an airspeed indicator used for?",
        "options": {
            "A": "To measure the altitude of the aircraft",
            "B": "To measure the speed of the aircraft through the air",
            "C": "To measure the amount of fuel in the aircraft"
        },
        "correct_answer": "B",
        "explanation": "An airspeed indicator measures the speed of the aircraft through the air, using the difference between pitot and static pressures."
    },
    {
        "question_number": 29,
        "question": "What is a heading indicator used for?",
        "options": {
            "A": "To measure the airspeed of the aircraft",
            "B": "To measure the altitude of the aircraft",
            "C": "To indicate the direction in which the aircraft is pointing"
        },
        "correct_answer": "C",
        "explanation": "A heading indicator, often gyro-based, shows the direction in which the aircraft is pointing, typically referenced to magnetic or true north."
    },
    {
        "question_number": 30,
        "question": "What is a turn and bank indicator used for?",
        "options": {
            "A": "To measure the airspeed of the aircraft",
            "B": "To measure the altitude of the aircraft",
            "C": "To indicate the rate and direction of turns"
        },
        "correct_answer": "C",
        "explanation": "A turn and bank indicator shows the rate and direction of the aircraft's turns, using a gyroscope for turn rate and a ball for coordination."
    },
    {
        "question_number": 31,
        "question": "What is a tachometer used for?",
        "options": {
            "A": "To measure the airspeed of the aircraft",
            "B": "To measure the altitude of the aircraft",
            "C": "To indicate the engine's revolutions per minute (rpm)"
        },
        "correct_answer": "C",
        "explanation": "A tachometer measures the engine's revolutions per minute (RPM), providing critical information about engine performance."
    },
    {
        "question_number": 32,
        "question": "What is a manifold pressure gauge used for?",
        "options": {
            "A": "To measure the airspeed of the aircraft",
            "B": "To measure the altitude of the aircraft",
            "C": "To indicate the pressure of the air entering the engine"
        },
        "correct_answer": "C",
        "explanation": "A manifold pressure gauge measures the pressure of the air entering the engine, which is critical for monitoring engine performance in piston aircraft."
    },
    {
        "question_number": 33,
        "question": "What is a fuel flow meter used for?",
        "options": {
            "A": "To measure the airspeed of the aircraft",
            "B": "To measure the altitude of the aircraft",
            "C": "To indicate the rate at which fuel is flowing to the engine"
        },
        "correct_answer": "C",
        "explanation": "A fuel flow meter indicates the rate at which fuel is flowing to the engine, helping pilots manage fuel consumption and range."
    },
    {
        "question_number": 34,
        "question": "What is a flight director used for?",
        "options": {
            "A": "To measure the airspeed of the aircraft",
            "B": "To measure the altitude of the aircraft",
            "C": "To assist with flying specific headings and altitudes"
        },
        "correct_answer": "C",
        "explanation": "A flight director provides visual cues to assist pilots in flying specific headings and altitudes, often integrated with autopilot systems."
    },
    {
        "question_number": 35,
        "question": "What is an attitude indicator used for?",
        "options": {
            "A": "To measure traveled distance of the aircraft",
            "B": "To measure the altitude of the aircraft",
            "C": "To indicate the aircraft's pitch and roll attitudes"
        },
        "correct_answer": "C",
        "explanation": "An attitude indicator shows the aircraft's pitch and roll attitudes, helping pilots maintain proper orientation relative to the horizon."
    }
]