[
  {
    "question_number": 1,
    "question": "The figure below indicates a __________ class lever.",
    "options": {
      "a": "1st",
      "b": "2nd",
      "c": "3rd"
    },
    "correct_answer": "a",
    "explanation": "The image displays a first-class lever, where the fulcrum is positioned between the effort and the load."
  },
  {
    "question_number": 2,
    "question": "A first class lever is to be used to lift a 500-lb weight. The distance from the weight to the fulcrum is 12 inches and from the fulcrum to the applied effort is 60 inches. How much force is required to lift the weight? & what is the mechanical advantage respectively?",
    "options": {
      "a": "100lb & 2",
      "b": "200lb & 5",
      "c": "100lb & 5"
    },
    "correct_answer": "c",
    "explanation": "Force balance: Effort x 60 inches = 500 lb x 12 inches, so Effort = 100 lb. Mechanical Advantage = Load / Effort = 500 / 100 = 5."
  },
  {
    "question_number": 3,
    "question": "Which of the following is not true?",
    "options": {
      "a": "A single fixed pulley is a first-class lever with equal arms",
      "b": "advantage of a single fixed pulley is to change the direction of the force",
      "c": "the mechanical advantage of a single pulley is 2"
    },
    "correct_answer": "c",
    "explanation": "The mechanical advantage of a single fixed pulley is 1, as it only changes the direction of the force, it does not multiply the force."
  },
  {
    "question_number": 4,
    "question": "A Boeing 747 weighing 450,000 pounds needs to be raised 4 feet in the air so maintenance can be done on the landing gear. How much potential energy does the airplane possess because of this raised position?",
    "options": {
      "a": "450,000 ft-lb",
      "b": "1,800,000 ft-lb",
      "c": "1,800ft-lb."
    },
    "correct_answer": "b",
    "explanation": "Potential Energy = Weight x Height = 450,000 lb x 4 ft = 1,800,000 ft-lb."
  },
  {
    "question_number": 5,
    "question": "A device used to measure the relative density of liquids is:",
    "options": {
      "a": "Hydrometer",
      "b": "Densitometer",
      "c": "Thermometer"
    },
    "correct_answer": "a",
    "explanation": "A hydrometer is an instrument used for measuring the relative density (or specific gravity) of liquids."
  },
  {
    "question_number": 6,
    "question": "Measure of the resistance to flow (of liquids) is:",
    "options": {
      "a": "Density",
      "b": "Viscosity",
      "c": "Specific gravity"
    },
    "correct_answer": "b",
    "explanation": "Viscosity is a measure of a fluid's resistance to flow."
  },
  {
    "question_number": 7,
    "question": "the smallest unit of substance that exhibits the physical and chemical properties of the substance is:",
    "options": {
      "a": "atom",
      "b": "molecule",
      "c": "electron"
    },
    "correct_answer": "b",
    "explanation": "A molecule is the smallest particle of a substance that retains the chemical and physical properties of the substance and is composed of two or more atoms."
  },
  {
    "question_number": 8,
    "question": "the process by which a solid changes directly into a gas is called",
    "options": {
      "a": "sublimation",
      "b": "evaporation",
      "c": "freezing"
    },
    "correct_answer": "a",
    "explanation": "Sublimation is the phase transition of a substance directly from the solid to the gas state."
  },
  {
    "question_number": 9,
    "question": "one of the following is a derived physical quantity:",
    "options": {
      "a": "mass",
      "b": "length",
      "c": "weight"
    },
    "correct_answer": "c",
    "explanation": "Weight is a derived quantity, as it is the product of mass (a fundamental quantity) and gravitational acceleration (Weight = mass x g)."
  },
  {
    "question_number": 10,
    "question": "which one of the following is a vector quantity",
    "options": {
      "a": "speed",
      "b": "distance",
      "c": "velocity"
    },
    "correct_answer": "c",
    "explanation": "Velocity is a vector quantity because it has both magnitude (speed) and direction."
  },
  {
    "question_number": 11,
    "question": "An aircraft suspended from its CG would have:",
    "options": {
      "a": "A nose down tendency",
      "b": "A tail down tendency",
      "c": "No tendency to rotate in either a nose-up or nose-down attitude"
    },
    "correct_answer": "c",
    "explanation": "The Center of Gravity (CG) is the point where the aircraft's weight is balanced. Suspending it from this point results in no rotational tendency."
  },
  {
    "question_number": 12,
    "question": "When a sheet metal of an airplane is assembled using a rivet, the rivet experiences",
    "options": {
      "a": "Compression stress",
      "b": "Shear stress",
      "c": "Tensile stress"
    },
    "correct_answer": "b",
    "explanation": "Rivets are designed to withstand shear stress, which is the force that tends to cause parts to slide past one another."
  },
  {
    "question_number": 13,
    "question": "An Air Force F-15 fighter is cruising at 400 mph. The pilot advances the throttles to full after burner and accelerates to 1,200 mph in 20 seconds. What is the average acceleration in mph/s?",
    "options": {
      "a": "40 mph/s",
      "b": "80 mph/s",
      "c": "100 mph/s"
    },
    "correct_answer": "a",
    "explanation": "Acceleration = (Final Velocity - Initial Velocity) / Time = (1200 mph - 400 mph) / 20 s = 800 mph / 20 s = 40 mph/s."
  },
  {
    "question_number": 14,
    "question": "Newton's first law is also called :",
    "options": {
      "a": "action and reaction",
      "b": "The law of inertia",
      "c": "Law of gravitation"
    },
    "correct_answer": "b",
    "explanation": "Newton's first law of motion states that an object will remain at rest or in uniform motion unless acted upon by an external force. This property of an object to resist changes in its state of motion is called inertia."
  },
  {
    "question_number": 15,
    "question": "What power would be needed, to raise the GE-90 turbofan engine into position to install it on a Boeing 777-300 airplane? The engine weighs 19,000 lb, and it must be lifted 4 ft in 2 minutes.",
    "options": {
      "a": "19,000 ft-lb/min",
      "b": "38,000 ft-lb/min",
      "c": "36,000 ft-lb/min"
    },
    "correct_answer": "b",
    "explanation": "Work = Force x Distance = 19,000 lb x 4 ft = 76,000 ft-lb. Power = Work / Time = 76,000 ft-lb / 2 min = 38,000 ft-lb/min."
  },
  {
    "question_number": 16,
    "question": "An aircraft with a gross weight of 79,600 lb is towed over a concrete ramp. What force must be exerted by the towing vehicle to keep the airplane rolling after once set in motion? (The value of \"μ\" for rubber tires on concrete is about 0.02.)",
    "options": {
      "a": "1,590 lb",
      "b": "1,592 lb",
      "c": "15,920"
    },
    "correct_answer": "b",
    "explanation": "Force of rolling friction = Coefficient of friction (μ) x Normal Force (Weight) = 0.02 x 79,600 lb = 1,592 lb."
  },
  {
    "question_number": 17,
    "question": "the energy associated with kinetic energy of the molecule is called",
    "options": {
      "a": "heat energy",
      "b": "potential energy",
      "c": "critical energy"
    },
    "correct_answer": "a",
    "explanation": "Heat energy (or thermal energy) is the total kinetic energy of the atoms or molecules in a substance."
  },
  {
    "question_number": 18,
    "question": "the process by which heat is transferred by movement of a heated fluid is called",
    "options": {
      "a": "convection",
      "b": "conduction",
      "c": "radiation"
    },
    "correct_answer": "a",
    "explanation": "Convection is the transfer of heat through fluids (liquids or gases) by the movement of the heated fluid itself."
  },
  {
    "question_number": 19,
    "question": "the point at which all molecular movement will cease",
    "options": {
      "a": "absolute zero",
      "b": "freezing point",
      "c": "absolute stop"
    },
    "correct_answer": "a",
    "explanation": "Absolute zero (0 Kelvin or -273.15°C) is the theoretical temperature at which all molecular motion ceases."
  },
  {
    "question_number": 20,
    "question": "Quantity of heat required to rise the temperature of the body by 1° is",
    "options": {
      "a": "Heat capacity",
      "b": "Specific heat capacity",
      "c": "Specific density"
    },
    "correct_answer": "a",
    "explanation": "Heat capacity is the amount of heat needed to raise the temperature of an entire object by one degree. Specific heat capacity is per unit mass."
  },
  {
    "question_number": 21,
    "question": "IF both the temperature and the volume of a gas in a confined container is doubled, then the pressure of the gas will",
    "options": {
      "a": "also doubled",
      "b": "be reduced to one -half its original value",
      "c": "remain the same"
    },
    "correct_answer": "c",
    "explanation": "According to the combined gas law (P1V1/T1 = P2V2/T2), we can find P2 = P1 * (V1/V2) * (T2/T1). If V2=2V1 and T2=2T1, then P2 = P1 * (V1/2V1) * (2T1/T1) = P1 * (1/2) * 2 = P1. The pressure remains the same."
  },
  {
    "question_number": 22,
    "question": "A boy drops a stone from a bridge. If it takes 3s for the stone to hit the water beneath, how high above the water is the bridge? Ignore air friction.",
    "options": {
      "a": "24m",
      "b": "44m",
      "c": "52m"
    },
    "correct_answer": "b",
    "explanation": "Using the formula for distance d = (1/2)gt², d = 0.5 * 9.8 m/s² * (3s)² = 44.1m."
  },
  {
    "question_number": 23,
    "question": "Commonly known as law of inertia",
    "options": {
      "a": "Newton's first law",
      "b": "Newton's second law",
      "c": "Newton's third law"
    },
    "correct_answer": "a",
    "explanation": "Newton's first law is also known as the law of inertia."
  },
  {
    "question_number": 24,
    "question": "Suppose you prefer to live in the moon than earth",
    "options": {
      "a": "Your mass will be the same but different weight",
      "b": "Your mass will decrease but same weight",
      "c": "Your mass will increase but same weight"
    },
    "correct_answer": "a",
    "explanation": "Mass is the amount of matter in an object and is constant. Weight is the force of gravity on that mass (mass x g) and changes depending on the gravitational field."
  },
  {
    "question_number": 25,
    "question": "10 km/hr equals to",
    "options": {
      "a": "2.8 m/s",
      "b": "3.6 m/s",
      "c": "10m/s"
    },
    "correct_answer": "a",
    "explanation": "10 km/hr * (1000 m/1 km) * (1 hr/3600 s) ≈ 2.78 m/s."
  },
  {
    "question_number": 26,
    "question": "It is the product of an object mass with its velocity",
    "options": {
      "a": "Acceleration",
      "b": "Momentum",
      "c": "Force"
    },
    "correct_answer": "b",
    "explanation": "Momentum is defined as the product of mass and velocity (p = mv)."
  },
  {
    "question_number": 27,
    "question": "If two or more bodies interact, the momentum after interaction is equal to the momentum before interaction",
    "options": {
      "a": "True",
      "b": "False"
    },
    "correct_answer": "a",
    "explanation": "This statement describes the law of conservation of momentum, which is a fundamental principle in physics."
  },
  {
    "question_number": 28,
    "question": "A 3 kg object is dropped from 4m height. How fast is it going just before it hits the ground?",
    "options": {
      "a": "8.85m/s",
      "b": "12m/s",
      "c": "34m/s"
    },
    "correct_answer": "a",
    "explanation": "Using v² = 2gd, v = sqrt(2 * 9.8 m/s² * 4m) ≈ 8.85 m/s."
  },
  {
    "question_number": 29,
    "question": "Which of the following is a second class lever",
    "options": {
      "a": "Crowbar",
      "b": "Shear",
      "c": "Wheel barrow"
    },
    "correct_answer": "c",
    "explanation": "A wheelbarrow is a second-class lever because the load (contents) is between the fulcrum (the wheel) and the effort (the handles)."
  },
  {
    "question_number": 30,
    "question": "One of the following simple machines is used to change direction",
    "options": {
      "a": "Pulley",
      "b": "Lever",
      "c": "Inclined plane"
    },
    "correct_answer": "a",
    "explanation": "A single fixed pulley is commonly used to change the direction of an applied force."
  },
  {
    "question_number": 31,
    "question": "Which of the following is composed of derived quantity?",
    "options": {
      "a": "Length and Mass",
      "b": "Volume and Pressure",
      "c": "Current and Temperature"
    },
    "correct_answer": "b",
    "explanation": "Volume (length cubed) and Pressure (force per unit area) are derived from fundamental quantities. Length, Mass, Current, and Temperature are fundamental quantities."
  },
  {
    "question_number": 32,
    "question": "Which of the following is a false statement?",
    "options": {
      "a": "Scalar quantities have both magnitude and direction",
      "b": "Length of vector is proportional to the magnitude of the vector quantity",
      "c": "The resultant vector is an arrow with its tail at the tail of the 1st and it's tip at the tip of the last vector"
    },
    "correct_answer": "a",
    "explanation": "The statement is false because scalar quantities have only magnitude, while vector quantities have both magnitude and direction."
  },
  {
    "question_number": 33,
    "question": "Physical characteristics of matter include",
    "options": {
      "a": "mass, weight, volume, and density",
      "b": "odor, shape, texture, and hardness",
      "c": "All of the above"
    },
    "correct_answer": "c",
    "explanation": "All listed items are physical characteristics of matter."
  },
  {
    "question_number": 34,
    "question": "Uniform Motion has",
    "options": {
      "a": "constant acceleration",
      "b": "zero acceleration",
      "c": "zero velocity"
    },
    "correct_answer": "b",
    "explanation": "Uniform motion means constant velocity. Since acceleration is the rate of change of velocity, constant velocity implies zero acceleration."
  },
  {
    "question_number": 35,
    "question": "Which of the following friction requires the greatest force to overcome it?",
    "options": {
      "a": "Dynamic friction",
      "b": "Static friction",
      "c": "Rolling friction"
    },
    "correct_answer": "b",
    "explanation": "Static friction is the force that must be overcome to initiate motion between two surfaces, and it is generally greater than the kinetic (dynamic) or rolling friction for the same surfaces. "
  },
  {
    "question_number": 36,
    "question": "Which of Newton's laws relates to the formula: Force = mass * acceleration?",
    "options": {
      "a": "1st",
      "b": "2nd",
      "c": "3rd"
    },
    "correct_answer": "b",
    "explanation": "Newton's Second Law of Motion is mathematically stated as F=ma, where F is force, m is mass, and a is acceleration. "
  },
  {
    "question_number": 37,
    "question": "The distance from the center of the wheel to the handles on a wheelbarrow is 60 inches. The weight in the bucket is 18 inches from the center of the wheel. If 300 lb is placed in the bucket, how much force must be applied at the handles to lift the wheelbarrow?",
    "options": {
      "a": "80 lb",
      "b": "100 lb",
      "c": "90 lb"
    },
    "correct_answer": "c",
    "explanation": "This is a second-class lever problem. Effort x Effort Arm = Load x Load Arm. Effort x 60 in = 300 lb x 18 in. Effort = (300 * 18) / 60 = 90 lb."
  },
  {
    "question_number": 38,
    "question": "What work is done if a force of 100 N moves a body 15 metres?",
    "options": {
      "a": "150 J",
      "b": "1500 J",
      "c": "15000 J"
    },
    "correct_answer": "b",
    "explanation": "Work is calculated as Force multiplied by Distance. Work = 100 N * 15 m = 1500 Joules."
  },
  {
    "question_number": 39,
    "question": "Power is the rate of doing work. It is measured in...",
    "options": {
      "a": "Joules",
      "b": "Newtons",
      "c": "Watts"
    },
    "correct_answer": "c",
    "explanation": "The SI unit for power is the Watt (W), which is equivalent to one Joule per second (J/s)."
  },
  {
    "question_number": 40,
    "question": "Viscosity can be described as...",
    "options": {
      "a": "Newton's 1st law of motion",
      "b": "fluids flowing in a straight line",
      "c": "the internal resistance for a fluid to flow"
    },
    "correct_answer": "c",
    "explanation": "Viscosity is the measure of a fluid's internal resistance to flow."
  },
  {
    "question_number": 41,
    "question": "Convert 26 degrees centigrade to fahrenheit. 600K is equal to...",
    "options": {
      "a": "853 °C",
      "b": "3.873 °C",
      "c": "326.85 °C"
    },
    "correct_answer": "c",
    "explanation": "To convert Kelvin to Celsius, subtract 273.15. 600 K - 273.15 = 326.85 °C. To convert 26°C to °F: (26 * 9/5) + 32 = 78.8°F."
  },
  {
    "question_number": 42,
    "question": "Suppose an airplane is moving forward with the force of 1000N and encounters a drag force of 400N calculate the net force produced by the airplane?",
    "options": {
      "a": "1400 N",
      "b": "600 N",
      "c": "400 N"
    },
    "correct_answer": "b",
    "explanation": "Net Force is the vector sum of all forces. Here, it is the forward thrust minus the opposing drag force: 1000 N - 400 N = 600 N."
  },
  {
    "question_number": 43,
    "question": "A helicopter travelled for 30 km eastward, then turned 90 degrees left and travelled 40 km due north. The total time was 25 minutes. Find the average speed.",
    "options": {
      "a": "120 km/h",
      "b": "168 km/h",
      "c": "70 km/h"
    },
    "correct_answer": "b",
    "explanation": "Average speed is total distance over total time. Total distance = 30 km + 40 km = 70 km. Total time = 25 min = 25/60 h. Speed = 70 km / (25/60 h) = 168 km/h."
  },
  {
    "question_number": 44,
    "question": "An aircraft needs a speed of 60 m/s to take off. It starts from rest and accelerates for 28 seconds. What is the rate of acceleration?",
    "options": {
      "a": "0.47 m/s²",
      "b": "2.14 m/s²",
      "c": "1680 m/s²"
    },
    "correct_answer": "b",
    "explanation": "Acceleration (a) = (Final Velocity (v) - Initial Velocity (u)) / Time (t). a = (60 m/s - 0 m/s) / 28 s ≈ 2.14 m/s²."
  },
  {
    "question_number": 45,
    "question": "A military jet needs a speed of 60 m/s to take off, accelerating from rest for 28 seconds. Find the required take-off distance.",
    "options": {
      "a": "1680 m",
      "b": "840 m",
      "c": "420 m"
    },
    "correct_answer": "b",
    "explanation": "Distance (s) = ((Initial Velocity + Final Velocity) / 2) * Time. s = ((0 m/s + 60 m/s) / 2) * 28 s = 30 m/s * 28 s = 840 m."
  },
  {
    "question_number": 46,
    "question": "A propeller with a diameter of 3.6m is spinning at 2670 rpm. Calculate the linear velocity of the propeller tip.",
    "options": {
      "a": "1006.6 m/s",
      "b": "503.3 m/s",
      "c": "279.6 m/s"
    },
    "correct_answer": "b",
    "explanation": "First, convert rpm to rad/s: ω = 2670 * 2π / 60 ≈ 279.6 rad/s. Radius r = 3.6m / 2 = 1.8m. Linear velocity v = ω * r = 279.6 * 1.8 ≈ 503.3 m/s."
  },
  {
    "question_number": 47,
    "question": "Suppose you have a solid of 4 Kg of ice, if you melt it the mass will...",
    "options": {
      "a": "be less than 4 kg",
      "b": "be more than 4 kg",
      "c": "remain 4 kg"
    },
    "correct_answer": "c",
    "explanation": "The law of conservation of mass states that mass is neither created nor destroyed. During a phase change like melting, the mass of the substance remains constant."
  },
  {
    "question_number": 48,
    "question": "An Air Force SU-27 fighter accelerates from 600 mph to 1,200 mph in 20 seconds. What is the average acceleration in mph/s?",
    "options": {
      "a": "90 mph/s",
      "b": "60 mph/s",
      "c": "30 mph/s"
    },
    "correct_answer": "c",
    "explanation": "Acceleration = (Change in Velocity) / Time = (1200 mph - 600 mph) / 20 s = 600 mph / 20 s = 30 mph/s."
  },
  {
    "question_number": 49,
    "question": "What is the atomic number of an element?",
    "options": {
      "a": "The number of neutrons in the nucleus",
      "b": "The number of electrons orbiting the nucleus",
      "c": "The number of protons in the nucleus"
    },
    "correct_answer": "c",
    "explanation": "The atomic number (Z) uniquely identifies a chemical element and is equal to the number of protons in the nucleus of every atom of that element."
  },
  {
    "question_number": 50,
    "question": "The mass of a proton equals the mass of a...",
    "options": {
      "a": "electron",
      "b": "nucleus",
      "c": "neutron"
    },
    "correct_answer": "c",
    "explanation": "Protons and neutrons, which are both found in the atomic nucleus, have very similar masses (approximately 1 atomic mass unit)."
  },
  {
    "question_number": 51,
    "question": "What is atomic mass?",
    "options": {
      "a": "The total number of protons in an atom's nucleus",
      "b": "The total number of electrons and protons in an atom",
      "c": "The total number of protons and neutrons in an atom's nucleus"
    },
    "correct_answer": "c",
    "explanation": "The atomic mass (or mass number) is the sum of the number of protons and neutrons in an atom."
  },
  {
    "question_number": 52,
    "question": "Two couples with magnitude F act against each other. The resultant will be...",
    "options": {
      "a": "2F",
      "b": "F",
      "c": "Zero"
    },
    "correct_answer": "c",
    "explanation": "If two couples of equal magnitude act in opposite directions, their turning effects (moments) cancel each other out, resulting in a net moment of zero."
  },
  {
    "question_number": 53,
    "question": "When a twisting force is applied to a bolt, what stress is exerted on to the head?",
    "options": {
      "a": "Tensile Stress",
      "b": "Compressive Stress",
      "c": "Shear and Torsional Stress"
    },
    "correct_answer": "c",
    "explanation": "A twisting force, or torque, induces torsional stress within the bolt's shank and shear stress where the head meets the shank."
  },
  {
    "question_number": 54,
    "question": "When you overstress a steel bar, what is the point called where it does not return to its original form?",
    "options": {
      "a": "Ultimate Tensile Strength",
      "b": "Breaking Point",
      "c": "Elastic Limit or Yield Point"
    },
    "correct_answer": "c",
    "explanation": "The elastic limit is the maximum stress a material can withstand before permanent (plastic) deformation occurs. Beyond this point, it will not return to its original shape."
  },
  {
    "question_number": 55,
    "question": "The formula for calculating shear stress is...",
    "options": {
      "a": "Force x Area",
      "b": "Force / Distance",
      "c": "Force / Area"
    },
    "correct_answer": "c",
    "explanation": "Shear stress (τ) is the force applied parallel to a surface divided by the area of that surface (τ = F/A)."
  },
  {
    "question_number": 56,
    "question": "A force 10 N is placed 2 Meters from a pivot point, what is the moment?",
    "options": {
      "a": "5 Nm",
      "b": "12 Nm",
      "c": "20 Nm"
    },
    "correct_answer": "c",
    "explanation": "A moment (or torque) is the turning effect of a force, calculated as Force × Perpendicular Distance from the pivot. Moment = 10 N * 2 m = 20 Nm."
  },
  {
    "question_number": 57,
    "question": "1 Pascal equals...",
    "options": {
      "a": "1 N/m",
      "b": "1 J/s",
      "c": "1 N/m²"
    },
    "correct_answer": "c",
    "explanation": "A Pascal (Pa) is the SI unit of pressure, defined as one Newton of force per square meter."
  },
  {
    "question_number": 58,
    "question": "The addition of 2 different vectors to produce another vector is called...",
    "options": {
      "a": "Vector Multiplication",
      "b": "Scalar Addition",
      "c": "Vector Addition, and the result is the Resultant Vector"
    },
    "correct_answer": "c",
    "explanation": "The process is vector addition, and the resulting vector that represents the sum is called the resultant."
  },
  {
    "question_number": 59,
    "question": "A load of 600N is suspended by a cable. If the stress is limited to 15N/mm², the minimum cross sectional area must be...",
    "options": {
      "a": "9000 mm²",
      "b": "0.025 mm²",
      "c": "40 mm²"
    },
    "correct_answer": "c",
    "explanation": "Area = Force / Stress. Area = 600 N / 15 N/mm² = 40 mm²."
  },
  {
    "question_number": 60,
    "question": "When a square block of material is pushed into a parallelogram, the material is under what stress type?",
    "options": {
      "a": "Tensile Stress",
      "b": "Compressive Stress",
      "c": "Shear Stress"
    },
    "correct_answer": "c",
    "explanation": "This deformation, where parallel layers of the material slide past one another, is caused by shear stress."
  },
  {
    "question_number": 61,
    "question": "The stress created when a material is pulled apart is called...",
    "options": {
      "a": "Shear Stress",
      "b": "Compressive Stress",
      "c": "Tensile Stress"
    },
    "correct_answer": "c",
    "explanation": "Tensile stress (or tension) is the stress state leading to expansion; that is, the material is pulled apart."
  },
  {
    "question_number": 62,
    "question": "If a steel bar of length 2 m deforms to a length of 2.2 m, the strain is...",
    "options": {
      "a": "1.1",
      "b": "0.2",
      "c": "0.1"
    },
    "correct_answer": "c",
    "explanation": "Strain is the change in length divided by the original length. Strain = (2.2 m - 2 m) / 2 m = 0.1. Strain is a dimensionless quantity."
  },
  {
    "question_number": 63,
    "question": "Which of the following has no units?",
    "options": {
      "a": "Strain",
      "b": "Stress",
      "c": "Elasticity"
    },
    "correct_answer": "a",
    "explanation": "Strain is a ratio of two lengths (change in length / original length), so its units cancel out, making it dimensionless."
  },
  {
    "question_number": 64,
    "question": "An aircraft flies 1350 nmiles in 2h 15mins. What is the average speed?",
    "options": {
      "a": "550 knots",
      "b": "600 knots",
      "c": "650 knots"
    },
    "correct_answer": "b",
    "explanation": "Time = 2 hours and 15 minutes = 2.25 hours. Speed = Distance / Time = 1350 nautical miles / 2.25 hours = 600 knots."
  },
  {
    "question_number": 65,
    "question": "A mass of 400 kg moves 27 metres, with a force of 54N, what is the work produced?",
    "options": {
      "a": "10800 J",
      "b": "21600 J",
      "c": "1458 J"
    },
    "correct_answer": "c",
    "explanation": "Work = Force x Distance = 54 N * 27 m = 1458 Joules. The mass of the object is not needed for this calculation."
  },
  {
    "question_number": 66,
    "question": "A body travelling at 20 m/s accelerates to 36 m/s in 8 seconds, what is its acceleration?",
    "options": {
      "a": "7 m/s²",
      "b": "4.5 m/s²",
      "c": "2 m/s²"
    },
    "correct_answer": "c",
    "explanation": "Acceleration = (Final Velocity - Initial Velocity) / Time = (36 m/s - 20 m/s) / 8 s = 16 m/s / 8 s = 2 m/s²."
  },
  {
    "question_number": 67,
    "question": "A body dropped from 10 m will hit the ground in...",
    "options": {
      "a": "1.02 s",
      "b": "1.43 s",
      "c": "2.04 s"
    },
    "correct_answer": "b",
    "explanation": "Using d = (1/2)gt², time t = sqrt(2d/g) = sqrt(2 * 10 m / 9.8 m/s²) ≈ 1.43 seconds."
  },
  {
    "question_number": 68,
    "question": "An object travels 18 km in 1 minute 30 seconds. What is its average speed?",
    "options": {
      "a": "120 m/s",
      "b": "200 m/s",
      "c": "230 m/s"
    },
    "correct_answer": "b",
    "explanation": "Distance = 18 km = 18,000 m. Time = 1.5 minutes = 90 seconds. Speed = Distance / Time = 18,000 m / 90 s = 200 m/s."
  },
  {
    "question_number": 69,
    "question": "A car moves over a distance of 5 miles at steady speed in 10 minutes. What is the speed?",
    "options": {
      "a": "0.5 mph",
      "b": "30 mph",
      "c": "50 mph"
    },
    "correct_answer": "b",
    "explanation": "Time = 10 minutes = 1/6 of an hour. Speed = Distance / Time = 5 miles / (1/6 h) = 30 miles per hour."
  },
  {
    "question_number": 70,
    "question": "A cyclist covers a distance of 1,000 m at a constant speed in 90 seconds, What is his speed?",
    "options": {
      "a": "10 m/s",
      "b": "11.11 m/s",
      "c": "12 m/s"
    },
    "correct_answer": "b",
    "explanation": "Speed = Distance / Time = 1000 m / 90 s ≈ 11.11 m/s."
  },
  {
    "question_number": 71,
    "question": "How long will it take a car moving at 60 km/hr to travel 90 km?",
    "options": {
      "a": "1 hour",
      "b": "1.5 hours",
      "c": "2 hours"
    },
    "correct_answer": "b",
    "explanation": "Time = Distance / Speed = 90 km / 60 km/h = 1.5 hours."
  },
  {
    "question_number": 72,
    "question": "An aircraft travels at 500 km/hr for 30 minutes at steady speed. How far does it move in that time?",
    "options": {
      "a": "1000 km",
      "b": "250 km",
      "c": "15000 km"
    },
    "correct_answer": "b",
    "explanation": "Time = 30 minutes = 0.5 hours. Distance = Speed x Time = 500 km/h * 0.5 h = 250 km."
  },
  {
    "question_number": 73,
    "question": "A car travelling at a speed of 5 m/s accelerates at the rate of 1 m/s². How long will it take to reach a speed of 20 m/s?",
    "options": {
      "a": "25 s",
      "b": "20 s",
      "c": "15 s"
    },
    "correct_answer": "c",
    "explanation": "Time = (Final Velocity - Initial Velocity) / Acceleration = (20 m/s - 5 m/s) / 1 m/s² = 15 s."
  },
  {
    "question_number": 74,
    "question": "Which of Newton's Laws apply most directly to an aircraft which is accelerating down a runway?",
    "options": {
      "a": "Newton's First Law",
      "b": "Newton's Second Law",
      "c": "Newton's Third Law"
    },
    "correct_answer": "b",
    "explanation": "Newton's Second Law (F=ma) directly relates the net force on the aircraft to its mass and acceleration."
  },
  {
    "question_number": 75,
    "question": "Which of Newton's Laws apply most directly to a car which is slowing down due to the braking action?",
    "options": {
      "a": "Newton's First Law",
      "b": "Newton's Second Law",
      "c": "Newton's Third Law"
    },
    "correct_answer": "b",
    "explanation": "The braking force causes a deceleration (negative acceleration), which is governed by Newton's Second Law (F=ma)."
  },
  {
    "question_number": 76,
    "question": "F=ma is an equation which expresses...",
    "options": {
      "a": "Newton's First Law of Motion",
      "b": "The Law of Conservation of Energy",
      "c": "Newton's Second Law of Motion"
    },
    "correct_answer": "c",
    "explanation": "This is the classic mathematical formulation of Newton's Second Law."
  },
  {
    "question_number": 77,
    "question": "What force is required to produce an acceleration of 5m/s² on a mass of 2 kg?",
    "options": {
      "a": "2.5 N",
      "b": "7 N",
      "c": "10 N"
    },
    "correct_answer": "c",
    "explanation": "Force = mass × acceleration = 2 kg × 5 m/s² = 10 Newtons."
  },
  {
    "question_number": 78,
    "question": "If a force of 10 lbf produces an acceleration of 2.5 ft/sec², on what mass is it acting?",
    "options": {
      "a": "25 slugs",
      "b": "12.5 slugs",
      "c": "4 slugs"
    },
    "correct_answer": "c",
    "explanation": "Mass = Force / acceleration = 10 lbf / 2.5 ft/s² = 4 slugs. The slug is the unit of mass in the Imperial system."
  },
  {
    "question_number": 79,
    "question": "What is acceleration?",
    "options": {
      "a": "The rate of change of distance",
      "b": "The rate of doing work",
      "c": "The rate of change of velocity"
    },
    "correct_answer": "c",
    "explanation": "Acceleration is a vector quantity defined as the rate at which an object changes its velocity."
  },
  {
    "question_number": 80,
    "question": "An aircraft of 2 metric tonnes lands with 400 kilojoules of energy. 10 kiloNewtons of force is applied at the brakes, how far does the aircraft take to stop?",
    "options": {
      "a": "20 m",
      "b": "40 m",
      "c": "80 m"
    },
    "correct_answer": "b",
    "explanation": "Work done by brakes equals the kinetic energy of the aircraft. Work = Force × Distance. Distance = Work / Force = 400,000 J / 10,000 N = 40 m."
  },
  {
    "question_number": 81,
    "question": "A light aircraft flies in a semi-circle from point A to point B. If the circle has a radius of 20km and the time taken is 30 minutes, the average speed is...",
    "options": {
      "a": "80 km/h",
      "b": "125.7 km/h",
      "c": "251.4 km/h"
    },
    "correct_answer": "b",
    "explanation": "The distance of a semi-circle is πr. Distance = π * 20 km ≈ 62.83 km. Time = 0.5 hours. Average speed = Distance / Time ≈ 62.83 km / 0.5 h ≈ 125.7 km/h."
  },
  {
    "question_number": 82,
    "question": "The landing speed of an aircraft is 54 m/s. If the maximum deceleration is 3m/s², the minimum length of runway required is...",
    "options": {
      "a": "243 m",
      "b": "486 m",
      "c": "972 m"
    },
    "correct_answer": "b",
    "explanation": "Using v² = u² + 2as, where v=0 (final velocity). 0 = (54)² + 2(-3)s. 6s = 2916. s = 486 m."
  },
  {
    "question_number": 83,
    "question": "Which of Newton's laws relates to the formula: Force = mass * acceleration?",
    "options": {
      "a": "1st",
      "b": "2nd",
      "c": "3rd"
    },
    "correct_answer": "b",
    "explanation": "Newton's Second Law of Motion is mathematically stated as F=ma."
  },
  {
    "question_number": 84,
    "question": "The size of Centripetal Force on an object travelling in a circle...",
    "options": {
      "a": "increases with increasing mass of the object",
      "b": "decreases with increasing speed of the object",
      "c": "increases with an increasing radius of circle"
    },
    "correct_answer": "a",
    "explanation": "The formula for centripetal force is Fc = mv²/r. Therefore, the force is directly proportional to the mass (m) and the square of the speed (v²), and inversely proportional to the radius (r)."
  },
  {
    "question_number": 85,
    "question": "20 ft³ of the gas argon is compressed to 15 ft³. The gas starts out at a temperature of 60°F and a pressure of 1,000 psig. After being compressed, its temperature is 90°F. What would its new pressure be in psig? (60°F = 520°R, 90°F = 550°R)",
    "options": {
      "a": "1,431",
      "b": "1,416.3",
      "c": "2,847.3"
    },
    "correct_answer": "b",
    "explanation": "Using the combined gas law (P1V1/T1 = P2V2/T2). First, convert psig to psia: P1 = 1000 + 14.7 = 1014.7 psia. Then, (1014.7 * 20) / 520 = (P2 * 15) / 550. Solving for P2 gives ~1431 psia. Convert back to psig: 1431 - 14.7 = 1416.3 psig."
  },
  {
    "question_number": 86,
    "question": "How much weight is required to balance the lever?",
    "options": {
      "a": "30lb",
      "b": "25 lb",
      "c": "35lb"
    },
    "correct_answer": "c",
    "explanation": "This is a lever problem. To balance, the clockwise moments must equal the counter-clockwise moments. (20lb * 10ft) + (30lb * 5ft) = W * 10ft. 200 + 150 = 10W. 350 = 10W. W = 35lb."
  },
  {
    "question_number": 87,
    "question": "30 rev is not equal to",
    "options": {
      "a": "60π rad",
      "b": "10800 degree",
      "c": "50π rad"
    },
    "correct_answer": "c",
    "explanation": "One revolution (rev) is 360 degrees or 2π radians. So, 30 rev = 30 * 360 = 10800 degrees. Also, 30 rev = 30 * 2π = 60π radians. Therefore, 50π rad is not equal to 30 rev."
  }
]
