[
  {
    "question_number": 1,
    "question": "Which of the following engines produces 100% of the thrust by jet reaction?",
    "options": {
      "a": "Turbo shaft engine",
      "b": "Pulso jet engine",
      "c": "Turbo fan engine"
    },
    "correct_answer": "b",
    "explanation": "A pulse jet engine generates thrust solely through the expulsion of hot gases as a jet, distinguishing it from turbojet or turbofan engines which have rotating machinery."
  },
  {
    "question_number": 2,
    "question": "Which of the following compressors have a high compression ratio per stage on a gas turbine engine?",
    "options": {
      "a": "Axial compressor",
      "b": "Centrifugal compressor",
      "c": "Radial inflow compressor"
    },
    "correct_answer": "b",
    "explanation": "Centrifugal compressors are known for achieving a high compression ratio per stage compared to axial compressors, although axial compressors are preferred for higher mass flow rates and overall pressure ratios in multi-stage designs."
  },
  {
    "question_number": 3,
    "question": "Which of the following oil systems DOESN'T have a separate oil tank?",
    "options": {
      "a": "Cold tank oil system",
      "b": "Dry sump oil system",
      "c": "Wet sump oil system"
    },
    "correct_answer": "c",
    "explanation": "In a wet sump oil system, the oil supply is contained within the engine's crankcase or an integral sump, eliminating the need for a separate external oil tank."
  },
  {
    "question_number": 4,
    "question": "Which of the following is NOT true about the turbine section?",
    "options": {
      "a": "Changes kinetic energy to mechanical energy",
      "b": "It reduces pressure and increases velocity",
      "c": "It reduces velocity and increases pressure"
    },
    "correct_answer": "b",
    "explanation": "The turbine section extracts energy from the hot, high-pressure gas, causing a reduction in both pressure and velocity as the gas expands and performs work to drive the turbine blades. Therefore, 'reduces pressure and increases velocity' is not true."
  },
  {
    "question_number": 5,
    "question": "Which of the following combustion chambers is common on latest GTE?",
    "options": {
      "a": "Can type",
      "b": "Annular type",
      "c": "Can-annular"
    },
    "correct_answer": "b",
    "explanation": "Annular combustion chambers are widely adopted in modern gas turbine engines due to their compact design, uniform temperature distribution, and high combustion efficiency."
  },
  {
    "question_number": 6,
    "question": "What is the purpose of the primary air on the combustion chamber?",
    "options": {
      "a": "Mixes with fuel and burn",
      "b": "Used for cooling the combustion chamber",
      "c": "Used for dilution air in the combustion chamber"
    },
    "correct_answer": "a",
    "explanation": "Primary air is introduced into the combustion chamber to mix with fuel and establish a combustible mixture, supporting the main combustion process."
  },
  {
    "question_number": 7,
    "question": "When going aft in an axial turbine what happens to the length of the turbine blades?",
    "options": {
      "a": "Increases",
      "b": "Decreases",
      "c": "Remains constant"
    },
    "correct_answer": "a",
    "explanation": "As the hot gas expands and its volume increases while flowing through successive stages of an axial turbine, the length of the turbine blades typically increases to efficiently extract energy from the expanding gas."
  },
  {
    "question_number": 8,
    "question": "The basic function of a propeller on an airplane is to convert engine horsepower into",
    "options": {
      "a": "Rotation",
      "b": "Thrust",
      "c": "Torque"
    },
    "correct_answer": "b",
    "explanation": "The primary function of an aircraft propeller is to convert the rotational power generated by the engine into useful aerodynamic thrust, which propels the aircraft forward."
  },
  {
    "question_number": 9,
    "question": "The farthest position of propeller position from the hub is",
    "options": {
      "a": "Blade back",
      "b": "Blade tip",
      "c": "Blade shank"
    },
    "correct_answer": "b",
    "explanation": "The blade tip is the outermost point of the propeller blade, furthest from the central hub."
  },
  {
    "question_number": 10,
    "question": "Which one of the construction materials are usually used to construct a one piece propeller?",
    "options": {
      "a": "Wooden propeller",
      "b": "Metal propeller",
      "c": "Composite propeller"
    },
    "correct_answer": "c",
    "explanation": "Composite materials are increasingly used for one-piece propellers due to their high strength-to-weight ratio, durability, and design flexibility, offering advantages over traditional wood or metal."
  },
  {
    "question_number": 11,
    "question": "Which one of the following is part cold section in a GTE?",
    "options": {
      "a": "Diffuser",
      "b": "Combustion chamber",
      "c": "Both"
    },
    "correct_answer": "a",
    "explanation": "The cold section of a Gas Turbine Engine (GTE) includes components like the inlet, compressor, and diffuser, where the air temperature is relatively low before combustion. The combustion chamber is part of the hot section."
  },
  {
    "question_number": 12,
    "question": "The highest pressure in a GTE is found on which section?",
    "options": {
      "a": "High pressure compressor",
      "b": "Diffuser",
      "c": "Turbine"
    },
    "correct_answer": "a",
    "explanation": "The highest pressure within a Gas Turbine Engine (GTE) is achieved at the exit of the high-pressure compressor, just before the combustion chamber."
  },
  {
    "question_number": 13,
    "question": "On an axial flow, dual compressor turbofan engine, the fan turns the same speed as the",
    "options": {
      "a": "low pressure turbine.",
      "b": "high pressure compressor",
      "c": "forward turbine wheel"
    },
    "correct_answer": "a",
    "explanation": "In a dual-spool turbofan engine, the fan is typically mechanically coupled to and driven by the low-pressure turbine, rotating at the same speed as the low-pressure compressor and turbine spool."
  },
  {
    "question_number": 14,
    "question": "A divergent duct will cause subsonic flow to decrease in.",
    "options": {
      "a": "velocity, Increase pressure.",
      "b": "velocity, pressure remains constant.",
      "c": "pressure, Increase velocity."
    },
    "correct_answer": "a",
    "explanation": "For subsonic flow, as the area of a divergent duct increases, the velocity of the fluid decreases while its static pressure increases, according to Bernoulli's principle and the continuity equation."
  },
  {
    "question_number": 15,
    "question": "Which one is a secondary function of engine oil?",
    "options": {
      "a": "Cools, seals, prevents corrosion.",
      "b": "Cools, seals, prevents corrosion, cushions shock loads.",
      "c": "Cools and seals."
    },
    "correct_answer": "b",
    "explanation": "Beyond its primary role of lubrication, engine oil serves several secondary functions including cooling engine components, providing a seal between moving parts, preventing corrosion, and cushioning shock loads on bearings."
  },
  {
    "question_number": 16,
    "question": "WHAT IS SOURCE OF Engine anti-ice AIR?",
    "options": {
      "a": "A. turbine.",
      "b": "H.P compressor.",
      "c": "LP compressor"
    },
    "correct_answer": "b",
    "explanation": "Engine anti-ice systems typically utilize hot bleed air extracted from the high-pressure (HP) compressor section of the engine, which is then routed to areas susceptible to ice formation, such as the engine inlet."
  },
  {
    "question_number": 17,
    "question": "When is Ignition used?",
    "options": {
      "a": "For relight and start up.",
      "b": "For continuous relight.",
      "c": "At high altitudes"
    },
    "correct_answer": "a",
    "explanation": "The ignition system in a gas turbine engine is primarily engaged during engine start-up to initiate combustion and during 'relight' procedures in flight if a flameout occurs."
  },
  {
    "question_number": 18,
    "question": "An A.P.U consists of.",
    "options": {
      "a": "a power section, load compressor and gearbox",
      "b": "a power compressor and directly connected turbine.",
      "c": "a load compressor and free turbine."
    },
    "correct_answer": "a",
    "explanation": "An Auxiliary Power Unit (APU) typically comprises a gas turbine 'power section' to generate rotational energy, a 'load compressor' to provide bleed air for aircraft systems, and a 'gearbox' to drive an electrical generator or other accessories."
  },
  {
    "question_number": 19,
    "question": "Which section of the GTE accelerate the air by inducing kinetic energy?",
    "options": {
      "a": "Diffuser",
      "b": "Combustion chamber",
      "c": "Exhaust"
    },
    "correct_answer": "c",
    "explanation": "The exhaust nozzle section of the Gas Turbine Engine (GTE) is specifically designed to accelerate the hot exhaust gases by converting their pressure energy into kinetic energy, thereby producing thrust."
  },
  {
    "question_number": 20,
    "question": "Which one is true about Brayton cycle?",
    "options": {
      "a": "Events occur at the same time and same location",
      "b": "Events occur at the same time but at different location",
      "c": "Four stroke same location five events"
    },
    "correct_answer": "b",
    "explanation": "The Brayton cycle, which describes the operation of gas turbine engines, is a continuous flow process where different thermodynamic events (compression, combustion, expansion) occur simultaneously but at distinct physical locations within the engine."
  },
  {
    "question_number": 21,
    "question": "Which one is not a primary Indication on engine Indicating?",
    "options": {
      "a": "RPM",
      "b": "EGT",
      "c": "Oil temperature"
    },
    "correct_answer": "c",
    "explanation": "While important for engine health, oil temperature is generally considered a secondary engine indication. Primary indications for engine performance and thrust setting typically include RPM (engine speed) and EGT (Exhaust Gas Temperature)."
  },
  {
    "question_number": 22,
    "question": "Ignition system of a GTE consists major components of",
    "options": {
      "a": "Exciter, Ignition lead and ignition box",
      "b": "Exciter box, ignition lead",
      "c": "Exciter box, ignition lead and ignitor"
    },
    "correct_answer": "c",
    "explanation": "A complete ignition system for a Gas Turbine Engine (GTE) typically includes an exciter box (which generates high-voltage pulses), ignition leads (to transmit the pulses), and igniter plugs (where the spark is created within the combustion chamber)."
  },
  {
    "question_number": 23,
    "question": "High rpm in a propeller engine is achieved on which pitch angle?",
    "options": {
      "a": "High",
      "b": "Low",
      "c": "Feathered"
    },
    "correct_answer": "b",
    "explanation": "For a given engine power setting, a propeller operating at a low pitch angle offers less aerodynamic resistance, allowing the engine and propeller to achieve a higher rotational speed (RPM)."
  },
  {
    "question_number": 24,
    "question": "Which one is a source of air starter?",
    "options": {
      "a": "APU or GPU",
      "b": "GPU or ram air",
      "c": "APU or ram air"
    },
    "correct_answer": "a",
    "explanation": "The primary sources for providing compressed air to start an aircraft's engine (via an air turbine starter) are typically the aircraft's Auxiliary Power Unit (APU) or a Ground Power Unit (GPU) specifically designed to supply compressed air."
  },
  {
    "question_number": 25,
    "question": "Which fuel system component is part of engine side?",
    "options": {
      "a": "Flow divider",
      "b": "Flow meter",
      "c": "Boost pump"
    },
    "correct_answer": "a",
    "explanation": "The flow divider is a component of the engine's fuel system, usually located downstream of the fuel control unit, which ensures even distribution of fuel to the various fuel nozzles within the combustion chamber."
  },
  {
    "question_number": 26,
    "question": "A body that has energy due to its motion is said to have which of the following energy?",
    "options": {
      "a": "Potential energy",
      "b": "Kinetic energy",
      "c": "Static energy"
    },
    "correct_answer": "b",
    "explanation": "Kinetic energy is the energy possessed by an object due to its motion."
  },
  {
    "question_number": 27,
    "question": "Which of the following is a form of heat engine in which the fuel and air mixture is burned outside the engine?",
    "options": {
      "a": "Reciprocating engine",
      "b": "Gas turbine engine",
      "c": "Steam engine"
    },
    "correct_answer": "c",
    "explanation": "A steam engine is an external combustion engine where fuel is burned outside the engine to produce steam, which then drives the engine."
  },
  {
    "question_number": 28,
    "question": "Which engine produces thrust using the jet action?",
    "options": {
      "a": "Turboprop",
      "b": "Turbojet",
      "c": "Turboshaft"
    },
    "correct_answer": "b",
    "explanation": "A turbojet engine produces thrust primarily by accelerating a mass of air through a nozzle, creating a high-velocity jet. While turboprops and turboshafts also produce some jet thrust, their primary thrust is from the propeller or shaft power."
  },
  {
    "question_number": 29,
    "question": "At which of the following location is the pressure greater?",
    "options": {
      "a": "Inlet of the compressor",
      "b": "At the diffuser",
      "c": "At the exhaust of the engine"
    },
    "correct_answer": "b",
    "explanation": "The diffuser section of a gas turbine engine is designed to convert kinetic energy into pressure energy, resulting in the highest pressure within the engine cycle before combustion."
  },
  {
    "question_number": 30,
    "question": "At which of the following location is the velocity of the air greater?",
    "options": {
      "a": "Inlet of the compressor",
      "b": "At the diffuser",
      "c": "At the turbine"
    },
    "correct_answer": "c",
    "explanation": "In the turbine section, the hot gases expand through converging nozzle guide vanes, which accelerate the gas to high velocities before it impinges on the turbine blades."
  },
  {
    "question_number": 31,
    "question": "Which power is NOT given by the APU?",
    "options": {
      "a": "Thrust power",
      "b": "Electrical power",
      "c": "Pneumatic power"
    },
    "correct_answer": "a",
    "explanation": "The Auxiliary Power Unit (APU) primarily provides electrical power and pneumatic (bleed air) power for aircraft systems on the ground or in flight, but it does not produce direct thrust for propulsion."
  },
  {
    "question_number": 32,
    "question": "Which of the following is the primary function of engine lubricant?",
    "options": {
      "a": "prevents rust and corrosion",
      "b": "Reduce friction",
      "c": "perform and facilitate cleaning"
    },
    "correct_answer": "b",
    "explanation": "The primary function of engine lubricant (oil) is to reduce friction between moving parts, preventing wear and tear."
  },
  {
    "question_number": 33,
    "question": "Which of the following section changes kinetic energy to mechanical energy?",
    "options": {
      "a": "Turbine section",
      "b": "Compressor section",
      "c": "Diffuser section"
    },
    "correct_answer": "a",
    "explanation": "The turbine section converts the kinetic energy of the hot expanding gases into mechanical energy to drive the compressor and accessories."
  },
  {
    "question_number": 34,
    "question": "The Turbine section is located:",
    "options": {
      "a": "Between Diffuser and combustion section",
      "b": "Between combustion and exhaust section",
      "c": "Between Diffuser and compressor section"
    },
    "correct_answer": "b",
    "explanation": "The turbine section is located after the combustion chamber and before the exhaust section in a gas turbine engine, where it extracts energy from the hot combustion gases."
  },
  {
    "question_number": 35,
    "question": "What type of combustion chamber is used with centrifugal compressor?",
    "options": {
      "a": "Can annular combustion chamber",
      "b": "Double annular combustion chamber",
      "c": "Reverse flow combustion chamber"
    },
    "correct_answer": "c",
    "explanation": "Reverse flow combustion chambers are often used with centrifugal compressors due to their compact design and ability to direct the airflow effectively back towards the turbine, accommodating the radial discharge from the centrifugal compressor."
  },
  {
    "question_number": 36,
    "question": "Which component converts engine horsepower to useful thrust in order to pull or push the airplane through the air?",
    "options": {
      "a": "Compressor.",
      "b": "Turbine",
      "c": "Propeller"
    },
    "correct_answer": "c",
    "explanation": "The propeller is the component that converts the rotational horsepower of the engine into useful thrust to propel the airplane."
  },
  {
    "question_number": 37,
    "question": "A gas turbine engine releases the energy in the fuel in a constant-pressure thermodynamic cycle called:",
    "options": {
      "a": "Brayton cycle",
      "b": "Otto cycle",
      "c": "Combustion Cycle"
    },
    "correct_answer": "a",
    "explanation": "The Brayton cycle is the thermodynamic cycle that describes the operation of gas turbine engines, characterized by constant-pressure heat addition and rejection."
  },
  {
    "question_number": 38,
    "question": "What is the purpose of the ignition exciter?",
    "options": {
      "a": "Supplies high energy spark in the combustion chamber",
      "b": "Supplies high energy electrical current for ignition",
      "c": "Provides cooling for the ignition system"
    },
    "correct_answer": "b",
    "explanation": "The ignition exciter unit generates and supplies high-energy electrical current pulses to the igniter plugs, creating the necessary spark for combustion."
  },
  {
    "question_number": 39,
    "question": "Gas turbine is a type of combustion engine.",
    "options": {
      "a": "Depends",
      "b": "External",
      "c": "Internal"
    },
    "correct_answer": "c",
    "explanation": "A gas turbine engine is an internal combustion engine because combustion of the fuel and air mixture occurs within the engine itself."
  },
  {
    "question_number": 40,
    "question": "All modern helicopters are powered by engines.",
    "options": {
      "a": "Turbo shaft",
      "b": "Turbo jet",
      "c": "Turbo prop"
    },
    "correct_answer": "a",
    "explanation": "Modern helicopters are predominantly powered by turboshaft engines, which convert the energy from the gas turbine into shaft power to drive the rotor system."
  },
  {
    "question_number": 41,
    "question": "Which of the following is true about a diffuser?",
    "options": {
      "a": "It prepares the air for entry in to the compressor",
      "b": "It Increases the velocity of the air",
      "c": "It increases the pressure of the air"
    },
    "correct_answer": "c",
    "explanation": "A diffuser is designed to slow down the airflow and convert kinetic energy into static pressure, thereby increasing the pressure of the air."
  },
  {
    "question_number": 42,
    "question": "What type of combustion chamber is typically used on modern engines?",
    "options": {
      "a": "Annular",
      "b": "Can",
      "c": "Can-annular"
    },
    "correct_answer": "a",
    "explanation": "Annular combustion chambers are the most common type used in modern gas turbine engines due to their efficiency, uniform heat distribution, and compact design."
  },
  {
    "question_number": 43,
    "question": "A turbine stage consists of followed by",
    "options": {
      "a": "Stationary vanes, rotating blades",
      "b": "Rotating blades, Stationary vanes",
      "c": "Compressor, diffuser"
    },
    "correct_answer": "a",
    "explanation": "A turbine stage typically consists of a set of stationary nozzle guide vanes that direct the gas flow, followed by rotating blades that extract energy from the gas."
  },
  {
    "question_number": 44,
    "question": "What type of inlet duct is used for a supersonic gas velocity?",
    "options": {
      "a": "Divergent Inlet duct",
      "b": "Convergent inlet duct",
      "c": "Convergent-divergent inlet duct"
    },
    "correct_answer": "c",
    "explanation": "For supersonic gas velocity, a convergent-divergent inlet duct is used to efficiently slow down the supersonic flow to subsonic speeds before it enters the compressor, minimizing shock losses."
  },
  {
    "question_number": 45,
    "question": "Which of the following aircrafts use bellmouth inlet duct?",
    "options": {
      "a": "Military aircrafts",
      "b": "Helicopters",
      "c": "High speed aircrafts"
    },
    "correct_answer": "b",
    "explanation": "Bellmouth inlet ducts are typically used in applications where the engine operates in a static or low-speed environment, such as test stands or some helicopter designs, to ensure smooth and efficient airflow into the compressor."
  },
  {
    "question_number": 46,
    "question": "All compressors operate on a principle of",
    "options": {
      "a": "acceleration followed by diffusion",
      "b": "diffusion followed by acceleration",
      "c": "acceleration throughout the compressor"
    },
    "correct_answer": "a",
    "explanation": "Compressors operate by first accelerating the air to increase its kinetic energy, and then diffusing it (slowing it down) to convert that kinetic energy into pressure energy."
  },
  {
    "question_number": 47,
    "question": "Which of the following is an advantage of a centrifugal compressor?",
    "options": {
      "a": "Energy gain between stages",
      "b": "Less frontal area",
      "c": "High pressure rise per stage"
    },
    "correct_answer": "c",
    "explanation": "A key advantage of centrifugal compressors is their ability to achieve a very high pressure rise in a single stage compared to axial compressors."
  },
  {
    "question_number": 48,
    "question": "Which of the following will occur if the fuel quantity is reduced proportionally below the air quantity?",
    "options": {
      "a": "Rich blowout",
      "b": "Lean die-out",
      "c": "Over-temperature"
    },
    "correct_answer": "b",
    "explanation": "If the fuel quantity is reduced significantly below the air quantity, the mixture becomes too lean to sustain combustion, leading to a 'lean die-out' or flameout."
  },
  {
    "question_number": 49,
    "question": "One of the following properties of a fuel is mainly a question of viscosity?",
    "options": {
      "a": "Ease of flow",
      "b": "Ease of starting",
      "c": "Complete combustion"
    },
    "correct_answer": "a",
    "explanation": "The viscosity of a fuel directly impacts its ease of flow through fuel lines, pumps, and nozzles, especially at varying temperatures."
  },
  {
    "question_number": 50,
    "question": "A rocket engine for the combustion of its fuel",
    "options": {
      "a": "Carries its own oxygen",
      "b": "Uses surrounding air",
      "c": "Uses compressed atmospheric air"
    },
    "correct_answer": "a",
    "explanation": "Unlike air-breathing jet engines, a rocket engine carries its own oxidizer (usually oxygen in some form) for the combustion of its fuel, allowing it to operate in the vacuum of space."
  }
]
