[
  {
    "question_number": 1,
    "question": "Which specific hole preparation technique is required for installing a removable fastener to ensure a precise, tight fit?",
    "options": {
      "a": "Oversize drill",
      "b": "Open tolerance ream",
      "c": "Close ream"
    },
    "correct_answer": "c",
    "explanation": "Removable fasteners often require a 'close ream' tolerance to ensure a precise fit, minimizing movement and potential wear and maximizing structural integrity."
  },
  {
    "question_number": 2,
    "question": "What procedure is performed to achieve minimum clearance between fasteners and the mating structure?",
    "options": {
      "a": "Close ream",
      "b": "Standard drill",
      "c": "Open tolerance"
    },
    "correct_answer": "a",
    "explanation": "A close ream procedure is used specifically to achieve the minimum required clearance and a high-quality hole finish between the fastener and the structure, ensuring structural integrity."
  },
  {
    "question_number": 3,
    "question": "What is the correct hierarchy of preference when selecting replacement fasteners for an aircraft repair?",
    "options": {
      "a": "Type I, Type II, Type III",
      "b": "Initial, equivalent, alternative",
      "c": "Standard, heavy-duty, specialty"
    },
    "correct_answer": "b",
    "explanation": "The preferred hierarchy for fastener replacement is: initial (original), then an equivalent standard fastener, and finally, an approved alternative if the first two are not viable."
  },
  {
    "question_number": 4,
    "question": "What type of stress is created by the combination of tensile stress on one side and compressive stress on the opposite side of a material?",
    "options": {
      "a": "Bending",
      "b": "Shear",
      "c": "Torsion"
    },
    "correct_answer": "a",
    "explanation": "Bending stress is defined as the result of forces that produce both tensile stress (stretching) on one side of a material and compressive stress (squeezing) on the opposite side."
  },
  {
    "question_number": 5,
    "question": "Which type of damage typically involves localized deformation but does not change the overall cross-sectional area of the sheet metal?",
    "options": {
      "a": "Puncture",
      "b": "Crack",
      "c": "Dent"
    },
    "correct_answer": "c",
    "explanation": "A dent typically involves localized deformation without removing material or significantly changing the overall cross-sectional area of the sheet metal, unlike a crack or puncture."
  },
  {
    "question_number": 6,
    "question": "What is the first step required before assessing and removing a scratch from an aluminum aircraft surface?",
    "options": {
      "a": "Burnishing",
      "b": "Paint removal",
      "c": "Applying chemical solvent"
    },
    "correct_answer": "b",
    "explanation": "Before assessing the depth of a scratch and performing removal procedures on aluminum, the protective paint or finish must be removed to accurately determine the damage extent relative to the base metal."
  },
  {
    "question_number": 7,
    "question": "Why is clad aluminum (Alclad) preferred for use in aircraft construction?",
    "options": {
      "a": "Easier to form complex shapes",
      "b": "Increased tensile strength",
      "c": "Avoid corrosion than uncoated Al"
    },
    "correct_answer": "c",
    "explanation": "Clad aluminum (Alclad) is used because the thin layer of pure aluminum provides sacrificial corrosion protection to the high-strength aluminum alloy core."
  },
  {
    "question_number": 8,
    "question": "Under what circumstance is an alternative fastener typically used in aircraft repair?",
    "options": {
      "a": "Installation of a fastener is so difficult",
      "b": "The repair requires increased shear strength",
      "c": "The original material is out of stock"
    },
    "correct_answer": "a",
    "explanation": "An alternative fastener (like a blind rivet) is primarily used when access restrictions or structural limitations make the installation of the initial (solid) or equivalent fastener impractical."
  },
  {
    "question_number": 9,
    "question": "What is the standard, universal procedure for removing a solid rivet?",
    "options": {
      "a": "Grind the head, use a removal tool, ream the hole",
      "b": "File center punch, drill, punch out the shank",
      "c": "Drill the shank, use a chisel, replace the rivet"
    },
    "correct_answer": "b",
    "explanation": "The standard procedure involves dressing the rivet head, center punching, drilling out the manufactured head and part of the shank, and finally punching out the remaining shank."
  },
  {
    "question_number": 10,
    "question": "What classification applies to minor damage that permits minimum rework, such as smoothing or blending, without requiring a major structural repair?",
    "options": {
      "a": "Allowable damage",
      "b": "Critical damage",
      "c": "Repairable damage"
    },
    "correct_answer": "a",
    "explanation": "Allowable damage refers to minor defects that do not exceed specified limits and can remain in service, sometimes requiring minimal rework like smoothing or blending."
  },
  {
    "question_number": 11,
    "question": "What term describes the distance measured between the center of neighboring rivets in the same row?",
    "options": {
      "a": "Edge distance",
      "b": "Transverse spacing",
      "c": "Rivet pitch"
    },
    "correct_answer": "c",
    "explanation": "Rivet pitch is the distance measured from the center of one rivet to the center of the next rivet in the same row."
  },
  {
    "question_number": 12,
    "question": "What are the three primary classifications used to define aircraft structural damage based on required corrective action?",
    "options": {
      "a": "Allowable, repairable, replacement",
      "b": "Minor, major, catastrophic",
      "c": "Cosmetic, structural, critical"
    },
    "correct_answer": "a",
    "explanation": "Aircraft structural damage is generally classified into allowable (requires no action or minimal blend), repairable (requires patch or insert), or requires replacement of the part."
  },
  {
    "question_number": 13,
    "question": "What condition often makes a riveted joint critical in shear?",
    "options": {
      "a": "The edge distance is too large",
      "b": "Less than the optimum number of fasteners are used",
      "c": "The rivets are made of soft aluminum"
    },
    "correct_answer": "b",
    "explanation": "If fewer fasteners than structurally required are used (less than optimum), the joint is more likely to fail in shear before the material fails in tension, making shear strength the limiting factor."
  },
  {
    "question_number": 14,
    "question": "What is the primary objective when selecting material for a structural repair?",
    "options": {
      "a": "Match original thickness exactly",
      "b": "Always use a higher grade alloy",
      "c": "Duplicate original strength"
    },
    "correct_answer": "c",
    "explanation": "When selecting material for a repair, the primary objective is to select a material that duplicates or exceeds the strength properties (tensile, yield, shear) of the original material to maintain structural integrity."
  },
  {
    "question_number": 15,
    "question": "What is a common visual indication that a rivet is loose or 'working' in the structure?",
    "options": {
      "a": "Head paint crack",
      "b": "Visible shank deformation",
      "c": "Excessive edge distance"
    },
    "correct_answer": "a",
    "explanation": "A common visual indicator of a loose or working rivet is the cracking or flaking of the paint/primer around the rivet head, caused by movement between the rivet and the sheet metal."
  },
  {
    "question_number": 16,
    "question": "A fastener type that is not routinely removed during usual service operations is classified as a:",
    "options": {
      "a": "Quick-release fastener",
      "b": "Permanent fastener",
      "c": "Access panel fastener"
    },
    "correct_answer": "b",
    "explanation": "Permanent fasteners (like rivets or Hi-Loks) are intended to remain installed throughout the aircraft's normal service life and are only removed during major maintenance or repair actions."
  },
  {
    "question_number": 17,
    "question": "In the common rivet designation AN470AD4-6, what does the '4' immediately following the dash represent?",
    "options": {
      "a": "4 indicates the diameter of a rivet",
      "b": "4 indicates the length of the shank in sixteenths of an inch",
      "c": "4 indicates the material type (2024-T4)"
    },
    "correct_answer": "a",
    "explanation": "The first digit after the dash indicates the rivet diameter in thirty-seconds of an inch (4/32\" or 1/8\")."
  },
  {
    "question_number": 18,
    "question": "Which of the following aluminum alloys is typically heat treated to achieve its high-strength properties?",
    "options": {
      "a": "1100 Al alloy",
      "b": "5052 Al alloy",
      "c": "2024 Al alloy"
    },
    "correct_answer": "c",
    "explanation": "The 2XXX series (like 2024) are aluminum-copper alloys that are high-strength and typically require heat treatment (solution heat treatment and aging) to achieve their full strength potential."
  },
  {
    "question_number": 19,
    "question": "Which of the following is NOT a basic principle of aircraft sheet metal repair?",
    "options": {
      "a": "Maintain aerodynamic contour",
      "b": "Maximum weight",
      "c": "Restore original strength"
    },
    "correct_answer": "b",
    "explanation": "A core principle of aircraft repair is to minimize added weight. Therefore, 'maximum weight' is explicitly NOT a basic principle; repairs should be as light as possible while restoring strength."
  },
  {
    "question_number": 20,
    "question": "Which statement is generally true regarding aluminum alloy manufacturing processes?",
    "options": {
      "a": "Extruded parts are typically used for constant cross-section beams and stringers.",
      "b": "Formed parts are always stronger than extruded parts.",
      "c": "Extruded parts cannot be heat treated."
    },
    "correct_answer": "a",
    "explanation": "Extrusion is a process used to create parts with a constant cross-sectional profile (like stringers or angles), whereas forming is used for parts with varying contours."
  },
  {
    "question_number": 21,
    "question": "The stress condition resulting from the combination of compression on one side and tension on the opposite side of a structural member is called:",
    "options": {
      "a": "Torsion",
      "b": "Fatigue",
      "c": "Bending"
    },
    "correct_answer": "c",
    "explanation": "Bending occurs when a structure is subjected to loads that cause one surface to stretch (tension) and the opposing surface to compress simultaneously."
  },
  {
    "question_number": 22,
    "question": "In the context of heat treatment, a reduction in the rate of temperature decrease during the cooling process is often referred to as:",
    "options": {
      "a": "Hesitation",
      "b": "Tempering",
      "c": "Quench stabilization"
    },
    "correct_answer": "a",
    "explanation": "In the context of heat treatment, particularly quenching, 'hesitation' refers to any delay or reduction in the cooling rate, which can negatively affect the final strength properties of the metal."
  },
  {
    "question_number": 23,
    "question": "What type of damage is typically removed by using a burnishing procedure?",
    "options": {
      "a": "Deep cracks in the primary structure",
      "b": "Evaluated allowable scratch damage",
      "c": "Corrosion pits exceeding maximum limits"
    },
    "correct_answer": "b",
    "explanation": "Burnishing is a superficial smoothing process used primarily to blend out minor, shallow scratches that have been evaluated and determined to be within allowable limits."
  },
  {
    "question_number": 24,
    "question": "A riveted joint is considered critically loaded in shear when the total shear area of the rivets is limited by:",
    "options": {
      "a": "The sheet material being too thin",
      "b": "The rivets having too large a diameter",
      "c": "Using fewer than the required number of fasteners for the load"
    },
    "correct_answer": "c",
    "explanation": "If a repair design uses fewer fasteners than necessary to carry the imposed load, the joint's overall strength will be limited by the collective shear strength of those fasteners, making shear failure the critical mode."
  },
  {
    "question_number": 25,
    "question": "Which type of rivet is primarily used for transferring high aircraft structural loads due to its superior shear strength?",
    "options": {
      "a": "Solid rivet",
      "b": "Pop rivet",
      "c": "Blind bolt"
    },
    "correct_answer": "a",
    "explanation": "Solid rivets are the most common and robust type of fastener used in aircraft construction, specifically chosen for their high shear strength necessary for transferring primary structural loads."
  }
]