[
    {
        "question_number": 1,
        "question": "A line used to show the center of a round object is",
        "options": {
            "a": "Hidden line",
            "b": "Center line",
            "c": "Phantom line"
        },
        "correct_answer": "b",
        "explanation": "A center line is used to indicate the center of a round object in technical drawings, typically shown as a dashed line with alternating long and short segments."
    },
    {
        "question_number": 2,
        "question": "What is another name for multiview drawing?",
        "options": {
            "a": "Isometric drawing",
            "b": "Oblique drawing",
            "c": "Orthographic drawing"
        },
        "correct_answer": "c",
        "explanation": "A multiview drawing, also known as an orthographic drawing, represents an object from multiple views (e.g., front, top, side) projected onto principal planes."
    },
    {
        "question_number": 3,
        "question": "Selection of a drawing pencil is determined by",
        "options": {
            "a": "Type and quality of drawing paper",
            "b": "Type and quality of drawing board",
            "c": "How thick and dark you want the line to be."
        },
        "correct_answer": "c",
        "explanation": "The choice of drawing pencil (e.g., H, B grades) depends on the desired line thickness and darkness, with harder pencils for lighter lines and softer ones for darker lines."
    },
    {
        "question_number": 4,
        "question": "If an oblique view is drawn to half its thickness, it is called:",
        "options": {
            "a": "Cavalier",
            "b": "Cabinet",
            "c": "General"
        },
        "correct_answer": "b",
        "explanation": "In a cabinet oblique drawing, the depth axis is drawn at half scale to reduce distortion, unlike cavalier projection where depth is full scale."
    },
    {
        "question_number": 5,
        "question": "A circular or semicircular tool for measuring an angle is",
        "options": {
            "a": "Compass",
            "b": "Protractor",
            "c": "Divider"
        },
        "correct_answer": "b",
        "explanation": "A protractor is a circular or semicircular tool used to measure or draw angles in degrees."
    },
    {
        "question_number": 6,
        "question": "What is an erasing shield?",
        "options": {
            "a": "An instrument with apertures of varying size and shape to allow precision erasing while protecting the rest of the drawing.",
            "b": "Used for rubbing out pencil and also for pen mistakes.",
            "c": "Both"
        },
        "correct_answer": "a",
        "explanation": "An erasing shield is a metal or plastic tool with various apertures that allows precise erasing of specific areas while protecting the rest of the drawing."
    },
    {
        "question_number": 7,
        "question": "Which one of the following is incorrect?",
        "options": {
            "a": "Title blocks are located at the right hand lower corner of a drawing sheet",
            "b": "Tolerances can be described inside the title block.",
            "c": "Dimension lines can be used without arrow heads"
        },
        "correct_answer": "c",
        "explanation": "Dimension lines require arrowheads to clearly indicate the extent of the dimension, making option c incorrect."
    },
    {
        "question_number": 8,
        "question": "Which of the following statements about technical drawings is incorrect?",
        "options": {
            "a": "A circle is dimensioned by its diameter; an arc by its radius.",
            "b": "Hidden lines are always shown in pictorial drawings.",
            "c": "Leader lines are drawn parallel to dimension lines."
        },
        "correct_answer": "c",
        "explanation": "Leader lines indicate specific features or notes and are not necessarily parallel to dimension lines, which show measurements.  Option B is also incorrect; hidden lines are often omitted in pictorial drawings to improve clarity."
    },
    {
        "question_number": 9,
        "question": "Which view shows the true shape and size of an inclined surface?",
        "options": {
            "a": "Frontal view",
            "b": "Profile view",
            "c": "Auxiliary view"
        },
        "correct_answer": "c",
        "explanation": "An auxiliary view is drawn perpendicular to an inclined surface to show its true shape and size, unlike frontal or profile views."
    },
    {
        "question_number": 10,
        "question": "When dimensions are placed to be read from one direction, this method is known as",
        "options": {
            "a": "Unidirectional method",
            "b": "Aligned method",
            "c": "Imposed running method"
        },
        "correct_answer": "a",
        "explanation": "The unidirectional method places all dimensions to be read from one direction, typically the bottom of the drawing, for clarity."
    },
    {
        "question_number": 11,
        "question": "Which one of the following is not a principal plane of projection?",
        "options": {
            "a": "Profile plane",
            "b": "Oblique plane",
            "c": "Horizontal plane"
        },
        "correct_answer": "b",
        "explanation": "The principal planes of projection are horizontal, frontal, and profile planes; an oblique plane is not a standard principal plane."
    },
    {
        "question_number": 12,
        "question": "A method of describing and putting the exact shape and size of a 3-dimensional object on a 2-dimensional paper is called",
        "options": {
            "a": "Orthographic projection",
            "b": "Isometric projection",
            "c": "Auxiliary projection"
        },
        "correct_answer": "a",
        "explanation": "Orthographic projection represents a 3D object in 2D by projecting its views onto perpendicular planes."
    },
    {
        "question_number": 13,
        "question": "When an object is between the plane and the observer, the projection is called",
        "options": {
            "a": "Third angle",
            "b": "First angle",
            "c": "Fourth angle"
        },
        "correct_answer": "b",
        "explanation": "In first-angle projection, the object is placed between the observer and the projection plane, common in some international standards."
    },
    {
        "question_number": 14,
        "question": "It is possible to use all four angles of projections for drawing.",
        "options": {
            "a": "True",
            "b": "False"
        },
        "correct_answer": "b",
        "explanation": "Only first-angle and third-angle projections are commonly used; second and fourth angles are impractical and rarely used."
    },
    {
        "question_number": 15,
        "question": "A plane onto which the side face of an object is projected",
        "options": {
            "a": "Inclined plane",
            "b": "Horizontal plane",
            "c": "Profile plane"
        },
        "correct_answer": "c",
        "explanation": "The profile plane is used to project the side face of an object in orthographic projection."
    },
    {
        "question_number": 16,
        "question": "In Sectioning, if half the object is removed by a cutting plane, then it is called",
        "options": {
            "a": "Half section",
            "b": "Full section",
            "c": "Offset section"
        },
        "correct_answer": "a",
        "explanation": "A half section shows one half of an object as if cut away, revealing internal features while retaining part of the external view."
    },
    {
        "question_number": 17,
        "question": "Section lines are drawn at an angle of to the object",
        "options": {
            "a": "90 deg.",
            "b": "180 deg.",
            "c": "At any angle other than the above angles"
        },
        "correct_answer": "c",
        "explanation": "Section lines are typically drawn at 45 degrees to the object to distinguish the cut surface, not at 90 or 180 degrees."
    },
    {
        "question_number": 18,
        "question": "The depth of an object can be obtained from:",
        "options": {
            "a": "Front view",
            "b": "Top view",
            "c": "Auxiliary view"
        },
        "correct_answer": "c",
        "explanation": "An auxiliary view provides the true depth of an object, especially for inclined surfaces, unlike front or top views."
    },
    {
        "question_number": 19,
        "question": "Which one of the following is correct about oblique drawing?",
        "options": {
            "a": "One face of the object is parallel to one of the plane of projection.",
            "b": "The three axes are 90 deg. apart.",
            "c": "Circles appear as ellipse in all 3 faces of the drawing."
        },
        "correct_answer": "a",
        "explanation": "In oblique drawing, one face is parallel to the projection plane, with the depth axis drawn at an angle (e.g., 45 degrees)."
    },
    {
        "question_number": 20,
        "question": "In isometric drawing the three axes are deg apart",
        "options": {
            "a": "90",
            "b": "120",
            "c": "180"
        },
        "correct_answer": "b",
        "explanation": "In isometric drawing, the three axes are 120 degrees apart to create a balanced 3D representation."
    },
    {
        "question_number": 21,
        "question": "Which instrument is used to draw irregular curves?",
        "options": {
            "a": "Protractor",
            "b": "Compass",
            "c": "French curve"
        },
        "correct_answer": "c",
        "explanation": "A French curve is a drafting tool used to draw smooth, irregular curves that cannot be drawn with a compass."
    },
    {
        "question_number": 22,
        "question": "A seven-sided figure is",
        "options": {
            "a": "Octagon",
            "b": "Heptagon",
            "c": "Nonagon"
        },
        "correct_answer": "b",
        "explanation": "A heptagon is a polygon with seven sides, while an octagon has eight and a nonagon has nine."
    },
    {
        "question_number": 23,
        "question": "Write 3 uses of a T-square",
        "options": {
            "a": "For Guiding Teacher",
            "b": "For Making Aoriantial",
            "c": "For adjusting drawing paper"
        },
        "correct_answer": "b",
        "explanation": "A T-square is used for: 1) Drawing horizontal lines, 2) Aligning drawing paper on a drafting board, and 3) Supporting other tools like triangles for vertical or angled lines. The provided options contain errors and are not accurate."
    },
    {
        "question_number": 24,
        "question": "In 3rd angle projection, Front view is projected to:",
        "options": {
            "a": "Horizontal plane",
            "b": "Profile plane",
            "c": "Frontal plane"
        },
        "correct_answer": "c",
        "explanation": "In third-angle projection, the front view is projected onto the frontal plane, which is perpendicular to the observer\u2019s line of sight."
    },
    {
        "question_number": 25,
        "question": "When drawing an Auxiliary view, the projectors are:",
        "options": {
            "a": "Perpendicular to the inclined surface",
            "b": "Parallel to the inclined surface",
            "c": "At 45 deg to the inclined surface"
        },
        "correct_answer": "a",
        "explanation": "Auxiliary view projectors are perpendicular to the inclined surface to show its true shape and size."
    },
    {
        "question_number": 26,
        "question": "An assembly drawing is one which includes all necessary information for a part or an assembly in the final installed position in the aircraft",
        "options": {
            "a": "True",
            "b": "False",
            "c": "Partially true"
        },
        "correct_answer": "a",
        "explanation": "An assembly drawing shows all parts in their final installed position, including necessary details for assembly in the aircraft."
    },
    {
        "question_number": 27,
        "question": "The American standard of drawing sheet equivalent to the ISO standard A4 is represented by letter",
        "options": {
            "a": "C",
            "b": "A",
            "c": "B"
        },
        "correct_answer": "b",
        "explanation": "The American standard drawing sheet size equivalent to ISO A4 (8.27 x 11.69 inches) is ANSI A (8.5 x 11 inches)."
    },
    {
        "question_number": 28,
        "question": "With regard to lettering, the shapes of letters are not described as part of drawing standards.",
        "options": {
            "a": "True",
            "b": "False",
            "c": "There are conditions lettering are part of drawing standards but not always"
        },
        "correct_answer": "b",
        "explanation": "Drawing standards, such as those by ASME or ISO, specify lettering characteristics (e.g., size, style) for consistency and clarity."
    },
    {
        "question_number": 29,
        "question": "The title block used on working drawings should include the",
        "options": {
            "a": "Line type",
            "b": "Sheet number",
            "c": "Both"
        },
        "correct_answer": "b",
        "explanation": "A title block typically includes the sheet number, part name, scale, and other metadata, but line type is not a standard inclusion."
    },
    {
        "question_number": 30,
        "question": "A scale factor of technical drawing which represents a reduced scale is",
        "options": {
            "a": "1:1",
            "b": "1:2",
            "c": "2:1"
        },
        "correct_answer": "b",
        "explanation": "A reduced scale, such as 1:2, means the drawing is half the size of the actual object, unlike 1:1 (full scale) or 2:1 (enlarged scale)."
    },
    {
        "question_number": 31,
        "question": "The edges of a cube in isometric projection make angles with each other:",
        "options": {
            "a": "30",
            "b": "45",
            "c": "120"
        },
        "correct_answer": "c",
        "explanation": "In isometric projection, the edges of a cube are drawn at 120-degree angles to each other to represent 3D perspective."
    },
    {
        "question_number": 32,
        "question": "The type of line that projects from an object for the express purpose of locating a dimension is a line.",
        "options": {
            "a": "Visible",
            "b": "Hidden",
            "c": "Extension"
        },
        "correct_answer": "c",
        "explanation": "Extension lines project from an object to define the extent of a dimension, connecting the object to the dimension line."
    },
    {
        "question_number": 33,
        "question": "A circular arc is dimensioned in the view where you see its true shape by giving the value for its:",
        "options": {
            "a": "Diameter",
            "b": "Arc length",
            "c": "Radius"
        },
        "correct_answer": "c",
        "explanation": "A circular arc is dimensioned by its radius in the view where its true shape is visible, typically with a leader line pointing to the arc."
    },
    {
        "question_number": 34,
        "question": "A thin solid line directing attention to a note or dimension and starting with an arrowhead or dot.",
        "options": {
            "a": "Dimension line",
            "b": "Leader line",
            "c": "Extension line"
        },
        "correct_answer": "b",
        "explanation": "A leader line is a thin solid line that directs attention to a note or dimension, starting with an arrowhead or dot."
    },
    {
        "question_number": 35,
        "question": "In multi-view drawing it is common practice to include three views, the front, the top and the right side. If no dimensions are required on the right side view the drafter can",
        "options": {
            "a": "Leave the view as is",
            "b": "Eliminate the view",
            "c": "Use the left view instead"
        },
        "correct_answer": "b",
        "explanation": "If the right side view provides no unique information or dimensions, it can be eliminated to simplify the drawing."
    },
    {
        "question_number": 36,
        "question": "The type of auxiliary view, in which a break line is used to indicate the imaginary in the views:",
        "options": {
            "a": "Secondary",
            "b": "Partial",
            "c": "Revolved"
        },
        "correct_answer": "b",
        "explanation": "A partial auxiliary view uses a break line to show only a portion of the view, indicating an imaginary break in the object."
    }
]