[
  {
    "question_number": 1,
    "question": "What is the basis of comparison used in measuring or judging capacity, quantity, content, extent, or quality?",
    "options": {
      "a": "Standard",
      "b": "Approximation",
      "c": "Variable"
    },
    "correct_answer": "a",
    "explanation": "A standard provides a recognized benchmark against which things can be measured or judged."
  },
  {
    "question_number": 2,
    "question": "Which of the following is typically NOT a primary item included directly within the title block of an engineering drawing?",
    "options": {
      "a": "Title of the drawing",
      "b": "Sheet number",
      "c": "Detailed manufacturing process steps"
    },
    "correct_answer": "c",
    "explanation": "While drawing title, sheet number, and material type are common, detailed manufacturing steps are usually in separate documents or notes, not the title block itself. The original user options were 'Title of paper', 'Sheet no', 'Type of material', all of which *are* typically in a title block. This question is rephrased to find what *should not* be there."
  },
  {
    "question_number": 3,
    "question": "In multiview drawing, if a right-side view offers no additional dimensional information or clarity on hidden features, what can the drafter do?",
    "options": {
      "a": "Leave the view as it is for consistency",
      "b": "Eliminate the view to save space and avoid redundancy",
      "c": "Always use the left-side view instead, regardless of new information"
    },
    "correct_answer": "b",
    "explanation": "Good drafting practice avoids redundant views. If a view provides no new information, it can be eliminated."
  },
  {
    "question_number": 4,
    "question": "What is a thin solid line, typically starting with an arrowhead or a dot, used to direct attention to a note or dimension?",
    "options": {
      "a": "Leader line",
      "b": "Break line",
      "c": "Cutting-plane line"
    },
    "correct_answer": "a",
    "explanation": "Leader lines are used to connect a graphical feature on a drawing to its annotation."
  },
  {
    "question_number": 5,
    "question": "Which one of the following is NOT a standard type of section view in technical drawing?",
    "options": {
      "a": "Revolved section",
      "b": "Perspective section",
      "c": "Removed section"
    },
    "correct_answer": "b",
    "explanation": "Revolved and removed sections are standard types. Perspective views are a different category of drawing, and 'perspective section' is not a standard section type."
  },
  {
    "question_number": 6,
    "question": "Which system is often used to establish a standard for the organization and representation of technical data for industries like aviation (e.g., aircraft, engines, logs)?",
    "options": {
      "a": "ATA Numbering System",
      "b": "Dewey Decimal System",
      "c": "ISO 9000"
    },
    "correct_answer": "a",
    "explanation": "The ATA Numbering System (e.g., ATA 100) is widely used in the aerospace industry for standardizing technical documentation."
  },
  {
    "question_number": 7,
    "question": "In standard single-stroke engineering lettering, what is the typical number of distinct strokes used to form the main parts of letters and numerals for clarity?",
    "options": {
      "a": "One",
      "b": "Two",
      "c": "Three"
    },
    "correct_answer": "a",
    "explanation": "Single-stroke Gothic lettering emphasizes simplicity and clarity, generally using one primary stroke for each part of a character."
  },
  {
    "question_number": 8,
    "question": "What is the process of defining the size, form, and location of geometric features and components on a drawing called?",
    "options": {
      "a": "Dimensioning",
      "b": "Profiling",
      "c": "Scaling"
    },
    "correct_answer": "a",
    "explanation": "Dimensioning is the process of adding measurements and annotations to a drawing to fully describe its geometric characteristics."
  },
  {
    "question_number": 9,
    "question": "In which type of pictorial projection are two of the object's principal axes parallel to the projection plane, with the third axis (depth) drawn at an angle?",
    "options": {
      "a": "Oblique view",
      "b": "Isometric view",
      "c": "Orthographic view"
    },
    "correct_answer": "a",
    "explanation": "In oblique projection, one face is parallel to the projection plane (showing true shape), and depth is projected at an angle."
  },
  {
    "question_number": 10,
    "question": "What type of line, typically represented by alternating long and short dashes (e.g., ____ _ ____), is used to indicate axes of symmetry or the centers of circles?",
    "options": {
      "a": "Center line",
      "b": "Hidden line",
      "c": "Phantom line"
    },
    "correct_answer": "a",
    "explanation": "Center lines are used to show the axes of symmetrical parts and the centers of holes and other circular features."
  },
  {
    "question_number": 11,
    "question": "What is the term for the total permissible variation in a dimension, calculated as the difference between the upper (maximum) and lower (minimum) limits of size?",
    "options": {
      "a": "Tolerance",
      "b": "Fit",
      "c": "Datum"
    },
    "correct_answer": "a",
    "explanation": "Tolerance is the acceptable range of variation for a dimension."
  },
  {
    "question_number": 12,
    "question": "The selection of a drawing pencil grade is primarily determined by:",
    "options": {
      "a": "The type of drawing paper and desired line darkness/thickness",
      "b": "The brand of the pencil",
      "c": "The overall size of the drawing"
    },
    "correct_answer": "a",
    "explanation": "Pencil hardness (grade) is chosen based on the paper surface and the required line quality (e.g., light construction lines vs. dark object lines)."
  },
  {
    "question_number": 13,
    "question": "Which type of line, typically consisting of one long dash followed by two short dashes (____ _ _ ____), is used to show the alternate position of a moving part?",
    "options": {
      "a": "Hidden line",
      "b": "Break line",
      "c": "Phantom line"
    },
    "correct_answer": "c",
    "explanation": "Phantom lines are used to show alternate positions of moving parts, adjacent parts, or repeated details."
  },
  {
    "question_number": 14,
    "question": "Which of the following ISO 'A' series paper sizes is generally larger and often used for complex technical drawings or assemblies?",
    "options": {
      "a": "A5 (148 x 210 mm)",
      "b": "A2 (420 x 594 mm)",
      "c": "A4 (210 x 297 mm)"
    },
    "correct_answer": "b",
    "explanation": "A2 is significantly larger than A4 and A5, providing more space for detailed drawings. (Original question was 'W/C one of the ff paper is interest')."
  },
  {
    "question_number": 15,
    "question": "What is a detail drawing?",
    "options": {
      "a": "A drawing that provides all necessary information to manufacture a single part.",
      "b": "A drawing showing how multiple parts fit together in an assembly.",
      "c": "A freehand sketch used for initial design ideas."
    },
    "correct_answer": "a",
    "explanation": "A detail drawing contains all specifications (dimensions, material, tolerances, etc.) for one individual component."
  },
  {
    "question_number": 16,
    "question": "If a dimension is given as 5.997, and the total permissible difference between its upper and lower limits is 0.0084, what is the tolerance?",
    "options": {
      "a": "5.9886",
      "b": "0.0168",
      "c": "0.0084"
    },
    "correct_answer": "c",
    "explanation": "The tolerance is directly stated as the total permissible difference, which is 0.0084. The value 5.997 is the nominal dimension."
  },
  {
    "question_number": 17,
    "question": "In which principal orthographic view are the height and width of an object typically shown?",
    "options": {
      "a": "Front view",
      "b": "Top view",
      "c": "Right-side view"
    },
    "correct_answer": "a",
    "explanation": "The front view typically shows the object's height and width dimensions."
  },
  {
    "question_number": 18,
    "question": "In which principal orthographic view are the width and depth of an object typically shown?",
    "options": {
      "a": "Top view",
      "b": "Front view",
      "c": "Right-side view"
    },
    "correct_answer": "a",
    "explanation": "The top view typically shows the object's width and depth dimensions."
  },
  {
    "question_number": 19,
    "question": "In which principal orthographic view are the height and depth of an object typically shown?",
    "options": {
      "a": "Right-side view (or Left-side view)",
      "b": "Top view",
      "c": "Front view"
    },
    "correct_answer": "a",
    "explanation": "The side views (right or left) typically show the object's height and depth dimensions."
  },
  {
    "question_number": 20,
    "question": "What is the primary purpose of an auxiliary view in technical drawing?",
    "options": {
      "a": "To show the true size and shape of an inclined or oblique surface.",
      "b": "To provide a list of materials for the object.",
      "c": "To show the object in a pictorial (3D-like) representation."
    },
    "correct_answer": "a",
    "explanation": "Auxiliary views are projected onto a plane parallel to an inclined/oblique surface to show its true geometry."
  },
  {
    "question_number": 21,
    "question": "The ATA (Air Transport Association) specification system, such as ATA 100, organizes technical documentation for aircraft into approximately how many main chapters?",
    "options": {
      "a": "100",
      "b": "50",
      "c": "200"
    },
    "correct_answer": "a",
    "explanation": "The ATA 100 system (and its successors) standardizes aircraft technical manuals into about 100 chapters."
  },
  {
    "question_number": 22,
    "question": "What is the maximum number of standard principal views that can be used to represent an object in orthographic projection (front, top, bottom, right, left, rear)?",
    "options": {
      "a": "Six",
      "b": "Eight",
      "c": "Four"
    },
    "correct_answer": "a",
    "explanation": "There are six principal views corresponding to the faces of an imaginary cube enclosing the object."
  },
  {
    "question_number": 23,
    "question": "What is a primary use of a set square (drafting triangle) in manual drafting?",
    "options": {
      "a": "To draw straight lines at specific standard angles (e.g., 30°, 45°, 60°, 90°).",
      "b": "To measure the radius of a circle accurately.",
      "c": "To create freehand sketches quickly."
    },
    "correct_answer": "a",
    "explanation": "Set squares are used with a T-square or straightedge to draw lines at precise, common angles."
  },
  {
    "question_number": 24,
    "question": "In first-angle projection, what is positioned between the observer and the plane of projection?",
    "options": {
      "a": "The object",
      "b": "The observer's eye itself",
      "c": "The drawing title block"
    },
    "correct_answer": "a",
    "explanation": "In first-angle projection, the object is between the observer and the projection plane (Observer -> Object -> Plane)."
  },
  {
    "question_number": 25,
    "question": "When a designer or reader has difficulty visualizing an object from orthographic views, which type of drawing is often the easiest to understand for its overall 3D shape?",
    "options": {
      "a": "A two-view orthographic drawing",
      "b": "A detailed sectional view",
      "c": "An axonometric projection (e.g., isometric)"
    },
    "correct_answer": "c",
    "explanation": "Axonometric projections (like isometric, dimetric, trimetric) provide a 3D-like representation that is easier to visualize than multiple 2D views."
  },
  {
    "question_number": 26,
    "question": "In the context of describing surfaces relative to principal planes of projection, which one of the following is NOT a type of flat plane orientation?",
    "options": {
      "a": "Normal plane (parallel to a principal plane)",
      "b": "Curved surface",
      "c": "Inclined plane (perpendicular to one, angled to two others)"
    },
    "correct_answer": "b",
    "explanation": "Normal and inclined planes are flat. A curved surface, by definition, is not flat."
  },
  {
    "question_number": 27,
    "question": "Which orthographic view typically shows the width and height of an object?",
    "options": {
      "a": "Front view",
      "b": "Side view",
      "c": "Top view"
    },
    "correct_answer": "a",
    "explanation": "The front view is conventionally chosen to show the primary shape and includes width and height. (This is a repeat of Q17 in the original list)."
  },
  {
    "question_number": 28,
    "question": "How does a circle (that is not on a plane parallel to the viewing direction) typically appear in an isometric drawing?",
    "options": {
      "a": "Ellipse",
      "b": "True circle",
      "c": "Parabola"
    },
    "correct_answer": "a",
    "explanation": "In isometric projection, circles on any of the three principal isometric planes (or planes parallel to them) appear as ellipses."
  },
  {
    "question_number": 29,
    "question": "Which type of pictorial drawing often represents slanted or inclined surfaces with some distortion, but is relatively easy to construct?",
    "options": {
      "a": "Oblique projection",
      "b": "Orthographic projection",
      "c": "Perspective projection"
    },
    "correct_answer": "a",
    "explanation": "Oblique projection is easier to draw than isometric for objects with circular features on the front plane, but receding lines and angles can be distorted. (Based on user's 'Slanted surface: - Oblique - Isometric')."
  },
  {
    "question_number": 30,
    "question": "If a circular face of an object is drawn parallel to the frontal plane of projection in an oblique drawing, how will this circle appear?",
    "options": {
      "a": "As a true circle",
      "b": "As an ellipse",
      "c": "As a line"
    },
    "correct_answer": "a",
    "explanation": "In oblique projection, features on planes parallel to the projection plane (usually the front face) are drawn true size and shape."
  },
  {
    "question_number": 31,
    "question": "An edge view of a plane surface is seen when the line of sight is:",
    "options": {
      "a": "Parallel to the surface",
      "b": "Perpendicular to the surface",
      "c": "At a 45-degree angle to the surface"
    },
    "correct_answer": "a",
    "explanation": "When the line of sight is parallel to a plane surface, that surface appears as an edge or line. (Based on user's 'Inclined in 2 surfaces on edge')."
  },
  {
    "question_number": 32,
    "question": "A key difference between isometric and oblique projection is that in isometric projection:",
    "options": {
      "a": "All three principal axes are equally foreshortened and angled at 120 degrees to each other.",
      "b": "One face is parallel to the projection plane, and receding lines are at an angle.",
      "c": "Only two dimensions are shown."
    },
    "correct_answer": "a",
    "explanation": "Isometric projection angles axes at 120 degrees apart, and lines along these axes are foreshortened (though often drawn full scale on isometric axes). Oblique projection has one face true shape."
  },
  {
    "question_number": 33,
    "question": "To show the true shape and size of an inclined surface in an orthographic projection, what type of view is specifically created?",
    "options": {
      "a": "Auxiliary view",
      "b": "Sectional view",
      "c": "Top view"
    },
    "correct_answer": "a",
    "explanation": "An auxiliary view is projected onto a plane parallel to the inclined surface to show its true features. (Based on user's 'Plane type for inclined surface')."
  },
  {
    "question_number": 34,
    "question": "Which pictorial projection method typically has one face of the object parallel to the projection plane, showing its true shape, with depth projected at an angle?",
    "options": {
      "a": "Oblique projection",
      "b": "Isometric projection",
      "c": "Perspective projection"
    },
    "correct_answer": "a",
    "explanation": "This describes oblique projection, where the front face is often drawn true shape. (Based on user's 'Plane conveys view: a) Oblique b) Isometric')."
  },
  {
    "question_number": 35,
    "question": "A line convention consisting of one long dash and two short dashes ( ____ _ _ ____ ) is known as a:",
    "options": {
      "a": "Hidden line",
      "b": "Phantom line",
      "c": "Center line"
    },
    "correct_answer": "b",
    "explanation": "This pattern (long-short-short-long) is characteristic of a phantom line, used for alternate positions or related parts. (User's 'Two long one short in a center' was ambiguous, this clarifies based on standard line types)."
  },
  {
    "question_number": 36,
    "question": "Which fundamental line types are essential for showing the visible outlines and non-visible edges of an object in an orthographic projection?",
    "options": {
      "a": "Visible lines and hidden lines",
      "b": "Extension lines and dimension lines only",
      "c": "Center lines and cutting-plane lines only"
    },
    "correct_answer": "a",
    "explanation": "Visible lines (thick solid) show outlines, and hidden lines (medium dashed) show features not visible from the current viewpoint. (Based on user's 'Line to show orthographic projection')."
  },
  {
    "question_number": 37,
    "question": "When dimensioning a complete circular hole or feature on a 2D engineering drawing, which dimension is most commonly specified?",
    "options": {
      "a": "Diameter",
      "b": "Arc length",
      "c": "Circumference"
    },
    "correct_answer": "a",
    "explanation": "The diameter is the standard way to specify the size of a full circular feature. (Based on user's 'How to view: a) Arc length b) Diameter c) Arc width')."
  },
  {
    "question_number": 38,
    "question": "What does the abbreviation 'W/C' likely stand for in the context of these technical drawing questions?",
    "options": {
      "a": "With Center",
      "b": "Which Choice",
      "c": "Working Copy"
    },
    "correct_answer": "b",
    "explanation": "Given the phrasing of the questions (e.g., 'W/C one is not type of section'), 'W/C' is used as an abbreviation for 'Which Choice' or 'Which of the following'."
  }
]
