[
  {
    "question_number": 1,
    "question": "Define instantaneous, peak, and RMS values in AC circuits.",
    "options": {
      "a": "Instantaneous: average value; Peak: minimum value; RMS: maximum value",
      "b": "Instantaneous: value at any moment; Peak: maximum value; RMS: equivalent DC value",
      "c": "Instantaneous: constant value; Peak: average value; RMS: minimum value"
    },
    "correct_answer": "b",
    "explanation": "Instantaneous: Value at any specific moment (e.g., v(t)=V_p sin(ωt)). Peak (V_p): Maximum voltage/current in a cycle. RMS (V_rms): Equivalent DC value producing the same heating effect (V_rms = V_p / √2)."
  },
  {
    "question_number": 2,
    "question": "What is the relationship between peak and peak-to-peak voltage?",
    "options": {
      "a": "V_pp = V_p",
      "b": "V_pp = 2 × V_p",
      "c": "V_pp = V_p / 2"
    },
    "correct_answer": "b",
    "explanation": "Peak-to-peak (V_pp) = 2 × V_p. For a sine wave, if V_p = 120 V, V_pp = 240 V."
  },
  {
    "question_number": 3,
    "question": "Why is the average value of a complete AC cycle zero?",
    "options": {
      "a": "Due to constant voltage",
      "b": "Positive and negative alternations cancel out",
      "c": "Due to high frequency"
    },
    "correct_answer": "b",
    "explanation": "Positive and negative alternations cancel each other over a full cycle. For half-cycle, V_avg = 0.637 V_p."
  },
  {
    "question_number": 4,
    "question": "Calculate RMS voltage if peak voltage is 311 V.",
    "options": {
      "a": "220 V",
      "b": "311 V",
      "c": "440 V"
    },
    "correct_answer": "a",
    "explanation": "V_rms = 311 / √2 ≈ 220 V (standard household voltage)."
  },
  {
    "question_number": 5,
    "question": "What is the period of a 60 Hz AC waveform?",
    "options": {
      "a": "16.67 ms",
      "b": "60 ms",
      "c": "1 ms"
    },
    "correct_answer": "a",
    "explanation": "Period (T) = 1 / f = 1 / 60 ≈ 16.67 ms."
  },
  {
    "question_number": 6,
    "question": "Define frequency and its unit.",
    "options": {
      "a": "Cycles per second, measured in volts",
      "b": "Cycles per second, measured in hertz",
      "c": "Voltage changes per second, measured in watts"
    },
    "correct_answer": "b",
    "explanation": "Frequency (f) = Cycles per second (Hz). Example: 50 Hz (Europe) vs. 60 Hz (USA)."
  },
  {
    "question_number": 7,
    "question": "What is angular frequency (ω)?",
    "options": {
      "a": "ω = 2πf",
      "b": "ω = f / 2π",
      "c": "ω = f²"
    },
    "correct_answer": "a",
    "explanation": "ω = 2πf (radians/sec). For 60 Hz, ω = 377 rad/s."
  },
  {
    "question_number": 8,
    "question": "Explain 'in-phase' and 'out-of-phase' waveforms.",
    "options": {
      "a": "In-phase: misaligned peaks; Out-of-phase: aligned peaks",
      "b": "In-phase: peaks align; Out-of-phase: peaks misaligned",
      "c": "In-phase: constant voltage; Out-of-phase: variable voltage"
    },
    "correct_answer": "b",
    "explanation": "In-phase: Peaks/troughs align (0° difference). Out-of-phase: Peaks misaligned (e.g., 90° for sine/cosine)."
  },
  {
    "question_number": 9,
    "question": "How do 'lead' and 'lag' describe phase relationships?",
    "options": {
      "a": "Lead: peaks later; Lag: peaks earlier",
      "b": "Lead: peaks earlier; Lag: peaks later",
      "c": "Lead: constant phase; Lag: variable phase"
    },
    "correct_answer": "b",
    "explanation": "Lead: Wave reaches peak earlier (e.g., current leads voltage in capacitive circuits). Lag: Wave peaks later (e.g., current lags voltage in inductive circuits)."
  },
  {
    "question_number": 10,
    "question": "A 50 Hz wave has a phase shift of 30°. What is the time delay?",
    "options": {
      "a": "1.67 ",
      "b": "20 ms",
      "c": "30 ms"
    },
    "correct_answer": "a",
    "explanation": "Time delay = (φ / 360) × T = (30 / 360) × 20 ms ≈ 1.67 ms."
  },
  {
    "question_number": 11,
    "question": "State Ohm's Law for AC circuits.",
    "options": {
      "a": "V = I R",
      "b": "V = I Z",
      "c": "V = I / Z"
    },
    "correct_answer": "b",
    "explanation": "V = I Z, where Z = impedance (√(R² + (X_L - X_C)²))."
  },
  {
    "question_number": 12,
    "question": "What is impedance (Z)?",
    "options": {
      "a": "Resistance only",
      "b": "Total opposition to AC current",
      "c": "Voltage drop"
    },
    "correct_answer": "b",
    "explanation": "Total opposition to AC current, combining resistance (R) and reactance (X_L, X_C)."
  },
  {
    "question_number": 13,
    "question": "Calculate Z for R = 4 Ω, X_L = 3 Ω.",
    "options": {
      "a": "5 Ω",
      "b": "7 Ω",
      "c": "12 Ω"
    },
    "correct_answer": "a",
    "explanation": "Z = √(4² + 3²) = 5 Ω (Pythagorean theorem)."
  },
  {
    "question_number": 14,
    "question": "Why does inductance oppose AC current?",
    "options": {
      "a": "Due to constant voltage",
      "b": "Inductors resist changes in current",
      "c": "Due to high resistance"
    },
    "correct_answer": "b",
    "explanation": "Inductors resist changes in current (V_L = L di/dt), creating X_L = 2πfL."
  },
  {
    "question_number": 15,
    "question": "What is the reactance of a 10 mH inductor at 1 kHz?",
    "options": {
      "a": "62.83 Ω",
      "b": "10 Ω",
      "c": "100 Ω"
    },
    "correct_answer": "a",
    "explanation": "X_L = 2π × 1000 × 0.01 = 62.83 Ω."
  },
  {
    "question_number": 16,
    "question": "Why are three-phase systems preferred over single-phase?",
    "options": {
      "a": "Lower voltage requirements",
      "b": "Higher power efficiency and smoother operation",
      "c": "Simpler wiring"
    },
    "correct_answer": "b",
    "explanation": "Higher power efficiency, balanced loads, and smoother motor operation."
  },
  {
    "question_number": 17,
    "question": "What is the phase difference between three-phase voltages?",
    "options": {
      "a": "90°",
      "b": "120°",
      "c": "180°"
    },
    "correct_answer": "b",
    "explanation": "120° (360° / 3)."
  },
  {
    "question_number": 18,
    "question": "Compare line and phase voltages in a star (Y) connection.",
    "options": {
      "a": "V_line = V_phase",
      "b": "V_line = √3 × V_phase",
      "c": "V_line = V_phase / √3"
    },
    "correct_answer": "b",
    "explanation": "V_line = √3 × V_phase. For V_phase = 230 V, V_line ≈ 400 V."
  },
  {
    "question_number": 19,
    "question": "In delta (Δ) connection, how do line and phase currents relate?",
    "options": {
      "a": "I_line = I_phase",
      "b": "I_line = √3 × I_phase",
      "c": "I_line = I_phase / √3"
    },
    "correct_answer": "b",
    "explanation": "I_line = √3 × I_phase."
  },
  {
    "question_number": 20,
    "question": "Calculate total power in a balanced 3-phase system with V_L = 480 V, I_L = 10 A, PF = 0.9.",
    "options": {
      "a": "7.5 kW",
      "b": "10 kW",
      "c": "5 kW"
    },
    "correct_answer": "a",
    "explanation": "P = √3 × 480 × 10 × 0.9 ≈ 7.5 kW."
  },
  {
    "question_number": 21,
    "question": "How does a transformer work?",
    "options": {
      "a": "Converts AC to DC",
      "b": "Transfers energy via electromagnetic induction",
      "c": "Amplifies voltage"
    },
    "correct_answer": "b",
    "explanation": "Electromagnetic induction transfers energy between primary/secondary coils via a magnetic core."
  },
  {
    "question_number": 22,
    "question": "Define turns ratio and its effect on voltage/current.",
    "options": {
      "a": "V_1/V_2 = N_2/N_1; increases voltage",
      "b": "V_1/V_2 = N_1/N_2; step-up increases voltage",
      "c": "V_1/V_2 = N_1 × N_2; decreases current"
    },
    "correct_answer": "b",
    "explanation": "V_1/V_2 = N_1/N_2. Step-up transformers increase voltage (and decrease current)."
  },
  {
    "question_number": 23,
    "question": "Why are transformer cores laminated?",
    "options": {
      "a": "Increase conductivity",
      "b": "Reduce eddy current losses",
      "c": "Enhance magnetic field"
    },
    "correct_answer": "b",
    "explanation": "Reduces eddy current losses (thin layers insulate against circulating currents)."
  },
  {
    "question_number": 24,
    "question": "What are hysteresis losses?",
    "options": {
      "a": "Losses due to high voltage",
      "b": "Energy lost due to magnetic domain realignment",
      "c": "Losses due to resistance"
    },
    "correct_answer": "b",
    "explanation": "Energy lost due to magnetic domain realignment in the core material."
  },
  {
    "question_number": 25,
    "question": "An ideal transformer has 100 primary turns and 200 secondary turns. If V_primary = 120 V, find V_secondary.",
    "options": {
      "a": "60 V",
      "b": "120 V",
      "c": "240 V"
    },
    "correct_answer": "c",
    "explanation": "V_secondary = 120 × (200 / 100) = 240 V."
  },
  {
    "question_number": 26,
    "question": "What is an autotransformer?",
    "options": {
      "a": "Transformer with separate windings",
      "b": "Single-winding transformer with taps",
      "c": "Transformer for DC conversion"
    },
    "correct_answer": "b",
    "explanation": "Single-winding transformer with taps for variable output (e.g., voltage regulators)."
  },
  {
    "question_number": 27,
    "question": "Why are current transformers (CTs) used?",
    "options": {
      "a": "To amplify current",
      "b": "To step down high currents for measurement",
      "c": "To increase voltage"
    },
    "correct_answer": "b",
    "explanation": "Step down high currents for safe measurement/protection (marked 'H1/H2')."
  },
  {
    "question_number": 28,
    "question": "What causes unbalanced 3-phase systems?",
    "options": {
      "a": "High voltage",
      "b": "Unequal loads or faults in one phase",
      "c": "Low frequency"
    },
    "correct_answer": "b",
    "explanation": "Unequal loads or faults in one phase."
  },
  {
    "question_number": 29,
    "question": "How do capacitors improve power factor?",
    "options": {
      "a": "Increase resistance",
      "b": "Offset inductive reactance",
      "c": "Reduce voltage"
    },
    "correct_answer": "b",
    "explanation": "They offset inductive reactance, reducing phase angle (φ) between V and I."
  }
]