[
  {
    "question_number": 1,
    "question": "What type of cuts do Yellow Snips make?",
    "options": {
      "a": "Circular",
      "b": "Straight",
      "c": "Curved"
    },
    "correct_answer": "b",
    "explanation": "Yellow Snips (often referring to straight-cut aviation snips) are designed for making straight cuts."
  },
  {
    "question_number": 2,
    "question": "A Slip roller has how many rollers?",
    "options": {
      "a": "2",
      "b": "3",
      "c": "4"
    },
    "correct_answer": "b",
    "explanation": "A slip roller (or forming machine) typically utilizes three rollers to form material into curves."
  },
  {
    "question_number": 3,
    "question": "How many components are in a combination set, including the rule?",
    "options": {
      "a": "3",
      "b": "4",
      "c": "5"
    },
    "correct_answer": "b",
    "explanation": "A standard combination set usually includes four components: the blade (rule), the square head, the center head, and the protractor head."
  },
  {
    "question_number": 4,
    "question": "What type of flame gives out a hissing sound and has a purple color tip?",
    "options": {
      "a": "Carburizing flame",
      "b": "Neutral flame",
      "c": "Oxidizing flame"
    },
    "correct_answer": "c",
    "explanation": "An oxidizing flame, which uses an excess of oxygen, produces a sharp, hissing sound and often has a purplish tip."
  },
  {
    "question_number": 5,
    "question": "What is the width of material measured around the bends from edge to edge?",
    "options": {
      "a": "TDW (Total Developed Width)",
      "b": "Bend Allowance (BA)",
      "c": "Setback (SB)"
    },
    "correct_answer": "a",
    "explanation": "The Total Developed Width (TDW) refers to the total width of the flat material required, measured around all bends."
  },
  {
    "question_number": 6,
    "question": "Which statement is true about set-back determination?",
    "options": {
      "a": "It depends only on the material thickness.",
      "b": "It can be calculated if thickness, bend-radius, and K-factor are known.",
      "c": "It is always equal to the Bend Allowance."
    },
    "correct_answer": "b",
    "explanation": "Set-back (SB) is determined by calculations requiring knowledge of material thickness (T), bend radius (R), and the material's K-factor."
  },
  {
    "question_number": 7,
    "question": "Materials with Iron as the principal constituent are classified as what?",
    "options": {
      "a": "Non-ferrous",
      "b": "Ferrous",
      "c": "Alloys"
    },
    "correct_answer": "b",
    "explanation": "Materials that contain iron as their primary constituent element are called ferrous materials."
  },
  {
    "question_number": 8,
    "question": "Set back (SB) can be calculated using which formula?",
    "options": {
      "a": "SB = K (R+T)",
      "b": "SB = BA + K",
      "c": "SB = (R/2) * T"
    },
    "correct_answer": "a",
    "explanation": "The set back formula provided is SB = K(R+T), where K is the K-factor, R is the bend radius, and T is the material thickness."
  },
  {
    "question_number": 9,
    "question": "What tool uses top and bottom dies and primarily cuts 90° although some cuts can go up to 180°?",
    "options": {
      "a": "Shear",
      "b": "Notcher",
      "c": "Punch"
    },
    "correct_answer": "b",
    "explanation": "A notcher (or corner notcher) uses dies to cut notches, often 90-degree corners, but can be adjusted for other angles."
  },
  {
    "question_number": 10,
    "question": "What is the color of the oxygen hose?",
    "options": {
      "a": "Red",
      "b": "Blue",
      "c": "Green"
    },
    "correct_answer": "c",
    "explanation": "In most standardized oxy-fuel welding setups, the oxygen hose is colored green."
  },
  {
    "question_number": 11,
    "question": "What is the carbon content of 1030 steel?",
    "options": {
      "a": "0.10% Carbon content",
      "b": "0.30% Carbon content",
      "c": "1.00% Carbon content"
    },
    "correct_answer": "b",
    "explanation": "In AISI four-digit steel designation, the last two digits denote the nominal carbon content in hundredths of a percent. 1030 means 0.30% carbon."
  },
  {
    "question_number": 12,
    "question": "In the 4-digit designation of steel, what do the first two digits represent?",
    "options": {
      "a": "Carbon percentage",
      "b": "Tensile strength",
      "c": "Alloy type"
    },
    "correct_answer": "c",
    "explanation": "The first two digits in the four-digit steel designation system represent the major alloying elements or the alloy type."
  },
  {
    "question_number": 13,
    "question": "A working rivet creates what type of connection?",
    "options": {
      "a": "Temporary attachment",
      "b": "Permanent attachment",
      "c": "Adjustable connection"
    },
    "correct_answer": "b",
    "explanation": "Riveting creates a permanent mechanical joint (permanent attachment)."
  },
  {
    "question_number": 14,
    "question": "A rivet connection is considered:",
    "options": {
      "a": "Airtight",
      "b": "Watertight",
      "c": "Neither airtight nor watertight"
    },
    "correct_answer": "c",
    "explanation": "A standard rivet joint is not inherently sealed and is considered neither airtight nor watertight without additional sealing compounds."
  },
  {
    "question_number": 15,
    "question": "The outside dimensions of a formed part are defined by what?",
    "options": {
      "a": "Flat layout",
      "b": "Bend Allowance",
      "c": "Base measurement"
    },
    "correct_answer": "c",
    "explanation": "The outside dimensions of a formed part are typically defined by reference lines or the base measurement."
  },
  {
    "question_number": 16,
    "question": "Which element of a fit requires more material?",
    "options": {
      "a": "Open end",
      "b": "Closed end",
      "c": "Flat pattern"
    },
    "correct_answer": "a",
    "explanation": "In sheet metal work, an open end or open seam requires additional material for rolling or forming the edge."
  },
  {
    "question_number": 17,
    "question": "What method is used to join sheet metal components during manufacturing?",
    "options": {
      "a": "Soldering",
      "b": "Electric resistance welding",
      "c": "Brazing"
    },
    "correct_answer": "b",
    "explanation": "Electric resistance welding (like spot welding) is a common industrial process used for joining sheet metal components quickly and efficiently."
  },
  {
    "question_number": 18,
    "question": "Which gases are used in Oxy-acetylene gas welding?",
    "options": {
      "a": "Oxygen and propane",
      "b": "Oxygen and acetylene",
      "c": "Argon and helium"
    },
    "correct_answer": "b",
    "explanation": "Oxy-acetylene welding uses a mixture of oxygen and acetylene to produce a high-temperature flame."
  },
  {
    "question_number": 19,
    "question": "What is Argon primarily used for in welding?",
    "options": {
      "a": "Fuel gas",
      "b": "As a shield",
      "c": "To increase heat"
    },
    "correct_answer": "b",
    "explanation": "Argon is an inert gas commonly used as a shielding gas in processes like TIG and MIG welding to protect the molten weld pool from atmospheric contamination."
  },
  {
    "question_number": 20,
    "question": "How is the metal shielded in Gas shielded metal arc welding?",
    "options": {
      "a": "By coating the electrode flux",
      "b": "By inert gas coming from the torch",
      "c": "By molten slag"
    },
    "correct_answer": "b",
    "explanation": "In gas shielded metal arc welding (GMAW/MIG), the shielding is provided by inert gas fed from the torch, protecting the arc and the weld pool."
  },
  {
    "question_number": 21,
    "question": "Describe the process of a flush patch repair.",
    "options": {
      "a": "The damaged part is removed and replaced with a reinforcing patch that gives a smooth exterior.",
      "b": "The patch is installed over the damaged area.",
      "c": "The patch is held in place by adhesive only."
    },
    "correct_answer": "a",
    "explanation": "In a flush patch repair, the damaged material is removed, and a new patch is installed flush with the surface, often backed by a reinforcement piece, resulting in a smooth exterior."
  },
  {
    "question_number": 22,
    "question": "What factor is generally not considered critical when replacing a structural rivet?",
    "options": {
      "a": "Rivet material and type",
      "b": "Rivet diameter and length",
      "c": "Cosmetic appearance or color"
    },
    "correct_answer": "c",
    "explanation": "While material, diameter, and length are critical for structural integrity, cosmetic appearance is usually not the primary consideration when replacing a structural rivet."
  },
  {
    "question_number": 23,
    "question": "Which of the following is NOT a proper method to determine the required size of a rivet?",
    "options": {
      "a": "Measuring the thickness of the material to be joined.",
      "b": "Using any rivet that can properly fit in the hole.",
      "c": "Referring to manufacturer specifications."
    },
    "correct_answer": "b",
    "explanation": "Rivet size must be determined based on material thickness and engineering specifications, not just by finding one that happens to fit the existing hole."
  },
  {
    "question_number": 24,
    "question": "What statement is NOT correct about single and two-stage regulators?",
    "options": {
      "a": "Two-stage regulators are generally used for high-precision applications.",
      "b": "Single-stage regulators show a drop in working pressure as cylinder pressure decreases.",
      "c": "Single stage regulators are preferred for applications requiring constant high pressure over long periods."
    },
    "correct_answer": "c",
    "explanation": "Single-stage regulators are NOT preferred for constant high-pressure applications over long periods because their outlet pressure tends to drop as cylinder pressure decreases. Two-stage regulators are used for this purpose."
  }
]