[
  {
    "question_number": 1,
    "question": "Before soldering stainless steel it must be.",
    "options": {
      "a": "pickled.",
      "b": "cleaned with emery cloth.",
      "c": "sand papered."
    },
    "correct_answer": "a",
    "explanation": "BL/6-1 5.3."
  },
  {
    "question_number": 2,
    "question": "Insufficient heat used in soldering will cause.",
    "options": {
      "a": "the joint to oxidize.",
      "b": "a high resistance joint potential.",
      "c": "contamination of the joint."
    },
    "correct_answer": "b",
    "explanation": "NIL"
  },
  {
    "question_number": 3,
    "question": "A dry joint when soldering is caused by.",
    "options": {
      "a": "too large an iron.",
      "b": "too much flux.",
      "c": "too little heat."
    },
    "correct_answer": "c",
    "explanation": "NIL"
  },
  {
    "question_number": 4,
    "question": "The oxyacetylene flame for silver soldering should be.",
    "options": {
      "a": "oxidizing.",
      "b": "carbonising.",
      "c": "neutral."
    },
    "correct_answer": "c",
    "explanation": "BL/6-2 12.2.4 (Silver soldering is also known as low temperature brazing)."
  },
  {
    "question_number": 5,
    "question": "A flux is used in soldering to.",
    "options": {
      "a": "dissolve oxides.",
      "b": "etch the metals surface for more adhesion.",
      "c": "to prevent solder spikes."
    },
    "correct_answer": "a",
    "explanation": "NIL BL/6-1 4.2."
  },
  {
    "question_number": 6,
    "question": "Plumbers solder is grade.",
    "options": {
      "a": "C.",
      "b": "D.",
      "c": "B."
    },
    "correct_answer": "b",
    "explanation": "NIL BL/6-1 4.1 table 2."
  },
  {
    "question_number": 7,
    "question": "Why is it necessary to use flux in all silver soldering operations?",
    "options": {
      "a": "To increase heat conductivity.",
      "b": "To prevent overheating of the base metal.",
      "c": "To chemically clean the base metal of oxide film."
    },
    "correct_answer": "c",
    "explanation": "BL/6-2 Para 5-2."
  },
  {
    "question_number": 8,
    "question": "The purpose of a joggle is.",
    "options": {
      "a": "to act as a tear stopper.",
      "b": "to make the holes for a rivet line up.",
      "c": "to produce a flush fit at a metal joint."
    },
    "correct_answer": "c",
    "explanation": "A&P Technician Airframe Textbook 2-8."
  },
  {
    "question_number": 9,
    "question": "Caustic soda applied to a metal turns black. This would indicate the metal is.",
    "options": {
      "a": "magnesium alloy.",
      "b": "aluminium.",
      "c": "duralumin."
    },
    "correct_answer": "c",
    "explanation": "NIL"
  },
  {
    "question_number": 10,
    "question": "Removal of a scratch from a sheet of metal requires.",
    "options": {
      "a": "polishing.",
      "b": "blending.",
      "c": "burnishing."
    },
    "correct_answer": "c",
    "explanation": "A&P Mechanics Airframe Textbook Page 130."
  },
  {
    "question_number": 11,
    "question": "When dimpling a sheet of metal you would require.",
    "options": {
      "a": "an oversized rivet and special reaction block.",
      "b": "a male and female die.",
      "c": "a male die only."
    },
    "correct_answer": "b",
    "explanation": "A&P Technician Airframe Textbook 2-59."
  },
  {
    "question_number": 12,
    "question": "The skin on an aircraft is normally manufactured from.",
    "options": {
      "a": "2024 aluminium alloy.",
      "b": "7075 aluminium alloy.",
      "c": "2117 aluminium alloy."
    },
    "correct_answer": "a",
    "explanation": "A&P Technician Airframe Textbook 2-7."
  },
  {
    "question_number": 13,
    "question": "The mold point is.",
    "options": {
      "a": "the mid point in the thickness of a sheet of metal to which the radius dimension is calculated.",
      "b": "the centre of curvature of a radiused corner in a metal fabricated component.",
      "c": "an imaginary point from which real base measurements are provided."
    },
    "correct_answer": "c",
    "explanation": "A&P Technician Airframe Textbook 2-71."
  },
  {
    "question_number": 14,
    "question": "Relief holes are.",
    "options": {
      "a": "holes drilled in a battery container to provide drainage.",
      "b": "holes drilled in the corner of a metal box to prevent cracking.",
      "c": "holes drilled to stop a crack."
    },
    "correct_answer": "b",
    "explanation": "NIL"
  },
  {
    "question_number": 15,
    "question": "A flux is used in soldering to.",
    "options": {
      "a": "dissolve oxides.",
      "b": "prevent solder spikes.",
      "c": "etch the metal surface for more adhesion."
    },
    "correct_answer": "a",
    "explanation": "NIL"
  },
  {
    "question_number": 16,
    "question": "On completion of soldering a non-activated flux.",
    "options": {
      "a": "must be cleaned off with an acid solution.",
      "b": "need not be cleaned off.",
      "c": "must be cleaned off with a selected solvent."
    },
    "correct_answer": "c",
    "explanation": "CAIP BL/6-1 para 4.2.3."
  },
  {
    "question_number": 17,
    "question": "A dry joint in soldering is most likely to be caused by.",
    "options": {
      "a": "flux not used.",
      "b": "components not hot enough.",
      "c": "wrong solder used."
    },
    "correct_answer": "b",
    "explanation": "All are possibly correct, but the iron not being hot enough is sure to produce a dry joint."
  },
  {
    "question_number": 18,
    "question": "What action is taken when soldering flux residue may have lodged in deep crevices of an assembly?",
    "options": {
      "a": "It must be immersed in a weak solution of Hydrochloric acid and rinsed thoroughly in running water.",
      "b": "It must be immersed in a weak solution of phosphoric acid and rinsed in water.",
      "c": "It must be thoroughly rinsed with a weak solution of sulphuric acid and washed in cold water."
    },
    "correct_answer": "a",
    "explanation": "BL/6-1 8.6."
  },
  {
    "question_number": 19,
    "question": "A phosphate based flux paste is for soldering.",
    "options": {
      "a": "aluminium.",
      "b": "brass.",
      "c": "stainless steel."
    },
    "correct_answer": "c",
    "explanation": "BL/6-1 4.2.5."
  },
  {
    "question_number": 20,
    "question": "The soldering method where molten solder is pumped from the bottom of a bath through a slot so that a stationary wave of solder appears on the surface is known as the.",
    "options": {
      "a": "rotary bath method.",
      "b": "stationary wave method.",
      "c": "travelling wave bath method."
    },
    "correct_answer": "b",
    "explanation": "CAIP S BL/6-1, 9.5."
  },
  {
    "question_number": 21,
    "question": "When making a small soldered electrical connection, using flux-cored solder.",
    "options": {
      "a": "the connection should be heated first and then solder applied.",
      "b": "the soldering iron and solder should be applied simultaneously to the connection.",
      "c": "the soldering iron should be loaded with solder and then applied to the connection."
    },
    "correct_answer": "b",
    "explanation": "NIL"
  },
  {
    "question_number": 22,
    "question": "The type of flux to be used when soft soldering on aircraft is.",
    "options": {
      "a": "active.",
      "b": "non-active.",
      "c": "either active or non-active."
    },
    "correct_answer": "b",
    "explanation": "BL/6-1 4.2.8."
  },
  {
    "question_number": 23,
    "question": "The operational temperature of soldering irons is.",
    "options": {
      "a": "just above the melting point of solder.",
      "b": "below the melting point of the base metal.",
      "c": "60°C above the melting point of solder."
    },
    "correct_answer": "c",
    "explanation": "NIL"
  },
  {
    "question_number": 24,
    "question": "What elements is solder made from?",
    "options": {
      "a": "tin, lead and copper.",
      "b": "tin and lead only.",
      "c": "tin, lead and silver."
    },
    "correct_answer": "b",
    "explanation": "BL/6-1."
  },
  {
    "question_number": 25,
    "question": "General purpose solders are graded by.",
    "options": {
      "a": "a colour coding.",
      "b": "a letter coding.",
      "c": "a numerical coding."
    },
    "correct_answer": "b",
    "explanation": "BL/6-1 table 2."
  },
  {
    "question_number": 26,
    "question": "What solder should be used to solder aluminium?",
    "options": {
      "a": "J.I.D. 685 lead-silver-tin solder.",
      "b": "90% tin and 10% zinc.",
      "c": "wire flux cored solder."
    },
    "correct_answer": "c",
    "explanation": "CAIP S BL/6-1, 14."
  },
  {
    "question_number": 27,
    "question": "Solder can be used to join.",
    "options": {
      "a": "some dissimilar metals.",
      "b": "only copper based metals.",
      "c": "similar metals only."
    },
    "correct_answer": "a",
    "explanation": "NIL"
  },
  {
    "question_number": 28,
    "question": "Steel wire brushes or steel wool should.",
    "options": {
      "a": "be used to clean magnesium alloys.",
      "b": "be used to clean aluminium sheet.",
      "c": "never be used on light alloys."
    },
    "correct_answer": "c",
    "explanation": "NIL"
  },
  {
    "question_number": 29,
    "question": "When a piece of metal is bent, the surface of the metal on the outside of the bend is.",
    "options": {
      "a": "in compression.",
      "b": "neither in tension or in compression.",
      "c": "in tension."
    },
    "correct_answer": "c",
    "explanation": "NIL"
  },
  {
    "question_number": 30,
    "question": "The sight line of a bend is.",
    "options": {
      "a": "a true tangent line.",
      "b": "half a radius from the tangent line.",
      "c": "one radius from the tangent line."
    },
    "correct_answer": "c",
    "explanation": "NIL"
  },
  {
    "question_number": 31,
    "question": "The sharpest bend that can be placed in a piece of metal without critically weakening the part is called the.",
    "options": {
      "a": "maximum radius of bend.",
      "b": "minimum radius of bend.",
      "c": "bend allowance."
    },
    "correct_answer": "b",
    "explanation": "Jeppesen A&P Airframe Technician Textbook Page 2.70."
  },
  {
    "question_number": 32,
    "question": "Scribers are used to.",
    "options": {
      "a": "produce an accurate finish.",
      "b": "make centre pop marks for drilling.",
      "c": "mark guide lines on material."
    },
    "correct_answer": "c",
    "explanation": "NIL"
  },
  {
    "question_number": 33,
    "question": "A hole drilled at the intersection of two bends in a fabricated sheet metal component is called.",
    "options": {
      "a": "a drain hole.",
      "b": "a crack stopper.",
      "c": "a relief hole."
    },
    "correct_answer": "c",
    "explanation": "BL/6-14 2.2.3 and 3.1."
  },
  {
    "question_number": 34,
    "question": "Dissimilar metal diffusion bonding gives.",
    "options": {
      "a": "high strength and ductility.",
      "b": "high strength and stiffness.",
      "c": "high strength and brittleness."
    },
    "correct_answer": "b",
    "explanation": "NIL"
  },
  {
    "question_number": 35,
    "question": "Silver solder is made from.",
    "options": {
      "a": "tin, copper and zinc.",
      "b": "copper, tin and silver.",
      "c": "copper, zinc and silver."
    },
    "correct_answer": "c",
    "explanation": "Workshop Technology Waj Chapman Page 105."
  },
  {
    "question_number": 36,
    "question": "The materials most commonly soldered in soft soldering are.",
    "options": {
      "a": "brass and mild steel.",
      "b": "stainless steel and titanium.",
      "c": "aluminium and magnesium."
    },
    "correct_answer": "a",
    "explanation": "NIL"
  },
  {
    "question_number": 37,
    "question": "What purpose does flux serve in welding aluminium?",
    "options": {
      "a": "ensures proper distribution of the filler rod.",
      "b": "removes dirt, grease, and oil.",
      "c": "Minimises or prevents oxidation."
    },
    "correct_answer": "c",
    "explanation": "NIL"
  },
  {
    "question_number": 38,
    "question": "The shielding gases generally used in the Tungsten Inert Gas (TIG) welding of aluminium consist of.",
    "options": {
      "a": "nitrogen or hydrogen, or a mixture of nitrogen and hydrogen.",
      "b": "a mixture of nitrogen and carbon dioxide.",
      "c": "helium or argon, or a mixture of helium and argon."
    },
    "correct_answer": "c",
    "explanation": "NIL"
  },
  {
    "question_number": 39,
    "question": "Which items listed below is the most important consideration when selecting a welding rod?",
    "options": {
      "a": "Thickness of the metal to be welded only.",
      "b": "Cost of each.",
      "c": "Type and thickness of the metal to be welded."
    },
    "correct_answer": "c",
    "explanation": "BL/6-4 2 & 4.1."
  },
  {
    "question_number": 40,
    "question": "What is a good weld?",
    "options": {
      "a": "built up by 1/8 inch in the middle of the weld.",
      "b": "an oxide coating on the base metals.",
      "c": "sides sloping to the base metals."
    },
    "correct_answer": "c",
    "explanation": "Jeppesen A & P Technician Airframe Textbook p 4-9."
  },
  {
    "question_number": 41,
    "question": "Brazing material is made from.",
    "options": {
      "a": "copper zinc and silver.",
      "b": "copper and tin and lead.",
      "c": "copper, silver and tin."
    },
    "correct_answer": "a",
    "explanation": "Workshop Technology Waj Chapman Page 103."
  },
  {
    "question_number": 42,
    "question": "Bend radius on sheet metal is.",
    "options": {
      "a": "inside radius + ½ thickness.",
      "b": "inside radius.",
      "c": "outside radius."
    },
    "correct_answer": "b",
    "explanation": "Jeppesen A&P Airframe Textbook 2-70."
  },
  {
    "question_number": 43,
    "question": "Aircraft skin is joggled to.",
    "options": {
      "a": "Provide smooth airflow at faying surfaces.",
      "b": "Make a frame lighter but stronger.",
      "c": "Conform with the 'Arc-Rule'."
    },
    "correct_answer": "a",
    "explanation": "Jeppesen A & P Technician Airframe Textbook pg 2-82."
  },
  {
    "question_number": 44,
    "question": "DZinc Chromate applied between faying surfaces will.",
    "options": {
      "a": "improve adhesion thus relieving the amount of riveting necessary.",
      "b": "improve bonding between them.",
      "c": "inhibit dissimilar metal (electrolytic) corrosion."
    },
    "correct_answer": "c",
    "explanation": "NIL"
  },
  {
    "question_number": 45,
    "question": "If a non-ferrous metal being examined by chemical test turns black when caustic soda is applied to the surface the metal is.",
    "options": {
      "a": "duralumin.",
      "b": "alclad.",
      "c": "aluminium."
    },
    "correct_answer": "a",
    "explanation": "NIL"
  },
  {
    "question_number": 46,
    "question": "To aid marking out on Fe metals use.",
    "options": {
      "a": "graphite grease.",
      "b": "copper sulphate solution.",
      "c": "engineer's blue."
    },
    "correct_answer": "b",
    "explanation": "Fe means Ferrous. Copper sulphate solution should be used."
  },
  {
    "question_number": 47,
    "question": "The sight line on a sheet metal flat layout to be bent in a cornice or box brake is measured and marked.",
    "options": {
      "a": "one-half radius from either bend tangent line.",
      "b": "one radius from the bend tangent line that is placed under the brake.",
      "c": "one radius from either bend tangent line."
    },
    "correct_answer": "b",
    "explanation": "A&P Airframe Textbook 5-60 Pg 232 Fig 5-118."
  },
  {
    "question_number": 48,
    "question": "If copper sulphate is used on magnesium alloy it will.",
    "options": {
      "a": "effervesce to a copper colour.",
      "b": "have no effect.",
      "c": "effervesce to a black colour."
    },
    "correct_answer": "c",
    "explanation": "NIL"
  },
  {
    "question_number": 49,
    "question": "If it is necessary to compute bend allowance problems and bend allowance tables are not available, the neutral axis of the bend can be.",
    "options": {
      "a": "found by adding approximately one-half of the stock thickness to the bend radius.",
      "b": "found by subtracting the stock thickness from the bend radius.",
      "c": "represented by the actual length of the required material for the bend."
    },
    "correct_answer": "a",
    "explanation": "Jeppesen A & P Technician Airframe Pg 2-73 fig 2-131."
  },
  {
    "question_number": 50,
    "question": "The formula for setback for a 90° bend is.",
    "options": {
      "a": "(½ R + T).",
      "b": "(R + T).",
      "c": "(R + T) + T."
    },
    "correct_answer": "b",
    "explanation": "A&P Airframe Textbook 5-55 Pg 227 Fig 5-112."
  },
  {
    "question_number": 51,
    "question": "Caustic soda placed on the edge of alclad will turn.",
    "options": {
      "a": "white - black - white.",
      "b": "all white.",
      "c": "black - white - black."
    },
    "correct_answer": "a",
    "explanation": "NIL"
  },
  {
    "question_number": 52,
    "question": "In marking a light alloy.",
    "options": {
      "a": "the scriber must be held at an angle to give a smooth line where bending is required.",
      "b": "caustic soda is used.",
      "c": "a pencil is used to mark the material and all marks removed after bending."
    },
    "correct_answer": "c",
    "explanation": "BL/6-29 2.4 &A&P General Textbook 9-33 Pg 32."
  },
  {
    "question_number": 53,
    "question": "When assembling metals of different potential, corrosion may be inhibited by application of.",
    "options": {
      "a": "zinc or chromic acid & assemble while wet.",
      "b": "zinc or barium chromate & assemble while wet.",
      "c": "nothing - assemble bare."
    },
    "correct_answer": "b",
    "explanation": "BL/4 2.4.4.6."
  },
  {
    "question_number": 54,
    "question": "Steel wire brushes or steel wool should.",
    "options": {
      "a": "be used to clean magnesium alloys.",
      "b": "be used to clean aluminium sheet.",
      "c": "never be used on light alloys."
    },
    "correct_answer": "c",
    "explanation": "NIL"
  },
  {
    "question_number": 55,
    "question": "Solders are available in two forms.",
    "options": {
      "a": "stick solder with a rosin core and solder in a wire form having a rosin core.",
      "b": "solder in a wire form needing a separate flux and stick solder needing flux at all.",
      "c": "stick solder needing a separate flux and solder in wire form having a rosin core."
    },
    "correct_answer": "c",
    "explanation": "BL/6-1 4.1."
  },
  {
    "question_number": 56,
    "question": "A resurfaced soldering iron cannot be used effectively until after the working face has been.",
    "options": {
      "a": "fluxed.",
      "b": "polished.",
      "c": "tinned."
    },
    "correct_answer": "c",
    "explanation": "CAIP S BL/6-1, 6.1.1."
  },
  {
    "question_number": 57,
    "question": "High temperature solder is used where the operating temperature is high. It is an alloy of.",
    "options": {
      "a": "lead / copper / antimony.",
      "b": "tin / zinc / antimony / silver.",
      "c": "tin / lead / antimony / silver."
    },
    "correct_answer": "c",
    "explanation": "CAIP S BL/6-1, 4.1.2."
  },
  {
    "question_number": 58,
    "question": "Soft solder is suited for joints, which are.",
    "options": {
      "a": "subjected to fatigue.",
      "b": "subjected to strong forces.",
      "c": "subjected to small forces."
    },
    "correct_answer": "c",
    "explanation": "AC43 page 4061 para 4. BL/6-1."
  },
  {
    "question_number": 59,
    "question": "Silver solder melts within the range.",
    "options": {
      "a": "450°C - 550°C.",
      "b": "200°C - 400°C.",
      "c": "500°C - 850°C."
    },
    "correct_answer": "c",
    "explanation": "BL/6-2, Para 1.1."
  },
  {
    "question_number": 60,
    "question": "The term 'dry joint' is usually applied to.",
    "options": {
      "a": "a metal being lightly heated.",
      "b": "a defect associated with a soldered joint.",
      "c": "a water tight joint."
    },
    "correct_answer": "b",
    "explanation": "NIL"
  },
  {
    "question_number": 61,
    "question": "Silver soldering is suited for.",
    "options": {
      "a": "electronic component soldering.",
      "b": "high temperature applications.",
      "c": "general soldering work."
    },
    "correct_answer": "b",
    "explanation": "BL/6-1 Para 4.1.2."
  },
  {
    "question_number": 62,
    "question": "Marking out on stainless steel can be clarified by application of.",
    "options": {
      "a": "ammonia.",
      "b": "copper sulphate.",
      "c": "sal ammoniac."
    },
    "correct_answer": "b",
    "explanation": "Copper sulphate is used to aid marking out of steel."
  },
  {
    "question_number": 63,
    "question": "When drawing lines on aluminium alloy sheet prior to bending.",
    "options": {
      "a": "a thin coat of zinc chromate primer should be used, ready or penciled lines.",
      "b": "a scriber should be used.",
      "c": "a wax pencil should be used."
    },
    "correct_answer": "a",
    "explanation": "CAIP BL/6-29 4.1."
  },
  {
    "question_number": 64,
    "question": "After solution treatment of aluminium alloy the effect of immediate refrigeration at a temperature with the range -3.5°C to -20°C is.",
    "options": {
      "a": "to suspend natural ageing for a limited period.",
      "b": "to permanently soften the metal to retard the onset of fatigue.",
      "c": "to increase the rate of artificial ageing."
    },
    "correct_answer": "a",
    "explanation": "BL/9.1 0. BL/6-27 6.2."
  },
  {
    "question_number": 65,
    "question": "Diffusion bonding and superplastic forming provides.",
    "options": {
      "a": "high strength and high ductility.",
      "b": "high strength and high stiffness.",
      "c": "high stiffness and high ductility."
    },
    "correct_answer": "c",
    "explanation": "NIL"
  },
  {
    "question_number": 66,
    "question": "In a composite repair lay-up, how much should each layer extend beyond the layer below it?",
    "options": {
      "a": "2 - 3 inches.",
      "b": "1 - 2 inches.",
      "c": "4 inches."
    },
    "correct_answer": "b",
    "explanation": "AC43 Page 3-5."
  },
  {
    "question_number": 67,
    "question": "To enable a composite panel to dissipate static charge it would be sprayed with.",
    "options": {
      "a": "polyurethane paint.",
      "b": "ferrous paint.",
      "c": "aluminium paint."
    },
    "correct_answer": "c",
    "explanation": "NIL"
  }
]