[
    {
        "question_number": 1,
        "question": "The shaping or forming of metals by hammering or pounding is termed as: incorrect answer ",
        "options": {
            "a": "Bumping",
            "b": "Shrinking",
            "c": "Stretching"
        },
        "correct_answer": "a",
        "explanation": "Bumping is the process of shaping metal by hammering or pounding, typically against a form or dolly."
    },
    {
        "question_number": 2,
        "question": "When bending sheet metal at the required angle and radius, the metal neither shrinks nor stretches at:",
        "options": {
            "a": "Bend allowance",
            "b": "At bend tangent line",
            "c": "At neutral axis"
        },
        "correct_answer": "c",
        "explanation": "The neutral axis is the imaginary line within the bend where the material fibers experience no tension or compression, thus maintaining their original length."
    },
    {
        "question_number": 3,
        "question": "What is the advantage of having relief holes at the intersection of two bend lines?",
        "options": {
            "a": "To save weight",
            "b": "To avoid stress at the intersection",
            "c": "To allow water drainage during operation"
        },
        "correct_answer": "b",
        "explanation": "Relief holes prevent tearing and reduce stress concentration at the inner corner where multiple bends meet."
    },
    {
        "question_number": 4,
        "question": "For a sheet metal of bend radius \"R\" and a thickness \"T\", the set back is calculated as:",
        "options": {
            "a": "K(R+T)",
            "b": "K(R\u00d7T)",
            "c": "R+T"
        },
        "correct_answer": "a",
        "explanation": "Setback (SB) is the distance from the mold line to the bend tangent line. While the precise formula depends on the bend angle, R+T is sometimes used in certain simplified shop calculations related to the bend dimensions."
    },
    {
        "question_number": 5,
        "question": "Which one of the following is a line marked to set even with the nose of the radius bar?",
        "options": {
            "a": "Sight line",
            "b": "Mold line",
            "c": "Bend tangent line"
        },
        "correct_answer": "a",
        "explanation": "The sight line (or bend line) is the line drawn on the material that is aligned with the edge of the brake die or radius bar to ensure the bend starts at the correct location."
    },
    {
        "question_number": 6,
        "question": "Which one of the following process is Folding, pleating or corrugating a sheet metal in a way that shortens it?",
        "options": {
            "a": "Bumping",
            "b": "Shrinking",
            "c": "Crimping"
        },
        "correct_answer": "c",
        "explanation": "Crimping is the process of folding, pleating, or corrugating a sheet metal to shorten it. It adds strength or flexibility to the sheet and is commonly used in ductwork and roofing."
    },
    {
        "question_number": 7,
        "question": "oxy-acetylene flame uses the following two gases to be formed:",
        "options": {
            "a": "Nitrogen and Hydrogen",
            "b": "Oxygen and Acetylene",
            "c": "Oxy-acetylene and Nitrogen"
        },
        "correct_answer": "b",
        "explanation": "The oxy-acetylene process relies on the combustion of fuel gas (Acetylene) supported by Oxygen."
    },
    {
        "question_number": 8,
        "question": "What is an angle that is less than 90\u00b0 when measured between legs?",
        "options": {
            "a": "Open angle",
            "b": "Closed angle",
            "c": "Neutral angle"
        },
        "correct_answer": "b",
        "explanation": "In sheet metal, a closed angle is one where the angle between the two legs or flanges is less than 90 degrees (an acute angle)."
    },
    {
        "question_number": 9,
        "question": "What happens if too sharp radius of bend is used?",
        "options": {
            "a": "It cracks the material",
            "b": "It gives a good bend",
            "c": "No one knows"
        },
        "correct_answer": "a",
        "explanation": "If the bend radius is too sharp (smaller than the minimum safe radius), the outer fibers of the material are stretched beyond their elongation limit, causing cracking."
    },
    {
        "question_number": 10,
        "question": "To fabricate 767 A/C fuselage Stringers, how many bend allowances are used?",
        "options": {
            "a": "Two",
            "b": "Three",
            "c": "Four"
        },
        "correct_answer": "c",
        "explanation": "A common type of fuselage stringer is a hat section, which involves four flanges and requires four bend allowances for accurate layout."
    },
    {
        "question_number": 11,
        "question": "Which of the following is TRUE?",
        "options": {
            "a": "Flat = MLD + SB",
            "b": "Flat = MLD +-SB",
            "c": "Flat = SB + MLD"
        },
        "correct_answer": "b",
        "explanation": "While this formula is usually expressed using Mold Line Dimensions (MLD) and Setback (SB), these relationships define components necessary for calculating the overall flat pattern length (Flat Layout Dimension)."
    },
    {
        "question_number": 12,
        "question": "Bend allowance does not depend on:",
        "options": {
            "a": "degree of bend and radius of the bend",
            "b": "thickness of the metal and type of metal used",
            "c": "Color of the material and its paint"
        },
        "correct_answer": "c",
        "explanation": "Bend allowance calculations depend only on physical properties and geometry (thickness, radius, angle, and material K-factor), not on surface appearance like color or paint."
    },
    {
        "question_number": 13,
        "question": "For an angle N, Which of the following is True regarding Bend allowance?",
        "options": {
            "a": "BA = (0.01743R - 0.0087T)N",
            "b": "BA = (0.01743R x 0.0087T)N",
            "c": "BA = (0.01743R + 0.0087T)N"
        },
        "correct_answer": "c",
        "explanation": "This formula represents a common approximate method for calculating bend allowance (BA), where N is the angle in degrees, R is the radius, and T is the thickness. (0.01743 \u2248 \u03c0/180)."
    },
    {
        "question_number": 14,
        "question": "For a U-Channel fabrication, which of the following is True?",
        "options": {
            "a": "TDW = Flat 1 + Flat 2 + Flat 3 + (2 x BA)",
            "b": "TDW = Flat 1 + Flat 2 + Flat 3 + BA",
            "c": "TDW = Flat 1 + Flat 2 + Flat 3 + (4 x BA)"
        },
        "correct_answer": "a",
        "explanation": "A U-channel has three flat sections (web and two flanges) connected by two bends. The Total Developed Width (TDW) is the sum of the three flat lengths plus the two bend allowances (2 x BA)."
    },
    {
        "question_number": 15,
        "question": "One of the following IS NOT used to manufacture Box?",
        "options": {
            "a": "Finger Break",
            "b": "Box and Pan break",
            "c": "Destructive testing Tool"
        },
        "correct_answer": "c",
        "explanation": "Finger brakes and Box and Pan brakes are machines used for bending sheet metal. A destructive testing tool is used for quality verification, not fabrication."
    },
    {
        "question_number": 16,
        "question": "One of the following Carbon steel cannot easily be welded.",
        "options": {
            "a": "Low carbon steel",
            "b": "Low alloy steel",
            "c": "High carbon steel"
        },
        "correct_answer": "c",
        "explanation": "High carbon steel is difficult to weld because its high carbon content increases hardness and makes it prone to hydrogen embrittlement and cracking during cooling."
    },
    {
        "question_number": 17,
        "question": "Before welding by gas welding, what is required?",
        "options": {
            "a": "Cleaning by remove dirt and apply grease",
            "b": "Cleaning by removing dirt and apply oil and protective coating",
            "c": "Cleaning by removing dirt, grease, oil and protective coating"
        },
        "correct_answer": "c",
        "explanation": "Thorough cleaning is essential before welding to remove all contaminants (dirt, grease, oil, paint, rust) that could cause defects or porosity in the weld."
    },
    {
        "question_number": 18,
        "question": "Which of the following IS TRUE During gas welding?",
        "options": {
            "a": "Put the tip of the filler rod over the surface of the weld puddle",
            "b": "dip the tip of the filler rod below the surface of the weld puddle",
            "c": "dip the tip of the filler rod on the side of the surface of the weld puddle."
        },
        "correct_answer": "b",
        "explanation": "To avoid oxidation and ensure proper fusion, the filler rod is added directly into the molten pool, ideally just below the surface, protected by the heat envelope."
    },
    {
        "question_number": 19,
        "question": "Which of the following IS combustible? incorrect answer ",
        "options": {
            "a": "Oxygen",
            "b": "Acetylene",
            "c": "Oxy-acetylene"
        },
        "correct_answer": "b",
        "explanation": "Acetylene is the fuel gas; it is highly combustible. Oxygen supports combustion but does not burn itself."
    },
    {
        "question_number": 20,
        "question": "Cutting Torch is used for:",
        "options": {
            "a": "Cutting and smoothening",
            "b": "Cutting",
            "c": "Cutting and grinding"
        },
        "correct_answer": "b",
        "explanation": "A cutting torch (oxy-fuel or plasma) is designed specifically for severing metal by localized heating and oxidation/melting, i.e., cutting."
    },
    {
        "question_number": 21,
        "question": "Which one of the gauges on the gas welding regulators read more pressure?",
        "options": {
            "a": "The gauge between the regulator and the hoses",
            "b": "The guage between the regulator and the cylinder",
            "c": "Both gauges read equally"
        },
        "correct_answer": "b",
        "explanation": "The cylinder pressure gauge reads the high pressure directly from the tank, which is much higher than the regulated output pressure (the working pressure) read by the hose gauge."
    },
    {
        "question_number": 22,
        "question": "Which cylinder of the gas welding is of smaller volume/shorter?",
        "options": {
            "a": "That of Acetylene",
            "b": "That of Oxygen",
            "c": "Both have equal volume"
        },
        "correct_answer": "a",
        "explanation": "Acetylene cylinders are shorter and wider than oxygen cylinders because acetylene gas must be stored dissolved in acetone at lower pressures, unlike oxygen which is stored as a compressed gas."
    },
    {
        "question_number": 23,
        "question": "Prior to installing the regulator, why do we need to open the cylinder shutoff valve?",
        "options": {
            "a": "To suck in Oil",
            "b": "To blow out dirt and dust",
            "c": "To suck in water"
        },
        "correct_answer": "b",
        "explanation": "The valve should be momentarily 'cracked' open to expel any debris or contaminants lodged in the cylinder outlet threads before attaching the sensitive regulator components."
    },
    {
        "question_number": 24,
        "question": "In Gas welding, Cylinders are stored and transported in the upright position.",
        "options": {
            "a": "TRUE",
            "b": "FALSE"
        },
        "correct_answer": "a",
        "explanation": "All gas cylinders must be stored and transported upright (vertical) and secured to prevent damage and ensure safety, particularly acetylene to keep the acetone solvent settled."
    },
    {
        "question_number": 25,
        "question": "Which of the following IS TRUE?",
        "options": {
            "a": "The red hose IS for acetylene pressure regulator",
            "b": "The green hose IS for acetylene pressure regulator",
            "c": "Any color could be used"
        },
        "correct_answer": "a",
        "explanation": "Standard color coding requires red hoses for fuel gas (Acetylene) and green hoses for Oxygen."
    },
    {
        "question_number": 26,
        "question": "In most of the Electric welding machines, we use:",
        "options": {
            "a": "Rectifiers",
            "b": "Invertors",
            "c": "both rectifiers and Invertors"
        },
        "correct_answer": "a",
        "explanation": "Rectifiers are components used in DC welding machines to convert alternating current (AC) into direct current (DC), essential for many welding processes."
    },
    {
        "question_number": 27,
        "question": "Which of the following electric welding is used in repair of the individual A/C items in Ethiopian Maintenance Area?",
        "options": {
            "a": "GTAW(TIG)",
            "b": "GMAW(MIG)",
            "c": "Shield metal Arc welding(SMAW)"
        },
        "correct_answer": "a",
        "explanation": "Gas Tungsten Arc Welding (GTAW/TIG) is preferred in aerospace maintenance and repair due to its ability to produce high-quality, precise, and clean welds, particularly on thin materials like aluminum or stainless steel."
    },
    {
        "question_number": 28,
        "question": "Tungsten Electrode is:",
        "options": {
            "a": "Consumable",
            "b": "Non-consumable",
            "c": "Low melting point"
        },
        "correct_answer": "b",
        "explanation": "Tungsten electrodes, used in GTAW (TIG), are designed to resist melting and are therefore classified as non-consumable."
    },
    {
        "question_number": 29,
        "question": "Which of the following IS NOT a Resistance welding type?",
        "options": {
            "a": "Spot welding",
            "b": "Seam welding",
            "c": "Rosette welding"
        },
        "correct_answer": "c",
        "explanation": "Rosette welding (or plug welding) is a type of arc welding. Spot and Seam welding rely on electrical resistance and pressure to create the weld."
    },
    {
        "question_number": 30,
        "question": "Mostly the shielding gas we use is:",
        "options": {
            "a": "Argon",
            "b": "Oxygen",
            "c": "Hydrogen"
        },
        "correct_answer": "a",
        "explanation": "Argon is the most commonly used inert shielding gas across various high-quality welding processes (like TIG and MIG), especially for non-ferrous metals."
    }
]