[
  {
    "question_number": 1,
    "question": "A type of material which is capable of soften when reheated",
    "options": {
      "a": "Thermosetting",
      "b": "Thermoplastic",
      "c": "Thermocouple"
    },
    "correct_answer": "b",
    "explanation": "Thermoplastic materials soften upon reheating and can be reformed, unlike thermosetting materials."
  },
  {
    "question_number": 2,
    "question": "Which one of the following is lightest?",
    "options": {
      "a": "Copper",
      "b": "Magnesium",
      "c": "Aluminum"
    },
    "correct_answer": "b",
    "explanation": "Magnesium (density approx. 1.74 g/cm³) is lighter than Aluminum (2.70 g/cm³) and Copper (8.96 g/cm³)."
  },
  {
    "question_number": 3,
    "question": "Which one of the following is not the property of the composite material?",
    "options": {
      "a": "High strength",
      "b": "Low weight",
      "c": "Low stiffness"
    },
    "correct_answer": "c",
    "explanation": "Composite materials are typically engineered for high strength and low weight, often exhibiting high stiffness, so low stiffness is usually not a desired property."
  },
  {
    "question_number": 4,
    "question": "Ability of the material to undergo deformation without rupture or failer",
    "options": {
      "a": "Elasticity",
      "b": "Plasticity",
      "c": "Hardness"
    },
    "correct_answer": "b",
    "explanation": "Plasticity is the property allowing a material to undergo permanent deformation without fracture."
  },
  {
    "question_number": 5,
    "question": "Which one of the following materials may be inspected using magnetic particle inspection method?",
    "options": {
      "a": "Aluminum alloy",
      "b": "Iron alloy",
      "c": "Stainless steel"
    },
    "correct_answer": "b",
    "explanation": "Magnetic particle inspection is effective only on ferromagnetic materials, such as iron alloys."
  },
  {
    "question_number": 6,
    "question": "al-clad is a metal consisting of",
    "options": {
      "a": "Aluminum alloy surface layers and a pure aluminum core",
      "b": "a pure aluminum surface and aluminums alloy core",
      "c": "Only aluminum alloy"
    },
    "correct_answer": "b",
    "explanation": "Al-clad is an aluminum alloy core (for strength) covered by a thin layer of pure aluminum (for corrosion resistance)."
  },
  {
    "question_number": 7,
    "question": "------------is a mechanical working below the critical range",
    "options": {
      "a": "Hot working",
      "b": "Cold working",
      "c": "Casting"
    },
    "correct_answer": "b",
    "explanation": "Cold working processes are performed below the material's recrystallization temperature (critical range)."
  },
  {
    "question_number": 8,
    "question": "Forging can be cold working or hot working",
    "options": {
      "a": "True",
      "b": "False",
      "c": "Only hot working"
    },
    "correct_answer": "a",
    "explanation": "Forging is classified as cold forging if performed below the critical temperature or hot forging if performed above it."
  },
  {
    "question_number": 9,
    "question": "What do we mean by plain carbon steel?",
    "options": {
      "a": "If the steel is heat treated",
      "b": "If the steel major alloying element is iron",
      "c": "if the carbon is major alloying element"
    },
    "correct_answer": "c",
    "explanation": "Plain carbon steel relies primarily on carbon content for its mechanical properties, making carbon the major intentional alloying element besides iron."
  },
  {
    "question_number": 10,
    "question": "More applicable to machine tool",
    "options": {
      "a": "High carbon steel",
      "b": "Low carbon steel",
      "c": "Medium carbon steel"
    },
    "correct_answer": "a",
    "explanation": "High carbon steel is preferred for machine tools due to its superior hardness and wear resistance."
  },
  {
    "question_number": 11,
    "question": "The depth of the cladding is about ---------of the material thickness",
    "options": {
      "a": "5 1/2 %",
      "b": "5%",
      "c": "5 4/9 %"
    },
    "correct_answer": "a",
    "explanation": "Standard aircraft aluminum cladding thickness is typically 5.5% (5 1/2%) of the total sheet thickness per side (or 2.5% per side resulting in 5% total in some cases, but 5 1/2% is the answer provided in the context)."
  },
  {
    "question_number": 12,
    "question": "The hardness identification is H stand for",
    "options": {
      "a": "Strain hardened",
      "b": "Annealed",
      "c": "Case hardened"
    },
    "correct_answer": "a",
    "explanation": "In aluminum temper designations (like H-series), H stands for strain hardening (or work hardening)."
  },
  {
    "question_number": 13,
    "question": "Corrosion resistance steels have a very low coefficient of expansion",
    "options": {
      "a": "True",
      "b": "False",
      "c": "Only Austenitic steels have low expansion"
    },
    "correct_answer": "a",
    "explanation": "Specific types of stainless steel (especially ferritic grades) are known for having low coefficients of thermal expansion."
  },
  {
    "question_number": 14,
    "question": "Which type of hardeners tester uses differential forces",
    "options": {
      "a": "Brinell hardness tester",
      "b": "Rockwell hardness tester",
      "c": "Rock brine hardiness tester"
    },
    "correct_answer": "b",
    "explanation": "The Rockwell test applies a minor load followed by a major load (differential forces) to measure hardness."
  },
  {
    "question_number": 15,
    "question": "Which type of titanium has good weld ability?",
    "options": {
      "a": "Alpha type",
      "b": "Beta type",
      "c": "Alpha beta titanium"
    },
    "correct_answer": "a",
    "explanation": "Alpha titanium alloys generally exhibit superior weldability compared to beta or alpha-beta alloys."
  },
  {
    "question_number": 16,
    "question": "Which one of the following is the lightest element",
    "options": {
      "a": "Al",
      "b": "Copper",
      "c": "Magnesium"
    },
    "correct_answer": "c",
    "explanation": "Magnesium has the lowest atomic weight and density among Aluminum and Copper."
  },
  {
    "question_number": 17,
    "question": "Which type of the following improve high temperature performance",
    "options": {
      "a": "Chromium",
      "b": "Magnesium",
      "c": "Al"
    },
    "correct_answer": "a",
    "explanation": "Chromium is a key alloying element used in many superalloys and stainless steels to maintain strength and oxidation resistance at high temperatures."
  },
  {
    "question_number": 18,
    "question": "Which one of the following is a combined stress",
    "options": {
      "a": "Compression",
      "b": "Tension",
      "c": "Bending"
    },
    "correct_answer": "c",
    "explanation": "Bending stress involves a combination of tension on one side of the neutral axis and compression on the other."
  },
  {
    "question_number": 19,
    "question": "Formed by using at the lower critical temperature",
    "options": {
      "a": "Hot working",
      "b": "Cold working",
      "c": "Casting"
    },
    "correct_answer": "b",
    "explanation": "Cold working is defined as deformation occurring below the material’s recrystallization (lower critical) temperature."
  },
  {
    "question_number": 20,
    "question": "Which one of steels type is more applicable to machine tools",
    "options": {
      "a": "Low carbon",
      "b": "Medium carbon",
      "c": "High carbon"
    },
    "correct_answer": "c",
    "explanation": "High carbon steel provides the necessary hardness and abrasion resistance for machine tool applications."
  },
  {
    "question_number": 21,
    "question": "18%Cr, 8%Ni is a type of",
    "options": {
      "a": "Austenitic",
      "b": "Martensitic",
      "c": "Ferretic"
    },
    "correct_answer": "a",
    "explanation": "The 18% Chromium, 8% Nickel composition defines the common 300 series Austenitic stainless steels (e.g., 304)."
  },
  {
    "question_number": 22,
    "question": "5056 rivet",
    "options": {
      "a": "Used with magnesium alloys",
      "b": "Are icebox rivet",
      "c": "Used with aluminum alloys"
    },
    "correct_answer": "a",
    "explanation": "5056 rivets contain magnesium and are specifically chosen for use in structures containing magnesium alloys to prevent galvanic corrosion."
  },
  {
    "question_number": 23,
    "question": "Which type of test is used differential load",
    "options": {
      "a": "Rockwell hardness tester",
      "b": "Brinell hardness tester",
      "c": "Rockwell brinell hardness tester"
    },
    "correct_answer": "a",
    "explanation": "The Rockwell test uses both a minor and major load (differential loads) to calculate hardness depth."
  },
  {
    "question_number": 24,
    "question": "Which one of the following is least considered in a/c material selection?",
    "options": {
      "a": "Strength to weight ratio",
      "b": "Reliability",
      "c": "Average cost"
    },
    "correct_answer": "c",
    "explanation": "While important, cost is generally secondary to critical factors like strength-to-weight ratio, reliability, and corrosion resistance in aircraft material selection."
  },
  {
    "question_number": 25,
    "question": "Which of the following is combination stress?",
    "options": {
      "a": "Tension",
      "b": "Torsion",
      "c": "Shear"
    },
    "correct_answer": "b",
    "explanation": "Torsion creates complex stress states, often resulting in combinations of shear and normal stresses throughout the cross-section."
  },
  {
    "question_number": 26,
    "question": "Which is the amount of aluminum in cladding?",
    "options": {
      "a": "5 ½ \" of the thickness",
      "b": "0.00 5 of the thickness",
      "c": "5 ½ % of the thickness"
    },
    "correct_answer": "c",
    "explanation": "Cladding depth in aircraft aluminum sheets is typically controlled to be 5 1/2 % of the total thickness on each side."
  },
  {
    "question_number": 27,
    "question": "Disadvantage of stainless steel is",
    "options": {
      "a": "Poor workability",
      "b": "Corrosion resistance",
      "c": "Lack their corrosion resistant at elevated temperature"
    },
    "correct_answer": "d",
    "explanation": "Both poor workability (A) and loss of corrosion resistance at elevated temperatures (C) are disadvantages of certain stainless steel grades (e.g., sensitization in austenitic grades)."
  },
  {
    "question_number": 28,
    "question": "Plasticity under compression is expressed as ____",
    "options": {
      "a": "Malleability",
      "b": "Ductility",
      "c": "Toughness"
    },
    "correct_answer": "a",
    "explanation": "Malleability is the measure of a material's ability to undergo plastic deformation under compressive loads."
  },
  {
    "question_number": 29,
    "question": "____ forms oxide to prevent from corrosion.",
    "options": {
      "a": "Iron",
      "b": "Copper",
      "c": "Aluminum"
    },
    "correct_answer": "c",
    "explanation": "Aluminum forms a durable, adherent, protective oxide layer (passivation) that self-heals and prevents further corrosion."
  },
  {
    "question_number": 30,
    "question": "What is the disadvantage of cold working",
    "options": {
      "a": "Dimensional accuracy",
      "b": "Strain hardening",
      "c": "To strengthen the material"
    },
    "correct_answer": "b",
    "explanation": "Strain hardening is a disadvantage because it reduces the ductility, making subsequent cold working difficult or impossible without annealing."
  },
  {
    "question_number": 31,
    "question": "Plastic deformation is:",
    "options": {
      "a": "Non-permanent deformation",
      "b": "Is a property of malleable material in particular",
      "c": "Results in rapture"
    },
    "correct_answer": "b",
    "explanation": "Plastic deformation is the basis of malleability, allowing materials to be shaped permanently, especially under compression."
  },
  {
    "question_number": 32,
    "question": "The least workable crystal structure is",
    "options": {
      "a": "FCC",
      "b": "BCC",
      "c": "CPH"
    },
    "correct_answer": "c",
    "explanation": "Close-Packed Hexagonal (CPH) structures generally have limited slip systems, making them less ductile and less workable than FCC or BCC structures."
  },
  {
    "question_number": 33,
    "question": "The second digit for 4130 steel is",
    "options": {
      "a": "Major alloying element",
      "b": "Approximate amount of major alloying element",
      "c": "Amount of carbon"
    },
    "correct_answer": "b",
    "explanation": "In the AISI designation system, the second digit generally indicates the approximate percentage of the primary alloying element (or elements) besides carbon."
  },
  {
    "question_number": 34,
    "question": "Which of the following has high specific gravity?",
    "options": {
      "a": "Iron",
      "b": "Copper",
      "c": "Titanium"
    },
    "correct_answer": "b",
    "explanation": "Copper (SG ~8.96) has a higher specific gravity (density) than Iron (SG ~7.87), Titanium (SG ~4.5), and Zinc (SG ~7.13)."
  },
  {
    "question_number": 35,
    "question": "Rolling is to make sheet: extruding is for",
    "options": {
      "a": "Block",
      "b": "Wire",
      "c": "Tube"
    },
    "correct_answer": "d",
    "explanation": "Extrusion is a process used to produce continuous cross-sectional products like wire (B) and tubes (C)."
  },
  {
    "question_number": 36,
    "question": "____ extensively used for terminal bolts and clevices",
    "options": {
      "a": "Nickel steel",
      "b": "Chromium steel",
      "c": "Magnesium steel"
    },
    "correct_answer": "d",
    "explanation": "Nickel chromium steel (high strength alloy steels like 4130 or 4340) are commonly used for critical aircraft hardware like terminal bolts and clevises."
  },
  {
    "question_number": 37,
    "question": "Proof stress is used for",
    "options": {
      "a": "To measure the strength of mild steel",
      "b": "To get the yield point of aluminum",
      "c": "To measure ultimate tensile strength"
    },
    "correct_answer": "b",
    "explanation": "Proof stress (usually 0.2% offset) is used to define the effective yield point for materials like aluminum that do not exhibit a distinct yield point."
  },
  {
    "question_number": 38,
    "question": "Which of the following alloying element lower the melting point",
    "options": {
      "a": "Copper",
      "b": "Silicon",
      "c": "Magnesium"
    },
    "correct_answer": "b",
    "explanation": "Silicon is often added to aluminum alloys specifically to lower the melting temperature and increase fluidity for casting."
  },
  {
    "question_number": 39,
    "question": "____ is the smallest unit that has the same arrangement as the crystal",
    "options": {
      "a": "Atom",
      "b": "Molecule",
      "c": "Unit cell"
    },
    "correct_answer": "c",
    "explanation": "The unit cell is the fundamental repeating unit that defines the structure of a crystalline material."
  },
  {
    "question_number": 40,
    "question": "In wrought aluminum alloy which digit represent alloy modification?",
    "options": {
      "a": "1st",
      "b": "2nd",
      "c": "3rd and 4th"
    },
    "correct_answer": "b",
    "explanation": "In the four-digit system, the second digit indicates specific modifications of the original alloy or impurity limits."
  },
  {
    "question_number": 41,
    "question": "For sheet metal label 'f' indicate",
    "options": {
      "a": "As fabricated",
      "b": "Annealed",
      "c": "Tempered"
    },
    "correct_answer": "a",
    "explanation": "The 'F' temper designation means 'as fabricated,' meaning the material is in the state defined by the primary shaping process without further thermal or mechanical treatment control."
  },
  {
    "question_number": 42,
    "question": "Which of the following is used to cut AL sheet metal at straight edge?",
    "options": {
      "a": "Throteless shear",
      "b": "Unishear",
      "c": "Square shear"
    },
    "correct_answer": "c",
    "explanation": "A squaring shear (or square shear) is the machine designed to produce precise, straight-line cuts on sheet metal."
  },
  {
    "question_number": 43,
    "question": "Which of the following is not forming machine?",
    "options": {
      "a": "Bending machine",
      "b": "Roll former",
      "c": "Shearing machine"
    },
    "correct_answer": "c",
    "explanation": "Shearing is a separating (cutting) operation, whereas bending and roll forming are metal shaping processes."
  },
  {
    "question_number": 44,
    "question": "Which one is most accurate for depth measurement",
    "options": {
      "a": "Micrometer",
      "b": "Caliper",
      "c": "Steel rule"
    },
    "correct_answer": "b",
    "explanation": "A Caliper (specifically a depth caliper, or a vernier caliper used for depth) is generally more accurate for precise depth measurements than a simple steel rule."
  },
  {
    "question_number": 45,
    "question": "Primary purpose of layout tools is:",
    "options": {
      "a": "Transfer plan to the work piece",
      "b": "Measure the dimension of the workpiece",
      "c": "Mark cutting lines"
    },
    "correct_answer": "a",
    "explanation": "The main goal of layout is accurately transferring design dimensions and lines from a blueprint or template onto the raw material."
  },
  {
    "question_number": 46,
    "question": "Which of the following is used as forming sheet metal?",
    "options": {
      "a": "Cornis brake",
      "b": "Press brake",
      "c": "All"
    },
    "correct_answer": "c",
    "explanation": "Both cornice brakes (for straight bends) and press brakes (for more complex bending) are standard sheet metal forming equipment."
  },
  {
    "question_number": 47,
    "question": "Layout is used for",
    "options": {
      "a": "To transfer shape",
      "b": "To transfer dimension",
      "c": "Both a & b"
    },
    "correct_answer": "c",
    "explanation": "Layout involves accurately marking both the physical shape and critical dimensions onto the material."
  },
  {
    "question_number": 48,
    "question": "Where lay out recommended to be done?",
    "options": {
      "a": "On clean, flat and smooth working surface",
      "b": "on surface plate",
      "c": "both a & b"
    },
    "correct_answer": "c",
    "explanation": "Precise layout requires a smooth, clean, flat reference surface, such as a surface plate or a designated working surface."
  },
  {
    "question_number": 49,
    "question": "Which of the following layout fluids has a primary use of corrosion protection?",
    "options": {
      "a": "Dykem blue",
      "b": "Zinc cromate",
      "c": "Flat white paint"
    },
    "correct_answer": "b",
    "explanation": "Zinc chromate is a common primer known specifically for its corrosion-inhibiting properties."
  },
  {
    "question_number": 50,
    "question": "in consideration reference lines of the layout",
    "options": {
      "a": "one line gives enough reference",
      "b": "two perpendicular line gives the best result",
      "c": "we do not use line for reference"
    },
    "correct_answer": "b",
    "explanation": "Using two perpendicular reference lines establishes a robust X-Y coordinate system for highly accurate measurement transfer."
  },
  {
    "question_number": 51,
    "question": "Why do we need to avoid scratch on sheet metal during lay out?",
    "options": {
      "a": "because scratch lead to corrosion",
      "b": "fatigue failure",
      "c": "a & b"
    },
    "correct_answer": "c",
    "explanation": "Scratches damage the protective layer (causing corrosion) and act as stress risers (leading to fatigue failure)."
  },
  {
    "question_number": 52,
    "question": "for a sheet metal of bend radius, R and a thickness(T) set back is",
    "options": {
      "a": "(0.01743R + 0.0078T) bend angle",
      "b": "K(R+T)",
      "c": "X-K(R+T)"
    },
    "correct_answer": "b",
    "explanation": "Setback calculation involves geometry related to the radius (R) and thickness (T), defined by the K-factor."
  },
  {
    "question_number": 53,
    "question": "the minimum bend radius ascertained for forming depends on ____",
    "options": {
      "a": "the thickness and type of a material/alloy",
      "b": "the length of the flat",
      "c": "the neutral axis"
    },
    "correct_answer": "a",
    "explanation": "The minimum bend radius is a material property determined by the alloy’s ductility and the thickness being bent."
  },
  {
    "question_number": 54,
    "question": "the tool that is used to keep drilled parts made from sheet stock to be pressed together is",
    "options": {
      "a": "bonding chemical",
      "b": "cleco fastener",
      "c": "vice"
    },
    "correct_answer": "b",
    "explanation": "Cleco fasteners are specialized, temporary tools used in aircraft sheet metal work to align and hold drilled pieces together for subsequent riveting."
  },
  {
    "question_number": 55,
    "question": "Which of the following distinct operation can be performed on the squaring shear?",
    "options": {
      "a": "Cutting to a line",
      "b": "squaring cut",
      "c": "a & b"
    },
    "correct_answer": "c",
    "explanation": "A squaring shear can perform both initial squaring cuts and precise cuts along a marked layout line."
  },
  {
    "question_number": 56,
    "question": "during flat lay out the bend allowance is given as",
    "options": {
      "a": "(0.01743R + 0.0078T)n",
      "b": "R+T",
      "c": "it can be read from k-chart"
    },
    "correct_answer": "a",
    "explanation": "The formula (0.01743R + 0.0078T)n is the common empirical formula used for calculating bend allowance (where n is the bend angle in degrees)."
  },
  {
    "question_number": 57,
    "question": "What is the advantage of template during layout",
    "options": {
      "a": "Gives greater uniformity and saves time",
      "b": "Gives greater uniformity",
      "c": "Saves time"
    },
    "correct_answer": "a",
    "explanation": "Templates automate the marking process, ensuring both greater consistency (uniformity) and speed (saves time) compared to manual measurement."
  },
  {
    "question_number": 58,
    "question": "For consideration of reference lines of layout",
    "options": {
      "a": "One line gives the best result",
      "b": "Two perpendicular lines give the best result",
      "c": "We don't use lines for reference"
    },
    "correct_answer": "b",
    "explanation": "Two perpendicular reference lines (centerline and baseline) establish the most accurate and reliable datum points for layout."
  },
  {
    "question_number": 59,
    "question": "What is the effect of scratch on sheet metal",
    "options": {
      "a": "Creates corrosion and fatigue failure",
      "b": "Because chips from scratches can catch fire in all metals",
      "c": "Causes only cosmetic damage"
    },
    "correct_answer": "a",
    "explanation": "Scratches breach protective coatings, leading to corrosion, and they act as stress concentrators, leading to potential fatigue failure."
  },
  {
    "question_number": 60,
    "question": "When bending sheet metal at the required angle and radius the metal neither shrinks nor stretches at",
    "options": {
      "a": "Bending allowance",
      "b": "Bent tangent line",
      "c": "Neutral axis"
    },
    "correct_answer": "c",
    "explanation": "The neutral axis is the line within the sheet thickness that remains unstressed (neither lengthened nor shortened) during bending."
  },
  {
    "question_number": 61,
    "question": "What is the material b/n the bend tangent lines",
    "options": {
      "a": "Bend radius",
      "b": "Bend allowance",
      "c": "Flange"
    },
    "correct_answer": "b",
    "explanation": "The length of material measured along the neutral axis between the two bend tangent lines is known as the bend allowance."
  },
  {
    "question_number": 62,
    "question": "What is the advantage of relief holes at bending surface?",
    "options": {
      "a": "To reduce weight",
      "b": "To avoid crack",
      "c": "To allow water drainage during operation"
    },
    "correct_answer": "b",
    "explanation": "Relief holes are drilled in the corner of a flange intersection to remove stress concentrations and prevent the material from cracking during bending."
  },
  {
    "question_number": 63,
    "question": "What is the remedy for metal that has got strain hardened if we need to further",
    "options": {
      "a": "We should further strain harden it",
      "b": "We should anneal it",
      "c": "We should keep it in refrigerator"
    },
    "correct_answer": "b",
    "explanation": "Annealing is a heat treatment process that relieves internal stresses, softens the metal, and restores ductility lost due to strain hardening, allowing for further working."
  }
]