[
  {
    "question_number": 1,
    "question": "A working rivet is identified by:",
    "options": {
      "a": "A dark, greasy residue around rivet head",
      "b": "A shiny, metallic finish",
      "c": "Lack of discoloration"
    },
    "correct_answer": "a",
    "explanation": "The identification for a working rivet is the presence of a dark, greasy residue around the rivet head, indicating movement."
  },
  {
    "question_number": 2,
    "question": "How many rollers does a slip roll have?",
    "options": {
      "a": "three rollers",
      "b": "four rollers",
      "c": "two rollers"
    },
    "correct_answer": "a",
    "explanation": "A standard slip roll machine typically utilizes three rollers for forming sheet metal."
  },
  {
    "question_number": 3,
    "question": "What is the location at which the metal starts to bend and the line at which the metal stops curving?",
    "options": {
      "a": "Neutral axis",
      "b": "Bend tangent line",
      "c": "Setback line"
    },
    "correct_answer": "b",
    "explanation": "The bend tangent line marks the points where the metal starts and stops curving during the bending process."
  },
  {
    "question_number": 4,
    "question": "What tool can be used to determine bend deduction, set back and toe?",
    "options": {
      "a": "J chart",
      "b": "Sine bar",
      "c": "Protractor"
    },
    "correct_answer": "a",
    "explanation": "A J chart is used for calculating complex dimensions and factors like bend deduction and setback in sheet metal work."
  },
  {
    "question_number": 5,
    "question": "State the setback formula.",
    "options": {
      "a": "SB = R + T",
      "b": "SB = K(R+T)",
      "c": "SB = 2 * R"
    },
    "correct_answer": "b",
    "explanation": "The setback formula is SB = K(R+T), where SB is setback, R is radius, T is thickness, and K is a constant factor."
  },
  {
    "question_number": 6,
    "question": "What do the two last numbers on aluminum alloy material identification (xxxx) show?",
    "options": {
      "a": "The percentage of main alloying elements",
      "b": "The primary alloying elements and temper",
      "c": "Abundance of aluminum in addition to 99%"
    },
    "correct_answer": "c",
    "explanation": "The note suggests the last two digits relate to the high purity/abundance of aluminum content."
  },
  {
    "question_number": 7,
    "question": "The first two numbers of steel alloys identification is used according to SAE standards to indicate the:",
    "options": {
      "a": "Steel type",
      "b": "Carbon percentage",
      "c": "Manufacturing process"
    },
    "correct_answer": "a",
    "explanation": "In SAE/AISI designations for steel, the first two numbers primarily identify the type or series of steel (e.g., 10xx is Plain Carbon Steel)."
  },
  {
    "question_number": 8,
    "question": "What is the color of the oxygen hose?",
    "options": {
      "a": "Red",
      "b": "Blue",
      "c": "Green"
    },
    "correct_answer": "c",
    "explanation": "Oxygen hoses are typically identified by the color green."
  },
  {
    "question_number": 9,
    "question": "Which one of the following is true about a rivet joint?",
    "options": {
      "a": "Highly airtight",
      "b": "Highly water tight",
      "c": "Neither airtight nor water tight"
    },
    "correct_answer": "c",
    "explanation": "A standard rivet joint is designed primarily for structural strength and is generally neither fully airtight nor water tight without additional sealing compounds."
  },
  {
    "question_number": 10,
    "question": "Welding process used while manufacturing small sheets.",
    "options": {
      "a": "Shielded metal arc welding",
      "b": "Electric resistance welding",
      "c": "Gas welding"
    },
    "correct_answer": "b",
    "explanation": "Electric resistance welding, such as spot welding, is commonly used for quickly joining small, thin sheets of metal."
  },
  {
    "question_number": 11,
    "question": "Machine used to cut bent structures.",
    "options": {
      "a": "Bandsaw",
      "b": "Throatless Shear",
      "c": "Plasma cutter"
    },
    "correct_answer": "b",
    "explanation": "A Throatless Shear is ideal for cutting complex curves and structures without obstruction from a throat."
  },
  {
    "question_number": 12,
    "question": "Which instrument is used to transfer measurements from drawing to scale?",
    "options": {
      "a": "Caliper",
      "b": "A divider",
      "c": "Micrometer"
    },
    "correct_answer": "b",
    "explanation": "A divider is commonly used in layout work to transfer distances from drawings or rules onto materials."
  },
  {
    "question_number": 13,
    "question": "Which welding type works on temperature above 800°F just below the melting point of the work?",
    "options": {
      "a": "Soldering",
      "b": "Welding",
      "c": "Brazing"
    },
    "correct_answer": "c",
    "explanation": "Brazing is a joining process that occurs above 840°F (450°C) but below the melting point of the base metals."
  },
  {
    "question_number": 14,
    "question": "What component prevents reverse flow of gas (Check back)?",
    "options": {
      "a": "Pressure regulator",
      "b": "Flow restrictor",
      "c": "Check valve"
    },
    "correct_answer": "c",
    "explanation": "A check valve (or non-return valve) is designed to prevent gas from flowing backward into the system."
  },
  {
    "question_number": 15,
    "question": "What is the curved section of metal within the bend called?",
    "options": {
      "a": "Bend allowance",
      "b": "Neutral axis",
      "c": "Radius of curvature"
    },
    "correct_answer": "a",
    "explanation": "Bend allowance refers to the length of the material required to make a bend along the neutral axis."
  },
  {
    "question_number": 16,
    "question": "In the forming process, what does stretching mean?",
    "options": {
      "a": "Decrease thickness",
      "b": "Increase area",
      "c": "Maintain volume"
    },
    "correct_answer": "b",
    "explanation": "Stretching is a forming process where the surface area of the material is increased."
  },
  {
    "question_number": 17,
    "question": "In the forming process, what does shrinking mean?",
    "options": {
      "a": "Increasing area",
      "b": "Decreasing area",
      "c": "Neutralization"
    },
    "correct_answer": "b",
    "explanation": "Shrinking is a forming process where the surface area of the material is decreased."
  },
  {
    "question_number": 18,
    "question": "The presence of black residue around a rivet is an indication of:",
    "options": {
      "a": "Corrosion",
      "b": "Poor installation",
      "c": "Relative motion between rivet and adjacent surface"
    },
    "correct_answer": "c",
    "explanation": "Black residue around a rivet, often called 'smoking,' indicates fretting due to relative motion between the fastener and the surrounding structure."
  },
  {
    "question_number": 19,
    "question": "What type of gases are used in oxy acetylene welding?",
    "options": {
      "a": "Nitrogen & Hydrogen",
      "b": "Oxygen & Acetylene",
      "c": "Argon & Helium"
    },
    "correct_answer": "b",
    "explanation": "Oxy-fuel welding uses a mixture of Oxygen and Acetylene to generate the necessary heat."
  },
  {
    "question_number": 20,
    "question": "What is the principle followed when welding metal structure?",
    "options": {
      "a": "Optimize strength",
      "b": "Maintain Weight",
      "c": "Ensure flexibility"
    },
    "correct_answer": "b",
    "explanation": "In structural applications, especially aircraft, controlling material addition to maintain design weight is a critical principle."
  },
  {
    "question_number": 21,
    "question": "Which statement regarding finding rivet spacing is NOT true?",
    "options": {
      "a": "Rivet spacing should be maximized",
      "b": "Any rivet that can fit the hole can be used",
      "c": "Spacing must adhere to minimum and maximum pitch rules"
    },
    "correct_answer": "b",
    "explanation": "Proper rivet spacing is crucial for structural integrity and is defined by standards (pitch and edge distance), not just by a rivet physically fitting the hole."
  },
  {
    "question_number": 22,
    "question": "Rivet type that can be used on the top surface.",
    "options": {
      "a": "Universal head rivet",
      "b": "Round head rivet",
      "c": "Flush rivet"
    },
    "correct_answer": "c",
    "explanation": "A flush rivet (countersunk) is used on the outer or top surface of a structure where airflow or aesthetics requires a smooth, flush finish."
  },
  {
    "question_number": 23,
    "question": "Material which is cast, light, silver white color, quite tough.",
    "options": {
      "a": "Aluminum",
      "b": "Titanium",
      "c": "Iron"
    },
    "correct_answer": "c",
    "explanation": "Based on the note, the material described is Iron (likely referring to a form of cast metal)."
  },
  {
    "question_number": 24,
    "question": "Which material consists of 2% of carbon and silicon?",
    "options": {
      "a": "Mild steel",
      "b": "Cast iron",
      "c": "Tool steel"
    },
    "correct_answer": "b",
    "explanation": "Cast iron is defined as an iron alloy with a carbon content typically greater than 2% and usually containing silicon."
  },
  {
    "question_number": 25,
    "question": "During the bending process, when the bend radius is too small, what action should you take?",
    "options": {
      "a": "Heat the material",
      "b": "Increase pressure",
      "c": "Remove material"
    },
    "correct_answer": "c",
    "explanation": "When the bend radius is too small for the material thickness, material often needs to be relieved or removed (e.g., via cuts or notching) to prevent cracking or distortion."
  },
  {
    "question_number": 26,
    "question": "During sheet metal replacement, which of these is not a correct consideration?",
    "options": {
      "a": "Using thinner material than original",
      "b": "Matching material type and temper",
      "c": "Ensuring correct gauge and dimensions"
    },
    "correct_answer": "a",
    "explanation": "Replacing damaged sheet metal with thinner material is generally incorrect, as it compromises the structural integrity."
  },
  {
    "question_number": 27,
    "question": "On oxy-acetylene welding there are two pressure gauges. One is for low pressure and the other is for:",
    "options": {
      "a": "Volume flow",
      "b": "high pressure",
      "c": "Temperature"
    },
    "correct_answer": "b",
    "explanation": "The two gauges typically measure cylinder pressure (high pressure) and working or line pressure (low pressure)."
  },
  {
    "question_number": 28,
    "question": "Which of the following is a reusable fastener?",
    "options": {
      "a": "Solid rivet",
      "b": "Cleko fastener",
      "c": "Blind rivet"
    },
    "correct_answer": "b",
    "explanation": "Cleko fasteners are temporary, reusable clamps used to hold sheets of material together during assembly prior to permanent riveting."
  },
  {
    "question_number": 29,
    "question": "Standard rivet spacing is defined as:",
    "options": {
      "a": "Edge distance",
      "b": "Distance between center lines of adjacent rivets on the same part",
      "c": "Row distance"
    },
    "correct_answer": "b",
    "explanation": "Rivet spacing (pitch) is the distance measured from the center of one rivet to the center of the next rivet in the same row."
  },
  {
    "question_number": 30,
    "question": "Net side dimension of formed part is measured as:",
    "options": {
      "a": "Outer dimension measurement",
      "b": "Overall thickness",
      "c": "Base metal measurement"
    },
    "correct_answer": "c",
    "explanation": "The net side dimension of a formed part is related to the measurement of the flat pattern or the base material before bending."
  },
  {
    "question_number": 31,
    "question": "The use of flux on welding rod is to:",
    "options": {
      "a": "Improve flow rate",
      "b": "Provide shielding",
      "c": "Increase hardness"
    },
    "correct_answer": "b",
    "explanation": "Flux coating on a welding rod provides a gaseous shield during welding, protecting the molten weld puddle from atmospheric contaminants."
  }
]