[
  {
    "question_number": 1,
    "question": "In heat treatment process of aluminum the process of gradual increase in hardness and strength reaching maximum values after several days is called",
    "options": {
      "a": "Annealing",
      "b": "Quenching",
      "c": "age hardening"
    },
    "correct_answer": "c",
    "explanation": "The text states the process of gradual increase in hardness and strength reaching maximum values after several days is called age hardening."
  },
  {
    "question_number": 2,
    "question": "____ metal burns readily, especially in small particles and dust.",
    "options": {
      "a": "Iron",
      "b": "Aluminum",
      "c": "Magnesium"
    },
    "correct_answer": "c",
    "explanation": "The text identifies Magnesium as the metal that burns readily, especially in small particles and dust."
  },
  {
    "question_number": 3,
    "question": "____ is a chemical element that is fairly soft malleable and ductile in its pure form. It is silvery-white in color and quite heavy.",
    "options": {
      "a": "Copper",
      "b": "Iron",
      "c": "Zinc"
    },
    "correct_answer": "b",
    "explanation": "Iron is described as a chemical element that is fairly soft, malleable, ductile, silvery-white, and quite heavy."
  },
  {
    "question_number": 4,
    "question": "____ normally contains over two percent carbon and some silicon",
    "options": {
      "a": "Stainless Steel",
      "b": "Cast Iron",
      "c": "Low-Carbon Steel"
    },
    "correct_answer": "b",
    "explanation": "Cast Iron is stated to normally contain over two percent carbon and some silicon."
  },
  {
    "question_number": 5,
    "question": "____ is a series of operations involving the heating and subsequent cooling of alloys in their solid state",
    "options": {
      "a": "Forging",
      "b": "Heat-treatment",
      "c": "Extrusion"
    },
    "correct_answer": "b",
    "explanation": "Heat-treatment is defined as a series of operations involving the heating and subsequent cooling of alloys in their solid state."
  },
  {
    "question_number": 6,
    "question": "In the (American) Society of Automotive Engineers (SAE) Classification of steel 1030 indicates",
    "options": {
      "a": "0.10% carbon",
      "b": "0.30% carbon",
      "c": "1.00% carbon"
    },
    "correct_answer": "b",
    "explanation": "In the SAE classification 1030, the '30' indicates 0.30% carbon content."
  },
  {
    "question_number": 7,
    "question": "The (American) Society of Automotive Engineers (SAE) has classified steel alloys with a four-digit numerical index system. The first two digits identify",
    "options": {
      "a": "Carbon content",
      "b": "steel type",
      "c": "Alloying element"
    },
    "correct_answer": "b",
    "explanation": "The first two digits of the SAE numerical index system identify the steel type."
  },
  {
    "question_number": 8,
    "question": "Any alloy containing iron as its main Constituent called",
    "options": {
      "a": "an alloy",
      "b": "a non-ferrous metal",
      "c": "a ferrous metal"
    },
    "correct_answer": "c",
    "explanation": "Any alloy containing iron as its main constituent is called a ferrous metal."
  },
  {
    "question_number": 9,
    "question": "____ is used for cutting irregular lines on the inside of a sheet without cutting through to the edge",
    "options": {
      "a": "Scroll shear",
      "b": "Squaring shear",
      "c": "Rotary shear"
    },
    "correct_answer": "a",
    "explanation": "The scroll shear is used for cutting irregular lines on the inside of a sheet without cutting through to the edge."
  },
  {
    "question_number": 10,
    "question": "____ is used to transfer a measurement rom a device to a scale to determine its value.",
    "options": {
      "a": "Caliper",
      "b": "Rule",
      "c": "Divider"
    },
    "correct_answer": "c",
    "explanation": "A Divider is used to transfer a measurement from a device to a scale to determine its value."
  },
  {
    "question_number": 11,
    "question": "Which of the following is reusable sheet metal fastener?",
    "options": {
      "a": "cleco fastener",
      "b": "Solid rivet",
      "c": "Pop rivet"
    },
    "correct_answer": "a",
    "explanation": "The text identifies the cleco fastener as a reusable sheet metal fastener."
  },
  {
    "question_number": 12,
    "question": "Tool used for bending operations that require the forming of thicker skins and more complex parts:",
    "options": {
      "a": "Cornice brake",
      "b": "Box and pan brake",
      "c": "press brake"
    },
    "correct_answer": "c",
    "explanation": "A press brake is the tool used for bending operations requiring the forming of thicker skins and more complex parts."
  },
  {
    "question_number": 13,
    "question": "____ consist of a ton and bottom die and most often cuts at a 90 angle although some machines can cut metal into angles up to 180.",
    "options": {
      "a": "Shear",
      "b": "Notcher",
      "c": "Punch press"
    },
    "correct_answer": "b",
    "explanation": "The Notcher consists of a top and bottom die and most often cuts at a 90-degree angle."
  },
  {
    "question_number": 14,
    "question": "Which or the following can be used to make curved cut?",
    "options": {
      "a": "Squaring shear",
      "b": "Throatless shear",
      "c": "Pexto shear"
    },
    "correct_answer": "b",
    "explanation": "The Throatless shear is the tool listed that can be used to make curved cuts."
  },
  {
    "question_number": 15,
    "question": "What tool is used to remove a burr from an edae or a sheet or to deburr a hole",
    "options": {
      "a": "File",
      "b": "burring tool",
      "c": "Grinder"
    },
    "correct_answer": "b",
    "explanation": "A burring tool is used to remove a burr from an edge or to deburr a hole."
  },
  {
    "question_number": 16,
    "question": "How many rollers does a slip roll have?",
    "options": {
      "a": "Two",
      "b": "three",
      "c": "Four"
    },
    "correct_answer": "b",
    "explanation": "A slip roll is stated to have three rollers."
  },
  {
    "question_number": 17,
    "question": "In bending process when a sheet metal part intersecting bend radii, what should be done",
    "options": {
      "a": "remove maternal",
      "b": "Add sealant",
      "c": "Increase pressure"
    },
    "correct_answer": "a",
    "explanation": "In the bending process when a sheet metal part intersecting bend radii, the material should be removed (remove maternal is interpreted as remove material)."
  },
  {
    "question_number": 18,
    "question": "The bend radius necessary to ben a part",
    "options": {
      "a": "is always fixed at 1T",
      "b": "depends on the material thichness and temper",
      "c": "is determined only by the punch radius"
    },
    "correct_answer": "b",
    "explanation": "The bend radius necessary to bend a part depends on the material thickness and temper."
  },
  {
    "question_number": 19,
    "question": "In bending process or sheet metals Setback SB) is",
    "options": {
      "a": "the length of the flat pattern",
      "b": "the distance the jaws of a brake must be setback from the mold line to a bend",
      "c": "the total developed width"
    },
    "correct_answer": "b",
    "explanation": "Setback (SB) is defined as the distance the jaws of a brake must be setback from the mold line to a bend."
  },
  {
    "question_number": 20,
    "question": "Which of the following is true about setback in bending of sheet-metals?",
    "options": {
      "a": "Set back is always zero",
      "b": "Set back is always equal to the Bend Allowance",
      "c": "Set back can be calculated given material thickness, bend radius and k-factor"
    },
    "correct_answer": "c",
    "explanation": "The text states that Set back can be calculated given material thickness, bend radius and k-factor."
  },
  {
    "question_number": 21,
    "question": "____ is the outside dimensions or a formed part.",
    "options": {
      "a": "Base measurement",
      "b": "Bend deduction",
      "c": "Neutral axis"
    },
    "correct_answer": "a",
    "explanation": "Base measurement is defined as the outside dimensions of a formed part."
  },
  {
    "question_number": 22,
    "question": "____ can be use to determine bend deduction or setback ack and the TDW of a flat pattern layout when the inside bend radius, bend angle. and material thickness are known",
    "options": {
      "a": "Conversion table",
      "b": "J-chart",
      "c": "Stress analysis diagram"
    },
    "correct_answer": "b",
    "explanation": "The J-chart is used to determine bend deduction or setback and the TDW of a flat pattern layout when necessary parameters are known."
  },
  {
    "question_number": 23,
    "question": "____ refers to the curved section of metal within the (bend the portion of metal that is curved in bending)",
    "options": {
      "a": "Bend allowance (BA)",
      "b": "Bend tangent line (BL)",
      "c": "Neutral axis"
    },
    "correct_answer": "a",
    "explanation": "Bend allowance (BA) refers to the curved section of metal within the bend."
  },
  {
    "question_number": 24,
    "question": "____ is the location at which the metal starts to bend and the line at which the metal stops curving",
    "options": {
      "a": "Mold line (ML)",
      "b": "Bend tangent line (BL)",
      "c": "Setback (SB)"
    },
    "correct_answer": "b",
    "explanation": "The Bend tangent line (BL) is the location at which the metal starts to bend and the line at which the metal stops curving."
  },
  {
    "question_number": 25,
    "question": "____ is the distance from the centre or the first rivet to the edge of the sheet",
    "options": {
      "a": "Pitch distance",
      "b": "Transverse pitch",
      "c": "edae distance"
    },
    "correct_answer": "c",
    "explanation": "Edge distance (edae distance) is the distance from the center of the first rivet to the edge of the sheet."
  },
  {
    "question_number": 26,
    "question": "Which of the following is not correct about replacement rivet",
    "options": {
      "a": "rivet must have the same diameter",
      "b": "rivet with less Strength can not be used in any condition",
      "c": "material must be compatible"
    },
    "correct_answer": "b",
    "explanation": "The statement identified as not correct about replacement rivets is that a rivet with less Strength can not be used in any condition."
  },
  {
    "question_number": 27,
    "question": "what is the minimum spacing between flush head rivets?",
    "options": {
      "a": "2 times the diameter",
      "b": "Shall not be less tan 4 times the diameter of the rivet",
      "c": "3 times the diameter"
    },
    "correct_answer": "b",
    "explanation": "The minimum spacing between flush head rivets shall not be less than 4 times the diameter of the rivet."
  },
  {
    "question_number": 28,
    "question": "Given rivet identification \"MS20 426 AD 5-8\" what does the last digit \"8\" indicate?",
    "options": {
      "a": "rivet diameter in 32nds",
      "b": "rivet t length",
      "c": "rivet head type"
    },
    "correct_answer": "b",
    "explanation": "The last digit '8' in the rivet identification MS20 426 AD 5-8 indicates the rivet length (rivet t length), usually in 32nds of an inch."
  }
]